 Inside PARAM

   Everything is cool!
   ni,nj=          15          15


 dx        =   2000.00000    
 dy        =   2000.00000    
 dz        =   392.156860    
 dtl       =   7.50000000    
 timax     =   5400.00000    
 run_time  =   0.00000000    
 tapfrq    =   900.000000    
 rstfrq    =   0.00000000    
 statfrq   =   60.0000000    
 prclfrq   =   60.0000000    

 adapt_dt  =           0
 irst      =           0
 rstnum    =           0
 iconly    =           0
 hadvordrs =           5
 vadvordrs =           5
 hadvordrv =           5
 vadvordrv =           5
 pdscheme  =           1
 apmasscon =           1
 advwenos  =           2
 advwenov  =           0
 idiff     =           0
 mdiff     =           0
 difforder =           6
 imoist    =           1
 iturb     =           1
 tconfig   =           1
 bcturbs   =           1
 dns       =           0
 irdamp    =           1
 hrdamp    =           0
 psolver   =           3
 nsound    =           6
 ptype     =          27
 ihail     =           1
 iautoc    =           1
 icor      =           0
 pertcor   =           0
 eqtset    =           2
 idiss     =           1
 efall     =           0
 rterm     =           0
 wbc       =           2
 ebc       =           2
 sbc       =           2
 nbc       =           2
 bbc       =           1
 tbc       =           1
 irbc      =           4
 roflux    =           0
 isnd      =           7
 iwnd      =           2
 itern     =           0
 iinit     =           0
 irandp    =           0
 ibalance  =           0
 iorigin   =           1
 axisymm   =           0
 imove     =           0
 iptra     =           0
 npt       =           1
 pdtra     =           1
 iprcl     =           0
 nparcels  =           1

 kdiff2    =   75.0000000    
 kdiff6    =   3.99999991E-02
 fcor      =   0.00000000    
 kdiv      =  0.100000001    
 alph      =  0.600000024    
 rdalpha   =   3.33333341E-03
 zd        =   15000.0000    
 xhd       =   100000.000    
 umove     =   0.00000000    
 vmove     =   0.00000000    
 v_t       =   7.00000000    
 l_h       =   100.000000    
 lhref1    =   100.000000    
 lhref2    =   1000.00000    
 l_inf     =   100.000000    
 ndcnst    =   250.000000    

 radopt    =           0
 dtrad     =   300.000000    
 ctrlat    =   35.2358284    
 ctrlon    =  -97.4619370    
 year      =        2003
 month     =           5
 day       =           8
 hour      =          20
 minute    =          40
 second    =           0

 isfcflx   =           0
 sfcmodel  =           0
 oceanmodel=           0
 ipbl      =           0
 initsfc   =           1
 tsk0      =   299.279999    
 tmn0      =   297.279999    
 xland0    =   2.00000000    
 lu0       =          16
 season    =           1
 cecd      =           3
 pertflx   =           0
 cnstce    =   1.00000005E-03
 cnstcd    =   1.00000005E-03
 isftcflx  =           0
 iz0tlnd   =           0
 oml_hml0  =   50.0000000    
 oml_gamma =  0.140000001    

 stretch_x =           0
 dx_inner  =   1000.00000    
 dx_outer  =   7000.00000    
 nos_x_len =   40000.0000    
 tot_x_len =   120000.000    

 stretch_y =           0
 dy_inner  =   1000.00000    
 dy_outer  =   7000.00000    
 nos_y_len =   40000.0000    
 tot_y_len =   120000.000    

 stretch_z =           2
 ztop      =   20000.0000    
 str_bot   =   0.00000000    
 str_top   =   8625.00000    
 dz_bot    =   150.000000    
 dz_top    =   600.000000    

 bc_temp   =           1
 ptc_top   =   250.000000    
 ptc_bot   =   300.000000    
 viscosity =   25.0000000    
 pr_num    =  0.720000029    

 var1      =   0.00000000    
 var2      =   0.00000000    
 var3      =   0.00000000    
 var4      =   0.00000000    
 var5      =   0.00000000    
 var6      =   0.00000000    
 var7      =   0.00000000    
 var8      =   0.00000000    
 var9      =   0.00000000    
 var10     =   0.00000000    

&NSSL2MOM_PARAMS
 RHO_QR=  1000.00000    ,
 CNOR=  8000000.00    ,
 RHO_QS=  100.000000    ,
 CNOS=  3000000.00    ,
 RHO_QH=  500.000000    ,
 CNOH=  40000.0000    ,
 CCN=  2.00000000E+09,
 INFALL=4          ,
 ALPHAH=  0.00000000    ,
 ALPHAHL= 0.500000000    ,
 IMURAIN=1          ,
 ICDX=3          ,
 ICDXHL=3          ,
 DFRZ=  1.50000007E-04,
 HLDNMN=  500.000000    ,
 IFERWISVENTR=2          ,
 IEHW=1          ,
 IEHLW=1          ,
 EHW0= 0.750000000    ,
 EHLW0= 0.750000000    ,
 DMRAUTO=0          ,
 IOLDLIMITER=0          ,
 /

 ZGRID:  STRETCH FAC  =    1.0359004512429237     
 ZGRID:  DOMAIN  HGT  =    20000.0000    

 ZGRID:  STRETCH FAC  =    1.0359004512429237     
 ZGRID:  DOMAIN  HGT  =    20000.0000    

 ZGRID:  STRETCH FAC  =    1.0359004512429237     
 ZGRID:  DOMAIN  HGT  =    20000.0000    

 ZGRID:  STRETCH FAC  =    1.0359004512429237     
 ZGRID:  DOMAIN  HGT  =    20000.0000    

 ZGRID:  STRETCH FAC  =    1.0359004512429237     
 ZGRID:  DOMAIN  HGT  =    20000.0000    

 ZGRID:  STRETCH FAC  =    1.0359004512429237     
 ZGRID:  DOMAIN  HGT  =    20000.0000    

 ZGRID:  STRETCH FAC  =    1.0359004512429237     
 ZGRID:  DOMAIN  HGT  =    20000.0000    

 ZGRID:  STRETCH FAC  =    1.0359004512429237     
 ZGRID:  DOMAIN  HGT  =    20000.0000    

 ZGRID:  STRETCH FAC  =    1.0359004512429237     
 ZGRID:  DOMAIN  HGT  =    20000.0000    

 ZGRID:  STRETCH FAC  =    1.0359004512429237     
 ZGRID:  DOMAIN  HGT  =    20000.0000    

 ZGRID:  STRETCH FAC  =    1.0359004512429237     
 ZGRID:  DOMAIN  HGT  =    20000.0000    

 ZGRID:  STRETCH FAC  =    1.0359004512429237     
 ZGRID:  DOMAIN  HGT  =    20000.0000    

 ZGRID:  STRETCH FAC  =    1.0359004512429237     
 ZGRID:  DOMAIN  HGT  =    20000.0000    

 ZGRID:  STRETCH FAC  =    1.0359004512429237     
 ZGRID:  DOMAIN  HGT  =    20000.0000    

 ZGRID:  STRETCH FAC  =    1.0359004512429237     
 ZGRID:  DOMAIN  HGT  =    20000.0000    

 ZGRID:  STRETCH FAC  =    1.0359004512429237     
 ZGRID:  DOMAIN  HGT  =    20000.0000    

 ZGRID:  STRETCH FAC  =    1.0359004512429237     
 ZGRID:  DOMAIN  HGT  =    20000.0000    

 ZGRID:  STRETCH FAC  =    1.0359004512429237     
 ZGRID:  DOMAIN  HGT  =    20000.0000    

 ZGRID:  STRETCH FAC  =    1.0359004512429237     
 ZGRID:  DOMAIN  HGT  =    20000.0000    

 ZGRID:  STRETCH FAC  =    1.0359004512429237     
 ZGRID:  DOMAIN  HGT  =    20000.0000    

 ZGRID:  STRETCH FAC  =    1.0359004512429237     
 ZGRID:  DOMAIN  HGT  =    20000.0000    

 ZGRID:  STRETCH FAC  =    1.0359004512429237     
 ZGRID:  DOMAIN  HGT  =    20000.0000    

 ZGRID:  STRETCH FAC  =    1.0359004512429237     
 ZGRID:  DOMAIN  HGT  =    20000.0000    

 ZGRID:  STRETCH FAC  =    1.0359004512429237     
 ZGRID:  DOMAIN  HGT  =    20000.0000    

 iice      =           1
 idm       =           1
 idmplus   =           1
 numq      =          16
 nqv       =           1
 nqc       =           2
 nqr       =           3
 nqi       =           4
 nqs       =           5
 nqg       =           6
 nql1      =           2
 nql2      =           3
 nqs1      =           4
 nqs2      =           7
 nnc1      =           8
 nnc2      =          14
 nvl1      =          15
 nvl2      =          16
 nzl1      =           1
 nzl2      =           1

 nrain     =           1


 output_path      = ./                                                                    
 output_basename  = cm1out                                                                
 output_format    =           2
 output_filetype  =           1
 output_interp    =           0
 output_rain      =           1
 output_sws       =           1
 output_svs       =           1
 output_sps       =           1
 output_srs       =           1
 output_sgs       =           1
 output_sus       =           1
 output_shs       =           1
 output_coldpool  =           0
 output_sfcflx    =           0
 output_sfcparams =           0
 output_sfcdiags  =           0
 output_psfc      =           0
 output_zs        =           0
 output_zh        =           0
 output_basestate =           0
 output_th        =           1
 output_thpert    =           0
 output_prs       =           1
 output_prspert   =           0
 output_pi        =           0
 output_pipert    =           0
 output_rho       =           1
 output_rhopert   =           1
 output_tke       =           1
 output_km        =           1
 output_kh        =           1
 output_qv        =           1
 output_qvpert    =           0
 output_q         =           1
 output_dbz       =           1
 output_buoyancy  =           0
 output_u         =           1
 output_upert     =           0
 output_uinterp   =           1
 output_v         =           1
 output_vpert     =           0
 output_vinterp   =           1
 output_w         =           1
 output_winterp   =           1
 output_vort      =           0
 output_pv        =           0
 output_uh        =           0
 output_pblten    =           0
 output_dissten   =           0
 output_dissheat  =           0
 output_mptend    =           0
 output_fallvel   =           0
 output_nm        =           0
 output_def       =           0
 output_turbten   =           0
 output_impdiften =           0
 output_radten    =           0


 restart_format       =            2
 restart_filetype     =            1
 restart_file_theta   =  T
 restart_file_dbz     =  T
 restart_file_th0     =  T
 restart_file_prs0    =  T
 restart_file_pi0     =  T
 restart_file_rho0    =  T
 restart_file_qv0     =  T
 restart_file_u0      =  T
 restart_file_v0      =  T
 restart_file_zs      =  F
 restart_file_zh      =  F
 restart_file_zf      =  F
 restart_file_diags   =  F
 restart_use_theta    =  T
 restart_reset_frqtim =  T

   maxk =           51


   myid,mynode             =            0           0
   nodemaster,nodes,ppnode =            0           1          25
   nodex,nodey             =            5           5

   d2i   =           80
   d2is  =           75
   d2iu  =           76
   d2iv  =           75

   d2j   =           80
   d2js  =           75
   d2ju  =           75
   d2jv  =           76

   d3i   =           16
   d3is  =           15
   d3iu  =           16
   d3iv  =           15

   d3j   =           16
   d3js  =           15
   d3ju  =           15
   d3jv  =           16

   d3n   =           25
   d3t   =           24


 stat_w       =            1
 stat_u       =            1
 stat_v       =            1
 stat_rmw     =            0
 stat_pipert  =            1
 stat_prspert =            1
 stat_thpert  =            1
 stat_q       =            1
 stat_tke     =            1
 stat_km      =            1
 stat_kh      =            1
 stat_div     =            1
 stat_rh      =            1
 stat_rhi     =            1
 stat_the     =            1
 stat_cloud   =            1
 stat_sfcprs  =            1
 stat_wsp     =            1
 stat_cfl     =            1
 stat_vort    =            1
 stat_tmass   =            1
 stat_tmois   =            1
 stat_qmass   =            1
 stat_tenerg  =            1
 stat_mo      =            1
 stat_tmf     =            1
 stat_pcn     =            1
 stat_qsrc    =            1

 stat_out =          150


 prcl_th      =            0
 prcl_t       =            0
 prcl_prs     =            0
 prcl_ptra    =            0
 prcl_q       =            0
 prcl_nc      =            0
 prcl_km      =            0
 prcl_kh      =            0
 prcl_tke     =            0
 prcl_dbz     =            0
 prcl_b       =            0
 prcl_vpg     =            0
 prcl_vort    =            0
 prcl_rho     =            0
 prcl_qsat    =            0
 prcl_sfc     =            0


   c_m,c_l,ri_c  =   0.100000001      0.816500008      0.250000000    
   c_e1,c_e2,sum =   0.200001687      0.786958814      0.986960530    
   c_s,rcs       =   0.178412408       5.60499144    

   nparcels =            1
   npvals   =            1
     prx      =            0
     pry      =            0
     prz      =            0
     pru      =            0
     prv      =            0
     prw      =            0
     prth     =            0
     prt      =            0
     prprs    =            0
     prpt1    =            0
     prpt2    =            0
     prqv     =            0
     prq1     =            0
     prq2     =            0
     prnc1    =            0
     prnc2    =            0
     prkm     =            0
     prkh     =            0
     prtke    =            0
     prdbz    =            0
     prb      =            0
     prvpg    =            0
     przv     =            0
     prrho    =            0
     prqsl    =            0
     prqsi    =            0
     prznt    =            0
     prust    =            0

   myi,myj=           1           1

   mywest  =           4
   myeast  =           1
   mysouth =          20
   mynorth =           5

   mysw    =          24
   mynw    =           9
   myne    =           6
   myse    =          21

   cs1we   =         765
   cs1sn   =         765
   ct1we   =         780
   ct1sn   =         780
   cv1we   =         816
   cu1sn   =         816
   cw1we   =         750
   cw1sn   =         750
   cs2we   =        1530
   cs2sn   =        1530
   cs3we   =        2295
   cs3sn   =        2295
   ct3we   =        2340
   ct3sn   =        2340
   cv3we   =        2448
   cu3sn   =        2448
   cw3we   =        2250
   cw3sn   =        2250


 g     =   9.81000042    
 to    =   273.149994    
 rd    =   287.040009    
 rv    =   461.500000    
 cp    =   1005.70001    
 cv    =   718.660034    
 cpv   =   1870.00000    
 cvv   =   1408.50000    
 p00   =   100000.000    
 rp00  =   9.99999975E-06
 th0r  =   300.000000    
 rcp   =   9.94332251E-04
 pi    =   3.14159274    

 cpdcv =   1.39941001    
 rovcp =  0.285413146    
 rddcv =  0.399410009    
 cvdrd =   2.50369287    
 cpdrd =   3.50369287    
 eps   =  0.621971846    
 reps  =   1.60778975    
 repsm1=  0.607789755    
 cpt   =  0.859401345    
 cvt   =  0.959897518    
 pnum  =  -72634.2500    
 xlv   =   2501000.00    
 xls   =   2834000.00    
 lvdcp =   2486.82495    
 condc =   13476814.0    
 cpl   =   4190.00000    
 cpi   =   2106.00000    
 lv1   =   3134708.00    
 lv2   =   2320.00000    
 ls1   =   2898463.50    
 ls2   =   236.000000    
 karman=  0.400000006    

 timeformat   =           2
 timestats    =           1
 terrain_flag = F
 procfiles    = F

 nx    =          75
 ny    =          75
 nz    =          51

 nodex    =           5
 nodey    =           5
 numprocs =          25
 ppnode   =          25

 ni    =          15
 nj    =          15
 nk    =          51
 nkp1  =          52

 ib,ibm,ibi,ibc,ibt=       -2       -2       -2       -2       -2
 ie,iem,iei,iec,iet=       18       18       18       18       18
 jb,jbm,jbi,jbc,jbt=       -2       -2       -2       -2       -2
 je,jem,jei,jec,jet=       18       18       18       18       18
 kb,kbm,kbi,kbc,kbt=        0        0        0        0        0
 ke,kem,kei,kec,ket=       52       52       52       53       53

 imirror,jmirror =            0           0

 ibp,itb,ipb,ibr,ibb=        1        1        1        1        1
 iep,ite,ipe,ier,ieb=        1        1        1        1        1
 jbp,jtb,jpb,jbr,jbb=        1        1        1        1        1
 jep,jte,jpe,jer,jeb=        1        1        1        1        1
 kbp,ktb,kpb,kbr,kbb=        1        1        1        1        1
 kep,kte,kpe,ker,keb=        1        1        1        1        1

 ibd               =        1
 ied               =        1
 jbd               =        1
 jed               =        1
 kbd               =        1
 ked               =        1

 ibl               =        1
 iel               =        1
 jbl               =        1
 jel               =        1

 imp,jmp,kmp,kmt,rmp,cmp =     15     15     51     52      8      3

 rdx    =   5.00000024E-04
 rdy    =   5.00000024E-04
 rdz    =   2.55000009E-03
 rdx2   =   2.50000012E-04
 rdy2   =   2.50000012E-04
 rdz2   =   1.27500005E-03
 rdx4   =   1.25000006E-04
 rdy4   =   1.25000006E-04
 rdz4   =   6.37500023E-04
 govtwo =   4.90500021    
 clwsat =   9.99999997E-07
 smeps  =   1.00000000E-30
 tsmall =   9.99999975E-05
 qsmall =   9.99999982E-15
 cstar  =   30.0000000    
 csmax  =   350.000000    
 epsilon=   1.00000005E-18


 x:
      i         xf           xh         dx         uf         uh
 ---------------------------------------------------------------
      -2      -6000.00      -5000.00     2000.00     1.0000     1.0000   x
      -1      -4000.00      -3000.00     2000.00     1.0000     1.0000   x
       0      -2000.00      -1000.00     2000.00     1.0000     1.0000   x
       1          0.00       1000.00     2000.00     1.0000     1.0000    
       2       2000.00       3000.00     2000.00     1.0000     1.0000    
       3       4000.00       5000.00     2000.00     1.0000     1.0000    
       4       6000.00       7000.00     2000.00     1.0000     1.0000    
       5       8000.00       9000.00     2000.00     1.0000     1.0000    
       6      10000.00      11000.00     2000.00     1.0000     1.0000    
       7      12000.00      13000.00     2000.00     1.0000     1.0000    
       8      14000.00      15000.00     2000.00     1.0000     1.0000    
       9      16000.00      17000.00     2000.00     1.0000     1.0000    
      10      18000.00      19000.00     2000.00     1.0000     1.0000    
      11      20000.00      21000.00     2000.00     1.0000     1.0000    
      12      22000.00      23000.00     2000.00     1.0000     1.0000    
      13      24000.00      25000.00     2000.00     1.0000     1.0000    
      14      26000.00      27000.00     2000.00     1.0000     1.0000    
      15      28000.00      29000.00     2000.00     1.0000     1.0000    
      16      30000.00      31000.00     2000.00     1.0000     1.0000    
      17      32000.00      33000.00     2000.00     1.0000     1.0000    
      18      34000.00      35000.00     2000.00     1.0000     1.0000    
      19      36000.00      37000.00     2000.00     1.0000     1.0000    
      20      38000.00      39000.00     2000.00     1.0000     1.0000    
      21      40000.00      41000.00     2000.00     1.0000     1.0000    
      22      42000.00      43000.00     2000.00     1.0000     1.0000    
      23      44000.00      45000.00     2000.00     1.0000     1.0000    
      24      46000.00      47000.00     2000.00     1.0000     1.0000    
      25      48000.00      49000.00     2000.00     1.0000     1.0000    
      26      50000.00      51000.00     2000.00     1.0000     1.0000    
      27      52000.00      53000.00     2000.00     1.0000     1.0000    
      28      54000.00      55000.00     2000.00     1.0000     1.0000    
      29      56000.00      57000.00     2000.00     1.0000     1.0000    
      30      58000.00      59000.00     2000.00     1.0000     1.0000    
      31      60000.00      61000.00     2000.00     1.0000     1.0000    
      32      62000.00      63000.00     2000.00     1.0000     1.0000    
      33      64000.00      65000.00     2000.00     1.0000     1.0000    
      34      66000.00      67000.00     2000.00     1.0000     1.0000    
      35      68000.00      69000.00     2000.00     1.0000     1.0000    
      36      70000.00      71000.00     2000.00     1.0000     1.0000    
      37      72000.00      73000.00     2000.00     1.0000     1.0000    
      38      74000.00      75000.00     2000.00     1.0000     1.0000    
      39      76000.00      77000.00     2000.00     1.0000     1.0000    
      40      78000.00      79000.00     2000.00     1.0000     1.0000    
      41      80000.00      81000.00     2000.00     1.0000     1.0000    
      42      82000.00      83000.00     2000.00     1.0000     1.0000    
      43      84000.00      85000.00     2000.00     1.0000     1.0000    
      44      86000.00      87000.00     2000.00     1.0000     1.0000    
      45      88000.00      89000.00     2000.00     1.0000     1.0000    
      46      90000.00      91000.00     2000.00     1.0000     1.0000    
      47      92000.00      93000.00     2000.00     1.0000     1.0000    
      48      94000.00      95000.00     2000.00     1.0000     1.0000    
      49      96000.00      97000.00     2000.00     1.0000     1.0000    
      50      98000.00      99000.00     2000.00     1.0000     1.0000    
      51     100000.00     101000.00     2000.00     1.0000     1.0000    
      52     102000.00     103000.00     2000.00     1.0000     1.0000    
      53     104000.00     105000.00     2000.00     1.0000     1.0000    
      54     106000.00     107000.00     2000.00     1.0000     1.0000    
      55     108000.00     109000.00     2000.00     1.0000     1.0000    
      56     110000.00     111000.00     2000.00     1.0000     1.0000    
      57     112000.00     113000.00     2000.00     1.0000     1.0000    
      58     114000.00     115000.00     2000.00     1.0000     1.0000    
      59     116000.00     117000.00     2000.00     1.0000     1.0000    
      60     118000.00     119000.00     2000.00     1.0000     1.0000    
      61     120000.00     121000.00     2000.00     1.0000     1.0000    
      62     122000.00     123000.00     2000.00     1.0000     1.0000    
      63     124000.00     125000.00     2000.00     1.0000     1.0000    
      64     126000.00     127000.00     2000.00     1.0000     1.0000    
      65     128000.00     129000.00     2000.00     1.0000     1.0000    
      66     130000.00     131000.00     2000.00     1.0000     1.0000    
      67     132000.00     133000.00     2000.00     1.0000     1.0000    
      68     134000.00     135000.00     2000.00     1.0000     1.0000    
      69     136000.00     137000.00     2000.00     1.0000     1.0000    
      70     138000.00     139000.00     2000.00     1.0000     1.0000    
      71     140000.00     141000.00     2000.00     1.0000     1.0000    
      72     142000.00     143000.00     2000.00     1.0000     1.0000    
      73     144000.00     145000.00     2000.00     1.0000     1.0000    
      74     146000.00     147000.00     2000.00     1.0000     1.0000    
      75     148000.00     149000.00     2000.00     1.0000     1.0000    
      76     150000.00     151000.00     2000.00     1.0000     1.0000   x
      77     152000.00     153000.00     2000.00     1.0000     1.0000   x
      78     154000.00     155000.00     2000.00     1.0000     1.0000   x
      79     156000.00                               1.0000


 y:
      j         yf           yh         dy         vf         vh
 ---------------------------------------------------------------
      -2      -6000.00      -5000.00     2000.00     1.0000     1.0000   x
      -1      -4000.00      -3000.00     2000.00     1.0000     1.0000   x
       0      -2000.00      -1000.00     2000.00     1.0000     1.0000   x
       1          0.00       1000.00     2000.00     1.0000     1.0000    
       2       2000.00       3000.00     2000.00     1.0000     1.0000    
       3       4000.00       5000.00     2000.00     1.0000     1.0000    
       4       6000.00       7000.00     2000.00     1.0000     1.0000    
       5       8000.00       9000.00     2000.00     1.0000     1.0000    
       6      10000.00      11000.00     2000.00     1.0000     1.0000    
       7      12000.00      13000.00     2000.00     1.0000     1.0000    
       8      14000.00      15000.00     2000.00     1.0000     1.0000    
       9      16000.00      17000.00     2000.00     1.0000     1.0000    
      10      18000.00      19000.00     2000.00     1.0000     1.0000    
      11      20000.00      21000.00     2000.00     1.0000     1.0000    
      12      22000.00      23000.00     2000.00     1.0000     1.0000    
      13      24000.00      25000.00     2000.00     1.0000     1.0000    
      14      26000.00      27000.00     2000.00     1.0000     1.0000    
      15      28000.00      29000.00     2000.00     1.0000     1.0000    
      16      30000.00      31000.00     2000.00     1.0000     1.0000    
      17      32000.00      33000.00     2000.00     1.0000     1.0000    
      18      34000.00      35000.00     2000.00     1.0000     1.0000    
      19      36000.00      37000.00     2000.00     1.0000     1.0000    
      20      38000.00      39000.00     2000.00     1.0000     1.0000    
      21      40000.00      41000.00     2000.00     1.0000     1.0000    
      22      42000.00      43000.00     2000.00     1.0000     1.0000    
      23      44000.00      45000.00     2000.00     1.0000     1.0000    
      24      46000.00      47000.00     2000.00     1.0000     1.0000    
      25      48000.00      49000.00     2000.00     1.0000     1.0000    
      26      50000.00      51000.00     2000.00     1.0000     1.0000    
      27      52000.00      53000.00     2000.00     1.0000     1.0000    
      28      54000.00      55000.00     2000.00     1.0000     1.0000    
      29      56000.00      57000.00     2000.00     1.0000     1.0000    
      30      58000.00      59000.00     2000.00     1.0000     1.0000    
      31      60000.00      61000.00     2000.00     1.0000     1.0000    
      32      62000.00      63000.00     2000.00     1.0000     1.0000    
      33      64000.00      65000.00     2000.00     1.0000     1.0000    
      34      66000.00      67000.00     2000.00     1.0000     1.0000    
      35      68000.00      69000.00     2000.00     1.0000     1.0000    
      36      70000.00      71000.00     2000.00     1.0000     1.0000    
      37      72000.00      73000.00     2000.00     1.0000     1.0000    
      38      74000.00      75000.00     2000.00     1.0000     1.0000    
      39      76000.00      77000.00     2000.00     1.0000     1.0000    
      40      78000.00      79000.00     2000.00     1.0000     1.0000    
      41      80000.00      81000.00     2000.00     1.0000     1.0000    
      42      82000.00      83000.00     2000.00     1.0000     1.0000    
      43      84000.00      85000.00     2000.00     1.0000     1.0000    
      44      86000.00      87000.00     2000.00     1.0000     1.0000    
      45      88000.00      89000.00     2000.00     1.0000     1.0000    
      46      90000.00      91000.00     2000.00     1.0000     1.0000    
      47      92000.00      93000.00     2000.00     1.0000     1.0000    
      48      94000.00      95000.00     2000.00     1.0000     1.0000    
      49      96000.00      97000.00     2000.00     1.0000     1.0000    
      50      98000.00      99000.00     2000.00     1.0000     1.0000    
      51     100000.00     101000.00     2000.00     1.0000     1.0000    
      52     102000.00     103000.00     2000.00     1.0000     1.0000    
      53     104000.00     105000.00     2000.00     1.0000     1.0000    
      54     106000.00     107000.00     2000.00     1.0000     1.0000    
      55     108000.00     109000.00     2000.00     1.0000     1.0000    
      56     110000.00     111000.00     2000.00     1.0000     1.0000    
      57     112000.00     113000.00     2000.00     1.0000     1.0000    
      58     114000.00     115000.00     2000.00     1.0000     1.0000    
      59     116000.00     117000.00     2000.00     1.0000     1.0000    
      60     118000.00     119000.00     2000.00     1.0000     1.0000    
      61     120000.00     121000.00     2000.00     1.0000     1.0000    
      62     122000.00     123000.00     2000.00     1.0000     1.0000    
      63     124000.00     125000.00     2000.00     1.0000     1.0000    
      64     126000.00     127000.00     2000.00     1.0000     1.0000    
      65     128000.00     129000.00     2000.00     1.0000     1.0000    
      66     130000.00     131000.00     2000.00     1.0000     1.0000    
      67     132000.00     133000.00     2000.00     1.0000     1.0000    
      68     134000.00     135000.00     2000.00     1.0000     1.0000    
      69     136000.00     137000.00     2000.00     1.0000     1.0000    
      70     138000.00     139000.00     2000.00     1.0000     1.0000    
      71     140000.00     141000.00     2000.00     1.0000     1.0000    
      72     142000.00     143000.00     2000.00     1.0000     1.0000    
      73     144000.00     145000.00     2000.00     1.0000     1.0000    
      74     146000.00     147000.00     2000.00     1.0000     1.0000    
      75     148000.00     149000.00     2000.00     1.0000     1.0000    
      76     150000.00     151000.00     2000.00     1.0000     1.0000   x
      77     152000.00     153000.00     2000.00     1.0000     1.0000   x
      78     154000.00     155000.00     2000.00     1.0000     1.0000   x
      79     156000.00                               1.0000


 ZGRID:  STRETCH FAC  =    1.0359004512429237     
 ZGRID:  DOMAIN  HGT  =    20000.0000    
 k,gzc,gze =            1   77.692535400390625        0.0000000000000000     
 k,gzc,gze =            2   235.86680603027344        155.38507080078125     
 k,gzc,gze =            3   399.71958923339844        316.34854125976562     
 k,gzc,gze =            4   569.45477294921875        483.09063720703125     
 k,gzc,gze =            5   745.28353881835938        655.81890869140625     
 k,gzc,gze =            6   927.42462158203125        834.74816894531250     
 k,gzc,gze =            7   1116.1046142578125        1020.1010742187500     
 k,gzc,gze =            8   1311.5583496093750        1212.1081542968750     
 k,gzc,gze =            9   1514.0289916992188        1411.0085449218750     
 k,gzc,gze =           10   1723.7683715820312        1617.0494384765625     
 k,gzc,gze =           11   1941.0374755859375        1830.4873046875000     
 k,gzc,gze =           12   2166.1066894531250        2051.5876464843750     
 k,gzc,gze =           13   2399.2559814453125        2280.6257324218750     
 k,gzc,gze =           14   2640.7753906250000        2517.8862304687500     
 k,gzc,gze =           15   2890.9654541015625        2763.6645507812500     
 k,gzc,gze =           16   3150.1374511718750        3018.2663574218750     
 k,gzc,gze =           17   3418.6138916015625        3282.0085449218750     
 k,gzc,gze =           18   3696.7287597656250        3555.2192382812500     
 k,gzc,gze =           19   3984.8281250000000        3838.2382812500000     
 k,gzc,gze =           20   4283.2702636718750        4131.4179687500000     
 k,gzc,gze =           21   4592.4265136718750        4435.1225585937500     
 k,gzc,gze =           22   4912.6818847656250        4749.7304687500000     
 k,gzc,gze =           23   5244.4345703125000        5075.6333007812500     
 k,gzc,gze =           24   5588.0971679687500        5413.2358398437500     
 k,gzc,gze =           25   5944.0974121093750        5762.9584960937500     
 k,gzc,gze =           26   6312.8781738281250        6125.2363281250000     
 k,gzc,gze =           27   6694.8984375000000        6500.5200195312500     
 k,gzc,gze =           28   7090.6335449218750        6889.2768554687500     
 k,gzc,gze =           29   7500.5754394531250        7291.9902343750000     
 k,gzc,gze =           30   7925.2343750000000        7709.1606445312500     
 k,gzc,gze =           31   8365.1389160156250        8141.3081054687500     
 k,gzc,gze =           32   8820.8364257812500        8588.9697265625000     
 k,gzc,gze =           33   9292.8935546875000        9052.7031250000000     
 k,gzc,gze =           34   9781.8974609375000        9533.0839843750000     
 k,gzc,gze =           35   10288.457031250000        10030.710937500000     
 k,gzc,gze =           36   10813.202636718750        10546.203125000000     
 k,gzc,gze =           37   11356.786621093750        11080.202148437500     
 k,gzc,gze =           38   11919.885253906250        11633.371093750000     
 k,gzc,gze =           39   12503.199707031250        12206.399414062500     
 k,gzc,gze =           40   13100.000000000000        12800.000000000000     
 k,gzc,gze =           41   13700.000000000000        13400.000000000000     
 k,gzc,gze =           42   14300.000000000000        14000.000000000000     
 k,gzc,gze =           43   14900.000000000000        14600.000000000000     
 k,gzc,gze =           44   15500.000000000000        15200.000000000000     
 k,gzc,gze =           45   16100.000000000000        15800.000000000000     
 k,gzc,gze =           46   16700.000000000000        16400.000000000000     
 k,gzc,gze =           47   17300.000000000000        17000.000000000000     
 k,gzc,gze =           48   17900.000000000000        17600.000000000000     
 k,gzc,gze =           49   18500.000000000000        18200.000000000000     
 k,gzc,gze =           50   19100.000000000000        18800.000000000000     
 k,gzc,gze =           51   19700.000000000000        19400.000000000000     
 k,gzc,gze =           52   20300.000000000000        20000.000000000000     

 model heights:
     k       zf         zh         dz         mf         mh
 ---------------------------------------------------------------
      1       0.00      77.69     155.39     2.5238     2.5238
      2     155.39     235.87     160.96     2.4793     2.4363
      3     316.35     399.72     166.74     2.3933     2.3519
      4     483.09     569.45     172.73     2.3104     2.2704
      5     655.82     745.28     178.93     2.2303     2.1917
      6     834.75     927.42     185.35     2.1530     2.1157
      7    1020.10    1116.10     192.01     2.0784     2.0424
      8    1212.11    1311.56     198.90     2.0064     1.9716
      9    1411.01    1514.03     206.04     1.9369     1.9033
     10    1617.05    1723.77     213.44     1.8697     1.8373
     11    1830.49    1941.04     221.10     1.8049     1.7737
     12    2051.59    2166.11     229.04     1.7424     1.7122
     13    2280.63    2399.26     237.26     1.6820     1.6529
     14    2517.89    2640.78     245.78     1.6237     1.5956
     15    2763.66    2890.97     254.60     1.5674     1.5403
     16    3018.27    3150.14     263.74     1.5131     1.4869
     17    3282.01    3418.61     273.21     1.4607     1.4354
     18    3555.22    3696.73     283.02     1.4101     1.3856
     19    3838.24    3984.83     293.18     1.3612     1.3376
     20    4131.42    4283.27     303.70     1.3140     1.2912
     21    4435.12    4592.43     314.61     1.2685     1.2465
     22    4749.73    4912.68     325.90     1.2245     1.2033
     23    5075.63    5244.43     337.60     1.1821     1.1616
     24    5413.24    5588.10     349.72     1.1411     1.1213
     25    5762.96    5944.10     362.28     1.1016     1.0825
     26    6125.24    6312.88     375.28     1.0634     1.0450
     27    6500.52    6694.90     388.76     1.0265     1.0087
     28    6889.28    7090.63     402.71     0.9910     0.9738
     29    7291.99    7500.58     417.17     0.9566     0.9400
     30    7709.16    7925.23     432.15     0.9235     0.9075
     31    8141.31    8365.14     447.66     0.8915     0.8760
     32    8588.97    8820.84     463.73     0.8606     0.8457
     33    9052.70    9292.89     480.38     0.8307     0.8163
     34    9533.08    9781.90     497.63     0.8020     0.7881
     35   10030.71   10288.46     515.49     0.7742     0.7607
     36   10546.20   10813.20     534.00     0.7473     0.7344
     37   11080.20   11356.79     553.17     0.7214     0.7089
     38   11633.37   11919.88     573.03     0.6964     0.6844
     39   12206.40   12503.20     593.60     0.6723     0.6606
     40   12800.00   13100.00     600.00     0.6571     0.6536
     41   13400.00   13700.00     600.00     0.6536     0.6536
     42   14000.00   14300.00     600.00     0.6536     0.6536
     43   14600.00   14900.00     600.00     0.6536     0.6536
     44   15200.00   15500.00     600.00     0.6536     0.6536
     45   15800.00   16100.00     600.00     0.6536     0.6536
     46   16400.00   16700.00     600.00     0.6536     0.6536
     47   17000.00   17300.00     600.00     0.6536     0.6536
     48   17600.00   17900.00     600.00     0.6536     0.6536
     49   18200.00   18500.00     600.00     0.6536     0.6536
     50   18800.00   19100.00     600.00     0.6536     0.6536
     51   19400.00   19700.00     600.00     0.6536     0.6536
     52   20000.00                           0.6536

   patchsww = F
   patchnww = T
   patchsee = F
   patchnee = F
   patchsws = F
   patchses = T
   patchnwn = F
   patchnen = F

   p2tchsww = T
   p2tchnww = F
   p2tchsee = F
   p2tchnee = F
   p2tchsws = T
   p2tchses = F
   p2tchnwn = F
   p2tchnen = F

   minx =    0.00000000    
   maxx =    150000.000    
   miny =    0.00000000    
   maxy =    150000.000    
   maxz =    20000.0000    

   ibw =           1
   ibe =           0
   ibs =           1
   ibn =           0

   min_dx =    2000.00000    
   max_dx =    2000.00000    
   min_dy =    2000.00000    
   max_dy =    2000.00000    
   min_dz =    155.385071    
   max_dz =    600.000000    


   k,c1,c2,zhm1,zf,zh:
      1    0.5000    0.5000     -77.69       0.00      77.69
      2    0.5088    0.4912      77.69     155.39     235.87
      3    0.5088    0.4912     235.87     316.35     399.72
      4    0.5088    0.4912     399.72     483.09     569.45
      5    0.5088    0.4912     569.45     655.82     745.28
      6    0.5088    0.4912     745.28     834.75     927.42
      7    0.5088    0.4912     927.42    1020.10    1116.10
      8    0.5088    0.4912    1116.10    1212.11    1311.56
      9    0.5088    0.4912    1311.56    1411.01    1514.03
     10    0.5088    0.4912    1514.03    1617.05    1723.77
     11    0.5088    0.4912    1723.77    1830.49    1941.04
     12    0.5088    0.4912    1941.04    2051.59    2166.11
     13    0.5088    0.4912    2166.11    2280.63    2399.26
     14    0.5088    0.4912    2399.26    2517.89    2640.78
     15    0.5088    0.4912    2640.78    2763.66    2890.97
     16    0.5088    0.4912    2890.97    3018.27    3150.14
     17    0.5088    0.4912    3150.14    3282.01    3418.61
     18    0.5088    0.4912    3418.61    3555.22    3696.73
     19    0.5088    0.4912    3696.73    3838.24    3984.83
     20    0.5088    0.4912    3984.83    4131.42    4283.27
     21    0.5088    0.4912    4283.27    4435.12    4592.43
     22    0.5088    0.4912    4592.43    4749.73    4912.68
     23    0.5088    0.4912    4912.68    5075.63    5244.43
     24    0.5088    0.4912    5244.43    5413.24    5588.10
     25    0.5088    0.4912    5588.10    5762.96    5944.10
     26    0.5088    0.4912    5944.10    6125.24    6312.88
     27    0.5088    0.4912    6312.88    6500.52    6694.90
     28    0.5088    0.4912    6694.90    6889.28    7090.63
     29    0.5088    0.4912    7090.63    7291.99    7500.58
     30    0.5088    0.4912    7500.58    7709.16    7925.23
     31    0.5088    0.4912    7925.23    8141.31    8365.14
     32    0.5088    0.4912    8365.14    8588.97    8820.84
     33    0.5088    0.4912    8820.84    9052.70    9292.89
     34    0.5088    0.4912    9292.89    9533.08    9781.90
     35    0.5088    0.4912    9781.90   10030.71   10288.46
     36    0.5088    0.4912   10288.46   10546.20   10813.20
     37    0.5088    0.4912   10813.20   11080.20   11356.79
     38    0.5088    0.4912   11356.79   11633.37   11919.88
     39    0.5088    0.4912   11919.88   12206.40   12503.20
     40    0.5027    0.4973   12503.20   12800.00   13100.00
     41    0.5000    0.5000   13100.00   13400.00   13700.00
     42    0.5000    0.5000   13700.00   14000.00   14300.00
     43    0.5000    0.5000   14300.00   14600.00   14900.00
     44    0.5000    0.5000   14900.00   15200.00   15500.00
     45    0.5000    0.5000   15500.00   15800.00   16100.00
     46    0.5000    0.5000   16100.00   16400.00   16700.00
     47    0.5000    0.5000   16700.00   17000.00   17300.00
     48    0.5000    0.5000   17300.00   17600.00   17900.00
     49    0.5000    0.5000   17900.00   18200.00   18500.00
     50    0.5000    0.5000   18500.00   18800.00   19100.00
     51    0.5000    0.5000   19100.00   19400.00   19700.00
     52    0.5000    0.5000   19700.00   20000.00   20300.00


   ------ tauf, tauh -----
           1   0.00000000       0.00000000    
           2   0.00000000       0.00000000    
           3   0.00000000       0.00000000    
           4   0.00000000       0.00000000    
           5   0.00000000       0.00000000    
           6   0.00000000       0.00000000    
           7   0.00000000       0.00000000    
           8   0.00000000       0.00000000    
           9   0.00000000       0.00000000    
          10   0.00000000       0.00000000    
          11   0.00000000       0.00000000    
          12   0.00000000       0.00000000    
          13   0.00000000       0.00000000    
          14   0.00000000       0.00000000    
          15   0.00000000       0.00000000    
          16   0.00000000       0.00000000    
          17   0.00000000       0.00000000    
          18   0.00000000       0.00000000    
          19   0.00000000       0.00000000    
          20   0.00000000       0.00000000    
          21   0.00000000       0.00000000    
          22   0.00000000       0.00000000    
          23   0.00000000       0.00000000    
          24   0.00000000       0.00000000    
          25   0.00000000       0.00000000    
          26   0.00000000       0.00000000    
          27   0.00000000       0.00000000    
          28   0.00000000       0.00000000    
          29   0.00000000       0.00000000    
          30   0.00000000       0.00000000    
          31   0.00000000       0.00000000    
          32   0.00000000       0.00000000    
          33   0.00000000       0.00000000    
          34   0.00000000       0.00000000    
          35   0.00000000       0.00000000    
          36   0.00000000       0.00000000    
          37   0.00000000       0.00000000    
          38   0.00000000       0.00000000    
          39   0.00000000       0.00000000    
          40   0.00000000       0.00000000    
          41   0.00000000       0.00000000    
          42   0.00000000       0.00000000    
          43   0.00000000       0.00000000    
          44   3.94263864E-03   2.44717300E-02
          45   6.18466735E-02  0.114743382    
          46  0.181288034      0.259123147    
          47  0.345491529      0.437333375    
          48  0.531395316      0.624345005    
          49  0.712889671      0.793892622    
          50  0.864484310      0.922163963    
          51  0.964888215      0.991143644    
          52   1.00000000    


   vialpha,vibeta =   0.500000000      0.500000000    


   x0,alpha,delta,sum,predict,maxz:
   0.00000000    
  0.500000000       1.51795030       2.57244539       3.66479731    
   1.85094726      -1.19824338      0.347296089       0.00000000    
   1.00000000       1.52587891E-05   20000.0000    


   cgs1,cgs2,cgs3 =    1.85094726      -1.19824338      0.347296089    
   sum            =    1.00000000    

   dgs1,dgs2,dgs3 =   -1.93890107       2.86228609     -0.923384964    
   sum            =    5.96046448E-08


   x0,alpha,delta,sum,predict,maxz:
   33.3333321    
   32.8333321       31.8333340       30.8333340       29.8333340    
   1.87500155      -1.25000143      0.374999881       0.00000000    
   1.00000000       20000.0020       20000.0000    


   cgt1,cgt2,cgt3 =    1.87500155      -1.25000143      0.374999881    
   sum            =    1.00000000    

   dgt1,dgt2,dgt3 =    2.00000381      -3.00000381       1.00000000    
   sum            =    0.00000000    

 Leaving PARAM
 Inside BASE

  Reading sounding from external file, input_sounding

  p_sfc, th_sfc, qv_sfc =    960.000000       304.899994       19.0599995    
   Found           68   levels (including surface)


     k,z,th,qv:
           1   0.00000000       304.899994       19.0599995    
           2   0.00000000       304.899994       19.0599995    
           3   253.000000       305.200012       17.9099998    
           4   329.000000       305.299988       17.5799999    
           5   557.000000       305.500000       17.2199993    
           6   757.000000       305.600006       16.9099998    
           7   862.000000       306.799988       15.3999996    
           8   1069.00000       309.200012       12.7700005    
           9   1472.00000       310.700012       8.30000019    
          10   1777.00000       311.799988       5.88999987    
          11   1942.00000       312.399994       4.86000013    
          12   2081.00000       312.399994       5.42000008    
          13   2386.00000       312.399994       6.84999990    
          14   2475.00000       312.399994       7.32000017    
          15   2721.00000       312.899994       4.53999996    
          16   2876.00000       313.000000       3.85999990    
          17   3070.00000       314.399994       1.21000004    
          18   3301.00000       315.799988       1.08000004    
          19   3605.00000       317.600006      0.920000017    
          20   3807.00000       318.700012      0.819999993    
          21   3910.00000       318.899994      0.829999983    
          22   4520.00000       319.500000      0.829999983    
          23   4718.00000       319.700012      0.839999974    
          24   5026.00000       323.500000      0.230000004    
          25   5423.00000       324.600006      0.189999998    
          26   5434.00000       324.600006      0.189999998    
          27   5739.00000       325.700012      0.209999993    
          28   6102.00000       327.100006      0.219999999    
          29   7123.00000       328.299988      0.119999997    
          30   7263.00000       328.500000      0.119999997    
          31   8787.00000       331.100006      0.170000002    
          32   9092.00000       331.399994      0.180000007    
          33   9160.00000       331.500000      0.189999998    
          34   9183.00000       331.600006       1.00000005E-03
          35   9701.00000       334.700012       1.00000005E-03
          36   9844.00000       335.500000       1.00000005E-03
          37   10311.0000       338.299988       1.00000005E-03
          38   10413.0000       338.899994       1.00000005E-03
          39   10921.0000       340.600006       1.00000005E-03
          40   11530.0000       342.500000       1.00000005E-03
          41   11863.0000       343.399994       1.00000005E-03
          42   12140.0000       347.799988       1.00000005E-03
          43   12290.0000       350.100006       1.00000005E-03
          44   13664.0000       359.100006       1.00000005E-03
          45   13663.0000       359.100006       1.00000005E-03
          46   14273.0000       362.500000       1.00000005E-03
          47   14391.0000       363.100006       1.00000005E-03
          48   14811.0000       371.299988       1.00000005E-03
          49   14883.0000       372.700012       1.00000005E-03
          50   15797.0000       391.100006       1.00000005E-03
          51   16103.0000       397.399994       1.00000005E-03
          52   16481.0000       399.899994       1.00000005E-03
          53   16637.0000       410.000000       1.00000005E-03
          54   17281.0000       413.000000       1.00000005E-03
          55   17321.0000       415.399994       1.00000005E-03
          56   17527.0000       427.799988       1.00000005E-03
          57   18236.0000       441.399994       1.00000005E-03
          58   18253.0000       441.799988       1.00000005E-03
          59   18517.0000       445.600006       1.00000005E-03
          60   18845.0000       457.100006       1.00000005E-03
          61   19981.0000       498.799988       1.00000005E-03
          62   20323.0000       504.700012       1.00000005E-03
          63   22954.0000       573.599976       1.00000005E-03
          64   23563.0000       595.500000       1.00000005E-03
          65   24663.0000       636.000000       1.00000005E-03
          66   26193.0000       679.000000       1.00000005E-03
          67   26846.0000       706.799988       1.00000005E-03
          68   27739.0000       734.200012       1.00000005E-03

     k,u,v:
           1  -1.68008852      -2.17436504    
           2  -2.28714967       6.28391504    
           3  -3.03701520       17.2238979    
           4  -2.85836720       16.2107277    
           5   0.00000000       18.0039997    
           6   4.05004406       17.5425529    
           7   6.15775585       16.9182167    
           8   10.3266935       14.7479963    
           9   14.1859379       11.9033737    
          10   16.8548927       11.8018789    
          11   17.6976376       12.3919735    
          12   18.5403824       12.9820671    
          13   19.8044987       13.8672075    
          14   20.2258720       14.1622553    
          15   21.0686169       14.7523489    
          16   22.6022434       15.2453480    
          17   24.8654766       15.5376129    
          18   27.1745205       15.6891508    
          19   30.2929077       17.4895458    
          20   30.1988850       19.6113091    
          21   29.9174347       20.9483356    
          22   32.0242958       22.4235706    
          23   30.7601795       21.5384293    
          24   29.0746899       20.3582420    
          25   26.9678288       18.8830070    
          26   26.1250839       18.2929134    
          27   26.1250839       18.2929134    
          28   27.3892021       19.1780529    
          29   30.7601795       21.5384293    
          30   30.3388081       21.2433815    
          31   36.2380219       25.3740406    
          32   34.1311569       23.8988056    
          33   34.1311569       23.8988056    
          34   34.1311569       23.8988056    
          35   44.7556915       20.8698215    
          36   44.7556915       20.8698215    
          37   43.0206604       15.6581488    
          38   41.0871468       14.9544115    
          39   38.2591820       10.2514391    
          40   41.4922562       19.3480644    
          41   40.2466736       10.7839813    
          42   39.5136528       6.96724367    
          43   38.5004807       6.78859663    
          44   27.0691795       9.85231876    
          45   28.8186054       7.72186279    
          46   27.0398979       12.6088505    
          47   29.8371277       13.9132147    
          48   27.9723072       13.0436392    
          49   27.9723072       13.0436392    
          50   27.9723072       13.0436392    
          51   27.9723072       13.0436392    
          52   27.9723072       13.0436392    
          53   27.9723072       13.0436392    
          54   27.9723072       13.0436392    
          55   27.9723072       13.0436392    
          56   27.9723072       13.0436392    
          57   27.9723072       13.0436392    
          58   27.9723072       13.0436392    
          59   27.9723072       13.0436392    
          60   27.9723072       13.0436392    
          61   27.9723072       13.0436392    
          62   27.9723072       13.0436392    
          63   27.9723072       13.0436392    
          64   27.9723072       13.0436392    
          65   27.9723072       13.0436392    
          66   27.9723072       13.0436392    
          67   27.9723072       13.0436392    
          68   27.9723072       13.0436392    


 interpolating sounding to grid: 

           0.00000000       77.6925354       253.000000      0.307085127    
           0.00000000       235.866806       253.000000      0.932279885    
           329.000000       399.719604       557.000000      0.310173690    
           557.000000       569.454773       757.000000       6.22738637E-02
           557.000000       745.283569       757.000000      0.941417873    
           862.000000       927.424622       1069.00000      0.316060960    
           1069.00000       1116.10461       1472.00000      0.116884902    
           1069.00000       1311.55835       1472.00000      0.601881742    
           1472.00000       1514.02905       1777.00000      0.137800172    
           1472.00000       1723.76831       1777.00000      0.825469851    
           1777.00000       1941.03748       1942.00000      0.994166493    
           2081.00000       2166.10669       2386.00000      0.279038340    
           2386.00000       2399.25586       2475.00000      0.148942247    
           2475.00000       2640.77539       2721.00000      0.673883677    
           2876.00000       2890.96533       3070.00000       7.71408901E-02
           3070.00000       3150.13745       3301.00000      0.346915364    
           3301.00000       3418.61377       3605.00000      0.386887401    
           3605.00000       3696.72876       3807.00000      0.454102784    
           3910.00000       3984.82812       4520.00000      0.122669056    
           3910.00000       4283.27051       4520.00000      0.611918867    
           4520.00000       4592.42676       4718.00000      0.365791708    
           4718.00000       4912.68164       5026.00000      0.632083237    
           5026.00000       5244.43457       5423.00000      0.550213039    
           5434.00000       5588.09717       5739.00000      0.505236626    
           5739.00000       5944.09766       6102.00000      0.565007329    
           6102.00000       6312.87793       7123.00000      0.206540585    
           6102.00000       6694.89844       7123.00000      0.580703676    
           6102.00000       7090.63379       7123.00000      0.968299508    
           7263.00000       7500.57520       8787.00000      0.155889243    
           7263.00000       7925.23438       8787.00000      0.434536994    
           7263.00000       8365.13867       8787.00000      0.723188102    
           8787.00000       8820.83594       9092.00000      0.110937499    
           9183.00000       9292.89355       9701.00000      0.212149724    
           9701.00000       9781.89746       9844.00000      0.565716505    
           9844.00000       10288.4570       10311.0000      0.951728106    
           10413.0000       10813.2031       10921.0000      0.787801445    
           10921.0000       11356.7871       11530.0000      0.715578198    
           11863.0000       11919.8848       12140.0000      0.205360159    
           12290.0000       12503.1992       13664.0000      0.155166820    
           12290.0000       13100.0000       13664.0000      0.589519680    
           13663.0000       13700.0000       14273.0000       6.06557392E-02
           14273.0000       14300.0000       14391.0000      0.228813559    
           14883.0000       14900.0000       15797.0000       1.85995623E-02
           14883.0000       15500.0000       15797.0000      0.675054729    
           15797.0000       16100.0000       16103.0000      0.990196049    
           16637.0000       16700.0000       17281.0000       9.78260860E-02
           17281.0000       17300.0000       17321.0000      0.474999994    
           17527.0000       17900.0000       18236.0000      0.526093066    
           18253.0000       18500.0000       18517.0000      0.935606062    
           18845.0000       19100.0000       19981.0000      0.224471837    
           18845.0000       19700.0000       19981.0000      0.752640843    


       k    prs0 (Pa)        pi0        rho0 (kg/m^3)
    ---------------------------------------------------------------------
       1     95166.33     0.9859590     1.0703498
       2     93485.29     0.9809565     1.0573388
       3     91766.82     0.9757757     1.0436164
       4     90011.12     0.9704106     1.0292686
       5     88218.23     0.9648541     1.0147177
       6     86392.74     0.9591130     0.9969282
       7     84539.13     0.9531941     0.9795130
       8     82654.29     0.9470795     0.9649808
       9     80735.77     0.9407526     0.9496903
      10     78784.72     0.9342071     0.9334296
      11     76802.45     0.9274372     0.9163421
      12     74789.16     0.9204324     0.8976445
      13     72744.92     0.9131806     0.8785866
      14     70670.52     0.9056714     0.8617814
      15     68566.91     0.8978937     0.8447158
      16     66439.88     0.8898542     0.8245230
      17     64296.38     0.8815641     0.8015164
      18     62139.18     0.8730192     0.7784428
      19     59967.84     0.8642015     0.7568735
      20     57780.22     0.8550838     0.7363547
      21     55576.87     0.8456476     0.7154992
      22     53367.82     0.8359147     0.6900161
      23     51161.31     0.8259013     0.6656416
      24     48955.23     0.8155763     0.6429248
      25     46750.48     0.8049198     0.6195389
      26     44549.63     0.7939177     0.5970089
      27     42353.16     0.7825432     0.5750714
      28     40163.54     0.7707765     0.5529107
      29     37985.48     0.7586079     0.5302529
      30     35824.05     0.7460288     0.5073733
      31     33683.91     0.7330273     0.4844181
      32     31569.63     0.7195897     0.4614443
      33     29486.92     0.7057083     0.4381128
      34     27446.87     0.6914145     0.4126375
      35     25459.17     0.6767374     0.3875721
      36     23525.05     0.6616473     0.3640629
      37     21644.84     0.6461025     0.3412990
      38     19823.50     0.6300950     0.3183388
      39     18078.52     0.6137401     0.2919538
      40     16435.03     0.5972698     0.2697319
      41     14909.51     0.5808922     0.2488627
      42     13501.69     0.5646787     0.2297055
      43     12215.12     0.5487678     0.2078778
      44     11052.86     0.5333288     0.1874732
      45     10004.23     0.5183693     0.1692158
      46      9058.02     0.5038759     0.1526413
      47      8194.87     0.4896780     0.1407800
      48      7414.63     0.4758924     0.1247940
      49      6713.81     0.4625956     0.1135318
      50      6083.39     0.4497583     0.1010202
      51      5522.05     0.4375008     0.0900174


       k    th0 (K)     thv0 (K)     t0 (K)     l.r. (K/km)     N^2
    ---------------------------------------------------------------------
       1    304.9921    308.3957    300.7097       4.2116      0.0406
       2    305.1797    308.4570    299.3680       8.3355      0.1212
       3    305.3620    308.5506    297.9648       8.4152      0.1784
       4    305.5062    308.6466    296.4665       8.6748      0.1767
       5    305.5941    308.6865    294.8538       9.0131      0.0708
       6    307.5585    310.2476    294.9834      -0.6994      2.6698
       7    309.3753    311.6422    294.8947       0.4617      2.2916
       8    310.1028    311.9650    293.6920       6.0467      0.5105
       9    310.8516    312.3410    292.4344       6.1036      0.5735
      10    311.6080    312.7908    291.1064       6.2221      0.6615
      11    312.3965    313.3159    289.7281       6.2337      0.7441
      12    312.4000    313.5106    287.5431       9.5403      0.2661
      13    312.4000    313.7057    285.2776       9.5483      0.2572
      14    312.7369    313.7564    283.2369       8.3032      0.0645
      15    313.1080    313.8004    281.1377       8.2450      0.0541
      16    314.8857    315.1082    280.2023       3.5465      1.5469
      17    316.4964    316.6917    279.0119       4.3573      1.7999
      18    318.0995    318.2682    277.7070       4.6105      1.7213
      19    318.9736    319.1355    275.6575       6.9907      0.9105
      20    319.2672    319.4302    273.0002       8.7497      0.2982
      21    319.5732    319.7352    270.2462       8.7535      0.2976
      22    322.1019    322.1924    269.2498       3.0576      2.3044
      23    324.1052    324.1460    267.6789       4.6529      1.7566
      24    325.1558    325.1955    265.1893       7.1188      0.9068
      25    326.4910    326.5340    262.7991       6.5979      1.1122
      26    327.3478    327.3865    259.8872       7.7590      0.6816
      27    327.7968    327.8278    256.5152       8.6739      0.3399
      28    328.2620    328.2864    253.0166       8.6876      0.3405
      29    328.9053    328.9351    249.5101       8.4053      0.4642
      30    329.6298    329.6649    245.9133       8.3232      0.5032
      31    330.3803    330.4164    242.1778       8.3446      0.4989
      32    331.1333    331.1679    238.2801       8.4050      0.4806
      33    332.2577    332.2579    234.4770       7.9169      0.6711
      34    335.1526    335.1528    231.7294       5.5215      1.7102
      35    338.1648    338.1650    228.8488       5.5880      1.7027
      36    340.2393    340.2395    225.1184       6.9857      1.1235
      37    341.9596    341.9598    220.9409       7.5518      0.8944
      38    344.3036    344.3038    216.9440       6.9752      1.1695
      39    351.4965    351.4967    215.7275       2.0493      3.4170
      40    355.4057    355.4059    212.2731       5.7574      1.8083
      41    359.3062    359.3065    208.7182       5.9248      1.7846
      42    362.6373    362.6375    204.7735       6.5744      1.5088
      43    373.0422    373.0424    204.7136       0.1000      4.6252
      44    385.1210    385.1213    205.3961      -1.1376      5.2101
      45    397.3382    397.3385    205.9679      -0.9530      5.1061
      46    410.2935    410.2937    206.7370      -1.2818      5.2459
      47    414.1400    414.1403    202.7952       6.5696      1.5257
      48    434.9549    434.9551    206.9917      -6.9941      8.0177
      49    445.3553    445.3556    206.0194       1.6205      3.8635
      50    466.4605    466.4608    209.7945      -6.2918      7.5702
      51    488.4851    488.4855    213.7126      -6.5303      7.5432


   Richardson number:  NOTE!!!  Ri should be > 0.25 for most applications!

   k,z,Ri:           2   156.779663       6.56792847E-03 <---- NOTE!  Ri < 0.25
   k,z,Ri:           3   317.793213      0.439205140    
   k,z,Ri:           4   484.587189       8.08897913E-02 <---- NOTE!  Ri < 0.25
   k,z,Ri:           5   657.369141       1.73391774E-02 <---- NOTE!  Ri < 0.25
   k,z,Ri:           6   836.354126      0.592872560    
   k,z,Ri:           7   1021.76465      0.584386945    
   k,z,Ri:           8   1213.83154      0.367057145    
   k,z,Ri:           9   1412.79370      0.484290212    
   k,z,Ri:          10   1618.89868      0.877767026    
   k,z,Ri:          11   1832.40283       1.76677966    
   k,z,Ri:          12   2053.57202      0.638745427    
   k,z,Ri:          13   2282.68115       1.00608993    
   k,z,Ri:          14   2520.01562      0.299344897    
   k,z,Ri:          15   2765.87036       7.77312294E-02 <---- NOTE!  Ri < 0.25
   k,z,Ri:          16   3020.55127       1.25069678    
   k,z,Ri:          17   3284.37549       1.65002930    
   k,z,Ri:          18   3557.67139       1.74417806    
   k,z,Ri:          19   3840.77832       1.07290030    
   k,z,Ri:          20   4134.04932       1.70674646    
   k,z,Ri:          21   4437.84863       15.3919201    
   k,z,Ri:          22   4752.55420       4.62953997    
   k,z,Ri:          23   5078.55811       4.16976404    
   k,z,Ri:          24   5416.26562       2.28135395    
   k,z,Ri:          25   5766.09766       18.8682423    
   k,z,Ri:          26   6128.48779       4.07634592    
   k,z,Ri:          27   6503.88818       2.12920070    
   k,z,Ri:          28   6892.76611       2.13297796    
   k,z,Ri:          29   7295.60449       14.5481768    
   k,z,Ri:          30   7712.90479       2.29302764    
   k,z,Ri:          31   8145.18652       2.27365947    
   k,z,Ri:          32   8592.98730       3.48084259    
   k,z,Ri:          33   9056.86523       3.83905840    
   k,z,Ri:          34   9537.39551      0.549297452    
   k,z,Ri:          35   10035.1777       1.62694931    
   k,z,Ri:          36   10550.8301      0.792215824    
   k,z,Ri:          37   11084.9951      0.807363927    
   k,z,Ri:          38   11638.3359      0.821527362    
   k,z,Ri:          39   12211.5420       6.28008318    
   k,z,Ri:          40   12801.5996       2.45053101    
   k,z,Ri:          41   13400.0000       6.66491270    
   k,z,Ri:          42   14000.0000       2.17567515    
   k,z,Ri:          43   14600.0000       1600.02026    
   k,z,Ri:          44   15200.0000       521010880.    
   k,z,Ri:          45   15800.0000       510614496.    
   k,z,Ri:          46   16400.0000       524586304.    
   k,z,Ri:          47   17000.0000       152568752.    
   k,z,Ri:          48   17600.0000       801772096.    
   k,z,Ri:          49   18200.0000       386353664.    
   k,z,Ri:          50   18800.0000       757021440.    
   k,z,Ri:          51   19400.0000       754319168.    


       k  theta-e (K)       rh0          qv0          qc0          qi0
    ---------------------------------------------------------------------
       1    361.2180     0.746565     0.018704     0.000000     0.000000
       2    359.2769     0.765035     0.017987     0.000000     0.000000
       3    357.9687     0.795197     0.017480     0.000000     0.000000
       4    357.3099     0.842005     0.017204     0.000000     0.000000
       5    356.5935     0.898027     0.016931     0.000000     0.000000
       6    351.9169     0.751467     0.014595     0.000000     0.000000
       7    346.8395     0.617836     0.012203     0.000000     0.000000
       8    340.9742     0.532665     0.009978     0.000000     0.000000
       9    335.6923     0.448644     0.007946     0.000000     0.000000
      10    331.4999     0.376910     0.006285     0.000000     0.000000
      11    328.0279     0.310897     0.004866     0.000000     0.000000
      12    331.1370     0.422303     0.005884     0.000000     0.000000
      13    334.2994     0.561836     0.006924     0.000000     0.000000
      14    330.0004     0.487704     0.005392     0.000000     0.000000
      15    325.0440     0.369899     0.003652     0.000000     0.000000
      16    318.9708     0.121831     0.001164     0.000000     0.000000
      17    320.1140     0.111821     0.001016     0.000000     0.000000
      18    321.2564     0.101819     0.000874     0.000000     0.000000
      19    322.0104     0.108726     0.000835     0.000000     0.000000
      20    322.3262     0.127866     0.000841     0.000000     0.000000
      21    322.6159     0.149776     0.000835     0.000000     0.000000
      22    323.8599     0.085740     0.000462     0.000000     0.000000
      23    324.9351     0.041509     0.000207     0.000000     0.000000
      24    325.9660     0.046739     0.000201     0.000000     0.000000
      25    327.3644     0.058020     0.000217     0.000000     0.000000
      26    328.1400     0.062841     0.000195     0.000000     0.000000
      27    328.4380     0.063032     0.000155     0.000000     0.000000
      28    328.7739     0.063391     0.000122     0.000000     0.000000
      29    329.5230     0.099196     0.000149     0.000000     0.000000
      30    330.3536     0.152810     0.000175     0.000000     0.000000
      31    331.1224     0.208787     0.000180     0.000000     0.000000
      32    331.8469     0.273358     0.000172     0.000000     0.000000
      33    332.2629     0.002189     0.000001     0.000000     0.000000
      34    335.1579     0.002701     0.000001     0.000000     0.000000
      35    338.1702     0.003410     0.000001     0.000000     0.000000
      36    340.2447     0.004804     0.000001     0.000000     0.000000
      37    341.9651     0.007228     0.000001     0.000000     0.000000
      38    344.3091     0.010474     0.000001     0.000000     0.000000
      39    351.5024     0.011706     0.000001     0.000000     0.000000
      40    355.4118     0.016890     0.000001     0.000000     0.000000
      41    359.3120     0.022788     0.000001     0.000000     0.000000
      42    362.6431     0.035243     0.000001     0.000000     0.000000
      43    373.0482     0.032143     0.000001     0.000000     0.000000
      44    385.1273     0.026608     0.000001     0.000000     0.000000
      45    397.3446     0.022091     0.000001     0.000000     0.000000
      46    410.3002     0.018306     0.000001     0.000000     0.000000
      47    414.1467     0.028352     0.000001     0.000000     0.000000
      48    434.9620     0.014202     0.000001     0.000000     0.000000
      49    445.3626     0.014721     0.000001     0.000000     0.000000
      50    466.4689     0.008796     0.000001     0.000000     0.000000
      51    488.4944     0.005053     0.000001     0.000000     0.000000


   Thermodynamic properties of base-state sounding:

     for surface parcel:
        source p(mb),T(K),qv(g/kg) =      960.0     301.4      19.1
        LCL,LFC,EL (m AGL)         =      647.6     650.9     844.1
        CAPE,CIN (J/kg)            =     4784.3       6.6

     for most-unstable parcel:
        source p(mb),T(K),qv(g/kg) =      960.0     301.4      19.1
        LCL,LFC,EL (m AGL)         =      647.6     650.9     844.1
        CAPE,CIN (J/kg)            =     4784.3       6.6

     for mixed-layer parcel:
        source p(mb),T(K),qv(g/kg) =      960.0     301.7      18.0
        LCL,LFC,EL (m AGL)         =      793.2    1463.4   13694.8
        CAPE,CIN (J/kg)            =     4180.8      18.9



       k     u0 (m/s)     v0 (m/s)
    ---------------------------------------------------------------------
       1      -2.5174       9.6434
       2      -2.9862      16.4830
       3      -1.9718      16.7670
       4       0.2522      17.9753
       5       3.8128      17.5696
       6       7.4754      16.2323
       7      10.7778      14.4155
       8      12.6495      13.0359
       9      14.5537      11.8894
      10      16.3891      11.8196
      11      17.6927      12.3885
      12      18.8931      13.2291
      13      19.8673      13.9112
      14      20.7938      14.5599
      15      22.7768      15.2679
      16      25.6665      15.5902
      17      28.3810      16.3857
      18      30.2502      18.4530
      19      30.1759      21.1293
      20      31.2067      21.8511
      21      31.5619      22.0998
      22      29.6948      20.7925
      23      27.9155      19.5465
      24      26.1251      18.2929
      25      26.8393      18.7930
      26      28.0854      19.6656
      27      29.3467      20.5487
      28      30.6533      21.4636
      29      31.2584      21.8873
      30      32.9022      23.0383
      31      34.6050      24.2306
      32      36.0043      25.2104
      33      36.3851      23.2562
      34      44.7557      20.8698
      35      43.1044      15.9097
      36      38.8593      11.2494
      37      40.5727      16.7608
      38      40.0961      10.0002
      39      36.7267       7.2640
      40      31.7615       8.5947
      41      28.7107       8.0183
      42      27.6799      12.9073
      43      27.9723      13.0436
      44      27.9723      13.0436
      45      27.9723      13.0436
      46      27.9723      13.0436
      47      27.9723      13.0436
      48      27.9723      13.0436
      49      27.9723      13.0436
      50      27.9723      13.0436
      51      27.9723      13.0436


   psurf,tsurf  =    96000.0000       301.368195    
   qsurf,thsurf =    1.90599989E-02   304.899994    

 Leaving BASE
   rbufsz,nrad2d =            1          10
 Inside INIT3D

   seed_size =            8
   rand-1 =   0.620773196    

 Leaving INIT3D

   allocating diagnostic arrays:  ntdiag,nqdiag =            1           1


   strlen          =            0
   baselen         =            6
   totlen          =            6
   output_basename = cm1out
   statfile        = cm1out_stats.dat                                                      



   Settings used in this simulation:
   isfcflx  =            0
   bbc      =            1
   dosfcflx =  F

 Inside GETSET

   mass1 =    207379573283024.75     

 Leaving GETSET

   zf,grdscl:
           2   155.385071       322.806396    
           3   316.348541       549.380249    
           4   483.090637       682.472656    
           5   655.818909       760.946350    
           6   834.748169       810.955566    
           7   1020.10107       845.898438    
           8   1212.10815       872.462646    
           9   1411.00854       894.119019    
          10   1617.04944       912.767090    
          11   1830.48730       929.503540    
          12   2051.58765       944.990601    
          13   2280.62573       959.646301    
          14   2517.88623       973.744629    
          15   2763.66455       987.469299    
          16   3018.26636       1000.94989    
          17   3282.00854       1014.27673    
          18   3555.21924       1027.51782    
          19   3838.23828       1040.72192    
          20   4131.41797       1053.92712    
          21   4435.12256       1067.16235    
          22   4749.73047       1080.45081    
          23   5075.63330       1093.81213    
          24   5413.23584       1107.25879    
          25   5762.95850       1120.80518    
          26   6125.23633       1134.45959    
          27   6500.52002       1148.23352    
          28   6889.27686       1162.13232    
          29   7291.99023       1176.16211    
          30   7709.16064       1190.33142    
          31   8141.30811       1204.64282    
          32   8588.96973       1219.10242    
          33   9052.70312       1233.71436    
          34   9533.08398       1248.48120    
          35   10030.7109       1263.40857    
          36   10546.2031       1278.49988    
          37   11080.2021       1293.75659    
          38   11633.3711       1309.18262    
          39   12206.3994       1324.78333    
          40   12800.0000       1335.03540    
          41   13400.0000       1337.53870    
          42   14000.0000       1337.64990    
          43   14600.0000       1337.74768    
          44   15200.0000       1337.83411    
          45   15800.0000       1337.91089    
          46   16400.0000       1337.97949    
          47   17000.0000       1338.04102    
          48   17600.0000       1338.09619    
          49   18200.0000       1338.14612    
          50   18800.0000       1338.19128    
          51   19400.0000       1338.23242    

   initial conditions:

  WMAX  :   0.00000        1    1    1    WMIN  :   0.00000        1    1    1
  UMAX  :   44.7557        1    1   34    UMIN  :  -2.98623        1    1    2
  SUMAX :  -2.51742        1    1    1    SUMIN :  -2.51742        1    1    1
  VMAX  :   25.2104        1    1   32    VMIN  :   7.26398        1    1   39
  SVMAX :   9.64342        1    1    1    SVMIN :   9.64342        1    1    1
  PPIMAX:   0.00000        1    1    1    PPIMIN:   0.00000        1    1    1
  PPMAX :   0.00000        1    1    1    PPMIN :   0.00000        1    1    1
  THPMAX:   0.00000        1    1    1    THPMIN:   0.00000        1    1    1
  STHPMX:   0.00000        1    1    1    STHPMN:   0.00000        1    1    1
  MAXqv :  0.187040E-01    1    1    1    MINqv :  0.998735E-06    1    1   48
  MAXqc :   0.00000        1    1    1    MINqc :   0.00000        1    1    1
  MAXqr :   0.00000        1    1    1    MINqr :   0.00000        1    1    1
  MAXqi :   0.00000        1    1    1    MINqi :   0.00000        1    1    1
  MAXqs :   0.00000        1    1    1    MINqs :   0.00000        1    1    1
  MAXqg :   0.00000        1    1    1    MINqg :   0.00000        1    1    1
  MAXqhl:   0.00000        1    1    1    MINqhl:   0.00000        1    1    1
  MAXccn:  0.163265E+10    1    1    1    MINccn:  0.163265E+10    1    1    1
  MAXccw:   0.00000        1    1    1    MINccw:   0.00000        1    1    1
  MAXcrw:   0.00000        1    1    1    MINcrw:   0.00000        1    1    1
  MAXcci:   0.00000        1    1    1    MINcci:   0.00000        1    1    1
  MAXcsw:   0.00000        1    1    1    MINcsw:   0.00000        1    1    1
  MAXchw:   0.00000        1    1    1    MINchw:   0.00000        1    1    1
  MAXchl:   0.00000        1    1    1    MINchl:   0.00000        1    1    1
  MAXvhw:   0.00000        1    1    1    MINvhw:   0.00000        1    1    1
  MAXvhl:   0.00000        1    1    1    MINvhl:   0.00000        1    1    1
  TKEMAX:   0.00000        1    1    1    TKEMIN:   0.00000        1    1    1
  KMHMAX:  0.133823        1    1   51    KMHMIN:   0.00000        1    1    1
  KMVMAX:  0.133823        1    1   51    KMVMIN:   0.00000        1    1    1
  KHHMAX:  0.401470        1    1   51    KHHMIN:   0.00000        1    1    1
  KHVMAX:  0.401470        1    1   51    KHVMIN:   0.00000        1    1    1
  DIVMAX:   0.00000        1    1    1    DIVMIN:   0.00000        1    1    1
  RHMAX :  0.900729        1    1    5    RHMIN :  0.219052E-02    1    1   33
  RHIMAX:  0.732294        1    1    5    RHIMIN:  0.324651E-02    1    1   33
  THEMAX:   361.111        1    1    1    THEMIN:   318.752        1    1   16
  STHEMX:   361.111        1    1    1    STHEMN:   361.111        1    1    1
  QCTOP :      0.000000    1    1    1    QCBOT :      0.000000    1    1    1
  SFPMAX:   95166.3        1    1    1    SFPMIN:   95166.3        1    1    1
  PSFCMX:   96000.0        1    1    1    PSFCMN:   96000.0        1    1    1
  WSPMAX:   49.3824        1    1   34    WSPMIN:   9.96659        1    1    1
  SWSPMX:   9.96659        1    1    1    SWSPMN:   9.96659        1    1    1
  CFLMAX:      0.185184    1    1   34
  KSHMAX:  0.752756E-06    1    1   51
  KSVMAX:  0.553805E-04    1    1    5
  VORSFC:  0.000000E+00
  VOR1KM:  0.000000E+00
  VOR2KM:  0.000000E+00
  VOR3KM:  0.000000E+00
  VOR4KM:  0.000000E+00
  VOR5KM:  0.000000E+00
  TMASS :  0.207380E+15
  TMOIS :  0.728009E+12
  qv MAS:  0.728009E+12
  qc MAS:  0.000000E+00
  qr MAS:  0.000000E+00
  qi MAS:  0.000000E+00
  qs MAS:  0.000000E+00
  qg MAS:  0.000000E+00
  qhlMAS:  0.000000E+00
  TENERG:  0.521540E+20
  TMU   :  0.528525E+16
  TMV   :  0.346814E+16
  TMW   :  0.000000E+00
  TMFU  :  0.000000E+00
  TMFD  :  0.000000E+00
  tcond :  0.000000E+00
  tevac :  0.000000E+00
  tauto :  0.000000E+00
  taccr :  0.000000E+00
  tevar :  0.000000E+00
  train :  0.000000E+00
  erain :  0.000000E+00
  qsfc  :  0.000000E+00
  esfc  :  0.000000E+00
  erad  :  0.000000E+00
  asqv  :  0.000000E+00
  asqc  :  0.000000E+00
  asqr  :  0.000000E+00
  asqi  :  0.000000E+00
  asqs  :  0.000000E+00
  asqg  :  0.000000E+00
  asqhl :  0.000000E+00
  asccn :  0.000000E+00
  asccw :  0.000000E+00
  ascrw :  0.000000E+00
  ascci :  0.000000E+00
  ascsw :  0.000000E+00
  aschw :  0.000000E+00
  aschl :  0.000000E+00
  asvhw :  0.000000E+00
  asvhl :  0.000000E+00
  bsqv  :  0.000000E+00
  bsqc  :  0.000000E+00
  bsqr  :  0.000000E+00
  bsqi  :  0.000000E+00
  bsqs  :  0.000000E+00
  bsqg  :  0.000000E+00
  bsqhl :  0.000000E+00
  bsccn :  0.000000E+00
  bsccw :  0.000000E+00
  bscrw :  0.000000E+00
  bscci :  0.000000E+00
  bscsw :  0.000000E+00
  bschw :  0.000000E+00
  bschl :  0.000000E+00
  bsvhw :  0.000000E+00
  bsvhl :  0.000000E+00
 cm1out_stats.nc                                                       
   nrec =            1
   calling nf90_create 
   nwrite =            1
 cm1out.nc                                                             
   calling nf90_create 
     2d vars 
     s vars 
     u vars 
     v vars 
     w vars 

 Done Writing Data to File 

             0              0.000000 min 

 -------------Done with Preprocessors-----------


   Detected rstfrq = 0 
   ... writing restart file ... 

   string = cm1out_rst_000000.nc                                                  
  USING COMPRESSED netCDF4 
   leaving restart_prelim 

   ... stopping ... 

 Inside PARAM

   Everything is cool!
   ni,nj=          15          15


 dx        =   2000.00000    
 dy        =   2000.00000    
 dz        =   392.156860    
 dtl       =   7.50000000    
 timax     =   5400.00000    
 run_time  =   1200.00000    
 tapfrq    =   900.000000    
 rstfrq    =   300.000000    
 statfrq   =   60.0000000    
 prclfrq   =   60.0000000    

 adapt_dt  =           0
 irst      =           1
 rstnum    =           0
 iconly    =           0
 hadvordrs =           5
 vadvordrs =           5
 hadvordrv =           5
 vadvordrv =           5
 pdscheme  =           1
 apmasscon =           1
 advwenos  =           2
 advwenov  =           0
 idiff     =           0
 mdiff     =           0
 difforder =           6
 imoist    =           1
 iturb     =           1
 tconfig   =           1
 bcturbs   =           1
 dns       =           0
 irdamp    =           1
 hrdamp    =           0
 psolver   =           3
 nsound    =           6
 ptype     =          27
 ihail     =           1
 iautoc    =           1
 icor      =           0
 pertcor   =           0
 eqtset    =           2
 idiss     =           1
 efall     =           0
 rterm     =           0
 wbc       =           2
 ebc       =           2
 sbc       =           2
 nbc       =           2
 bbc       =           1
 tbc       =           1
 irbc      =           4
 roflux    =           0
 isnd      =           7
 iwnd      =           2
 itern     =           0
 iinit     =           0
 irandp    =           0
 ibalance  =           0
 iorigin   =           1
 axisymm   =           0
 imove     =           0
 iptra     =           0
 npt       =           1
 pdtra     =           1
 iprcl     =           0
 nparcels  =           1

 kdiff2    =   75.0000000    
 kdiff6    =   3.99999991E-02
 fcor      =   0.00000000    
 kdiv      =  0.100000001    
 alph      =  0.600000024    
 rdalpha   =   3.33333341E-03
 zd        =   15000.0000    
 xhd       =   100000.000    
 umove     =   0.00000000    
 vmove     =   0.00000000    
 v_t       =   7.00000000    
 l_h       =   100.000000    
 lhref1    =   100.000000    
 lhref2    =   1000.00000    
 l_inf     =   100.000000    
 ndcnst    =   250.000000    

 radopt    =           0
 dtrad     =   300.000000    
 ctrlat    =   35.2358284    
 ctrlon    =  -97.4619370    
 year      =        2003
 month     =           5
 day       =           8
 hour      =          20
 minute    =          40
 second    =           0

 isfcflx   =           0
 sfcmodel  =           0
 oceanmodel=           0
 ipbl      =           0
 initsfc   =           1
 tsk0      =   299.279999    
 tmn0      =   297.279999    
 xland0    =   2.00000000    
 lu0       =          16
 season    =           1
 cecd      =           3
 pertflx   =           0
 cnstce    =   1.00000005E-03
 cnstcd    =   1.00000005E-03
 isftcflx  =           0
 iz0tlnd   =           0
 oml_hml0  =   50.0000000    
 oml_gamma =  0.140000001    

 stretch_x =           0
 dx_inner  =   1000.00000    
 dx_outer  =   7000.00000    
 nos_x_len =   40000.0000    
 tot_x_len =   120000.000    

 stretch_y =           0
 dy_inner  =   1000.00000    
 dy_outer  =   7000.00000    
 nos_y_len =   40000.0000    
 tot_y_len =   120000.000    

 stretch_z =           2
 ztop      =   20000.0000    
 str_bot   =   0.00000000    
 str_top   =   8625.00000    
 dz_bot    =   150.000000    
 dz_top    =   600.000000    

 bc_temp   =           1
 ptc_top   =   250.000000    
 ptc_bot   =   300.000000    
 viscosity =   25.0000000    
 pr_num    =  0.720000029    

 var1      =   0.00000000    
 var2      =   0.00000000    
 var3      =   0.00000000    
 var4      =   0.00000000    
 var5      =   0.00000000    
 var6      =   0.00000000    
 var7      =   0.00000000    
 var8      =   0.00000000    
 var9      =   0.00000000    
 var10     =   0.00000000    

&NSSL2MOM_PARAMS
 RHO_QR=  1000.00000    ,
 CNOR=  8000000.00    ,
 RHO_QS=  100.000000    ,
 CNOS=  3000000.00    ,
 RHO_QH=  500.000000    ,
 CNOH=  40000.0000    ,
 CCN=  2.00000000E+09,
 INFALL=4          ,
 ALPHAH=  0.00000000    ,
 ALPHAHL= 0.500000000    ,
 IMURAIN=1          ,
 ICDX=3          ,
 ICDXHL=3          ,
 DFRZ=  1.50000007E-04,
 HLDNMN=  500.000000    ,
 IFERWISVENTR=2          ,
 IEHW=1          ,
 IEHLW=1          ,
 EHW0= 0.750000000    ,
 EHLW0= 0.750000000    ,
 DMRAUTO=0          ,
 IOLDLIMITER=0          ,
 /

 ZGRID:  STRETCH FAC  =    1.0359004512429237     
 ZGRID:  DOMAIN  HGT  =    20000.0000    

 ZGRID:  STRETCH FAC  =    1.0359004512429237     
 ZGRID:  DOMAIN  HGT  =    20000.0000    

 ZGRID:  STRETCH FAC  =    1.0359004512429237     
 ZGRID:  DOMAIN  HGT  =    20000.0000    

 ZGRID:  STRETCH FAC  =    1.0359004512429237     
 ZGRID:  DOMAIN  HGT  =    20000.0000    

 ZGRID:  STRETCH FAC  =    1.0359004512429237     
 ZGRID:  DOMAIN  HGT  =    20000.0000    

 ZGRID:  STRETCH FAC  =    1.0359004512429237     
 ZGRID:  DOMAIN  HGT  =    20000.0000    

 ZGRID:  STRETCH FAC  =    1.0359004512429237     
 ZGRID:  DOMAIN  HGT  =    20000.0000    

 ZGRID:  STRETCH FAC  =    1.0359004512429237     
 ZGRID:  DOMAIN  HGT  =    20000.0000    

 ZGRID:  STRETCH FAC  =    1.0359004512429237     
 ZGRID:  DOMAIN  HGT  =    20000.0000    

 ZGRID:  STRETCH FAC  =    1.0359004512429237     
 ZGRID:  DOMAIN  HGT  =    20000.0000    

 ZGRID:  STRETCH FAC  =    1.0359004512429237     
 ZGRID:  DOMAIN  HGT  =    20000.0000    

 ZGRID:  STRETCH FAC  =    1.0359004512429237     
 ZGRID:  DOMAIN  HGT  =    20000.0000    

 ZGRID:  STRETCH FAC  =    1.0359004512429237     
 ZGRID:  DOMAIN  HGT  =    20000.0000    

 ZGRID:  STRETCH FAC  =    1.0359004512429237     
 ZGRID:  DOMAIN  HGT  =    20000.0000    

 ZGRID:  STRETCH FAC  =    1.0359004512429237     
 ZGRID:  DOMAIN  HGT  =    20000.0000    

 ZGRID:  STRETCH FAC  =    1.0359004512429237     
 ZGRID:  DOMAIN  HGT  =    20000.0000    

 ZGRID:  STRETCH FAC  =    1.0359004512429237     
 ZGRID:  DOMAIN  HGT  =    20000.0000    

 ZGRID:  STRETCH FAC  =    1.0359004512429237     
 ZGRID:  DOMAIN  HGT  =    20000.0000    

 ZGRID:  STRETCH FAC  =    1.0359004512429237     
 ZGRID:  DOMAIN  HGT  =    20000.0000    

 ZGRID:  STRETCH FAC  =    1.0359004512429237     
 ZGRID:  DOMAIN  HGT  =    20000.0000    

 ZGRID:  STRETCH FAC  =    1.0359004512429237     
 ZGRID:  DOMAIN  HGT  =    20000.0000    

 ZGRID:  STRETCH FAC  =    1.0359004512429237     
 ZGRID:  DOMAIN  HGT  =    20000.0000    

 ZGRID:  STRETCH FAC  =    1.0359004512429237     
 ZGRID:  DOMAIN  HGT  =    20000.0000    

 ZGRID:  STRETCH FAC  =    1.0359004512429237     
 ZGRID:  DOMAIN  HGT  =    20000.0000    

 iice      =           1
 idm       =           1
 idmplus   =           1
 numq      =          16
 nqv       =           1
 nqc       =           2
 nqr       =           3
 nqi       =           4
 nqs       =           5
 nqg       =           6
 nql1      =           2
 nql2      =           3
 nqs1      =           4
 nqs2      =           7
 nnc1      =           8
 nnc2      =          14
 nvl1      =          15
 nvl2      =          16
 nzl1      =           1
 nzl2      =           1

 nrain     =           1


 output_path      = ./                                                                    
 output_basename  = cm1out                                                                
 output_format    =           2
 output_filetype  =           1
 output_interp    =           0
 output_rain      =           1
 output_sws       =           1
 output_svs       =           1
 output_sps       =           1
 output_srs       =           1
 output_sgs       =           1
 output_sus       =           1
 output_shs       =           1
 output_coldpool  =           0
 output_sfcflx    =           0
 output_sfcparams =           0
 output_sfcdiags  =           0
 output_psfc      =           0
 output_zs        =           0
 output_zh        =           0
 output_basestate =           0
 output_th        =           1
 output_thpert    =           0
 output_prs       =           1
 output_prspert   =           0
 output_pi        =           0
 output_pipert    =           0
 output_rho       =           1
 output_rhopert   =           1
 output_tke       =           1
 output_km        =           1
 output_kh        =           1
 output_qv        =           1
 output_qvpert    =           0
 output_q         =           1
 output_dbz       =           1
 output_buoyancy  =           0
 output_u         =           1
 output_upert     =           0
 output_uinterp   =           1
 output_v         =           1
 output_vpert     =           0
 output_vinterp   =           1
 output_w         =           1
 output_winterp   =           1
 output_vort      =           0
 output_pv        =           0
 output_uh        =           0
 output_pblten    =           0
 output_dissten   =           0
 output_dissheat  =           0
 output_mptend    =           0
 output_fallvel   =           0
 output_nm        =           0
 output_def       =           0
 output_turbten   =           0
 output_impdiften =           0
 output_radten    =           0


 restart_format       =            2
 restart_filetype     =            1
 restart_file_theta   =  T
 restart_file_dbz     =  T
 restart_file_th0     =  T
 restart_file_prs0    =  T
 restart_file_pi0     =  T
 restart_file_rho0    =  T
 restart_file_qv0     =  T
 restart_file_u0      =  T
 restart_file_v0      =  T
 restart_file_zs      =  F
 restart_file_zh      =  F
 restart_file_zf      =  F
 restart_file_diags   =  F
 restart_use_theta    =  T
 restart_reset_frqtim =  T

   maxk =           51


   myid,mynode             =            0           0
   nodemaster,nodes,ppnode =            0           1          25
   nodex,nodey             =            5           5

   d2i   =           80
   d2is  =           75
   d2iu  =           76
   d2iv  =           75

   d2j   =           80
   d2js  =           75
   d2ju  =           75
   d2jv  =           76

   d3i   =           16
   d3is  =           15
   d3iu  =           16
   d3iv  =           15

   d3j   =           16
   d3js  =           15
   d3ju  =           15
   d3jv  =           16

   d3n   =           25
   d3t   =           24


 stat_w       =            1
 stat_u       =            1
 stat_v       =            1
 stat_rmw     =            0
 stat_pipert  =            1
 stat_prspert =            1
 stat_thpert  =            1
 stat_q       =            1
 stat_tke     =            1
 stat_km      =            1
 stat_kh      =            1
 stat_div     =            1
 stat_rh      =            1
 stat_rhi     =            1
 stat_the     =            1
 stat_cloud   =            1
 stat_sfcprs  =            1
 stat_wsp     =            1
 stat_cfl     =            1
 stat_vort    =            1
 stat_tmass   =            1
 stat_tmois   =            1
 stat_qmass   =            1
 stat_tenerg  =            1
 stat_mo      =            1
 stat_tmf     =            1
 stat_pcn     =            1
 stat_qsrc    =            1

 stat_out =          150


 prcl_th      =            0
 prcl_t       =            0
 prcl_prs     =            0
 prcl_ptra    =            0
 prcl_q       =            0
 prcl_nc      =            0
 prcl_km      =            0
 prcl_kh      =            0
 prcl_tke     =            0
 prcl_dbz     =            0
 prcl_b       =            0
 prcl_vpg     =            0
 prcl_vort    =            0
 prcl_rho     =            0
 prcl_qsat    =            0
 prcl_sfc     =            0


   c_m,c_l,ri_c  =   0.100000001      0.816500008      0.250000000    
   c_e1,c_e2,sum =   0.200001687      0.786958814      0.986960530    
   c_s,rcs       =   0.178412408       5.60499144    

   nparcels =            1
   npvals   =            1
     prx      =            0
     pry      =            0
     prz      =            0
     pru      =            0
     prv      =            0
     prw      =            0
     prth     =            0
     prt      =            0
     prprs    =            0
     prpt1    =            0
     prpt2    =            0
     prqv     =            0
     prq1     =            0
     prq2     =            0
     prnc1    =            0
     prnc2    =            0
     prkm     =            0
     prkh     =            0
     prtke    =            0
     prdbz    =            0
     prb      =            0
     prvpg    =            0
     przv     =            0
     prrho    =            0
     prqsl    =            0
     prqsi    =            0
     prznt    =            0
     prust    =            0

   myi,myj=           1           1

   mywest  =           4
   myeast  =           1
   mysouth =          20
   mynorth =           5

   mysw    =          24
   mynw    =           9
   myne    =           6
   myse    =          21

   cs1we   =         765
   cs1sn   =         765
   ct1we   =         780
   ct1sn   =         780
   cv1we   =         816
   cu1sn   =         816
   cw1we   =         750
   cw1sn   =         750
   cs2we   =        1530
   cs2sn   =        1530
   cs3we   =        2295
   cs3sn   =        2295
   ct3we   =        2340
   ct3sn   =        2340
   cv3we   =        2448
   cu3sn   =        2448
   cw3we   =        2250
   cw3sn   =        2250


 g     =   9.81000042    
 to    =   273.149994    
 rd    =   287.040009    
 rv    =   461.500000    
 cp    =   1005.70001    
 cv    =   718.660034    
 cpv   =   1870.00000    
 cvv   =   1408.50000    
 p00   =   100000.000    
 rp00  =   9.99999975E-06
 th0r  =   300.000000    
 rcp   =   9.94332251E-04
 pi    =   3.14159274    

 cpdcv =   1.39941001    
 rovcp =  0.285413146    
 rddcv =  0.399410009    
 cvdrd =   2.50369287    
 cpdrd =   3.50369287    
 eps   =  0.621971846    
 reps  =   1.60778975    
 repsm1=  0.607789755    
 cpt   =  0.859401345    
 cvt   =  0.959897518    
 pnum  =  -72634.2500    
 xlv   =   2501000.00    
 xls   =   2834000.00    
 lvdcp =   2486.82495    
 condc =   13476814.0    
 cpl   =   4190.00000    
 cpi   =   2106.00000    
 lv1   =   3134708.00    
 lv2   =   2320.00000    
 ls1   =   2898463.50    
 ls2   =   236.000000    
 karman=  0.400000006    

 timeformat   =           2
 timestats    =           1
 terrain_flag = F
 procfiles    = F

 nx    =          75
 ny    =          75
 nz    =          51

 nodex    =           5
 nodey    =           5
 numprocs =          25
 ppnode   =          25

 ni    =          15
 nj    =          15
 nk    =          51
 nkp1  =          52

 ib,ibm,ibi,ibc,ibt=       -2       -2       -2       -2       -2
 ie,iem,iei,iec,iet=       18       18       18       18       18
 jb,jbm,jbi,jbc,jbt=       -2       -2       -2       -2       -2
 je,jem,jei,jec,jet=       18       18       18       18       18
 kb,kbm,kbi,kbc,kbt=        0        0        0        0        0
 ke,kem,kei,kec,ket=       52       52       52       53       53

 imirror,jmirror =            0           0

 ibp,itb,ipb,ibr,ibb=        1        1        1        1        1
 iep,ite,ipe,ier,ieb=        1        1        1        1        1
 jbp,jtb,jpb,jbr,jbb=        1        1        1        1        1
 jep,jte,jpe,jer,jeb=        1        1        1        1        1
 kbp,ktb,kpb,kbr,kbb=        1        1        1        1        1
 kep,kte,kpe,ker,keb=        1        1        1        1        1

 ibd               =        1
 ied               =        1
 jbd               =        1
 jed               =        1
 kbd               =        1
 ked               =        1

 ibl               =        1
 iel               =        1
 jbl               =        1
 jel               =        1

 imp,jmp,kmp,kmt,rmp,cmp =     15     15     51     52      8      3

 rdx    =   5.00000024E-04
 rdy    =   5.00000024E-04
 rdz    =   2.55000009E-03
 rdx2   =   2.50000012E-04
 rdy2   =   2.50000012E-04
 rdz2   =   1.27500005E-03
 rdx4   =   1.25000006E-04
 rdy4   =   1.25000006E-04
 rdz4   =   6.37500023E-04
 govtwo =   4.90500021    
 clwsat =   9.99999997E-07
 smeps  =   1.00000000E-30
 tsmall =   9.99999975E-05
 qsmall =   9.99999982E-15
 cstar  =   30.0000000    
 csmax  =   350.000000    
 epsilon=   1.00000005E-18


 x:
      i         xf           xh         dx         uf         uh
 ---------------------------------------------------------------
      -2      -6000.00      -5000.00     2000.00     1.0000     1.0000   x
      -1      -4000.00      -3000.00     2000.00     1.0000     1.0000   x
       0      -2000.00      -1000.00     2000.00     1.0000     1.0000   x
       1          0.00       1000.00     2000.00     1.0000     1.0000    
       2       2000.00       3000.00     2000.00     1.0000     1.0000    
       3       4000.00       5000.00     2000.00     1.0000     1.0000    
       4       6000.00       7000.00     2000.00     1.0000     1.0000    
       5       8000.00       9000.00     2000.00     1.0000     1.0000    
       6      10000.00      11000.00     2000.00     1.0000     1.0000    
       7      12000.00      13000.00     2000.00     1.0000     1.0000    
       8      14000.00      15000.00     2000.00     1.0000     1.0000    
       9      16000.00      17000.00     2000.00     1.0000     1.0000    
      10      18000.00      19000.00     2000.00     1.0000     1.0000    
      11      20000.00      21000.00     2000.00     1.0000     1.0000    
      12      22000.00      23000.00     2000.00     1.0000     1.0000    
      13      24000.00      25000.00     2000.00     1.0000     1.0000    
      14      26000.00      27000.00     2000.00     1.0000     1.0000    
      15      28000.00      29000.00     2000.00     1.0000     1.0000    
      16      30000.00      31000.00     2000.00     1.0000     1.0000    
      17      32000.00      33000.00     2000.00     1.0000     1.0000    
      18      34000.00      35000.00     2000.00     1.0000     1.0000    
      19      36000.00      37000.00     2000.00     1.0000     1.0000    
      20      38000.00      39000.00     2000.00     1.0000     1.0000    
      21      40000.00      41000.00     2000.00     1.0000     1.0000    
      22      42000.00      43000.00     2000.00     1.0000     1.0000    
      23      44000.00      45000.00     2000.00     1.0000     1.0000    
      24      46000.00      47000.00     2000.00     1.0000     1.0000    
      25      48000.00      49000.00     2000.00     1.0000     1.0000    
      26      50000.00      51000.00     2000.00     1.0000     1.0000    
      27      52000.00      53000.00     2000.00     1.0000     1.0000    
      28      54000.00      55000.00     2000.00     1.0000     1.0000    
      29      56000.00      57000.00     2000.00     1.0000     1.0000    
      30      58000.00      59000.00     2000.00     1.0000     1.0000    
      31      60000.00      61000.00     2000.00     1.0000     1.0000    
      32      62000.00      63000.00     2000.00     1.0000     1.0000    
      33      64000.00      65000.00     2000.00     1.0000     1.0000    
      34      66000.00      67000.00     2000.00     1.0000     1.0000    
      35      68000.00      69000.00     2000.00     1.0000     1.0000    
      36      70000.00      71000.00     2000.00     1.0000     1.0000    
      37      72000.00      73000.00     2000.00     1.0000     1.0000    
      38      74000.00      75000.00     2000.00     1.0000     1.0000    
      39      76000.00      77000.00     2000.00     1.0000     1.0000    
      40      78000.00      79000.00     2000.00     1.0000     1.0000    
      41      80000.00      81000.00     2000.00     1.0000     1.0000    
      42      82000.00      83000.00     2000.00     1.0000     1.0000    
      43      84000.00      85000.00     2000.00     1.0000     1.0000    
      44      86000.00      87000.00     2000.00     1.0000     1.0000    
      45      88000.00      89000.00     2000.00     1.0000     1.0000    
      46      90000.00      91000.00     2000.00     1.0000     1.0000    
      47      92000.00      93000.00     2000.00     1.0000     1.0000    
      48      94000.00      95000.00     2000.00     1.0000     1.0000    
      49      96000.00      97000.00     2000.00     1.0000     1.0000    
      50      98000.00      99000.00     2000.00     1.0000     1.0000    
      51     100000.00     101000.00     2000.00     1.0000     1.0000    
      52     102000.00     103000.00     2000.00     1.0000     1.0000    
      53     104000.00     105000.00     2000.00     1.0000     1.0000    
      54     106000.00     107000.00     2000.00     1.0000     1.0000    
      55     108000.00     109000.00     2000.00     1.0000     1.0000    
      56     110000.00     111000.00     2000.00     1.0000     1.0000    
      57     112000.00     113000.00     2000.00     1.0000     1.0000    
      58     114000.00     115000.00     2000.00     1.0000     1.0000    
      59     116000.00     117000.00     2000.00     1.0000     1.0000    
      60     118000.00     119000.00     2000.00     1.0000     1.0000    
      61     120000.00     121000.00     2000.00     1.0000     1.0000    
      62     122000.00     123000.00     2000.00     1.0000     1.0000    
      63     124000.00     125000.00     2000.00     1.0000     1.0000    
      64     126000.00     127000.00     2000.00     1.0000     1.0000    
      65     128000.00     129000.00     2000.00     1.0000     1.0000    
      66     130000.00     131000.00     2000.00     1.0000     1.0000    
      67     132000.00     133000.00     2000.00     1.0000     1.0000    
      68     134000.00     135000.00     2000.00     1.0000     1.0000    
      69     136000.00     137000.00     2000.00     1.0000     1.0000    
      70     138000.00     139000.00     2000.00     1.0000     1.0000    
      71     140000.00     141000.00     2000.00     1.0000     1.0000    
      72     142000.00     143000.00     2000.00     1.0000     1.0000    
      73     144000.00     145000.00     2000.00     1.0000     1.0000    
      74     146000.00     147000.00     2000.00     1.0000     1.0000    
      75     148000.00     149000.00     2000.00     1.0000     1.0000    
      76     150000.00     151000.00     2000.00     1.0000     1.0000   x
      77     152000.00     153000.00     2000.00     1.0000     1.0000   x
      78     154000.00     155000.00     2000.00     1.0000     1.0000   x
      79     156000.00                               1.0000


 y:
      j         yf           yh         dy         vf         vh
 ---------------------------------------------------------------
      -2      -6000.00      -5000.00     2000.00     1.0000     1.0000   x
      -1      -4000.00      -3000.00     2000.00     1.0000     1.0000   x
       0      -2000.00      -1000.00     2000.00     1.0000     1.0000   x
       1          0.00       1000.00     2000.00     1.0000     1.0000    
       2       2000.00       3000.00     2000.00     1.0000     1.0000    
       3       4000.00       5000.00     2000.00     1.0000     1.0000    
       4       6000.00       7000.00     2000.00     1.0000     1.0000    
       5       8000.00       9000.00     2000.00     1.0000     1.0000    
       6      10000.00      11000.00     2000.00     1.0000     1.0000    
       7      12000.00      13000.00     2000.00     1.0000     1.0000    
       8      14000.00      15000.00     2000.00     1.0000     1.0000    
       9      16000.00      17000.00     2000.00     1.0000     1.0000    
      10      18000.00      19000.00     2000.00     1.0000     1.0000    
      11      20000.00      21000.00     2000.00     1.0000     1.0000    
      12      22000.00      23000.00     2000.00     1.0000     1.0000    
      13      24000.00      25000.00     2000.00     1.0000     1.0000    
      14      26000.00      27000.00     2000.00     1.0000     1.0000    
      15      28000.00      29000.00     2000.00     1.0000     1.0000    
      16      30000.00      31000.00     2000.00     1.0000     1.0000    
      17      32000.00      33000.00     2000.00     1.0000     1.0000    
      18      34000.00      35000.00     2000.00     1.0000     1.0000    
      19      36000.00      37000.00     2000.00     1.0000     1.0000    
      20      38000.00      39000.00     2000.00     1.0000     1.0000    
      21      40000.00      41000.00     2000.00     1.0000     1.0000    
      22      42000.00      43000.00     2000.00     1.0000     1.0000    
      23      44000.00      45000.00     2000.00     1.0000     1.0000    
      24      46000.00      47000.00     2000.00     1.0000     1.0000    
      25      48000.00      49000.00     2000.00     1.0000     1.0000    
      26      50000.00      51000.00     2000.00     1.0000     1.0000    
      27      52000.00      53000.00     2000.00     1.0000     1.0000    
      28      54000.00      55000.00     2000.00     1.0000     1.0000    
      29      56000.00      57000.00     2000.00     1.0000     1.0000    
      30      58000.00      59000.00     2000.00     1.0000     1.0000    
      31      60000.00      61000.00     2000.00     1.0000     1.0000    
      32      62000.00      63000.00     2000.00     1.0000     1.0000    
      33      64000.00      65000.00     2000.00     1.0000     1.0000    
      34      66000.00      67000.00     2000.00     1.0000     1.0000    
      35      68000.00      69000.00     2000.00     1.0000     1.0000    
      36      70000.00      71000.00     2000.00     1.0000     1.0000    
      37      72000.00      73000.00     2000.00     1.0000     1.0000    
      38      74000.00      75000.00     2000.00     1.0000     1.0000    
      39      76000.00      77000.00     2000.00     1.0000     1.0000    
      40      78000.00      79000.00     2000.00     1.0000     1.0000    
      41      80000.00      81000.00     2000.00     1.0000     1.0000    
      42      82000.00      83000.00     2000.00     1.0000     1.0000    
      43      84000.00      85000.00     2000.00     1.0000     1.0000    
      44      86000.00      87000.00     2000.00     1.0000     1.0000    
      45      88000.00      89000.00     2000.00     1.0000     1.0000    
      46      90000.00      91000.00     2000.00     1.0000     1.0000    
      47      92000.00      93000.00     2000.00     1.0000     1.0000    
      48      94000.00      95000.00     2000.00     1.0000     1.0000    
      49      96000.00      97000.00     2000.00     1.0000     1.0000    
      50      98000.00      99000.00     2000.00     1.0000     1.0000    
      51     100000.00     101000.00     2000.00     1.0000     1.0000    
      52     102000.00     103000.00     2000.00     1.0000     1.0000    
      53     104000.00     105000.00     2000.00     1.0000     1.0000    
      54     106000.00     107000.00     2000.00     1.0000     1.0000    
      55     108000.00     109000.00     2000.00     1.0000     1.0000    
      56     110000.00     111000.00     2000.00     1.0000     1.0000    
      57     112000.00     113000.00     2000.00     1.0000     1.0000    
      58     114000.00     115000.00     2000.00     1.0000     1.0000    
      59     116000.00     117000.00     2000.00     1.0000     1.0000    
      60     118000.00     119000.00     2000.00     1.0000     1.0000    
      61     120000.00     121000.00     2000.00     1.0000     1.0000    
      62     122000.00     123000.00     2000.00     1.0000     1.0000    
      63     124000.00     125000.00     2000.00     1.0000     1.0000    
      64     126000.00     127000.00     2000.00     1.0000     1.0000    
      65     128000.00     129000.00     2000.00     1.0000     1.0000    
      66     130000.00     131000.00     2000.00     1.0000     1.0000    
      67     132000.00     133000.00     2000.00     1.0000     1.0000    
      68     134000.00     135000.00     2000.00     1.0000     1.0000    
      69     136000.00     137000.00     2000.00     1.0000     1.0000    
      70     138000.00     139000.00     2000.00     1.0000     1.0000    
      71     140000.00     141000.00     2000.00     1.0000     1.0000    
      72     142000.00     143000.00     2000.00     1.0000     1.0000    
      73     144000.00     145000.00     2000.00     1.0000     1.0000    
      74     146000.00     147000.00     2000.00     1.0000     1.0000    
      75     148000.00     149000.00     2000.00     1.0000     1.0000    
      76     150000.00     151000.00     2000.00     1.0000     1.0000   x
      77     152000.00     153000.00     2000.00     1.0000     1.0000   x
      78     154000.00     155000.00     2000.00     1.0000     1.0000   x
      79     156000.00                               1.0000


 ZGRID:  STRETCH FAC  =    1.0359004512429237     
 ZGRID:  DOMAIN  HGT  =    20000.0000    
 k,gzc,gze =            1   77.692535400390625        0.0000000000000000     
 k,gzc,gze =            2   235.86680603027344        155.38507080078125     
 k,gzc,gze =            3   399.71958923339844        316.34854125976562     
 k,gzc,gze =            4   569.45477294921875        483.09063720703125     
 k,gzc,gze =            5   745.28353881835938        655.81890869140625     
 k,gzc,gze =            6   927.42462158203125        834.74816894531250     
 k,gzc,gze =            7   1116.1046142578125        1020.1010742187500     
 k,gzc,gze =            8   1311.5583496093750        1212.1081542968750     
 k,gzc,gze =            9   1514.0289916992188        1411.0085449218750     
 k,gzc,gze =           10   1723.7683715820312        1617.0494384765625     
 k,gzc,gze =           11   1941.0374755859375        1830.4873046875000     
 k,gzc,gze =           12   2166.1066894531250        2051.5876464843750     
 k,gzc,gze =           13   2399.2559814453125        2280.6257324218750     
 k,gzc,gze =           14   2640.7753906250000        2517.8862304687500     
 k,gzc,gze =           15   2890.9654541015625        2763.6645507812500     
 k,gzc,gze =           16   3150.1374511718750        3018.2663574218750     
 k,gzc,gze =           17   3418.6138916015625        3282.0085449218750     
 k,gzc,gze =           18   3696.7287597656250        3555.2192382812500     
 k,gzc,gze =           19   3984.8281250000000        3838.2382812500000     
 k,gzc,gze =           20   4283.2702636718750        4131.4179687500000     
 k,gzc,gze =           21   4592.4265136718750        4435.1225585937500     
 k,gzc,gze =           22   4912.6818847656250        4749.7304687500000     
 k,gzc,gze =           23   5244.4345703125000        5075.6333007812500     
 k,gzc,gze =           24   5588.0971679687500        5413.2358398437500     
 k,gzc,gze =           25   5944.0974121093750        5762.9584960937500     
 k,gzc,gze =           26   6312.8781738281250        6125.2363281250000     
 k,gzc,gze =           27   6694.8984375000000        6500.5200195312500     
 k,gzc,gze =           28   7090.6335449218750        6889.2768554687500     
 k,gzc,gze =           29   7500.5754394531250        7291.9902343750000     
 k,gzc,gze =           30   7925.2343750000000        7709.1606445312500     
 k,gzc,gze =           31   8365.1389160156250        8141.3081054687500     
 k,gzc,gze =           32   8820.8364257812500        8588.9697265625000     
 k,gzc,gze =           33   9292.8935546875000        9052.7031250000000     
 k,gzc,gze =           34   9781.8974609375000        9533.0839843750000     
 k,gzc,gze =           35   10288.457031250000        10030.710937500000     
 k,gzc,gze =           36   10813.202636718750        10546.203125000000     
 k,gzc,gze =           37   11356.786621093750        11080.202148437500     
 k,gzc,gze =           38   11919.885253906250        11633.371093750000     
 k,gzc,gze =           39   12503.199707031250        12206.399414062500     
 k,gzc,gze =           40   13100.000000000000        12800.000000000000     
 k,gzc,gze =           41   13700.000000000000        13400.000000000000     
 k,gzc,gze =           42   14300.000000000000        14000.000000000000     
 k,gzc,gze =           43   14900.000000000000        14600.000000000000     
 k,gzc,gze =           44   15500.000000000000        15200.000000000000     
 k,gzc,gze =           45   16100.000000000000        15800.000000000000     
 k,gzc,gze =           46   16700.000000000000        16400.000000000000     
 k,gzc,gze =           47   17300.000000000000        17000.000000000000     
 k,gzc,gze =           48   17900.000000000000        17600.000000000000     
 k,gzc,gze =           49   18500.000000000000        18200.000000000000     
 k,gzc,gze =           50   19100.000000000000        18800.000000000000     
 k,gzc,gze =           51   19700.000000000000        19400.000000000000     
 k,gzc,gze =           52   20300.000000000000        20000.000000000000     

 model heights:
     k       zf         zh         dz         mf         mh
 ---------------------------------------------------------------
      1       0.00      77.69     155.39     2.5238     2.5238
      2     155.39     235.87     160.96     2.4793     2.4363
      3     316.35     399.72     166.74     2.3933     2.3519
      4     483.09     569.45     172.73     2.3104     2.2704
      5     655.82     745.28     178.93     2.2303     2.1917
      6     834.75     927.42     185.35     2.1530     2.1157
      7    1020.10    1116.10     192.01     2.0784     2.0424
      8    1212.11    1311.56     198.90     2.0064     1.9716
      9    1411.01    1514.03     206.04     1.9369     1.9033
     10    1617.05    1723.77     213.44     1.8697     1.8373
     11    1830.49    1941.04     221.10     1.8049     1.7737
     12    2051.59    2166.11     229.04     1.7424     1.7122
     13    2280.63    2399.26     237.26     1.6820     1.6529
     14    2517.89    2640.78     245.78     1.6237     1.5956
     15    2763.66    2890.97     254.60     1.5674     1.5403
     16    3018.27    3150.14     263.74     1.5131     1.4869
     17    3282.01    3418.61     273.21     1.4607     1.4354
     18    3555.22    3696.73     283.02     1.4101     1.3856
     19    3838.24    3984.83     293.18     1.3612     1.3376
     20    4131.42    4283.27     303.70     1.3140     1.2912
     21    4435.12    4592.43     314.61     1.2685     1.2465
     22    4749.73    4912.68     325.90     1.2245     1.2033
     23    5075.63    5244.43     337.60     1.1821     1.1616
     24    5413.24    5588.10     349.72     1.1411     1.1213
     25    5762.96    5944.10     362.28     1.1016     1.0825
     26    6125.24    6312.88     375.28     1.0634     1.0450
     27    6500.52    6694.90     388.76     1.0265     1.0087
     28    6889.28    7090.63     402.71     0.9910     0.9738
     29    7291.99    7500.58     417.17     0.9566     0.9400
     30    7709.16    7925.23     432.15     0.9235     0.9075
     31    8141.31    8365.14     447.66     0.8915     0.8760
     32    8588.97    8820.84     463.73     0.8606     0.8457
     33    9052.70    9292.89     480.38     0.8307     0.8163
     34    9533.08    9781.90     497.63     0.8020     0.7881
     35   10030.71   10288.46     515.49     0.7742     0.7607
     36   10546.20   10813.20     534.00     0.7473     0.7344
     37   11080.20   11356.79     553.17     0.7214     0.7089
     38   11633.37   11919.88     573.03     0.6964     0.6844
     39   12206.40   12503.20     593.60     0.6723     0.6606
     40   12800.00   13100.00     600.00     0.6571     0.6536
     41   13400.00   13700.00     600.00     0.6536     0.6536
     42   14000.00   14300.00     600.00     0.6536     0.6536
     43   14600.00   14900.00     600.00     0.6536     0.6536
     44   15200.00   15500.00     600.00     0.6536     0.6536
     45   15800.00   16100.00     600.00     0.6536     0.6536
     46   16400.00   16700.00     600.00     0.6536     0.6536
     47   17000.00   17300.00     600.00     0.6536     0.6536
     48   17600.00   17900.00     600.00     0.6536     0.6536
     49   18200.00   18500.00     600.00     0.6536     0.6536
     50   18800.00   19100.00     600.00     0.6536     0.6536
     51   19400.00   19700.00     600.00     0.6536     0.6536
     52   20000.00                           0.6536

   patchsww = F
   patchnww = T
   patchsee = F
   patchnee = F
   patchsws = F
   patchses = T
   patchnwn = F
   patchnen = F

   p2tchsww = T
   p2tchnww = F
   p2tchsee = F
   p2tchnee = F
   p2tchsws = T
   p2tchses = F
   p2tchnwn = F
   p2tchnen = F

   minx =    0.00000000    
   maxx =    150000.000    
   miny =    0.00000000    
   maxy =    150000.000    
   maxz =    20000.0000    

   ibw =           1
   ibe =           0
   ibs =           1
   ibn =           0

   min_dx =    2000.00000    
   max_dx =    2000.00000    
   min_dy =    2000.00000    
   max_dy =    2000.00000    
   min_dz =    155.385071    
   max_dz =    600.000000    


   k,c1,c2,zhm1,zf,zh:
      1    0.5000    0.5000     -77.69       0.00      77.69
      2    0.5088    0.4912      77.69     155.39     235.87
      3    0.5088    0.4912     235.87     316.35     399.72
      4    0.5088    0.4912     399.72     483.09     569.45
      5    0.5088    0.4912     569.45     655.82     745.28
      6    0.5088    0.4912     745.28     834.75     927.42
      7    0.5088    0.4912     927.42    1020.10    1116.10
      8    0.5088    0.4912    1116.10    1212.11    1311.56
      9    0.5088    0.4912    1311.56    1411.01    1514.03
     10    0.5088    0.4912    1514.03    1617.05    1723.77
     11    0.5088    0.4912    1723.77    1830.49    1941.04
     12    0.5088    0.4912    1941.04    2051.59    2166.11
     13    0.5088    0.4912    2166.11    2280.63    2399.26
     14    0.5088    0.4912    2399.26    2517.89    2640.78
     15    0.5088    0.4912    2640.78    2763.66    2890.97
     16    0.5088    0.4912    2890.97    3018.27    3150.14
     17    0.5088    0.4912    3150.14    3282.01    3418.61
     18    0.5088    0.4912    3418.61    3555.22    3696.73
     19    0.5088    0.4912    3696.73    3838.24    3984.83
     20    0.5088    0.4912    3984.83    4131.42    4283.27
     21    0.5088    0.4912    4283.27    4435.12    4592.43
     22    0.5088    0.4912    4592.43    4749.73    4912.68
     23    0.5088    0.4912    4912.68    5075.63    5244.43
     24    0.5088    0.4912    5244.43    5413.24    5588.10
     25    0.5088    0.4912    5588.10    5762.96    5944.10
     26    0.5088    0.4912    5944.10    6125.24    6312.88
     27    0.5088    0.4912    6312.88    6500.52    6694.90
     28    0.5088    0.4912    6694.90    6889.28    7090.63
     29    0.5088    0.4912    7090.63    7291.99    7500.58
     30    0.5088    0.4912    7500.58    7709.16    7925.23
     31    0.5088    0.4912    7925.23    8141.31    8365.14
     32    0.5088    0.4912    8365.14    8588.97    8820.84
     33    0.5088    0.4912    8820.84    9052.70    9292.89
     34    0.5088    0.4912    9292.89    9533.08    9781.90
     35    0.5088    0.4912    9781.90   10030.71   10288.46
     36    0.5088    0.4912   10288.46   10546.20   10813.20
     37    0.5088    0.4912   10813.20   11080.20   11356.79
     38    0.5088    0.4912   11356.79   11633.37   11919.88
     39    0.5088    0.4912   11919.88   12206.40   12503.20
     40    0.5027    0.4973   12503.20   12800.00   13100.00
     41    0.5000    0.5000   13100.00   13400.00   13700.00
     42    0.5000    0.5000   13700.00   14000.00   14300.00
     43    0.5000    0.5000   14300.00   14600.00   14900.00
     44    0.5000    0.5000   14900.00   15200.00   15500.00
     45    0.5000    0.5000   15500.00   15800.00   16100.00
     46    0.5000    0.5000   16100.00   16400.00   16700.00
     47    0.5000    0.5000   16700.00   17000.00   17300.00
     48    0.5000    0.5000   17300.00   17600.00   17900.00
     49    0.5000    0.5000   17900.00   18200.00   18500.00
     50    0.5000    0.5000   18500.00   18800.00   19100.00
     51    0.5000    0.5000   19100.00   19400.00   19700.00
     52    0.5000    0.5000   19700.00   20000.00   20300.00


   ------ tauf, tauh -----
           1   0.00000000       0.00000000    
           2   0.00000000       0.00000000    
           3   0.00000000       0.00000000    
           4   0.00000000       0.00000000    
           5   0.00000000       0.00000000    
           6   0.00000000       0.00000000    
           7   0.00000000       0.00000000    
           8   0.00000000       0.00000000    
           9   0.00000000       0.00000000    
          10   0.00000000       0.00000000    
          11   0.00000000       0.00000000    
          12   0.00000000       0.00000000    
          13   0.00000000       0.00000000    
          14   0.00000000       0.00000000    
          15   0.00000000       0.00000000    
          16   0.00000000       0.00000000    
          17   0.00000000       0.00000000    
          18   0.00000000       0.00000000    
          19   0.00000000       0.00000000    
          20   0.00000000       0.00000000    
          21   0.00000000       0.00000000    
          22   0.00000000       0.00000000    
          23   0.00000000       0.00000000    
          24   0.00000000       0.00000000    
          25   0.00000000       0.00000000    
          26   0.00000000       0.00000000    
          27   0.00000000       0.00000000    
          28   0.00000000       0.00000000    
          29   0.00000000       0.00000000    
          30   0.00000000       0.00000000    
          31   0.00000000       0.00000000    
          32   0.00000000       0.00000000    
          33   0.00000000       0.00000000    
          34   0.00000000       0.00000000    
          35   0.00000000       0.00000000    
          36   0.00000000       0.00000000    
          37   0.00000000       0.00000000    
          38   0.00000000       0.00000000    
          39   0.00000000       0.00000000    
          40   0.00000000       0.00000000    
          41   0.00000000       0.00000000    
          42   0.00000000       0.00000000    
          43   0.00000000       0.00000000    
          44   3.94263864E-03   2.44717300E-02
          45   6.18466735E-02  0.114743382    
          46  0.181288034      0.259123147    
          47  0.345491529      0.437333375    
          48  0.531395316      0.624345005    
          49  0.712889671      0.793892622    
          50  0.864484310      0.922163963    
          51  0.964888215      0.991143644    
          52   1.00000000    


   vialpha,vibeta =   0.500000000      0.500000000    


   x0,alpha,delta,sum,predict,maxz:
   0.00000000    
  0.500000000       1.51795030       2.57244539       3.66479731    
   1.85094726      -1.19824338      0.347296089       0.00000000    
   1.00000000       1.52587891E-05   20000.0000    


   cgs1,cgs2,cgs3 =    1.85094726      -1.19824338      0.347296089    
   sum            =    1.00000000    

   dgs1,dgs2,dgs3 =   -1.93890107       2.86228609     -0.923384964    
   sum            =    5.96046448E-08


   x0,alpha,delta,sum,predict,maxz:
   33.3333321    
   32.8333321       31.8333340       30.8333340       29.8333340    
   1.87500155      -1.25000143      0.374999881       0.00000000    
   1.00000000       20000.0020       20000.0000    


   cgt1,cgt2,cgt3 =    1.87500155      -1.25000143      0.374999881    
   sum            =    1.00000000    

   dgt1,dgt2,dgt3 =    2.00000381      -3.00000381       1.00000000    
   sum            =    0.00000000    

 Leaving PARAM
 Inside BASE

  Reading sounding from external file, input_sounding

  p_sfc, th_sfc, qv_sfc =    960.000000       304.899994       19.0599995    
   Found           68   levels (including surface)


     k,z,th,qv:
           1   0.00000000       304.899994       19.0599995    
           2   0.00000000       304.899994       19.0599995    
           3   253.000000       305.200012       17.9099998    
           4   329.000000       305.299988       17.5799999    
           5   557.000000       305.500000       17.2199993    
           6   757.000000       305.600006       16.9099998    
           7   862.000000       306.799988       15.3999996    
           8   1069.00000       309.200012       12.7700005    
           9   1472.00000       310.700012       8.30000019    
          10   1777.00000       311.799988       5.88999987    
          11   1942.00000       312.399994       4.86000013    
          12   2081.00000       312.399994       5.42000008    
          13   2386.00000       312.399994       6.84999990    
          14   2475.00000       312.399994       7.32000017    
          15   2721.00000       312.899994       4.53999996    
          16   2876.00000       313.000000       3.85999990    
          17   3070.00000       314.399994       1.21000004    
          18   3301.00000       315.799988       1.08000004    
          19   3605.00000       317.600006      0.920000017    
          20   3807.00000       318.700012      0.819999993    
          21   3910.00000       318.899994      0.829999983    
          22   4520.00000       319.500000      0.829999983    
          23   4718.00000       319.700012      0.839999974    
          24   5026.00000       323.500000      0.230000004    
          25   5423.00000       324.600006      0.189999998    
          26   5434.00000       324.600006      0.189999998    
          27   5739.00000       325.700012      0.209999993    
          28   6102.00000       327.100006      0.219999999    
          29   7123.00000       328.299988      0.119999997    
          30   7263.00000       328.500000      0.119999997    
          31   8787.00000       331.100006      0.170000002    
          32   9092.00000       331.399994      0.180000007    
          33   9160.00000       331.500000      0.189999998    
          34   9183.00000       331.600006       1.00000005E-03
          35   9701.00000       334.700012       1.00000005E-03
          36   9844.00000       335.500000       1.00000005E-03
          37   10311.0000       338.299988       1.00000005E-03
          38   10413.0000       338.899994       1.00000005E-03
          39   10921.0000       340.600006       1.00000005E-03
          40   11530.0000       342.500000       1.00000005E-03
          41   11863.0000       343.399994       1.00000005E-03
          42   12140.0000       347.799988       1.00000005E-03
          43   12290.0000       350.100006       1.00000005E-03
          44   13664.0000       359.100006       1.00000005E-03
          45   13663.0000       359.100006       1.00000005E-03
          46   14273.0000       362.500000       1.00000005E-03
          47   14391.0000       363.100006       1.00000005E-03
          48   14811.0000       371.299988       1.00000005E-03
          49   14883.0000       372.700012       1.00000005E-03
          50   15797.0000       391.100006       1.00000005E-03
          51   16103.0000       397.399994       1.00000005E-03
          52   16481.0000       399.899994       1.00000005E-03
          53   16637.0000       410.000000       1.00000005E-03
          54   17281.0000       413.000000       1.00000005E-03
          55   17321.0000       415.399994       1.00000005E-03
          56   17527.0000       427.799988       1.00000005E-03
          57   18236.0000       441.399994       1.00000005E-03
          58   18253.0000       441.799988       1.00000005E-03
          59   18517.0000       445.600006       1.00000005E-03
          60   18845.0000       457.100006       1.00000005E-03
          61   19981.0000       498.799988       1.00000005E-03
          62   20323.0000       504.700012       1.00000005E-03
          63   22954.0000       573.599976       1.00000005E-03
          64   23563.0000       595.500000       1.00000005E-03
          65   24663.0000       636.000000       1.00000005E-03
          66   26193.0000       679.000000       1.00000005E-03
          67   26846.0000       706.799988       1.00000005E-03
          68   27739.0000       734.200012       1.00000005E-03

     k,u,v:
           1  -1.68008852      -2.17436504    
           2  -2.28714967       6.28391504    
           3  -3.03701520       17.2238979    
           4  -2.85836720       16.2107277    
           5   0.00000000       18.0039997    
           6   4.05004406       17.5425529    
           7   6.15775585       16.9182167    
           8   10.3266935       14.7479963    
           9   14.1859379       11.9033737    
          10   16.8548927       11.8018789    
          11   17.6976376       12.3919735    
          12   18.5403824       12.9820671    
          13   19.8044987       13.8672075    
          14   20.2258720       14.1622553    
          15   21.0686169       14.7523489    
          16   22.6022434       15.2453480    
          17   24.8654766       15.5376129    
          18   27.1745205       15.6891508    
          19   30.2929077       17.4895458    
          20   30.1988850       19.6113091    
          21   29.9174347       20.9483356    
          22   32.0242958       22.4235706    
          23   30.7601795       21.5384293    
          24   29.0746899       20.3582420    
          25   26.9678288       18.8830070    
          26   26.1250839       18.2929134    
          27   26.1250839       18.2929134    
          28   27.3892021       19.1780529    
          29   30.7601795       21.5384293    
          30   30.3388081       21.2433815    
          31   36.2380219       25.3740406    
          32   34.1311569       23.8988056    
          33   34.1311569       23.8988056    
          34   34.1311569       23.8988056    
          35   44.7556915       20.8698215    
          36   44.7556915       20.8698215    
          37   43.0206604       15.6581488    
          38   41.0871468       14.9544115    
          39   38.2591820       10.2514391    
          40   41.4922562       19.3480644    
          41   40.2466736       10.7839813    
          42   39.5136528       6.96724367    
          43   38.5004807       6.78859663    
          44   27.0691795       9.85231876    
          45   28.8186054       7.72186279    
          46   27.0398979       12.6088505    
          47   29.8371277       13.9132147    
          48   27.9723072       13.0436392    
          49   27.9723072       13.0436392    
          50   27.9723072       13.0436392    
          51   27.9723072       13.0436392    
          52   27.9723072       13.0436392    
          53   27.9723072       13.0436392    
          54   27.9723072       13.0436392    
          55   27.9723072       13.0436392    
          56   27.9723072       13.0436392    
          57   27.9723072       13.0436392    
          58   27.9723072       13.0436392    
          59   27.9723072       13.0436392    
          60   27.9723072       13.0436392    
          61   27.9723072       13.0436392    
          62   27.9723072       13.0436392    
          63   27.9723072       13.0436392    
          64   27.9723072       13.0436392    
          65   27.9723072       13.0436392    
          66   27.9723072       13.0436392    
          67   27.9723072       13.0436392    
          68   27.9723072       13.0436392    


 interpolating sounding to grid: 

           0.00000000       77.6925354       253.000000      0.307085127    
           0.00000000       235.866806       253.000000      0.932279885    
           329.000000       399.719604       557.000000      0.310173690    
           557.000000       569.454773       757.000000       6.22738637E-02
           557.000000       745.283569       757.000000      0.941417873    
           862.000000       927.424622       1069.00000      0.316060960    
           1069.00000       1116.10461       1472.00000      0.116884902    
           1069.00000       1311.55835       1472.00000      0.601881742    
           1472.00000       1514.02905       1777.00000      0.137800172    
           1472.00000       1723.76831       1777.00000      0.825469851    
           1777.00000       1941.03748       1942.00000      0.994166493    
           2081.00000       2166.10669       2386.00000      0.279038340    
           2386.00000       2399.25586       2475.00000      0.148942247    
           2475.00000       2640.77539       2721.00000      0.673883677    
           2876.00000       2890.96533       3070.00000       7.71408901E-02
           3070.00000       3150.13745       3301.00000      0.346915364    
           3301.00000       3418.61377       3605.00000      0.386887401    
           3605.00000       3696.72876       3807.00000      0.454102784    
           3910.00000       3984.82812       4520.00000      0.122669056    
           3910.00000       4283.27051       4520.00000      0.611918867    
           4520.00000       4592.42676       4718.00000      0.365791708    
           4718.00000       4912.68164       5026.00000      0.632083237    
           5026.00000       5244.43457       5423.00000      0.550213039    
           5434.00000       5588.09717       5739.00000      0.505236626    
           5739.00000       5944.09766       6102.00000      0.565007329    
           6102.00000       6312.87793       7123.00000      0.206540585    
           6102.00000       6694.89844       7123.00000      0.580703676    
           6102.00000       7090.63379       7123.00000      0.968299508    
           7263.00000       7500.57520       8787.00000      0.155889243    
           7263.00000       7925.23438       8787.00000      0.434536994    
           7263.00000       8365.13867       8787.00000      0.723188102    
           8787.00000       8820.83594       9092.00000      0.110937499    
           9183.00000       9292.89355       9701.00000      0.212149724    
           9701.00000       9781.89746       9844.00000      0.565716505    
           9844.00000       10288.4570       10311.0000      0.951728106    
           10413.0000       10813.2031       10921.0000      0.787801445    
           10921.0000       11356.7871       11530.0000      0.715578198    
           11863.0000       11919.8848       12140.0000      0.205360159    
           12290.0000       12503.1992       13664.0000      0.155166820    
           12290.0000       13100.0000       13664.0000      0.589519680    
           13663.0000       13700.0000       14273.0000       6.06557392E-02
           14273.0000       14300.0000       14391.0000      0.228813559    
           14883.0000       14900.0000       15797.0000       1.85995623E-02
           14883.0000       15500.0000       15797.0000      0.675054729    
           15797.0000       16100.0000       16103.0000      0.990196049    
           16637.0000       16700.0000       17281.0000       9.78260860E-02
           17281.0000       17300.0000       17321.0000      0.474999994    
           17527.0000       17900.0000       18236.0000      0.526093066    
           18253.0000       18500.0000       18517.0000      0.935606062    
           18845.0000       19100.0000       19981.0000      0.224471837    
           18845.0000       19700.0000       19981.0000      0.752640843    


       k    prs0 (Pa)        pi0        rho0 (kg/m^3)
    ---------------------------------------------------------------------
       1     95166.33     0.9859590     1.0703498
       2     93485.29     0.9809565     1.0573388
       3     91766.82     0.9757757     1.0436164
       4     90011.12     0.9704106     1.0292686
       5     88218.23     0.9648541     1.0147177
       6     86392.74     0.9591130     0.9969282
       7     84539.13     0.9531941     0.9795130
       8     82654.29     0.9470795     0.9649808
       9     80735.77     0.9407526     0.9496903
      10     78784.72     0.9342071     0.9334296
      11     76802.45     0.9274372     0.9163421
      12     74789.16     0.9204324     0.8976445
      13     72744.92     0.9131806     0.8785866
      14     70670.52     0.9056714     0.8617814
      15     68566.91     0.8978937     0.8447158
      16     66439.88     0.8898542     0.8245230
      17     64296.38     0.8815641     0.8015164
      18     62139.18     0.8730192     0.7784428
      19     59967.84     0.8642015     0.7568735
      20     57780.22     0.8550838     0.7363547
      21     55576.87     0.8456476     0.7154992
      22     53367.82     0.8359147     0.6900161
      23     51161.31     0.8259013     0.6656416
      24     48955.23     0.8155763     0.6429248
      25     46750.48     0.8049198     0.6195389
      26     44549.63     0.7939177     0.5970089
      27     42353.16     0.7825432     0.5750714
      28     40163.54     0.7707765     0.5529107
      29     37985.48     0.7586079     0.5302529
      30     35824.05     0.7460288     0.5073733
      31     33683.91     0.7330273     0.4844181
      32     31569.63     0.7195897     0.4614443
      33     29486.92     0.7057083     0.4381128
      34     27446.87     0.6914145     0.4126375
      35     25459.17     0.6767374     0.3875721
      36     23525.05     0.6616473     0.3640629
      37     21644.84     0.6461025     0.3412990
      38     19823.50     0.6300950     0.3183388
      39     18078.52     0.6137401     0.2919538
      40     16435.03     0.5972698     0.2697319
      41     14909.51     0.5808922     0.2488627
      42     13501.69     0.5646787     0.2297055
      43     12215.12     0.5487678     0.2078778
      44     11052.86     0.5333288     0.1874732
      45     10004.23     0.5183693     0.1692158
      46      9058.02     0.5038759     0.1526413
      47      8194.87     0.4896780     0.1407800
      48      7414.63     0.4758924     0.1247940
      49      6713.81     0.4625956     0.1135318
      50      6083.39     0.4497583     0.1010202
      51      5522.05     0.4375008     0.0900174


       k    th0 (K)     thv0 (K)     t0 (K)     l.r. (K/km)     N^2
    ---------------------------------------------------------------------
       1    304.9921    308.3957    300.7097       4.2116      0.0406
       2    305.1797    308.4570    299.3680       8.3355      0.1212
       3    305.3620    308.5506    297.9648       8.4152      0.1784
       4    305.5062    308.6466    296.4665       8.6748      0.1767
       5    305.5941    308.6865    294.8538       9.0131      0.0708
       6    307.5585    310.2476    294.9834      -0.6994      2.6698
       7    309.3753    311.6422    294.8947       0.4617      2.2916
       8    310.1028    311.9650    293.6920       6.0467      0.5105
       9    310.8516    312.3410    292.4344       6.1036      0.5735
      10    311.6080    312.7908    291.1064       6.2221      0.6615
      11    312.3965    313.3159    289.7281       6.2337      0.7441
      12    312.4000    313.5106    287.5431       9.5403      0.2661
      13    312.4000    313.7057    285.2776       9.5483      0.2572
      14    312.7369    313.7564    283.2369       8.3032      0.0645
      15    313.1080    313.8004    281.1377       8.2450      0.0541
      16    314.8857    315.1082    280.2023       3.5465      1.5469
      17    316.4964    316.6917    279.0119       4.3573      1.7999
      18    318.0995    318.2682    277.7070       4.6105      1.7213
      19    318.9736    319.1355    275.6575       6.9907      0.9105
      20    319.2672    319.4302    273.0002       8.7497      0.2982
      21    319.5732    319.7352    270.2462       8.7535      0.2976
      22    322.1019    322.1924    269.2498       3.0576      2.3044
      23    324.1052    324.1460    267.6789       4.6529      1.7566
      24    325.1558    325.1955    265.1893       7.1188      0.9068
      25    326.4910    326.5340    262.7991       6.5979      1.1122
      26    327.3478    327.3865    259.8872       7.7590      0.6816
      27    327.7968    327.8278    256.5152       8.6739      0.3399
      28    328.2620    328.2864    253.0166       8.6876      0.3405
      29    328.9053    328.9351    249.5101       8.4053      0.4642
      30    329.6298    329.6649    245.9133       8.3232      0.5032
      31    330.3803    330.4164    242.1778       8.3446      0.4989
      32    331.1333    331.1679    238.2801       8.4050      0.4806
      33    332.2577    332.2579    234.4770       7.9169      0.6711
      34    335.1526    335.1528    231.7294       5.5215      1.7102
      35    338.1648    338.1650    228.8488       5.5880      1.7027
      36    340.2393    340.2395    225.1184       6.9857      1.1235
      37    341.9596    341.9598    220.9409       7.5518      0.8944
      38    344.3036    344.3038    216.9440       6.9752      1.1695
      39    351.4965    351.4967    215.7275       2.0493      3.4170
      40    355.4057    355.4059    212.2731       5.7574      1.8083
      41    359.3062    359.3065    208.7182       5.9248      1.7846
      42    362.6373    362.6375    204.7735       6.5744      1.5088
      43    373.0422    373.0424    204.7136       0.1000      4.6252
      44    385.1210    385.1213    205.3961      -1.1376      5.2101
      45    397.3382    397.3385    205.9679      -0.9530      5.1061
      46    410.2935    410.2937    206.7370      -1.2818      5.2459
      47    414.1400    414.1403    202.7952       6.5696      1.5257
      48    434.9549    434.9551    206.9917      -6.9941      8.0177
      49    445.3553    445.3556    206.0194       1.6205      3.8635
      50    466.4605    466.4608    209.7945      -6.2918      7.5702
      51    488.4851    488.4855    213.7126      -6.5303      7.5432


   Richardson number:  NOTE!!!  Ri should be > 0.25 for most applications!

   k,z,Ri:           2   156.779663       6.56792847E-03 <---- NOTE!  Ri < 0.25
   k,z,Ri:           3   317.793213      0.439205140    
   k,z,Ri:           4   484.587189       8.08897913E-02 <---- NOTE!  Ri < 0.25
   k,z,Ri:           5   657.369141       1.73391774E-02 <---- NOTE!  Ri < 0.25
   k,z,Ri:           6   836.354126      0.592872560    
   k,z,Ri:           7   1021.76465      0.584386945    
   k,z,Ri:           8   1213.83154      0.367057145    
   k,z,Ri:           9   1412.79370      0.484290212    
   k,z,Ri:          10   1618.89868      0.877767026    
   k,z,Ri:          11   1832.40283       1.76677966    
   k,z,Ri:          12   2053.57202      0.638745427    
   k,z,Ri:          13   2282.68115       1.00608993    
   k,z,Ri:          14   2520.01562      0.299344897    
   k,z,Ri:          15   2765.87036       7.77312294E-02 <---- NOTE!  Ri < 0.25
   k,z,Ri:          16   3020.55127       1.25069678    
   k,z,Ri:          17   3284.37549       1.65002930    
   k,z,Ri:          18   3557.67139       1.74417806    
   k,z,Ri:          19   3840.77832       1.07290030    
   k,z,Ri:          20   4134.04932       1.70674646    
   k,z,Ri:          21   4437.84863       15.3919201    
   k,z,Ri:          22   4752.55420       4.62953997    
   k,z,Ri:          23   5078.55811       4.16976404    
   k,z,Ri:          24   5416.26562       2.28135395    
   k,z,Ri:          25   5766.09766       18.8682423    
   k,z,Ri:          26   6128.48779       4.07634592    
   k,z,Ri:          27   6503.88818       2.12920070    
   k,z,Ri:          28   6892.76611       2.13297796    
   k,z,Ri:          29   7295.60449       14.5481768    
   k,z,Ri:          30   7712.90479       2.29302764    
   k,z,Ri:          31   8145.18652       2.27365947    
   k,z,Ri:          32   8592.98730       3.48084259    
   k,z,Ri:          33   9056.86523       3.83905840    
   k,z,Ri:          34   9537.39551      0.549297452    
   k,z,Ri:          35   10035.1777       1.62694931    
   k,z,Ri:          36   10550.8301      0.792215824    
   k,z,Ri:          37   11084.9951      0.807363927    
   k,z,Ri:          38   11638.3359      0.821527362    
   k,z,Ri:          39   12211.5420       6.28008318    
   k,z,Ri:          40   12801.5996       2.45053101    
   k,z,Ri:          41   13400.0000       6.66491270    
   k,z,Ri:          42   14000.0000       2.17567515    
   k,z,Ri:          43   14600.0000       1600.02026    
   k,z,Ri:          44   15200.0000       521010880.    
   k,z,Ri:          45   15800.0000       510614496.    
   k,z,Ri:          46   16400.0000       524586304.    
   k,z,Ri:          47   17000.0000       152568752.    
   k,z,Ri:          48   17600.0000       801772096.    
   k,z,Ri:          49   18200.0000       386353664.    
   k,z,Ri:          50   18800.0000       757021440.    
   k,z,Ri:          51   19400.0000       754319168.    


       k  theta-e (K)       rh0          qv0          qc0          qi0
    ---------------------------------------------------------------------
       1    361.2180     0.746565     0.018704     0.000000     0.000000
       2    359.2769     0.765035     0.017987     0.000000     0.000000
       3    357.9687     0.795197     0.017480     0.000000     0.000000
       4    357.3099     0.842005     0.017204     0.000000     0.000000
       5    356.5935     0.898027     0.016931     0.000000     0.000000
       6    351.9169     0.751467     0.014595     0.000000     0.000000
       7    346.8395     0.617836     0.012203     0.000000     0.000000
       8    340.9742     0.532665     0.009978     0.000000     0.000000
       9    335.6923     0.448644     0.007946     0.000000     0.000000
      10    331.4999     0.376910     0.006285     0.000000     0.000000
      11    328.0279     0.310897     0.004866     0.000000     0.000000
      12    331.1370     0.422303     0.005884     0.000000     0.000000
      13    334.2994     0.561836     0.006924     0.000000     0.000000
      14    330.0004     0.487704     0.005392     0.000000     0.000000
      15    325.0440     0.369899     0.003652     0.000000     0.000000
      16    318.9708     0.121831     0.001164     0.000000     0.000000
      17    320.1140     0.111821     0.001016     0.000000     0.000000
      18    321.2564     0.101819     0.000874     0.000000     0.000000
      19    322.0104     0.108726     0.000835     0.000000     0.000000
      20    322.3262     0.127866     0.000841     0.000000     0.000000
      21    322.6159     0.149776     0.000835     0.000000     0.000000
      22    323.8599     0.085740     0.000462     0.000000     0.000000
      23    324.9351     0.041509     0.000207     0.000000     0.000000
      24    325.9660     0.046739     0.000201     0.000000     0.000000
      25    327.3644     0.058020     0.000217     0.000000     0.000000
      26    328.1400     0.062841     0.000195     0.000000     0.000000
      27    328.4380     0.063032     0.000155     0.000000     0.000000
      28    328.7739     0.063391     0.000122     0.000000     0.000000
      29    329.5230     0.099196     0.000149     0.000000     0.000000
      30    330.3536     0.152810     0.000175     0.000000     0.000000
      31    331.1224     0.208787     0.000180     0.000000     0.000000
      32    331.8469     0.273358     0.000172     0.000000     0.000000
      33    332.2629     0.002189     0.000001     0.000000     0.000000
      34    335.1579     0.002701     0.000001     0.000000     0.000000
      35    338.1702     0.003410     0.000001     0.000000     0.000000
      36    340.2447     0.004804     0.000001     0.000000     0.000000
      37    341.9651     0.007228     0.000001     0.000000     0.000000
      38    344.3091     0.010474     0.000001     0.000000     0.000000
      39    351.5024     0.011706     0.000001     0.000000     0.000000
      40    355.4118     0.016890     0.000001     0.000000     0.000000
      41    359.3120     0.022788     0.000001     0.000000     0.000000
      42    362.6431     0.035243     0.000001     0.000000     0.000000
      43    373.0482     0.032143     0.000001     0.000000     0.000000
      44    385.1273     0.026608     0.000001     0.000000     0.000000
      45    397.3446     0.022091     0.000001     0.000000     0.000000
      46    410.3002     0.018306     0.000001     0.000000     0.000000
      47    414.1467     0.028352     0.000001     0.000000     0.000000
      48    434.9620     0.014202     0.000001     0.000000     0.000000
      49    445.3626     0.014721     0.000001     0.000000     0.000000
      50    466.4689     0.008796     0.000001     0.000000     0.000000
      51    488.4944     0.005053     0.000001     0.000000     0.000000


   Thermodynamic properties of base-state sounding:

     for surface parcel:
        source p(mb),T(K),qv(g/kg) =      960.0     301.4      19.1
        LCL,LFC,EL (m AGL)         =      647.6     650.9     844.1
        CAPE,CIN (J/kg)            =     4784.3       6.6

     for most-unstable parcel:
        source p(mb),T(K),qv(g/kg) =      960.0     301.4      19.1
        LCL,LFC,EL (m AGL)         =      647.6     650.9     844.1
        CAPE,CIN (J/kg)            =     4784.3       6.6

     for mixed-layer parcel:
        source p(mb),T(K),qv(g/kg) =      960.0     301.7      18.0
        LCL,LFC,EL (m AGL)         =      793.2    1463.4   13694.8
        CAPE,CIN (J/kg)            =     4180.8      18.9



       k     u0 (m/s)     v0 (m/s)
    ---------------------------------------------------------------------
       1      -2.5174       9.6434
       2      -2.9862      16.4830
       3      -1.9718      16.7670
       4       0.2522      17.9753
       5       3.8128      17.5696
       6       7.4754      16.2323
       7      10.7778      14.4155
       8      12.6495      13.0359
       9      14.5537      11.8894
      10      16.3891      11.8196
      11      17.6927      12.3885
      12      18.8931      13.2291
      13      19.8673      13.9112
      14      20.7938      14.5599
      15      22.7768      15.2679
      16      25.6665      15.5902
      17      28.3810      16.3857
      18      30.2502      18.4530
      19      30.1759      21.1293
      20      31.2067      21.8511
      21      31.5619      22.0998
      22      29.6948      20.7925
      23      27.9155      19.5465
      24      26.1251      18.2929
      25      26.8393      18.7930
      26      28.0854      19.6656
      27      29.3467      20.5487
      28      30.6533      21.4636
      29      31.2584      21.8873
      30      32.9022      23.0383
      31      34.6050      24.2306
      32      36.0043      25.2104
      33      36.3851      23.2562
      34      44.7557      20.8698
      35      43.1044      15.9097
      36      38.8593      11.2494
      37      40.5727      16.7608
      38      40.0961      10.0002
      39      36.7267       7.2640
      40      31.7615       8.5947
      41      28.7107       8.0183
      42      27.6799      12.9073
      43      27.9723      13.0436
      44      27.9723      13.0436
      45      27.9723      13.0436
      46      27.9723      13.0436
      47      27.9723      13.0436
      48      27.9723      13.0436
      49      27.9723      13.0436
      50      27.9723      13.0436
      51      27.9723      13.0436


   psurf,tsurf  =    96000.0000       301.368195    
   qsurf,thsurf =    1.90599989E-02   304.899994    

 Leaving BASE
   rbufsz,nrad2d =            1          10
 Inside INIT3D

   seed_size =            8
   rand-1 =   0.620773196    

 Leaving INIT3D

   allocating diagnostic arrays:  ntdiag,nqdiag =            1           1


   strlen          =            0
   baselen         =            6
   totlen          =            6
   output_basename = cm1out
   statfile        = cm1out_stats.dat                                                      



   Settings used in this simulation:
   isfcflx  =            0
   bbc      =            1
   dosfcflx =  F

   string = cm1out_rst_000000.nc                                                  
   nvar_npt =            0
   nvar_parcels =            0

   From restart file: 

    mtime   =    0.0000000000000000     
    stattim =    60.000000000000000     
    taptim  =    900.00000000000000     
    rsttim  =    0.0000000000000000     
    radtim  =    0.0000000000000000     
    prcltim =    1.0000000000000000E+030

    nstep   =            0
    nrec    =            2
    prec    =            1
    nwrite  =            1
    nrst    =            0


   Using the following: 

    stattim =    60.000000000000000     
    taptim  =    900.00000000000000     
    rsttim  =    300.00000000000000     
    radtim  =    0.0000000000000000     


   Detected positive value for run_time. 
      Using the following values: 
         run_time =    1200.00000    
         timax    =    1200.00000    


   strlen          =            0
   baselen         =            6
   totlen          =            6
   output_basename = cm1out
   statfile        = cm1out_stats.dat                                                      


 Inside GETSET


 Leaving GETSET

   ... skipping sfc stuff ... 


   zf,grdscl:
           2   155.385071       322.806396    
           3   316.348541       549.380249    
           4   483.090637       682.472656    
           5   655.818909       760.946350    
           6   834.748169       810.955566    
           7   1020.10107       845.898438    
           8   1212.10815       872.462646    
           9   1411.00854       894.119019    
          10   1617.04944       912.767090    
          11   1830.48730       929.503540    
          12   2051.58765       944.990601    
          13   2280.62573       959.646301    
          14   2517.88623       973.744629    
          15   2763.66455       987.469299    
          16   3018.26636       1000.94989    
          17   3282.00854       1014.27673    
          18   3555.21924       1027.51782    
          19   3838.23828       1040.72192    
          20   4131.41797       1053.92712    
          21   4435.12256       1067.16235    
          22   4749.73047       1080.45081    
          23   5075.63330       1093.81213    
          24   5413.23584       1107.25879    
          25   5762.95850       1120.80518    
          26   6125.23633       1134.45959    
          27   6500.52002       1148.23352    
          28   6889.27686       1162.13232    
          29   7291.99023       1176.16211    
          30   7709.16064       1190.33142    
          31   8141.30811       1204.64282    
          32   8588.96973       1219.10242    
          33   9052.70312       1233.71436    
          34   9533.08398       1248.48120    
          35   10030.7109       1263.40857    
          36   10546.2031       1278.49988    
          37   11080.2021       1293.75659    
          38   11633.3711       1309.18262    
          39   12206.3994       1324.78333    
          40   12800.0000       1335.03540    
          41   13400.0000       1337.53870    
          42   14000.0000       1337.64990    
          43   14600.0000       1337.74768    
          44   15200.0000       1337.83411    
          45   15800.0000       1337.91089    
          46   16400.0000       1337.97949    
          47   17000.0000       1338.04102    
          48   17600.0000       1338.09619    
          49   18200.0000       1338.14612    
          50   18800.0000       1338.19128    
          51   19400.0000       1338.23242    
  WMAX  :  0.997240       11   22    9    WMIN  : -0.616127E-01   15   19    8
  UMAX  :   45.5011        2    1   37    UMIN  :  -3.12567        2    1    2
  SUMAX :  -1.69554        1    1    1    SUMIN :  -1.69554        3    1    1
  VMAX  :   26.8541        1    3   31    VMIN  :   5.15843        1    1   39
  SVMAX :   10.1673        1    1    1    SVMIN :   10.1673        1    1    1
  PPIMAX:   0.00000        1    1    1    PPIMIN:   0.00000        1    1    1
  PPMAX :   0.00000        1    1    1    PPMIN :   0.00000        1    1    1
  THPMAX:   2.00000       11   22    9    THPMIN:   0.00000        1    1    1
  STHPMX:  0.376984       11   22    1    STHPMN:   0.00000        1    1    1
  MAXqv :  0.243331E-01   11   22    1    MINqv :  0.998735E-06    1    1   48
  MAXqc :   0.00000        1    1    1    MINqc :   0.00000        1    1    1
  MAXqr :   0.00000        1    1    1    MINqr :   0.00000        1    1    1
  MAXqi :   0.00000        1    1    1    MINqi :   0.00000        1    1    1
  MAXqs :   0.00000        1    1    1    MINqs :   0.00000        1    1    1
  MAXqg :   0.00000        1    1    1    MINqg :   0.00000        1    1    1
  MAXqhl:   0.00000        1    1    1    MINqhl:   0.00000        1    1    1
  MAXccn:  0.163265E+10    1    1    1    MINccn:  0.163265E+10    1    1    1
  MAXccw:   0.00000        1    1    1    MINccw:   0.00000        1    1    1
  MAXcrw:   0.00000        1    1    1    MINcrw:   0.00000        1    1    1
  MAXcci:   0.00000        1    1    1    MINcci:   0.00000        1    1    1
  MAXcsw:   0.00000        1    1    1    MINcsw:   0.00000        1    1    1
  MAXchw:   0.00000        1    1    1    MINchw:   0.00000        1    1    1
  MAXchl:   0.00000        1    1    1    MINchl:   0.00000        1    1    1
  MAXvhw:   0.00000        1    1    1    MINvhw:   0.00000        1    1    1
  MAXvhl:   0.00000        1    1    1    MINvhl:   0.00000        1    1    1
  TKEMAX:   0.00000        1    1    1    TKEMIN:   0.00000        1    1    1
  KMHMAX:  0.133823        1    1   51    KMHMIN:   0.00000        1    1    1
  KMVMAX:  0.133823        1    1   51    KMVMIN:   0.00000        1    1    1
  KHHMAX:  0.401470        1    1   51    KHHMIN:   0.00000        1    1    1
  KHVMAX:  0.401470        1    1   51    KHVMIN:   0.00000        1    1    1
  DIVMAX:  0.174160E-02   15   19   11    DIVMIN: -0.232942E-02   15   19    7
  RHMAX :  0.951425       11   22    1    RHMIN :  0.219052E-02    1    1   33
  RHIMAX:  0.897766       13   18   17    RHIMIN:  0.324651E-02    1    1   33
  THEMAX:   379.310       11   22    1    THEMIN:   318.752        1    1   16
  STHEMX:   379.310       11   22    1    STHEMN:   361.111        1    1    1
  QCTOP :      0.000000    1    1    1    QCBOT :      0.000000    1    1    1
  SFPMAX:   95166.3        1    1    1    SFPMIN:   95166.3        1    1    1
  PSFCMX:   96000.0        1    1    1    PSFCMN:   96000.0        1    1    1
  WSPMAX:   49.5731        1    1   37    WSPMIN:   10.3077        1    1    1
  SWSPMX:   10.3077        1    1    1    SWSPMN:   10.3077        1    1    1
  CFLMAX:      0.185899    1    1   37
  KSHMAX:  0.752756E-06    1    1   51
  KSVMAX:  0.553805E-04    1    1    5
  VORSFC:  0.000000E+00
  VOR1KM:  0.000000E+00
  VOR2KM:  0.000000E+00
  VOR3KM:  0.000000E+00
  VOR4KM:  0.000000E+00
  VOR5KM:  0.000000E+00
  TMASS :  0.207380E+15
  TMOIS :  0.736682E+12
  qv MAS:  0.736682E+12
  qc MAS:  0.000000E+00
  qr MAS:  0.000000E+00
  qi MAS:  0.000000E+00
  qs MAS:  0.000000E+00
  qg MAS:  0.000000E+00
  qhlMAS:  0.000000E+00
  TENERG:  0.521606E+20
  TMU   :  0.535184E+16
  TMV   :  0.340012E+16
  TMW   :  0.258092E+12
  TMFU  :  0.125617E+10
  TMFD  : -0.101066E+07
  tcond :  0.000000E+00
  tevac :  0.000000E+00
  tauto :  0.000000E+00
  taccr :  0.000000E+00
  tevar :  0.000000E+00
  train :  0.000000E+00
  erain :  0.000000E+00
  qsfc  :  0.000000E+00
  esfc  :  0.000000E+00
  erad  :  0.000000E+00
  asqv  :  0.000000E+00
  asqc  :  0.000000E+00
  asqr  :  0.000000E+00
  asqi  :  0.000000E+00
  asqs  :  0.000000E+00
  asqg  :  0.000000E+00
  asqhl :  0.000000E+00
  asccn :  0.000000E+00
  asccw :  0.000000E+00
  ascrw :  0.000000E+00
  ascci :  0.000000E+00
  ascsw :  0.000000E+00
  aschw :  0.000000E+00
  aschl :  0.000000E+00
  asvhw :  0.000000E+00
  asvhl :  0.000000E+00
  bsqv  :  0.000000E+00
  bsqc  :  0.000000E+00
  bsqr  :  0.000000E+00
  bsqi  :  0.000000E+00
  bsqs  :  0.000000E+00
  bsqg  :  0.000000E+00
  bsqhl :  0.000000E+00
  bsccn :  0.000000E+00
  bsccw :  0.000000E+00
  bscrw :  0.000000E+00
  bscci :  0.000000E+00
  bscsw :  0.000000E+00
  bschw :  0.000000E+00
  bschl :  0.000000E+00
  bsvhw :  0.000000E+00
  bsvhl :  0.000000E+00
 cm1out_stats.nc                                                       
   nrec =            1
   calling nf90_create 
             0              0.000000 min 

 -------------Done with Preprocessors-----------

             1              0.125000 min 
             2              0.250000 min 
             3              0.375000 min 
             4              0.500000 min 
             5              0.625000 min 
             6              0.750000 min 
             7              0.875000 min 
  WMAX  :   3.41848       14   21   49    WMIN  :  -3.14985       14   21   40
  UMAX  :   46.1842       24   24   37    UMIN  :  -4.37261       17   24    2
  SUMAX :  0.325627        9   22    1    SUMIN :  -2.95981       17   24    1
  VMAX  :   27.3167       18   30   31    VMIN  :   4.40714       11   13   39
  SVMAX :   11.4240       10   20    1    SVMIN :   8.90073       11   25    1
  PPIMAX:  0.466444E-02   13   21   51    PPIMIN: -0.307101E-02   14   21   39
  PPMAX :   214.280       14   21   50    PPMIN :  -374.703       12   23    1
  THPMAX:   1.97571       11   22    9    THPMIN:  -1.88928       14   21   48
  STHPMX:  0.424530       11   22    1    STHPMN: -0.280956E-03   24   28    1
  MAXqv :  0.243347E-01   10   22    1    MINqv :  0.985332E-06   23   26   34
  MAXqc :  0.838317E-04   15   18   10    MINqc :   0.00000        1    1    1
  MAXqr :  0.162734E-06   12   24   16    MINqr :   0.00000        1    1    1
  MAXqi :   0.00000        1    1    1    MINqi :   0.00000        1    1    1
  MAXqs :   0.00000        1    1    1    MINqs :   0.00000        1    1    1
  MAXqg :   0.00000        1    1    1    MINqg :   0.00000        1    1    1
  MAXqhl:   0.00000        1    1    1    MINqhl:   0.00000        1    1    1
  MAXccn:  0.163358E+10   13   19   17    MINccn:  0.711347E+09   15   18   10
  MAXccw:  0.751108E+09   15   18   10    MINccw:   0.00000        1    1    1
  MAXcrw:   29.1841       12   24   16    MINcrw:   0.00000        1    1    1
  MAXcci:   0.00000        1    1    1    MINcci:   0.00000        1    1    1
  MAXcsw:   0.00000        1    1    1    MINcsw:   0.00000        1    1    1
  MAXchw:   0.00000        1    1    1    MINchw:   0.00000        1    1    1
  MAXchl:   0.00000        1    1    1    MINchl:   0.00000        1    1    1
  MAXvhw:   0.00000        1    1    1    MINvhw:   0.00000        1    1    1
  MAXvhl:   0.00000        1    1    1    MINvhl:   0.00000        1    1    1
  TKEMAX:   1.83795       13   20    2    TKEMIN:   0.00000        1    1    1
  KMHMAX:   125.112       11   22   13    KMHMIN:   0.00000        1    1    1
  KMVMAX:   125.112       11   22   13    KMVMIN:   0.00000        1    1    1
  KHHMAX:   375.336       11   22   13    KHHMIN:   0.00000        1    1    1
  KHVMAX:   375.336       11   22   13    KHVMIN:   0.00000        1    1    1
  DIVMAX:  0.481188E-03   13   21   42    DIVMIN: -0.367141E-03   13   22   36
  RHMAX :  0.999233       15   18   16    RHMIN :  0.233630E-02   67   58   33
  RHIMAX:  0.938816       13   23   17    RHIMIN:  0.346255E-02   67   58   33
  THEMAX:   379.357       10   22    1    THEMIN:   318.754       11    1   16
  STHEMX:   379.357       10   22    1    STHEMN:   361.089       12   14    1
  QCTOP :   3418.613770    1    1    1    QCBOT :    235.866806    1    1    1
  SFPMAX:   95325.3       24   28    1    SFPMIN:   94791.6       12   23    1
  PSFCMX:   96160.0       25   27    1    PSFCMN:   95615.4       12   23    1
  WSPMAX:   50.2896       23   25   37    WSPMIN:   9.15687       11   24    1
  SWSPMX:   11.5044       15   16    1    SWSPMN:   9.15687       11   24    1
  CFLMAX:      0.188669   23   25   37
  KSHMAX:  0.703755E-03   11   22   13
  KSVMAX:  0.517862E-01   11   22   13
  VORSFC:  0.479044E-04
  VOR1KM:  0.164287E-03
  VOR2KM:  0.160440E-03
  VOR3KM:  0.196166E-04
  VOR4KM:  0.461493E-04
  VOR5KM:  0.533209E-04
  TMASS :  0.207380E+15
  TMOIS :  0.736689E+12
  qv MAS:  0.736688E+12
  qc MAS:  0.894274E+06
  qr MAS:  0.921320E+03
  qi MAS:  0.000000E+00
  qs MAS:  0.000000E+00
  qg MAS:  0.000000E+00
  qhlMAS:  0.000000E+00
  TENERG:  0.521619E+20
  TMU   :  0.535296E+16
  TMV   :  0.340252E+16
  TMW   :  0.761172E+12
  TMFU  :  0.632521E+10
  TMFD  : -0.546238E+10
  tcond :  0.000000E+00
  tevac :  0.000000E+00
  tauto :  0.000000E+00
  taccr :  0.000000E+00
  tevar :  0.000000E+00
  train :  0.130553E+01
  erain :  0.000000E+00
  qsfc  :  0.000000E+00
  esfc  :  0.000000E+00
  erad  :  0.000000E+00
  asqv  :  0.000000E+00
  asqc  :  0.407135E+04
  asqr  :  0.230174E+00
  asqi  :  0.000000E+00
  asqs  :  0.000000E+00
  asqg  :  0.000000E+00
  asqhl :  0.000000E+00
  asccn :  0.000000E+00
  asccw :  0.240786E+16
  ascrw :  0.389241E+08
  ascci :  0.000000E+00
  ascsw :  0.000000E+00
  aschw :  0.000000E+00
  aschl :  0.000000E+00
  asvhw :  0.000000E+00
  asvhl :  0.000000E+00
  bsqv  :  0.000000E+00
  bsqc  :  0.000000E+00
  bsqr  :  0.000000E+00
  bsqi  :  0.000000E+00
  bsqs  :  0.000000E+00
  bsqg  :  0.000000E+00
  bsqhl :  0.000000E+00
  bsccn :  0.000000E+00
  bsccw :  0.000000E+00
  bscrw :  0.000000E+00
  bscci :  0.000000E+00
  bscsw :  0.000000E+00
  bschw :  0.000000E+00
  bschl :  0.000000E+00
  bsvhw :  0.000000E+00
  bsvhl :  0.000000E+00
 cm1out_stats.nc                                                       
   nrec =            2
             8              1.000000 min 
             9              1.125000 min 
            10              1.250000 min 
            11              1.375000 min 
            12              1.500000 min 
            13              1.625000 min 
            14              1.750000 min 
            15              1.875000 min 
  WMAX  :   1.80896       15   18   11    WMIN  :  -1.23716        7   23   11
  UMAX  :   45.8362       34   29   37    UMIN  :  -4.95434       19   19    2
  SUMAX :   1.43526        9   23    1    SUMIN :  -3.63058       19   19    1
  VMAX  :   27.1430       11   26   31    VMIN  :   4.69823       16   26   39
  SVMAX :   12.2031       15   16    1    SVMIN :   8.17198       11   25    1
  PPIMAX:  0.118424E-02    1    8   51    PPIMIN: -0.135457E-02   23   27   51
  PPMAX :   233.414       12   21   15    PPMIN :  -191.992       15   21   30
  THPMAX:   1.87625       11   23    8    THPMIN:  -1.62678       15   21   48
  STHPMX:  0.492554       11   22    1    STHPMN: -0.229173E-02   14   27    1
  MAXqv :  0.243300E-01   10   22    1    MINqv :  0.990726E-06   14   21   35
  MAXqc :  0.214581E-03   15   18   15    MINqc :   0.00000        1    1    1
  MAXqr :  0.447968E-07   13   24   16    MINqr :   0.00000        1    1    1
  MAXqi :   0.00000        1    1    1    MINqi :   0.00000        1    1    1
  MAXqs :   0.00000        1    1    1    MINqs :   0.00000        1    1    1
  MAXqg :   0.00000        1    1    1    MINqg :   0.00000        1    1    1
  MAXqhl:   0.00000        1    1    1    MINqhl:   0.00000        1    1    1
  MAXccn:  0.164482E+10   14   18    5    MINccn:   0.00000       15   18   15
  MAXccw:  0.160984E+10   15   18   15    MINccw:   0.00000        1    1    1
  MAXcrw:   12.5519       13   24   16    MINcrw:   0.00000        1    1    1
  MAXcci:   0.00000        1    1    1    MINcci:   0.00000        1    1    1
  MAXcsw:   0.00000        1    1    1    MINcsw:   0.00000        1    1    1
  MAXchw:   0.00000        1    1    1    MINchw:   0.00000        1    1    1
  MAXchl:   0.00000        1    1    1    MINchl:   0.00000        1    1    1
  MAXvhw:   0.00000        1    1    1    MINvhw:   0.00000        1    1    1
  MAXvhl:   0.00000        1    1    1    MINvhl:   0.00000        1    1    1
  TKEMAX:   7.48607       12   23   13    TKEMIN:   0.00000        1    1    1
  KMHMAX:   262.588       12   23   14    KMHMIN:   0.00000        1    1    1
  KMVMAX:   262.588       12   23   14    KMVMIN:   0.00000        1    1    1
  KHHMAX:   787.765       12   23   14    KHHMIN:   0.00000        1    1    1
  KHVMAX:   787.765       12   23   14    KHVMIN:   0.00000        1    1    1
  DIVMAX:  0.334717E-03   15   22   22    DIVMIN: -0.302698E-03   16   19    2
  RHMAX :  0.994755       12   25   15    RHMIN :  0.233754E-02   19   74   33
  RHIMAX:  0.926146       13   24   16    RHIMIN:  0.346426E-02   19   74   33
  THEMAX:   379.305       10   22    1    THEMIN:   318.756       36    1   16
  STHEMX:   379.305       10   22    1    STHEMN:   360.980        9   17    1
  QCTOP :   3150.137451    1    1    1    QCBOT :    399.719604    1    1    1
  SFPMAX:   95310.7       16   22    1    SFPMIN:   95085.1       26   29    1
  PSFCMX:   96144.1       17   22    1    PSFCMN:   95918.2       26   29    1
  WSPMAX:   49.9273       33   31   37    WSPMIN:   8.37187       11   25    1
  SWSPMX:   12.2594       16   16    1    SWSPMN:   8.37187       11   25    1
  CFLMAX:      0.187233   33   31   37
  KSHMAX:  0.147706E-02   12   23   14
  KSVMAX:  0.108681       12   23   13
  VORSFC:  0.168744E-03
  VOR1KM:  0.597842E-03
  VOR2KM:  0.344436E-03
  VOR3KM:  0.526533E-04
  VOR4KM:  0.112891E-03
  VOR5KM:  0.110820E-03
  TMASS :  0.207380E+15
  TMOIS :  0.736687E+12
  qv MAS:  0.736677E+12
  qc MAS:  0.104570E+08
  qr MAS:  0.880934E+03
  qi MAS:  0.000000E+00
  qs MAS:  0.000000E+00
  qg MAS:  0.000000E+00
  qhlMAS:  0.000000E+00
  TENERG:  0.521621E+20
  TMU   :  0.535536E+16
  TMV   :  0.340501E+16
  TMW   : -0.285493E+13
  TMFU  :  0.690924E+10
  TMFD  : -0.173740E+11
  tcond :  0.000000E+00
  tevac :  0.000000E+00
  tauto :  0.000000E+00
  taccr :  0.000000E+00
  tevar :  0.000000E+00
  train :  0.254934E+02
  erain :  0.000000E+00
  qsfc  :  0.000000E+00
  esfc  :  0.000000E+00
  erad  :  0.000000E+00
  asqv  :  0.000000E+00
  asqc  :  0.752415E+04
  asqr  :  0.413498E+00
  asqi  :  0.000000E+00
  asqs  :  0.000000E+00
  asqg  :  0.000000E+00
  asqhl :  0.000000E+00
  asccn :  0.000000E+00
  asccw :  0.121502E+17
  ascrw :  0.612608E+08
  ascci :  0.000000E+00
  ascsw :  0.000000E+00
  aschw :  0.000000E+00
  aschl :  0.000000E+00
  asvhw :  0.000000E+00
  asvhl :  0.000000E+00
  bsqv  :  0.000000E+00
  bsqc  :  0.000000E+00
  bsqr  :  0.000000E+00
  bsqi  :  0.000000E+00
  bsqs  :  0.000000E+00
  bsqg  :  0.000000E+00
  bsqhl :  0.000000E+00
  bsccn :  0.000000E+00
  bsccw :  0.000000E+00
  bscrw :  0.000000E+00
  bscci :  0.000000E+00
  bscsw :  0.000000E+00
  bschw :  0.000000E+00
  bschl :  0.000000E+00
  bsvhw :  0.000000E+00
  bsvhl :  0.000000E+00
 cm1out_stats.nc                                                       
   nrec =            3
            16              2.000000 min 
            17              2.125000 min 
            18              2.250000 min 
            19              2.375000 min 
            20              2.500000 min 
            21              2.625000 min 
            22              2.750000 min 
            23              2.875000 min 
  WMAX  :   3.27908       16   19   13    WMIN  : -0.965567       10   18   11
  UMAX  :   45.7401       45   28   37    UMIN  :  -5.72574       19   19    2
  SUMAX :   2.55648        9   23    1    SUMIN :  -4.49078       19   19    1
  VMAX  :   27.1743       13   28   31    VMIN  :   4.74335       15   16   39
  SVMAX :   13.0885       15   17    1    SVMIN :   7.37940       11   25    1
  PPIMAX:  0.756124E-03   17   21   47    PPIMIN: -0.791388E-03    2   16    1
  PPMAX :   160.227        1    5    1    PPMIN :  -267.359        2   16    1
  THPMAX:   2.51483       12   23   13    THPMIN:  -1.62955       15   22   48
  STHPMX:  0.611633       11   23    1    STHPMN: -0.403913E-02   14   27    1
  MAXqv :  0.242042E-01   10   24    1    MINqv :  0.991042E-06   32   30   34
  MAXqc :  0.618203E-03   16   19   16    MINqc :   0.00000        1    1    1
  MAXqr :  0.239007E-07   13   24   15    MINqr :   0.00000        1    1    1
  MAXqi :   0.00000        1    1    1    MINqi :   0.00000        1    1    1
  MAXqs :   0.00000        1    1    1    MINqs :   0.00000        1    1    1
  MAXqg :   0.00000        1    1    1    MINqg :   0.00000        1    1    1
  MAXqhl:   0.00000        1    1    1    MINqhl:   0.00000        1    1    1
  MAXccn:  0.167497E+10   17   22    9    MINccn:   0.00000       12   23    7
  MAXccw:  0.171536E+10   16   19   16    MINccw:   0.00000        1    1    1
  MAXcrw:   6.79353       14   24   16    MINcrw:   0.00000        1    1    1
  MAXcci:   0.00000        1    1    1    MINcci:   0.00000        1    1    1
  MAXcsw:   0.00000        1    1    1    MINcsw:   0.00000        1    1    1
  MAXchw:   0.00000        1    1    1    MINchw:   0.00000        1    1    1
  MAXchl:   0.00000        1    1    1    MINchl:   0.00000        1    1    1
  MAXvhw:   0.00000        1    1    1    MINvhw:   0.00000        1    1    1
  MAXvhl:   0.00000        1    1    1    MINvhl:   0.00000        1    1    1
  TKEMAX:   14.7830       12   23   15    TKEMIN:   0.00000        1    1    1
  KMHMAX:   379.668       12   23   15    KMHMIN:   0.00000        1    1    1
  KMVMAX:   379.668       12   23   15    KMVMIN:   0.00000        1    1    1
  KHHMAX:   1139.00       12   23   15    KHHMIN:   0.00000        1    1    1
  KHVMAX:   1139.00       12   23   15    KHVMIN:   0.00000        1    1    1
  DIVMAX:  0.182721E-03    1    8    2    DIVMIN: -0.172914E-03   25   28    1
  RHMAX :  0.996647       18   20    5    RHMIN :  0.233870E-02   20   74   33
  RHIMAX:  0.942452       12   24   17    RHIMIN:  0.346588E-02   20   74   33
  THEMAX:   378.925       10   23    1    THEMIN:   318.758       48   38   16
  STHEMX:   378.925       10   23    1    STHEMN:   360.550        9   17    1
  QCTOP :   3418.613770    1    1    1    QCBOT :    235.866806    1    1    1
  SFPMAX:   95326.6        1    5    1    SFPMIN:   94899.0        2   16    1
  PSFCMX:   96161.2        1    5    1    PSFCMN:   95730.9        2   16    1
  WSPMAX:   49.8162       42   36   37    WSPMIN:   7.42113       11   25    1
  SWSPMX:   13.1044       15   16    1    SWSPMN:   7.42113       11   25    1
  CFLMAX:      0.186811   42   36   37
  KSHMAX:  0.213563E-02   12   23   15
  KSVMAX:  0.142278       12   23   14
  VORSFC:  0.324034E-03
  VOR1KM:  0.113864E-02
  VOR2KM:  0.509347E-03
  VOR3KM:  0.328824E-03
  VOR4KM:  0.229832E-03
  VOR5KM:  0.195271E-03
  TMASS :  0.207380E+15
  TMOIS :  0.736686E+12
  qv MAS:  0.736614E+12
  qc MAS:  0.719990E+08
  qr MAS:  0.855660E+03
  qi MAS:  0.000000E+00
  qs MAS:  0.000000E+00
  qg MAS:  0.000000E+00
  qhlMAS:  0.000000E+00
  TENERG:  0.521621E+20
  TMU   :  0.535624E+16
  TMV   :  0.340606E+16
  TMW   :  0.957586E+12
  TMFU  :  0.157823E+11
  TMFD  : -0.150072E+11
  tcond :  0.000000E+00
  tevac :  0.000000E+00
  tauto :  0.000000E+00
  taccr :  0.000000E+00
  tevar :  0.000000E+00
  train :  0.442966E+02
  erain :  0.000000E+00
  qsfc  :  0.000000E+00
  esfc  :  0.000000E+00
  erad  :  0.000000E+00
  asqv  :  0.000000E+00
  asqc  :  0.218685E+05
  asqr  :  0.454166E+00
  asqi  :  0.000000E+00
  asqs  :  0.000000E+00
  asqg  :  0.000000E+00
  asqhl :  0.000000E+00
  asccn : -0.446783E+16
  asccw :  0.533579E+17
  ascrw :  0.679438E+08
  ascci :  0.000000E+00
  ascsw :  0.000000E+00
  aschw :  0.000000E+00
  aschl :  0.000000E+00
  asvhw :  0.000000E+00
  asvhl :  0.000000E+00
  bsqv  :  0.000000E+00
  bsqc  :  0.000000E+00
  bsqr  :  0.000000E+00
  bsqi  :  0.000000E+00
  bsqs  :  0.000000E+00
  bsqg  :  0.000000E+00
  bsqhl :  0.000000E+00
  bsccn :  0.000000E+00
  bsccw :  0.000000E+00
  bscrw :  0.000000E+00
  bscci :  0.000000E+00
  bscsw :  0.000000E+00
  bschw :  0.000000E+00
  bschl :  0.000000E+00
  bsvhw :  0.000000E+00
  bsvhl :  0.000000E+00
 cm1out_stats.nc                                                       
   nrec =            4
            24              3.000000 min 
            25              3.125000 min 
            26              3.250000 min 
            27              3.375000 min 
            28              3.500000 min 
            29              3.625000 min 
            30              3.750000 min 
            31              3.875000 min 
  WMAX  :   4.20358       16   19   13    WMIN  :  -1.19746       10   18   10
  UMAX  :   45.6951       55   29   37    UMIN  :  -6.28397       19   20    2
  SUMAX :   3.67557       10   23    1    SUMIN :  -5.19864       19   19    1
  VMAX  :   27.3646       13   28   31    VMIN  :   4.83336       15   18   39
  SVMAX :   13.8640       15   17    1    SVMIN :   6.53726       12   26    1
  PPIMAX:  0.136409E-02    1    1   51    PPIMIN: -0.156718E-02    1   14   51
  PPMAX :   135.535       11   23   17    PPMIN :  -215.570        1    1    1
  THPMAX:   3.36310       17   19   14    THPMIN:  -2.35510       17   19   18
  STHPMX:  0.684479       11   23    1    STHPMN: -0.275102E-02   14   27    1
  MAXqv :  0.241005E-01   10   24    1    MINqv :  0.994826E-06   40   39   34
  MAXqc :  0.103138E-02   17   19   15    MINqc :   0.00000        1    1    1
  MAXqr :  0.173364E-06   13   20    5    MINqr :   0.00000        1    1    1
  MAXqi :   0.00000        1    1    1    MINqi :   0.00000        1    1    1
  MAXqs :   0.00000        1    1    1    MINqs :   0.00000        1    1    1
  MAXqg :   0.00000        1    1    1    MINqg :   0.00000        1    1    1
  MAXqhl:   0.00000        1    1    1    MINqhl:   0.00000        1    1    1
  MAXccn:  0.169463E+10   13   20    5    MINccn:   0.00000       12   23    4
  MAXccw:  0.179562E+10   17   20    7    MINccw:   0.00000        1    1    1
  MAXcrw:   77.2706       13   20    5    MINcrw:   0.00000        1    1    1
  MAXcci:   0.00000        1    1    1    MINcci:   0.00000        1    1    1
  MAXcsw:   0.00000        1    1    1    MINcsw:   0.00000        1    1    1
  MAXchw:   0.00000        1    1    1    MINchw:   0.00000        1    1    1
  MAXchl:   0.00000        1    1    1    MINchl:   0.00000        1    1    1
  MAXvhw:   0.00000        1    1    1    MINvhw:   0.00000        1    1    1
  MAXvhl:   0.00000        1    1    1    MINvhl:   0.00000        1    1    1
  TKEMAX:   19.7010       13   23   15    TKEMIN:   0.00000        1    1    1
  KMHMAX:   443.349       17   19   16    KMHMIN:   0.00000        1    1    1
  KMVMAX:   443.349       17   19   16    KMVMIN:   0.00000        1    1    1
  KHHMAX:   1330.05       17   19   16    KHHMIN:   0.00000        1    1    1
  KHVMAX:   1330.05       17   19   16    KHVMIN:   0.00000        1    1    1
  DIVMAX:  0.976286E-04   18   21   31    DIVMIN: -0.902959E-04    1   39    1
  RHMAX :  0.997215       17   23   14    RHMIN :  0.234086E-02   64    1   33
  RHIMAX:  0.961830       13   24   18    RHIMIN:  0.346905E-02   64    1   33
  THEMAX:   378.507       10   24    1    THEMIN:   318.760       62    3   16
  STHEMX:   378.507       10   24    1    STHEMN:   360.198        9   17    1
  QCTOP :   3696.728760    1    1    1    QCBOT :    235.866806    1    1    1
  SFPMAX:   95259.6        1   56    1    SFPMIN:   94950.8        1    1    1
  PSFCMX:   96093.8        1   56    1    PSFCMN:   95783.0        1    1    1
  WSPMAX:   49.7693       52   37   37    WSPMIN:   6.75294       11   26    1
  SWSPMX:   13.9003       16   17    1    SWSPMN:   6.75294       11   26    1
  CFLMAX:      0.186635   52   37   37
  KSHMAX:  0.249384E-02   17   19   16
  KSVMAX:  0.161209       13   23   14
  VORSFC:  0.469936E-03
  VOR1KM:  0.168767E-02
  VOR2KM:  0.975181E-03
  VOR3KM:  0.791290E-03
  VOR4KM:  0.341937E-03
  VOR5KM:  0.308151E-03
  TMASS :  0.207380E+15
  TMOIS :  0.736691E+12
  qv MAS:  0.736545E+12
  qc MAS:  0.146423E+09
  qr MAS:  0.100335E+04
  qi MAS:  0.000000E+00
  qs MAS:  0.000000E+00
  qg MAS:  0.000000E+00
  qhlMAS:  0.000000E+00
  TENERG:  0.521620E+20
  TMU   :  0.535607E+16
  TMV   :  0.340295E+16
  TMW   : -0.240214E+13
  TMFU  :  0.110777E+11
  TMFD  : -0.182740E+11
  tcond :  0.000000E+00
  tevac :  0.000000E+00
  tauto :  0.000000E+00
  taccr :  0.000000E+00
  tevar :  0.000000E+00
  train :  0.553096E+02
  erain :  0.000000E+00
  qsfc  :  0.000000E+00
  esfc  :  0.000000E+00
  erad  :  0.000000E+00
  asqv  :  0.000000E+00
  asqc  :  0.541012E+05
  asqr  :  0.461543E+00
  asqi  :  0.000000E+00
  asqs  :  0.000000E+00
  asqg  :  0.000000E+00
  asqhl :  0.000000E+00
  asccn : -0.146794E+17
  asccw :  0.122813E+18
  ascrw :  0.708885E+08
  ascci :  0.000000E+00
  ascsw :  0.000000E+00
  aschw :  0.000000E+00
  aschl :  0.000000E+00
  asvhw :  0.000000E+00
  asvhl :  0.000000E+00
  bsqv  :  0.000000E+00
  bsqc  :  0.000000E+00
  bsqr  :  0.000000E+00
  bsqi  :  0.000000E+00
  bsqs  :  0.000000E+00
  bsqg  :  0.000000E+00
  bsqhl :  0.000000E+00
  bsccn :  0.000000E+00
  bsccw :  0.000000E+00
  bscrw :  0.000000E+00
  bscci :  0.000000E+00
  bscsw :  0.000000E+00
  bschw :  0.000000E+00
  bschl :  0.000000E+00
  bsvhw :  0.000000E+00
  bsvhl :  0.000000E+00
 cm1out_stats.nc                                                       
   nrec =            5
            32              4.000000 min 
            33              4.125000 min 
            34              4.250000 min 
            35              4.375000 min 
            36              4.500000 min 
            37              4.625000 min 
            38              4.750000 min 
            39              4.875000 min 
   Getting dbz ... 
  WMAX  :   5.18174       18   20   15    WMIN  :  -1.13565       21   24   12
  UMAX  :   45.6800       62    1   37    UMIN  :  -6.44175       19   20    3
  SUMAX :   4.33633       10   23    1    SUMIN :  -5.62530       20   20    1
  VMAX  :   27.4092       13   28   31    VMIN  :   4.62664       14   17   39
  SVMAX :   14.6663       16   18    1    SVMIN :   5.79095       13   28    1
  PPIMAX:  0.634822E-03    1    1    1    PPIMIN: -0.836284E-03    1   15    1
  PPMAX :   214.867        1    1    1    PPMIN :  -282.531        1   15    1
  THPMAX:   4.27026       13   24   15    THPMIN:  -2.80136       12   24   18
  STHPMX:  0.706055       11   23    1    STHPMN: -0.688116E-02   16   24    1
  MAXqv :  0.238274E-01   10   24    1    MINqv :  0.996529E-06   18   26   35
  MAXqc :  0.145336E-02   18   20   16    MINqc :   0.00000        1    1    1
  MAXqr :  0.419521E-05   14   21    5    MINqr :   0.00000        1    1    1
  MAXqi :   0.00000        1    1    1    MINqi :   0.00000        1    1    1
  MAXqs :   0.00000        1    1    1    MINqs :   0.00000        1    1    1
  MAXqg :   0.00000        1    1    1    MINqg :   0.00000        1    1    1
  MAXqhl:   0.00000        1    1    1    MINqhl:   0.00000        1    1    1
  MAXccn:  0.175633E+10   16   23    5    MINccn:   0.00000       13   22    5
  MAXccw:  0.182210E+10   15   19    7    MINccw:   0.00000        1    1    1
  MAXcrw:   1689.77       14   21    5    MINcrw:   0.00000        1    1    1
  MAXcci:   0.00000        1    1    1    MINcci:   0.00000        1    1    1
  MAXcsw:   0.00000        1    1    1    MINcsw:   0.00000        1    1    1
  MAXchw:   0.00000        1    1    1    MINchw:   0.00000        1    1    1
  MAXchl:   0.00000        1    1    1    MINchl:   0.00000        1    1    1
  MAXvhw:   0.00000        1    1    1    MINvhw:   0.00000        1    1    1
  MAXvhl:   0.00000        1    1    1    MINvhl:   0.00000        1    1    1
  TKEMAX:   26.3929       17   19   17    TKEMIN:   0.00000        1    1    1
  KMHMAX:   521.075       17   19   17    KMHMIN:   0.00000        1    1    1
  KMVMAX:   521.075       17   19   17    KMVMIN:   0.00000        1    1    1
  KHHMAX:   1563.23       17   19   17    KHHMIN:   0.00000        1    1    1
  KHVMAX:   1563.23       17   19   17    KHVMIN:   0.00000        1    1    1
  DIVMAX:  0.144014E-03    1    6    1    DIVMIN: -0.111591E-03    3   24    1
  RHMAX :   1.01525       17   23   14    RHMIN :  0.234293E-02   75    1   33
  RHIMAX:  0.962151       13   23   18    RHIMIN:  0.347206E-02   75    1   33
  THEMAX:   377.826       10   24    1    THEMIN:   318.762       72    1   16
  STHEMX:   377.826       10   24    1    STHEMN:   359.999       19   16    1
  QCTOP :   3696.728760    1    1    1    QCBOT :    399.719604    1    1    1
  SFPMAX:   95381.2        1    1    1    SFPMIN:   94883.8        1   15    1
  PSFCMX:   96216.2        1    1    1    PSFCMN:   95715.5        1   15    1
  WSPMAX:   49.7376       61   42   37    WSPMIN:   5.90794       12   26    1
  SWSPMX:   14.5128       16   17    1    SWSPMN:   5.90794       12   26    1
  CFLMAX:      0.186516   61   42   37
  KSHMAX:  0.293105E-02   17   19   17
  KSVMAX:  0.172714       13   23   14
  VORSFC:  0.586328E-03
  VOR1KM:  0.283773E-02
  VOR2KM:  0.174800E-02
  VOR3KM:  0.112272E-02
  VOR4KM:  0.401903E-03
  VOR5KM:  0.371511E-03
  TMASS :  0.207380E+15
  TMOIS :  0.736691E+12
  qv MAS:  0.736464E+12
  qc MAS:  0.226772E+09
  qr MAS:  0.689115E+04
  qi MAS:  0.000000E+00
  qs MAS:  0.000000E+00
  qg MAS:  0.000000E+00
  qhlMAS:  0.000000E+00
  TENERG:  0.521620E+20
  TMU   :  0.535668E+16
  TMV   :  0.340015E+16
  TMW   :  0.125949E+13
  TMFU  :  0.206507E+11
  TMFD  : -0.194467E+11
  tcond :  0.000000E+00
  tevac :  0.000000E+00
  tauto :  0.000000E+00
  taccr :  0.000000E+00
  tevar :  0.000000E+00
  train :  0.646453E+02
  erain :  0.000000E+00
  qsfc  :  0.000000E+00
  esfc  :  0.000000E+00
  erad  :  0.000000E+00
  asqv  :  0.000000E+00
  asqc  :  0.105782E+06
  asqr  :  0.471548E+00
  asqi  :  0.000000E+00
  asqs  :  0.000000E+00
  asqg  :  0.000000E+00
  asqhl :  0.000000E+00
  asccn : -0.263805E+17
  asccw :  0.183753E+18
  ascrw :  0.730226E+08
  ascci :  0.000000E+00
  ascsw :  0.000000E+00
  aschw :  0.000000E+00
  aschl :  0.000000E+00
  asvhw :  0.000000E+00
  asvhl :  0.000000E+00
  bsqv  :  0.000000E+00
  bsqc  :  0.000000E+00
  bsqr  :  0.000000E+00
  bsqi  :  0.000000E+00
  bsqs  :  0.000000E+00
  bsqg  :  0.000000E+00
  bsqhl :  0.000000E+00
  bsccn :  0.000000E+00
  bsccw :  0.000000E+00
  bscrw :  0.000000E+00
  bscci :  0.000000E+00
  bscsw :  0.000000E+00
  bschw :  0.000000E+00
  bschl :  0.000000E+00
  bsvhw :  0.000000E+00
  bsvhl :  0.000000E+00
 cm1out_stats.nc                                                       
   nrec =            6
            40              5.000000 min 
   string = cm1out_rst_000001.nc                                                  
  USING COMPRESSED netCDF4 
   leaving restart_prelim 
            41              5.125000 min 
            42              5.250000 min 
            43              5.375000 min 
            44              5.500000 min 
            45              5.625000 min 
            46              5.750000 min 
            47              5.875000 min 
  WMAX  :   7.37836       18   20   16    WMIN  :  -1.61734       18   18   18
  UMAX  :   45.6838       73    1   37    UMIN  :  -6.81864       20   20    3
  SUMAX :   5.30308       11   24    1    SUMIN :  -6.23444       20   20    1
  VMAX  :   27.4208       14   28   31    VMIN  :   4.65201       13   18   39
  SVMAX :   15.1926       16   18    1    SVMIN :   4.75305       13   28    1
  PPIMAX:  0.102947E-02    1    1   51    PPIMIN: -0.135464E-02    1   18   51
  PPMAX :   166.699       13   25   19    PPMIN :  -181.477       15   25    1
  THPMAX:   5.48135       18   20   15    THPMIN:  -3.23764       12   25   18
  STHPMX:  0.794830       11   24    1    STHPMN: -0.107117E-01   16   24    1
  MAXqv :  0.234897E-01   10   24    1    MINqv :  0.996207E-06   56   34   34
  MAXqc :  0.211302E-02   18   20   16    MINqc :   0.00000        1    1    1
  MAXqr :  0.257039E-05   14   21    4    MINqr :   0.00000        1    1    1
  MAXqi :   0.00000        1    1    1    MINqi :   0.00000        1    1    1
  MAXqs :   0.00000        1    1    1    MINqs :   0.00000        1    1    1
  MAXqg :   0.00000        1    1    1    MINqg :   0.00000        1    1    1
  MAXqhl:   0.00000        1    1    1    MINqhl:   0.00000        1    1    1
  MAXccn:  0.170431E+10   15   22    9    MINccn:   0.00000       12   24    4
  MAXccw:  0.177694E+10   17   20    9    MINccw:   0.00000        1    1    1
  MAXcrw:   1131.37       14   21    5    MINcrw:   0.00000        1    1    1
  MAXcci:   0.00000        1    1    1    MINcci:   0.00000        1    1    1
  MAXcsw:   0.00000        1    1    1    MINcsw:   0.00000        1    1    1
  MAXchw:   0.00000        1    1    1    MINchw:   0.00000        1    1    1
  MAXchl:   0.00000        1    1    1    MINchl:   0.00000        1    1    1
  MAXvhw:   0.00000        1    1    1    MINvhw:   0.00000        1    1    1
  MAXvhl:   0.00000        1    1    1    MINvhl:   0.00000        1    1    1
  TKEMAX:   34.6429       18   20   18    TKEMIN:   0.00000        1    1    1
  KMHMAX:   609.233       18   20   19    KMHMIN:   0.00000        1    1    1
  KMVMAX:   609.233       18   20   19    KMVMIN:   0.00000        1    1    1
  KHHMAX:   1827.70       18   20   19    KHHMIN:   0.00000        1    1    1
  KHVMAX:   1827.70       18   20   19    KHVMIN:   0.00000        1    1    1
  DIVMAX:  0.988411E-04   13   25   14    DIVMIN: -0.982592E-04   15   24   16
  RHMAX :   1.01260       17   23   14    RHMIN :  0.234526E-02   71   69   33
  RHIMAX:  0.986433       13   25   19    RHIMIN:  0.347534E-02   71   69   33
  THEMAX:   376.888       10   24    1    THEMIN:   318.763       72   62   16
  STHEMX:   376.888       10   24    1    STHEMN:   359.851       19   16    1
  QCTOP :   3984.828125    1    1    1    QCBOT :    399.719604    1    1    1
  SFPMAX:   95254.3        1    1    1    SFPMIN:   94984.9       15   25    1
  PSFCMX:   96088.3        1    1    1    PSFCMN:   95815.9       15   25    1
  WSPMAX:   49.7339       72    1   37    WSPMIN:   4.99101       13   27    1
  SWSPMX:   15.0548       18   18    1    SWSPMN:   4.99101       13   27    1
  CFLMAX:      0.237370   18   20   14
  KSHMAX:  0.342694E-02   18   20   19
  KSVMAX:  0.181159       13   23   15
  VORSFC:  0.676722E-03
  VOR1KM:  0.343814E-02
  VOR2KM:  0.223760E-02
  VOR3KM:  0.139579E-02
  VOR4KM:  0.145280E-02
  VOR5KM:  0.458393E-03
  TMASS :  0.207380E+15
  TMOIS :  0.736696E+12
  qv MAS:  0.736381E+12
  qc MAS:  0.315465E+09
  qr MAS:  0.108544E+05
  qi MAS:  0.000000E+00
  qs MAS:  0.000000E+00
  qg MAS:  0.000000E+00
  qhlMAS:  0.000000E+00
  TENERG:  0.521620E+20
  TMU   :  0.535558E+16
  TMV   :  0.339562E+16
  TMW   : -0.227668E+13
  TMFU  :  0.145197E+11
  TMFD  : -0.200213E+11
  tcond :  0.000000E+00
  tevac :  0.000000E+00
  tauto :  0.000000E+00
  taccr :  0.000000E+00
  tevar :  0.000000E+00
  train :  0.157547E+03
  erain :  0.000000E+00
  qsfc  :  0.000000E+00
  esfc  :  0.000000E+00
  erad  :  0.000000E+00
  asqv  :  0.000000E+00
  asqc  :  0.178957E+06
  asqr  :  0.486586E+00
  asqi  :  0.000000E+00
  asqs  :  0.000000E+00
  asqg  :  0.000000E+00
  asqhl :  0.000000E+00
  asccn : -0.370664E+17
  asccw :  0.266625E+18
  ascrw :  0.758057E+08
  ascci :  0.000000E+00
  ascsw :  0.000000E+00
  aschw :  0.000000E+00
  aschl :  0.000000E+00
  asvhw :  0.000000E+00
  asvhl :  0.000000E+00
  bsqv  :  0.000000E+00
  bsqc  :  0.000000E+00
  bsqr  :  0.000000E+00
  bsqi  :  0.000000E+00
  bsqs  :  0.000000E+00
  bsqg  :  0.000000E+00
  bsqhl :  0.000000E+00
  bsccn :  0.000000E+00
  bsccw :  0.000000E+00
  bscrw :  0.000000E+00
  bscci :  0.000000E+00
  bscsw :  0.000000E+00
  bschw :  0.000000E+00
  bschl :  0.000000E+00
  bsvhw :  0.000000E+00
  bsvhl :  0.000000E+00
 cm1out_stats.nc                                                       
   nrec =            7
            48              6.000000 min 
            49              6.125000 min 
            50              6.250000 min 
            51              6.375000 min 
            52              6.500000 min 
            53              6.625000 min 
            54              6.750000 min 
            55              6.875000 min 
  WMAX  :   8.60810       14   25   16    WMIN  :  -2.59608       20   19   18
  UMAX  :   45.6142       73   62   37    UMIN  :  -7.14074       21   21    2
  SUMAX :   5.90247       11   24    1    SUMIN :  -6.76316       21   20    1
  VMAX  :   27.4797       14   28   31    VMIN  :   3.59290       14   28    1
  SVMAX :   15.5804       18   19    1    SVMIN :   3.59290       14   28    1
  PPIMAX:  0.774801E-03   15   25   21    PPIMIN: -0.671148E-03   15   26    4
  PPMAX :   178.617       15   25   21    PPMIN :  -225.828       15   25    1
  THPMAX:   6.53909       14   25   15    THPMIN:  -3.73201       15   25   23
  STHPMX:  0.849030       11   24    1    STHPMN: -0.463867E-02   16   24    1
  MAXqv :  0.230770E-01   10   24    1    MINqv :  0.997083E-06   64   47   34
  MAXqc :  0.264898E-02   14   25   16    MINqc :   0.00000        1    1    1
  MAXqr :  0.115102E-05   14   22    4    MINqr :   0.00000        1    1    1
  MAXqi :  0.157973E-11   15   25   21    MINqi :   0.00000        1    1    1
  MAXqs :   0.00000        1    1    1    MINqs :   0.00000        1    1    1
  MAXqg :   0.00000        1    1    1    MINqg :   0.00000        1    1    1
  MAXqhl:   0.00000        1    1    1    MINqhl:   0.00000        1    1    1
  MAXccn:  0.166930E+10   16   23    9    MINccn:   0.00000       13   24    4
  MAXccw:  0.171306E+10   17   20   10    MINccw:   0.00000        1    1    1
  MAXcrw:   618.424       14   22    5    MINcrw:   0.00000        1    1    1
  MAXcci:  0.462385       20   21   21    MINcci:   0.00000        1    1    1
  MAXcsw:   0.00000        1    1    1    MINcsw:   0.00000        1    1    1
  MAXchw:   0.00000        1    1    1    MINchw:   0.00000        1    1    1
  MAXchl:   0.00000        1    1    1    MINchl:   0.00000        1    1    1
  MAXvhw:   0.00000        1    1    1    MINvhw:   0.00000        1    1    1
  MAXvhl:   0.00000        1    1    1    MINvhl:   0.00000        1    1    1
  TKEMAX:   45.4913       15   25   20    TKEMIN:   0.00000        1    1    1
  KMHMAX:   710.845       15   25   20    KMHMIN:   0.00000        1    1    1
  KMVMAX:   710.845       15   25   20    KMVMIN:   0.00000        1    1    1
  KHHMAX:   2132.53       15   25   20    KHHMIN:   0.00000        1    1    1
  KHVMAX:   2132.53       15   25   20    KHVMIN:   0.00000        1    1    1
  DIVMAX:  0.165466E-03   15   25   20    DIVMIN: -0.128840E-03   21   22   20
  RHMAX :  0.995870       18   24   15    RHMIN :  0.235542E-02   75   75   33
  RHIMAX:   1.03581       19   21   21    RHIMIN:  0.349021E-02   75   75   33
  THEMAX:   375.674       10   24    1    THEMIN:   318.765       74   75   16
  STHEMX:   375.674       10   24    1    STHEMN:   359.706       20   17    1
  QCTOP :   4592.426758    1    1    1    QCBOT :    399.719604    1    1    1
  SFPMAX:   95298.5        1    1    1    SFPMIN:   94940.5       15   25    1
  PSFCMX:   96132.9        1    1    1    PSFCMN:   95770.8       15   25    1
  WSPMAX:   49.7050       72   63   37    WSPMIN:   4.16890       13   28    1
  SWSPMX:   15.7787       18   18    1    SWSPMN:   4.16890       13   28    1
  CFLMAX:      0.268078   14   25   15
  KSHMAX:  0.399850E-02   15   25   20
  KSVMAX:  0.186583       18   20   18
  VORSFC:  0.733439E-03
  VOR1KM:  0.382941E-02
  VOR2KM:  0.288386E-02
  VOR3KM:  0.225181E-02
  VOR4KM:  0.245675E-02
  VOR5KM:  0.487142E-03
  TMASS :  0.207380E+15
  TMOIS :  0.736701E+12
  qv MAS:  0.736279E+12
  qc MAS:  0.422587E+09
  qr MAS:  0.990350E+04
  qi MAS:  0.317398E-02
  qs MAS:  0.000000E+00
  qg MAS:  0.000000E+00
  qhlMAS:  0.000000E+00
  TENERG:  0.521620E+20
  TMU   :  0.535402E+16
  TMV   :  0.339365E+16
  TMW   :  0.277546E+13
  TMFU  :  0.255078E+11
  TMFD  : -0.191767E+11
  tcond :  0.000000E+00
  tevac :  0.000000E+00
  tauto :  0.000000E+00
  taccr :  0.000000E+00
  tevar :  0.000000E+00
  train :  0.561297E+03
  erain :  0.000000E+00
  qsfc  :  0.000000E+00
  esfc  :  0.000000E+00
  erad  :  0.000000E+00
  asqv  :  0.000000E+00
  asqc  :  0.286000E+06
  asqr  :  0.506715E+00
  asqi  :  0.290480E-04
  asqs  :  0.000000E+00
  asqg  :  0.000000E+00
  asqhl :  0.000000E+00
  asccn : -0.547432E+17
  asccw :  0.340134E+18
  ascrw :  0.891397E+08
  ascci :  0.791486E+07
  ascsw :  0.000000E+00
  aschw :  0.000000E+00
  aschl :  0.000000E+00
  asvhw :  0.000000E+00
  asvhl :  0.000000E+00
  bsqv  :  0.000000E+00
  bsqc  :  0.000000E+00
  bsqr  :  0.000000E+00
  bsqi  :  0.000000E+00
  bsqs  :  0.000000E+00
  bsqg  :  0.000000E+00
  bsqhl :  0.000000E+00
  bsccn :  0.000000E+00
  bsccw :  0.000000E+00
  bscrw :  0.000000E+00
  bscci :  0.000000E+00
  bscsw :  0.000000E+00
  bschw :  0.000000E+00
  bschl :  0.000000E+00
  bsvhw :  0.000000E+00
  bsvhl :  0.000000E+00
 cm1out_stats.nc                                                       
   nrec =            8
            56              7.000000 min 
            57              7.125000 min 
            58              7.250000 min 
            59              7.375000 min 
            60              7.500000 min 
            61              7.625000 min 
            62              7.750000 min 
            63              7.875000 min 
  WMAX  :   10.9007       15   26   18    WMIN  :  -4.27850       20   19   18
  UMAX  :   45.5928       19   21   37    UMIN  :  -7.56664       17   25    2
  SUMAX :   5.89398       11   24    1    SUMIN :  -7.15025       22   21    1
  VMAX  :   27.8921       15   28   22    VMIN  :   2.53680       14   28    1
  SVMAX :   16.3604       18   19    1    SVMIN :   2.53680       14   28    1
  PPIMAX:  0.963748E-03   16   26   22    PPIMIN: -0.101170E-02    1   29   51
  PPMAX :   221.973       13   25   18    PPMIN :  -185.344       16   25    1
  THPMAX:   7.04922       15   25   15    THPMIN:  -5.34985       15   26   23
  STHPMX:  0.936554       11   25    1    STHPMN:  0.105389E-01   14   28    1
  MAXqv :  0.228577E-01   11   25    1    MINqv :  0.998033E-06   71   58   34
  MAXqc :  0.338651E-02   15   26   18    MINqc :   0.00000        1    1    1
  MAXqr :  0.704004E-06   14   22    3    MINqr :   0.00000        1    1    1
  MAXqi :  0.263996E-08   20   21   22    MINqi :   0.00000        1    1    1
  MAXqs :   0.00000        1    1    1    MINqs :   0.00000        1    1    1
  MAXqg :   0.00000        1    1    1    MINqg :   0.00000        1    1    1
  MAXqhl:   0.00000        1    1    1    MINqhl:   0.00000        1    1    1
  MAXccn:  0.171883E+10   15   23    8    MINccn:   0.00000       12   25    4
  MAXccw:  0.169142E+10   18   21   10    MINccw:   0.00000        1    1    1
  MAXcrw:   501.713       19   24   15    MINcrw:   0.00000        1    1    1
  MAXcci:   629.265       16   25   22    MINcci:   0.00000        1    1    1
  MAXcsw:   0.00000        1    1    1    MINcsw:   0.00000        1    1    1
  MAXchw:   0.00000        1    1    1    MINchw:   0.00000        1    1    1
  MAXchl:   0.00000        1    1    1    MINchl:   0.00000        1    1    1
  MAXvhw:   0.00000        1    1    1    MINvhw:   0.00000        1    1    1
  MAXvhl:   0.00000        1    1    1    MINvhl:   0.00000        1    1    1
  TKEMAX:   56.3852       20   21   21    TKEMIN:   0.00000        1    1    1
  KMHMAX:   801.333       20   21   21    KMHMIN:   0.00000        1    1    1
  KMVMAX:   801.333       20   21   21    KMVMIN:   0.00000        1    1    1
  KHHMAX:   2404.00       20   21   21    KHHMIN:   0.00000        1    1    1
  KHVMAX:   2404.00       20   21   21    KHVMIN:   0.00000        1    1    1
  DIVMAX:  0.224639E-03   15   26   15    DIVMIN: -0.226730E-03   15   26   24
  RHMAX :  0.992343       16   26   22    RHMIN :  0.262189E-02   72   70   33
  RHIMAX:   1.06059       16   26   22    RHIMIN:  0.388561E-02   72   70   33
  THEMAX:   375.275       11   25    1    THEMIN:   318.768       72   74   16
  STHEMX:   375.275       11   25    1    STHEMN:   359.550       19   23    1
  QCTOP :   4912.681641    1    1    1    QCBOT :    399.719604    1    1    1
  SFPMAX:   95287.7        1    1    1    SFPMIN:   94981.0       16   25    1
  PSFCMX:   96121.9        1    1    1    PSFCMN:   95813.1       16   25    1
  WSPMAX:   49.6781       75   75   37    WSPMIN:   3.24939       14   28    1
  SWSPMX:   16.2230       19   19    1    SWSPMN:   3.24939       14   28    1
  CFLMAX:      0.318560   19   21   16
  KSHMAX:  0.450750E-02   20   21   21
  KSVMAX:  0.190092       17   20   15
  VORSFC:  0.787278E-03
  VOR1KM:  0.369218E-02
  VOR2KM:  0.388609E-02
  VOR3KM:  0.317101E-02
  VOR4KM:  0.335878E-02
  VOR5KM:  0.495844E-03
  TMASS :  0.207380E+15
  TMOIS :  0.736714E+12
  qv MAS:  0.736188E+12
  qc MAS:  0.526762E+09
  qr MAS:  0.923685E+04
  qi MAS:  0.723254E+01
  qs MAS:  0.000000E+00
  qg MAS:  0.000000E+00
  qhlMAS:  0.000000E+00
  TENERG:  0.521620E+20
  TMU   :  0.535405E+16
  TMV   :  0.339165E+16
  TMW   : -0.231088E+13
  TMFU  :  0.189875E+11
  TMFD  : -0.236128E+11
  tcond :  0.000000E+00
  tevac :  0.000000E+00
  tauto :  0.000000E+00
  taccr :  0.000000E+00
  tevar :  0.000000E+00
  train :  0.119255E+04
  erain :  0.000000E+00
  qsfc  :  0.000000E+00
  esfc  :  0.000000E+00
  erad  :  0.000000E+00
  asqv  :  0.000000E+00
  asqc  :  0.474152E+06
  asqr  :  0.635069E+00
  asqi  :  0.947953E-02
  asqs  :  0.000000E+00
  asqg  :  0.000000E+00
  asqhl :  0.000000E+00
  asccn : -0.734607E+17
  asccw :  0.423327E+18
  ascrw :  0.151667E+09
  ascci :  0.145672E+10
  ascsw :  0.000000E+00
  aschw :  0.000000E+00
  aschl :  0.000000E+00
  asvhw :  0.000000E+00
  asvhl :  0.000000E+00
  bsqv  :  0.000000E+00
  bsqc  :  0.000000E+00
  bsqr  :  0.000000E+00
  bsqi  :  0.000000E+00
  bsqs  :  0.000000E+00
  bsqg  :  0.000000E+00
  bsqhl :  0.000000E+00
  bsccn :  0.000000E+00
  bsccw :  0.000000E+00
  bscrw :  0.000000E+00
  bscci :  0.000000E+00
  bscsw :  0.000000E+00
  bschw :  0.000000E+00
  bschl :  0.000000E+00
  bsvhw :  0.000000E+00
  bsvhl :  0.000000E+00
 cm1out_stats.nc                                                       
   nrec =            9
            64              8.000000 min 
            65              8.125000 min 
            66              8.250000 min 
            67              8.375000 min 
            68              8.500000 min 
            69              8.625000 min 
            70              8.750000 min 
            71              8.875000 min 
  WMAX  :   14.5084       16   26   20    WMIN  :  -5.87363       20   19   17
  UMAX  :   45.7550       17   25   37    UMIN  :  -7.87964       17   26    3
  SUMAX :   6.45822       12   25    1    SUMIN :  -7.64503       22   21    1
  VMAX  :   29.8690       16   28   23    VMIN  :   1.95546       14   28    1
  SVMAX :   16.7530       18   19    1    SVMIN :   1.95546       14   28    1
  PPIMAX:  0.141257E-02   16   26   24    PPIMIN: -0.906110E-03   17   26    5
  PPMAX :   297.719       16   26   24    PPMIN :  -300.383       17   26    1
  THPMAX:   7.68494       15   26   15    THPMIN:  -5.33960       15   26   24
  STHPMX:   1.01274       11   25    1    STHPMN:  0.289109E-01   14   28    1
  MAXqv :  0.226522E-01   11   25    1    MINqv :  0.997596E-06   72   54   34
  MAXqc :  0.466553E-02   16   26   20    MINqc :   0.00000        1    1    1
  MAXqr :  0.100584E-05   16   26   20    MINqr :   0.00000        1    1    1
  MAXqi :  0.128223E-07   16   26   23    MINqi :   0.00000        1    1    1
  MAXqs :   0.00000        1    1    1    MINqs :   0.00000        1    1    1
  MAXqg :  0.284195E-11   21   23   22    MINqg :   0.00000        1    1    1
  MAXqhl:   0.00000        1    1    1    MINqhl:   0.00000        1    1    1
  MAXccn:  0.169414E+10   19   24   20    MINccn:   0.00000       13   25    4
  MAXccw:  0.164640E+10   19   22    7    MINccw:   0.00000        1    1    1
  MAXcrw:   3519.80       16   26   20    MINcrw:   0.00000        1    1    1
  MAXcci:   1131.75       16   26   24    MINcci:   0.00000        1    1    1
  MAXcsw:   0.00000        1    1    1    MINcsw:   0.00000        1    1    1
  MAXchw:  0.376235E-03   21   23   22    MINchw:   0.00000        1    1    1
  MAXchl:   0.00000        1    1    1    MINchl:   0.00000        1    1    1
  MAXvhw:  0.531205E-14   21   23   22    MINvhw:   0.00000        1    1    1
  MAXvhl:   0.00000        1    1    1    MINvhl:   0.00000        1    1    1
  TKEMAX:   71.6351       16   26   23    TKEMIN:   0.00000        1    1    1
  KMHMAX:   925.776       16   26   23    KMHMIN:   0.00000        1    1    1
  KMVMAX:   925.776       16   26   23    KMVMIN:   0.00000        1    1    1
  KHHMAX:   2777.33       16   26   23    KHHMIN:   0.00000        1    1    1
  KHVMAX:   2777.33       16   26   23    KHVMIN:   0.00000        1    1    1
  DIVMAX:  0.259786E-03   22   22   20    DIVMIN: -0.178351E-03   22   22   23
  RHMAX :  0.995491       23   23   16    RHMIN :  0.269019E-02   72   55   34
  RHIMAX:   1.11375       16   26   24    RHIMIN:  0.410096E-02   72   55   34
  THEMAX:   374.719       11   25    1    THEMIN:   318.772       72   71   16
  STHEMX:   374.719       11   25    1    STHEMN:   359.380       22   20    1
  QCTOP :   5588.097168    1    1    1    QCBOT :    399.719604    1    1    1
  SFPMAX:   95243.4        1    1    1    SFPMIN:   94865.9       17   26    1
  PSFCMX:   96077.4        1    1    1    PSFCMN:   95697.7       17   26    1
  WSPMAX:   49.5798       72   74   37    WSPMIN:   2.19229       14   28    1
  SWSPMX:   17.0113       19   19    1    SWSPMN:   2.19229       14   28    1
  CFLMAX:      0.396294   15   26   17
  KSHMAX:  0.520749E-02   16   26   23
  KSVMAX:  0.206663       16   21    9
  VORSFC:  0.836792E-03
  VOR1KM:  0.431859E-02
  VOR2KM:  0.430959E-02
  VOR3KM:  0.450718E-02
  VOR4KM:  0.371378E-02
  VOR5KM:  0.153034E-02
  TMASS :  0.207380E+15
  TMOIS :  0.736725E+12
  qv MAS:  0.736043E+12
  qc MAS:  0.681745E+09
  qr MAS:  0.187389E+05
  qi MAS:  0.933860E+02
  qs MAS:  0.000000E+00
  qg MAS:  0.608045E-02
  qhlMAS:  0.000000E+00
  TENERG:  0.521620E+20
  TMU   :  0.535443E+16
  TMV   :  0.339041E+16
  TMW   :  0.416970E+13
  TMFU  :  0.289991E+11
  TMFD  : -0.171011E+11
  tcond :  0.000000E+00
  tevac :  0.000000E+00
  tauto :  0.000000E+00
  taccr :  0.000000E+00
  tevar :  0.000000E+00
  train :  0.176168E+04
  erain :  0.000000E+00
  qsfc  :  0.000000E+00
  esfc  :  0.000000E+00
  erad  :  0.000000E+00
  asqv  :  0.000000E+00
  asqc  :  0.800790E+06
  asqr  :  0.110110E+01
  asqi  :  0.862744E-01
  asqs  :  0.000000E+00
  asqg  :  0.170563E-03
  asqhl :  0.000000E+00
  asccn : -0.100783E+18
  asccw :  0.542218E+18
  ascrw :  0.109397E+10
  ascci :  0.617777E+10
  ascsw :  0.000000E+00
  aschw :  0.167006E+04
  aschl :  0.000000E+00
  asvhw :  0.323613E-06
  asvhl :  0.000000E+00
  bsqv  :  0.000000E+00
  bsqc  :  0.000000E+00
  bsqr  :  0.000000E+00
  bsqi  :  0.000000E+00
  bsqs  :  0.000000E+00
  bsqg  :  0.000000E+00
  bsqhl :  0.000000E+00
  bsccn :  0.000000E+00
  bsccw :  0.000000E+00
  bscrw :  0.000000E+00
  bscci :  0.000000E+00
  bscsw :  0.000000E+00
  bschw :  0.000000E+00
  bschl :  0.000000E+00
  bsvhw :  0.000000E+00
  bsvhl :  0.000000E+00
 cm1out_stats.nc                                                       
   nrec =           10
            72              9.000000 min 
            73              9.125000 min 
            74              9.250000 min 
            75              9.375000 min 
            76              9.500000 min 
            77              9.625000 min 
            78              9.750000 min 
            79              9.875000 min 
   Getting dbz ... 
  WMAX  :   18.0126       16   26   21    WMIN  :  -6.16086       22   20   18
  UMAX  :   45.9467       18   26   35    UMIN  :  -8.21989       18   26    2
  SUMAX :   6.66673       12   25    1    SUMIN :  -8.03500       18   26    1
  VMAX  :   30.8938       16   29   22    VMIN  :   1.73601       15   29    1
  SVMAX :   17.3123       20   20    1    SVMIN :   1.73601       15   29    1
  PPIMAX:  0.125182E-02   22   23   23    PPIMIN: -0.700176E-03   17   27    8
  PPMAX :   272.219       22   23   23    PPMIN :  -223.523       17   26    1
  THPMAX:   9.30066       16   26   21    THPMIN:  -5.33331       15   27   24
  STHPMX:   1.03916       11   25    1    STHPMN:  0.594963E-01   14   28    1
  MAXqv :  0.225211E-01   11   26    1    MINqv :  0.998633E-06   72   72   34
  MAXqc :  0.564356E-02   16   26   20    MINqc :   0.00000        1    1    1
  MAXqr :  0.682467E-05   16   26   21    MINqr :   0.00000        1    1    1
  MAXqi :  0.280163E-07   17   26   25    MINqi :   0.00000        1    1    1
  MAXqs :  0.207988E-10   16   26   26    MINqs :   0.00000        1    1    1
  MAXqg :  0.192542E-10   18   26   24    MINqg :   0.00000        1    1    1
  MAXqhl:   0.00000        1    1    1    MINqhl:   0.00000        1    1    1
  MAXccn:  0.163494E+10   19   24   23    MINccn:   0.00000       14   24    5
  MAXccw:  0.160619E+10   21   22   22    MINccw:   0.00000        1    1    1
  MAXcrw:   23603.6       16   26   21    MINcrw:   0.00000        1    1    1
  MAXcci:   693.437       16   27   25    MINcci:   0.00000        1    1    1
  MAXcsw:  0.378153E-02   16   26   26    MINcsw:   0.00000        1    1    1
  MAXchw:  0.253744E-02   18   26   24    MINchw:   0.00000        1    1    1
  MAXchl:   0.00000        1    1    1    MINchl:   0.00000        1    1    1
  MAXvhw:  0.360061E-13   18   26   24    MINvhw:   0.00000        1    1    1
  MAXvhl:   0.00000        1    1    1    MINvhl:   0.00000        1    1    1
  TKEMAX:   83.8150       17   27   24    TKEMIN:   0.00000        1    1    1
  KMHMAX:   1013.70       17   27   24    KMHMIN:   0.00000        1    1    1
  KMVMAX:   1013.70       17   27   24    KMVMIN:   0.00000        1    1    1
  KHHMAX:   3041.10       17   27   24    KHHMIN:   0.00000        1    1    1
  KHVMAX:   3041.10       17   27   24    KHVMIN:   0.00000        1    1    1
  DIVMAX:  0.284268E-03   16   27   14    DIVMIN: -0.269730E-03   17   26   23
  RHMAX :   1.00079       20   29   17    RHMIN :  0.269352E-02   72   72   34
  RHIMAX:   1.13740       21   22   25    RHIMIN:  0.410615E-02   72   72   34
  THEMAX:   374.312       11   26    1    THEMIN:   318.777       73   72   16
  STHEMX:   374.312       11   26    1    STHEMN:   359.231       21   19    1
  QCTOP :   5944.097656    1    1    1    QCBOT :    399.719604    1    1    1
  SFPMAX:   95309.5        1    1    1    SFPMIN:   94942.8       17   26    1
  PSFCMX:   96143.8        1    1    1    PSFCMN:   95774.7       17   26    1
  WSPMAX:   49.6047       18   29   34    WSPMIN:   2.41798       15   28    1
  SWSPMX:   17.4568       19   19    1    SWSPMN:   2.41798       15   28    1
  CFLMAX:      0.469602   16   27   19
  KSHMAX:  0.570207E-02   17   27   24
  KSVMAX:  0.211179       17   22   10
  VORSFC:  0.859117E-03
  VOR1KM:  0.445884E-02
  VOR2KM:  0.623248E-02
  VOR3KM:  0.595763E-02
  VOR4KM:  0.499726E-02
  VOR5KM:  0.274687E-02
  TMASS :  0.207380E+15
  TMOIS :  0.736742E+12
  qv MAS:  0.735884E+12
  qc MAS:  0.858077E+09
  qr MAS:  0.126231E+06
  qi MAS:  0.375754E+03
  qs MAS:  0.894855E-01
  qg MAS:  0.151049E+00
  qhlMAS:  0.000000E+00
  TENERG:  0.521621E+20
  TMU   :  0.535466E+16
  TMV   :  0.338816E+16
  TMW   : -0.239658E+13
  TMFU  :  0.231111E+11
  TMFD  : -0.273749E+11
  tcond :  0.000000E+00
  tevac :  0.000000E+00
  tauto :  0.000000E+00
  taccr :  0.000000E+00
  tevar :  0.000000E+00
  train :  0.217142E+04
  erain :  0.000000E+00
  qsfc  :  0.000000E+00
  esfc  :  0.000000E+00
  erad  :  0.000000E+00
  asqv  :  0.000000E+00
  asqc  :  0.133865E+07
  asqr  :  0.448722E+01
  asqi  :  0.230218E+00
  asqs  :  0.933659E-04
  asqg  :  0.100727E-02
  asqhl :  0.000000E+00
  asccn : -0.130939E+18
  asccw :  0.689036E+18
  ascrw :  0.124002E+11
  ascci :  0.114999E+11
  ascsw :  0.276872E+04
  aschw :  0.147102E+05
  aschl :  0.000000E+00
  asvhw :  0.188762E-05
  asvhl :  0.000000E+00
  bsqv  :  0.000000E+00
  bsqc  :  0.000000E+00
  bsqr  :  0.000000E+00
  bsqi  :  0.000000E+00
  bsqs  :  0.000000E+00
  bsqg  :  0.000000E+00
  bsqhl :  0.000000E+00
  bsccn :  0.000000E+00
  bsccw :  0.000000E+00
  bscrw :  0.000000E+00
  bscci :  0.000000E+00
  bscsw :  0.000000E+00
  bschw :  0.000000E+00
  bschl :  0.000000E+00
  bsvhw :  0.000000E+00
  bsvhl :  0.000000E+00
 cm1out_stats.nc                                                       
   nrec =           11
            80             10.000000 min 
   string = cm1out_rst_000002.nc                                                  
  USING COMPRESSED netCDF4 
   leaving restart_prelim 
            81             10.125000 min 
            82             10.250000 min 
            83             10.375000 min 
            84             10.500000 min 
            85             10.625000 min 
            86             10.750000 min 
            87             10.875000 min 
  WMAX  :   26.7183       17   27   24    WMIN  :  -7.87640       22   20   18
  UMAX  :   46.5392       19   27   35    UMIN  :  -8.20732       19   27    2
  SUMAX :   6.24866       12   25    1    SUMIN :  -8.10421       18   26    1
  VMAX  :   33.7034       17   29   25    VMIN  :   1.07594       17   29   11
  SVMAX :   18.0723       20   20    1    SVMIN :   1.37975       16   29    1
  PPIMAX:  0.134408E-02   18   27   27    PPIMIN: -0.941217E-03   18   28    8
  PPMAX :   255.422       18   27   27    PPMIN :  -297.773       18   27    1
  THPMAX:   11.0858       17   27   21    THPMIN:  -5.09299       15   27   24
  STHPMX:   1.10602       11   26    1    STHPMN:  0.107890       14   28    1
  MAXqv :  0.224139E-01   12   26    1    MINqv :  0.998716E-06   10    5   48
  MAXqc :  0.796111E-02   17   27   24    MINqc :   0.00000        1    1    1
  MAXqr :  0.321804E-04   17   27   24    MINqr :   0.00000        1    1    1
  MAXqi :  0.120003E-06   17   27   27    MINqi :   0.00000        1    1    1
  MAXqs :  0.228431E-08   17   27   28    MINqs :   0.00000        1    1    1
  MAXqg :  0.492413E-09   17   27   26    MINqg :   0.00000        1    1    1
  MAXqhl:   0.00000        1    1    1    MINqhl:   0.00000        1    1    1
  MAXccn:  0.168829E+10   20   25   22    MINccn:   0.00000       13   25    5
  MAXccw:  0.181414E+10   20   23    8    MINccw:   0.00000        1    1    1
  MAXcrw:   111133.       17   27   24    MINcrw:   0.00000        1    1    1
  MAXcci:   1949.59       17   26   27    MINcci:   0.00000        1    1    1
  MAXcsw:  0.420907       17   27   28    MINcsw:   0.00000        1    1    1
  MAXchw:  0.165759E-01   19   27   25    MINchw:   0.00000        1    1    1
  MAXchl:   0.00000        1    1    1    MINchl:   0.00000        1    1    1
  MAXvhw:  0.758938E-12   17   27   26    MINvhw:   0.00000        1    1    1
  MAXvhl:   0.00000        1    1    1    MINvhl:   0.00000        1    1    1
  TKEMAX:   108.235       17   27   27    TKEMIN:   0.00000        1    1    1
  KMHMAX:   1194.58       17   27   27    KMHMIN:   0.00000        1    1    1
  KMVMAX:   1194.58       17   27   27    KMVMIN:   0.00000        1    1    1
  KHHMAX:   3583.73       17   27   27    KHHMIN:   0.00000        1    1    1
  KHVMAX:   3583.73       17   27   27    KHVMIN:   0.00000        1    1    1
  DIVMAX:  0.339852E-03   19   28   21    DIVMIN: -0.415476E-03   18   28   23
  RHMAX :  0.994328       17   29   21    RHMIN :  0.269496E-02   73   71   34
  RHIMAX:   1.22965       17   27   28    RHIMIN:  0.410845E-02   73   71   34
  THEMAX:   374.032       12   26    1    THEMIN:   318.781       73   72   16
  STHEMX:   374.032       12   26    1    STHEMN:   359.120       21   19    1
  QCTOP :   7090.633789    1    1    1    QCBOT :    569.454773    1    1    1
  SFPMAX:   95217.4       65    1    1    SFPMIN:   94868.6       18   27    1
  PSFCMX:   96051.1       65    1    1    PSFCMN:   95699.8       18   27    1
  WSPMAX:   50.1296       18   27   35    WSPMIN:   1.90322       15   29    1
  SWSPMX:   17.9574       21   20    1    SWSPMN:   1.90322       15   29    1
  CFLMAX:      0.612200   17   27   22
  KSHMAX:  0.671950E-02   17   27   27
  KSVMAX:  0.222905       17   22   10
  VORSFC:  0.911128E-03
  VOR1KM:  0.462189E-02
  VOR2KM:  0.623702E-02
  VOR3KM:  0.675314E-02
  VOR4KM:  0.693076E-02
  VOR5KM:  0.439768E-02
  TMASS :  0.207380E+15
  TMOIS :  0.736764E+12
  qv MAS:  0.735667E+12
  qc MAS:  0.109613E+10
  qr MAS:  0.691050E+06
  qi MAS:  0.149588E+04
  qs MAS:  0.123362E+02
  qg MAS:  0.719474E+01
  qhlMAS:  0.000000E+00
  TENERG:  0.521622E+20
  TMU   :  0.535557E+16
  TMV   :  0.338719E+16
  TMW   :  0.527115E+13
  TMFU  :  0.334955E+11
  TMFD  : -0.188377E+11
  tcond :  0.000000E+00
  tevac :  0.000000E+00
  tauto :  0.000000E+00
  taccr :  0.000000E+00
  tevar :  0.000000E+00
  train :  0.243472E+04
  erain :  0.000000E+00
  qsfc  :  0.000000E+00
  esfc  :  0.000000E+00
  erad  :  0.000000E+00
  asqv  :  0.000000E+00
  asqc  :  0.229339E+07
  asqr  :  0.294384E+02
  asqi  :  0.637518E+00
  asqs  :  0.224463E-02
  asqg  :  0.468297E-02
  asqhl :  0.000000E+00
  asccn : -0.165260E+18
  asccw :  0.877661E+18
  ascrw :  0.932905E+11
  ascci :  0.178841E+11
  ascsw :  0.308880E+06
  aschw :  0.134989E+06
  aschl :  0.000000E+00
  asvhw :  0.106311E-04
  asvhl :  0.000000E+00
  bsqv  :  0.000000E+00
  bsqc  :  0.000000E+00
  bsqr  :  0.000000E+00
  bsqi  :  0.000000E+00
  bsqs  :  0.000000E+00
  bsqg  :  0.000000E+00
  bsqhl :  0.000000E+00
  bsccn :  0.000000E+00
  bsccw :  0.000000E+00
  bscrw :  0.000000E+00
  bscci :  0.000000E+00
  bscsw :  0.000000E+00
  bschw :  0.000000E+00
  bschl :  0.000000E+00
  bsvhw :  0.000000E+00
  bsvhl :  0.000000E+00
 cm1out_stats.nc                                                       
   nrec =           12
            88             11.000000 min 
            89             11.125000 min 
            90             11.250000 min 
            91             11.375000 min 
            92             11.500000 min 
            93             11.625000 min 
            94             11.750000 min 
            95             11.875000 min 
  WMAX  :   30.6158       18   27   26    WMIN  :  -10.4430       18   25   22
  UMAX  :   47.4976       20   27   35    UMIN  :  -8.23677       19   27    2
  SUMAX :   6.34248       13   26    1    SUMIN :  -8.18695       24   22    1
  VMAX  :   35.2029       18   29   28    VMIN  :   1.08139       18   29   13
  SVMAX :   18.2516       20   20    1    SVMIN :   1.27583       16   30    1
  PPIMAX:  0.182831E-02   18   27   30    PPIMIN: -0.852883E-03   19   29   20
  PPMAX :   308.555       18   27   30    PPMIN :  -255.977       18   28    1
  THPMAX:   13.1912       18   27   27    THPMIN:  -3.81934       20   22   23
  STHPMX:   1.15734       12   26    1    STHPMN:  0.170001       14   29    1
  MAXqv :  0.222993E-01   15   24    1    MINqv :  0.998718E-06   11    6   48
  MAXqc :  0.952614E-02   18   28   26    MINqc :   0.00000        1    1    1
  MAXqr :  0.993448E-04   18   27   26    MINqr :   0.00000        1    1    1
  MAXqi :  0.349687E-06   18   27   29    MINqi :   0.00000        1    1    1
  MAXqs :  0.141384E-05   18   27   30    MINqs :   0.00000        1    1    1
  MAXqg :  0.393019E-07   18   27   30    MINqg :   0.00000        1    1    1
  MAXqhl:   0.00000        1    1    1    MINqhl:   0.00000        1    1    1
  MAXccn:  0.164130E+10   20   25   24    MINccn:   0.00000       14   25    5
  MAXccw:  0.177287E+10   20   23    8    MINccw:   0.00000        1    1    1
  MAXcrw:   328197.       18   27   26    MINcrw:   0.00000        1    1    1
  MAXcci:   94805.8       19   27   33    MINcci:   0.00000        1    1    1
  MAXcsw:   253.846       18   27   30    MINcsw:   0.00000        1    1    1
  MAXchw:   1.77313       18   27   30    MINchw:   0.00000        1    1    1
  MAXchl:   0.00000        1    1    1    MINchl:   0.00000        1    1    1
  MAXvhw:  0.120831E-09   18   27   29    MINvhw:   0.00000        1    1    1
  MAXvhl:   0.00000        1    1    1    MINvhl:   0.00000        1    1    1
  TKEMAX:   117.216       18   27   29    TKEMIN:   0.00000        1    1    1
  KMHMAX:   1273.39       18   27   29    KMHMIN:   0.00000        1    1    1
  KMVMAX:   1273.39       18   27   29    KMVMIN:   0.00000        1    1    1
  KHHMAX:   3820.17       18   27   29    KHHMIN:   0.00000        1    1    1
  KHVMAX:   3820.17       18   27   29    KHVMIN:   0.00000        1    1    1
  DIVMAX:  0.447296E-03   18   28   29    DIVMIN: -0.407525E-03   19   29   26
  RHMAX :  0.993348       20   29   18    RHMIN :  0.270041E-02   66   70   34
  RHIMAX:   1.31332       18   28   30    RHIMIN:  0.411637E-02   66   70   34
  THEMAX:   373.734       12   26    1    THEMIN:   318.788       74   72   16
  STHEMX:   373.734       12   26    1    STHEMN:   359.023       21   20    1
  QCTOP :   7925.234375    1    1    1    QCBOT :    569.454773    1    1    1
  SFPMAX:   95331.3        1    1    1    SFPMIN:   94910.4       18   28    1
  PSFCMX:   96165.7        1    1    1    PSFCMN:   95741.9       18   28    1
  WSPMAX:   51.8291       19   28   32    WSPMIN:   1.57663       16   29    1
  SWSPMX:   18.5016       21   20    1    SWSPMN:   1.57663       16   29    1
  CFLMAX:      0.655555   18   28   24
  KSHMAX:  0.716281E-02   18   27   29
  KSVMAX:  0.228828       18   22   12
  VORSFC:  0.939403E-03
  VOR1KM:  0.514873E-02
  VOR2KM:  0.787395E-02
  VOR3KM:  0.879607E-02
  VOR4KM:  0.786370E-02
  VOR5KM:  0.599601E-02
  TMASS :  0.207380E+15
  TMOIS :  0.736791E+12
  qv MAS:  0.735385E+12
  qc MAS:  0.140259E+10
  qr MAS:  0.300395E+07
  qi MAS:  0.695751E+04
  qs MAS:  0.558591E+04
  qg MAS:  0.333742E+03
  qhlMAS:  0.000000E+00
  TENERG:  0.521623E+20
  TMU   :  0.535592E+16
  TMV   :  0.338575E+16
  TMW   : -0.315022E+13
  TMFU  :  0.284104E+11
  TMFD  : -0.345624E+11
  tcond :  0.000000E+00
  tevac :  0.000000E+00
  tauto :  0.000000E+00
  taccr :  0.000000E+00
  tevar :  0.000000E+00
  train :  0.259642E+04
  erain :  0.000000E+00
  qsfc  :  0.000000E+00
  esfc  :  0.000000E+00
  erad  :  0.000000E+00
  asqv  :  0.000000E+00
  asqc  :  0.346528E+07
  asqr  :  0.869602E+02
  asqi  :  0.205629E+01
  asqs  :  0.346382E+00
  asqg  :  0.358295E-01
  asqhl :  0.000000E+00
  asccn : -0.192907E+18
  asccw :  0.108776E+19
  ascrw :  0.315330E+12
  ascci :  0.680033E+11
  ascsw :  0.775930E+08
  aschw :  0.759236E+06
  aschl :  0.000000E+00
  asvhw :  0.129666E-03
  asvhl :  0.000000E+00
  bsqv  :  0.000000E+00
  bsqc  :  0.000000E+00
  bsqr  :  0.000000E+00
  bsqi  :  0.000000E+00
  bsqs  :  0.000000E+00
  bsqg  :  0.000000E+00
  bsqhl :  0.000000E+00
  bsccn :  0.000000E+00
  bsccw :  0.000000E+00
  bscrw :  0.000000E+00
  bscci :  0.000000E+00
  bscsw :  0.000000E+00
  bschw :  0.000000E+00
  bschl :  0.000000E+00
  bsvhw :  0.000000E+00
  bsvhl :  0.000000E+00
 cm1out_stats.nc                                                       
   nrec =           13
            96             12.000000 min 
            97             12.125000 min 
            98             12.250000 min 
            99             12.375000 min 
           100             12.500000 min 
           101             12.625000 min 
           102             12.750000 min 
           103             12.875000 min 
  WMAX  :   41.8379       19   28   28    WMIN  :  -10.5192       18   25   20
  UMAX  :   49.6785       21   28   35    UMIN  :  -8.36373       20   28    2
  SUMAX :   6.24340       13   26    1    SUMIN :  -8.20595       20   27    1
  VMAX  :   38.3768       18   30   32    VMIN  :  -1.05118       18   30   12
  SVMAX :   18.7133       21   21    1    SVMIN :  0.982350       17   30    1
  PPIMAX:  0.235301E-02   18   28   32    PPIMIN: -0.109792E-02   20   28   26
  PPMAX :   363.174       18   28   32    PPMIN :  -310.523       19   29    1
  THPMAX:   19.0104       19   28   29    THPMIN:  -4.42163       19   28   34
  STHPMX:   1.16648       12   26    1    STHPMN:  0.188021       14   30    1
  MAXqv :  0.222729E-01   15   24    1    MINqv :  0.998717E-06   12    6   48
  MAXqc :  0.123333E-01   19   28   29    MINqc :   0.00000        1    1    1
  MAXqr :  0.340411E-03   19   28   29    MINqr :   0.00000        1    1    1
  MAXqi :  0.116719E-02   18   28   33    MINqi :   0.00000        1    1    1
  MAXqs :  0.474228E-04   18   28   32    MINqs :   0.00000        1    1    1
  MAXqg :  0.326150E-05   19   28   31    MINqg :   0.00000        1    1    1
  MAXqhl:   0.00000        1    1    1    MINqhl:   0.00000        1    1    1
  MAXccn:  0.163634E+10   15   28   29    MINccn:   0.00000       15   25    5
  MAXccw:  0.177996E+10   19   28   32    MINccw:   0.00000        1    1    1
  MAXcrw:  0.104487E+07   19   28   29    MINcrw:   0.00000        1    1    1
  MAXcci:  0.745236E+09   18   28   33    MINcci:   0.00000        1    1    1
  MAXcsw:   29046.5       18   27   32    MINcsw:   0.00000        1    1    1
  MAXchw:   475.871       18   28   32    MINchw:   0.00000        1    1    1
  MAXchl:   0.00000        1    1    1    MINchl:   0.00000        1    1    1
  MAXvhw:  0.152068E-07   19   28   31    MINvhw:   0.00000        1    1    1
  MAXvhl:   0.00000        1    1    1    MINvhl:   0.00000        1    1    1
  TKEMAX:   152.385       19   28   32    TKEMIN:   0.00000        1    1    1
  KMHMAX:   1504.91       19   28   32    KMHMIN:   0.00000        1    1    1
  KMVMAX:   1504.91       19   28   32    KMVMIN:   0.00000        1    1    1
  KHHMAX:   4514.73       19   28   32    KHHMIN:   0.00000        1    1    1
  KHVMAX:   4514.73       19   28   32    KHVMIN:   0.00000        1    1    1
  DIVMAX:  0.323513E-03   19   28   26    DIVMIN: -0.377210E-03   24   24   29
  RHMAX :  0.999404       25   25   19    RHMIN :  0.270991E-02   75   70   34
  RHIMAX:   1.40223       20   28   32    RHIMIN:  0.413161E-02   75   70   34
  THEMAX:   373.558       15   24    1    THEMIN:   318.794       75   72   16
  STHEMX:   373.558       15   24    1    STHEMN:   358.942       21   20    1
  QCTOP :   9781.897461    1    1    1    QCBOT :    569.454773    1    1    1
  SFPMAX:   95248.6        1   75    1    SFPMIN:   94855.8       19   29    1
  PSFCMX:   96082.5        2   75    1    PSFCMN:   95687.0       19   29    1
  WSPMAX:   55.5836       20   28   32    WSPMIN:   1.79050       17   30    1
  SWSPMX:   18.7834       21   20    1    SWSPMN:   1.79050       17   30    1
  CFLMAX:      0.808561   19   28   27
  KSHMAX:  0.846512E-02   19   28   32
  KSVMAX:  0.233015       17   25    9
  VORSFC:  0.964054E-03
  VOR1KM:  0.459675E-02
  VOR2KM:  0.698113E-02
  VOR3KM:  0.925433E-02
  VOR4KM:  0.838555E-02
  VOR5KM:  0.710195E-02
  TMASS :  0.207380E+15
  TMOIS :  0.736827E+12
  qv MAS:  0.735015E+12
  qc MAS:  0.179765E+10
  qr MAS:  0.101654E+08
  qi MAS:  0.377833E+07
  qs MAS:  0.348462E+06
  qg MAS:  0.371096E+05
  qhlMAS:  0.000000E+00
  TENERG:  0.521624E+20
  TMU   :  0.535698E+16
  TMV   :  0.338535E+16
  TMW   :  0.602622E+13
  TMFU  :  0.401286E+11
  TMFD  : -0.250788E+11
  tcond :  0.000000E+00
  tevac :  0.000000E+00
  tauto :  0.000000E+00
  taccr :  0.000000E+00
  tevar :  0.000000E+00
  train :  0.269511E+04
  erain :  0.000000E+00
  qsfc  :  0.000000E+00
  esfc  :  0.000000E+00
  erad  :  0.000000E+00
  asqv  :  0.000000E+00
  asqc  :  0.516835E+07
  asqr  :  0.511613E+03
  asqi  :  0.567199E+03
  asqs  :  0.311961E+02
  asqg  :  0.266108E+01
  asqhl :  0.000000E+00
  asccn : -0.214262E+18
  asccw :  0.132276E+19
  ascrw :  0.179200E+13
  ascci :  0.100285E+16
  ascsw :  0.150119E+11
  aschw :  0.208805E+09
  aschl :  0.000000E+00
  asvhw :  0.225635E-01
  asvhl :  0.000000E+00
  bsqv  :  0.000000E+00
  bsqc  :  0.000000E+00
  bsqr  :  0.000000E+00
  bsqi  :  0.000000E+00
  bsqs  :  0.000000E+00
  bsqg  :  0.000000E+00
  bsqhl :  0.000000E+00
  bsccn :  0.000000E+00
  bsccw :  0.000000E+00
  bscrw :  0.000000E+00
  bscci :  0.000000E+00
  bscsw :  0.000000E+00
  bschw :  0.000000E+00
  bschl :  0.000000E+00
  bsvhw :  0.000000E+00
  bsvhl :  0.000000E+00
 cm1out_stats.nc                                                       
   nrec =           14
           104             13.000000 min 
           105             13.125000 min 
           106             13.250000 min 
           107             13.375000 min 
           108             13.500000 min 
           109             13.625000 min 
           110             13.750000 min 
           111             13.875000 min 
  WMAX  :   45.6491       19   28   32    WMIN  :  -15.1013       20   26   28
  UMAX  :   54.7351       21   28   37    UMIN  :  -8.12488       20   27    1
  SUMAX :   6.55011       14   27    1    SUMIN :  -8.12488       20   27    1
  VMAX  :   42.5440       19   30   34    VMIN  :  -1.14498       18   31    9
  SVMAX :   18.9853       18   26    1    SVMIN :  0.640141       17   31    1
  PPIMAX:  0.321013E-02   19   28   35    PPIMIN: -0.142330E-02   21   29   28
  PPMAX :   425.650       19   28   35    PPMIN :  -293.508       19   30   13
  THPMAX:   21.8554       20   28   33    THPMIN:  -5.19537       19   28   39
  STHPMX:   1.26106       12   27    1    STHPMN:  0.206170       14   30    1
  MAXqv :  0.221059E-01   15   24    1    MINqv :  0.764522E-06   16   29   35
  MAXqc :  0.114129E-01   20   29   31    MINqc :   0.00000        1    1    1
  MAXqr :  0.475733E-03   19   28   31    MINqr :   0.00000        1    1    1
  MAXqi :  0.766773E-02   19   28   35    MINqi :   0.00000        1    1    1
  MAXqs :  0.456566E-03   19   28   34    MINqs :   0.00000        1    1    1
  MAXqg :  0.185668E-03   19   28   32    MINqg :   0.00000        1    1    1
  MAXqhl:   0.00000        1    1    1    MINqhl:   0.00000        1    1    1
  MAXccn:  0.166606E+10   22   26   29    MINccn:   0.00000       15   26    5
  MAXccw:  0.171085E+10   21   24    8    MINccw:   0.00000        1    1    1
  MAXcrw:  0.136793E+07   19   28   31    MINcrw:   0.00000        1    1    1
  MAXcci:  0.783614E+09   24   23   33    MINcci:   0.00000        1    1    1
  MAXcsw:   227230.       19   29   34    MINcsw:   0.00000        1    1    1
  MAXchw:   9475.69       19   28   34    MINchw:   0.00000        1    1    1
  MAXchl:   0.00000        1    1    1    MINchl:   0.00000        1    1    1
  MAXvhw:  0.498869E-06   20   28   33    MINvhw:   0.00000        1    1    1
  MAXvhl:   0.00000        1    1    1    MINvhl:   0.00000        1    1    1
  TKEMAX:   164.620       20   28   35    TKEMIN:   0.00000        1    1    1
  KMHMAX:   1621.01       20   28   35    KMHMIN:   0.00000        1    1    1
  KMVMAX:   1621.01       20   28   35    KMVMIN:   0.00000        1    1    1
  KHHMAX:   4863.03       20   28   35    KHHMIN:   0.00000        1    1    1
  KHVMAX:   4863.03       20   28   35    KHVMIN:   0.00000        1    1    1
  DIVMAX:  0.323657E-03   17   29   14    DIVMIN: -0.496317E-03   19   28   34
  RHMAX :   1.00427       26   25   18    RHMIN :  0.264162E-02   16   29   35
  RHIMAX:   1.40185       21   29   33    RHIMIN:  0.412992E-02   69   72   34
  THEMAX:   373.167       12   27    1    THEMIN:   318.801       74   71   16
  STHEMX:   373.167       12   27    1    STHEMN:   358.869       21   20    1
  QCTOP :  11919.884766    1    1    1    QCBOT :    569.454773    1    1    1
  SFPMAX:   95313.7        3    1    1    SFPMIN:   94881.5       20   30    1
  PSFCMX:   96148.0        3    1    1    PSFCMN:   95713.1       20   30    1
  WSPMAX:   60.4695       21   29   35    WSPMIN:   1.32483       17   31    1
  SWSPMX:   18.7538       18   25    1    SWSPMN:   1.32483       17   31    1
  CFLMAX:      0.827386   19   29   28
  KSHMAX:  0.911817E-02   20   28   35
  KSVMAX:  0.239652       17   25   10
  VORSFC:  0.100273E-02
  VOR1KM:  0.538038E-02
  VOR2KM:  0.802608E-02
  VOR3KM:  0.117935E-01
  VOR4KM:  0.110392E-01
  VOR5KM:  0.890633E-02
  TMASS :  0.207380E+15
  TMOIS :  0.736869E+12
  qv MAS:  0.734505E+12
  qc MAS:  0.222109E+10
  qr MAS:  0.241142E+08
  qi MAS:  0.110516E+09
  qs MAS:  0.514309E+07
  qg MAS:  0.306516E+07
  qhlMAS:  0.000000E+00
  TENERG:  0.521625E+20
  TMU   :  0.535725E+16
  TMV   :  0.338409E+16
  TMW   : -0.419780E+13
  TMFU  :  0.360707E+11
  TMFD  : -0.458189E+11
  tcond :  0.000000E+00
  tevac :  0.000000E+00
  tauto :  0.000000E+00
  taccr :  0.000000E+00
  tevar :  0.000000E+00
  train :  0.275625E+04
  erain :  0.000000E+00
  qsfc  :  0.000000E+00
  esfc  :  0.000000E+00
  erad  :  0.000000E+00
  asqv  :  0.000000E+00
  asqc  :  0.707263E+07
  asqr  :  0.331827E+04
  asqi  :  0.210830E+05
  asqs  :  0.249455E+03
  asqg  : -0.143239E+02
  asqhl :  0.000000E+00
  asccn : -0.219679E+18
  asccw :  0.156483E+19
  ascrw :  0.103067E+14
  ascci :  0.900187E+16
  ascsw :  0.127800E+12
  aschw :  0.144934E+10
  aschl :  0.000000E+00
  asvhw :  0.513968E+00
  asvhl :  0.000000E+00
  bsqv  :  0.000000E+00
  bsqc  :  0.000000E+00
  bsqr  :  0.000000E+00
  bsqi  :  0.000000E+00
  bsqs  :  0.000000E+00
  bsqg  :  0.000000E+00
  bsqhl :  0.000000E+00
  bsccn :  0.000000E+00
  bsccw :  0.000000E+00
  bscrw :  0.000000E+00
  bscci :  0.000000E+00
  bscsw :  0.000000E+00
  bschw :  0.000000E+00
  bschl :  0.000000E+00
  bsvhw :  0.000000E+00
  bsvhl :  0.000000E+00
 cm1out_stats.nc                                                       
   nrec =           15
           112             14.000000 min 
           113             14.125000 min 
           114             14.250000 min 
           115             14.375000 min 
           116             14.500000 min 
           117             14.625000 min 
           118             14.750000 min 
           119             14.875000 min 
   dowrite =  T
   Getting dbz ... 
  WMAX  :   59.4510       20   29   36    WMIN  :  -15.2171       20   26   27
  UMAX  :   65.3131       22   29   38    UMIN  :  -8.07887       21   29    2
  SUMAX :   6.34626       14   27    1    SUMIN :  -8.01162       26   23    1
  VMAX  :   44.9408       20   31   35    VMIN  :  -10.5491       20   28   38
  SVMAX :   20.0145       18   26    1    SVMIN :  0.166858       18   32    1
  PPIMAX:  0.431746E-02   20   29   39    PPIMIN: -0.186568E-02   22   29   31
  PPMAX :   449.527       20   29   39    PPMIN :  -304.133       21   30    1
  THPMAX:   22.4576       20   29   37    THPMIN:  -10.0081       20   29   40
  STHPMX:   1.27747       12   27    1    STHPMN:  0.217099       13   32    1
  MAXqv :  0.221280E-01   15   25    1    MINqv :  0.184281E-06   24   27   36
  MAXqc :  0.118674E-01   19   29   30    MINqc :   0.00000        1    1    1
  MAXqr :  0.878524E-03   20   29   32    MINqr :   0.00000        1    1    1
  MAXqi :  0.146187E-01   20   29   36    MINqi :   0.00000        1    1    1
  MAXqs :  0.936048E-03   20   29   36    MINqs :   0.00000        1    1    1
  MAXqg :  0.164049E-02   20   29   36    MINqg :   0.00000        1    1    1
  MAXqhl:   0.00000        1    1    1    MINqhl:   0.00000        1    1    1
  MAXccn:  0.163683E+10   23   27   32    MINccn:   0.00000       15   27    5
  MAXccw:  0.165756E+10   21   24    8    MINccw:   0.00000        1    1    1
  MAXcrw:  0.219521E+07   20   29   32    MINcrw:   0.00000        1    1    1
  MAXcci:  0.619853E+09   21   29   37    MINcci:   0.00000        1    1    1
  MAXcsw:   533147.       20   29   36    MINcsw:   0.00000        1    1    1
  MAXchw:   46518.2       21   29   36    MINchw:   0.00000        1    1    1
  MAXchl:   0.00000        1    1    1    MINchl:   0.00000        1    1    1
  MAXvhw:  0.475253E-05   20   29   36    MINvhw:   0.00000        1    1    1
  MAXvhl:   0.00000        1    1    1    MINvhl:   0.00000        1    1    1
  TKEMAX:   230.705       21   29   38    TKEMIN:   0.00000        1    1    1
  KMHMAX:   1988.51       21   29   38    KMHMIN:   0.00000        1    1    1
  KMVMAX:   1988.51       21   29   38    KMVMIN:   0.00000        1    1    1
  KHHMAX:   5965.54       21   29   38    KHHMIN:   0.00000        1    1    1
  KHVMAX:   5965.54       21   29   38    KHVMIN:   0.00000        1    1    1
  DIVMAX:  0.661517E-03   20   29   36    DIVMIN: -0.627048E-03   20   29   37
  RHMAX :   1.01654       22   30   18    RHMIN :  0.822826E-03   24   27   36
  RHIMAX:   1.45703       20   30   38    RHIMIN:  0.133459E-02   24   27   36
  THEMAX:   373.052       15   25    1    THEMIN:   318.810       74   71   16
  STHEMX:   373.052       15   25    1    STHEMN:   358.801       21   20    1
  QCTOP :  13700.000000    1    1    1    QCBOT :    569.454773    1    1    1
  SFPMAX:   95245.4       75    1    1    SFPMIN:   94862.2       21   30    1
  PSFCMX:   96079.2       75    1    1    PSFCMN:   95693.5       21   30    1
  WSPMAX:   66.9076       22   29   37    WSPMIN:  0.641428       18   31    1
  SWSPMX:   19.6611       18   26    1    SWSPMN:  0.641428       18   31    1
  CFLMAX:      0.909329   20   29   32
  KSHMAX:  0.111854E-01   21   29   38
  KSVMAX:  0.245129       17   26   12
  VORSFC:  0.100907E-02
  VOR1KM:  0.549597E-02
  VOR2KM:  0.797788E-02
  VOR3KM:  0.109571E-01
  VOR4KM:  0.110646E-01
  VOR5KM:  0.989364E-02
  TMASS :  0.207380E+15
  TMOIS :  0.736918E+12
  qv MAS:  0.733909E+12
  qc MAS:  0.242529E+10
  qr MAS:  0.366603E+08
  qi MAS:  0.482489E+09
  qs MAS:  0.277058E+08
  qg MAS:  0.366404E+08
  qhlMAS:  0.000000E+00
  TENERG:  0.521627E+20
  TMU   :  0.535814E+16
  TMV   :  0.338365E+16
  TMW   :  0.647810E+13
  TMFU  :  0.509628E+11
  TMFD  : -0.363671E+11
  tcond :  0.000000E+00
  tevac :  0.000000E+00
  tauto :  0.000000E+00
  taccr :  0.000000E+00
  tevar :  0.000000E+00
  train :  0.279543E+04
  erain :  0.000000E+00
  qsfc  :  0.000000E+00
  esfc  :  0.000000E+00
  erad  :  0.000000E+00
  asqv  :  0.000000E+00
  asqc  :  0.957375E+07
  asqr  :  0.129847E+05
  asqi  :  0.879387E+05
  asqs  : -0.346590E+03
  asqg  :  0.530131E+03
  asqhl :  0.000000E+00
  asccn : -0.187331E+18
  asccw :  0.175126E+19
  ascrw :  0.425921E+14
  ascci :  0.204899E+17
  ascsw :  0.111608E+12
  aschw : -0.719553E+11
  aschl :  0.000000E+00
  asvhw :  0.277281E+01
  asvhl :  0.000000E+00
  bsqv  :  0.000000E+00
  bsqc  :  0.000000E+00
  bsqr  :  0.000000E+00
  bsqi  :  0.000000E+00
  bsqs  :  0.000000E+00
  bsqg  :  0.000000E+00
  bsqhl :  0.000000E+00
  bsccn :  0.000000E+00
  bsccw :  0.000000E+00
  bscrw :  0.000000E+00
  bscci :  0.000000E+00
  bscsw :  0.000000E+00
  bschw :  0.000000E+00
  bschl :  0.000000E+00
  bsvhw :  0.000000E+00
  bsvhl :  0.000000E+00
 cm1out_stats.nc                                                       
   nrec =           16
           120             15.000000 min 
   nwrite =            2
 cm1out.nc                                                             
     2d vars 
     s vars 
     u vars 
     v vars 
     w vars 

 Done Writing Data to File 

   string = cm1out_rst_000003.nc                                                  
  USING COMPRESSED netCDF4 
   leaving restart_prelim 
           121             15.125000 min 
           122             15.250000 min 
           123             15.375000 min 
           124             15.500000 min 
           125             15.625000 min 
           126             15.750000 min 
           127             15.875000 min 
  WMAX  :   61.4935       21   30   38    WMIN  :  -16.5010       23   27   36
  UMAX  :   66.7282       23   29   40    UMIN  :  -8.12863       26   27    2
  SUMAX :   6.50322       15   27    1    SUMIN :  -8.03547       26   27    1
  VMAX  :   43.9364       21   32   38    VMIN  :  -22.8641       21   28   40
  SVMAX :   20.0081       19   27    1    SVMIN : -0.256747       18   32    1
  PPIMAX:  0.456768E-02   21   30   41    PPIMIN: -0.175554E-02   22   28   32
  PPMAX :   414.819       21   30   41    PPMIN :  -378.152       19   31   17
  THPMAX:   21.3489       20   29   36    THPMIN:  -19.2422       21   29   44
  STHPMX:   1.24479       12   28    1    STHPMN:  0.228819       13   32    1
  MAXqv :  0.219906E-01   15   25    1    MINqv :  0.571218E-06   16   29   35
  MAXqc :  0.112043E-01   20   30   33    MINqc :   0.00000        1    1    1
  MAXqr :  0.799305E-03   20   29   32    MINqr :   0.00000        1    1    1
  MAXqi :  0.142158E-01   21   30   35    MINqi :   0.00000        1    1    1
  MAXqs :  0.111203E-02   21   29   35    MINqs :   0.00000        1    1    1
  MAXqg :  0.201709E-02   20   29   36    MINqg :   0.00000        1    1    1
  MAXqhl:   0.00000        1    1    1    MINqhl:   0.00000        1    1    1
  MAXccn:  0.164759E+10   24   27   36    MINccn:   0.00000       15   28    5
  MAXccw:  0.155275E+10   22   24    8    MINccw:   0.00000        1    1    1
  MAXcrw:  0.175365E+07   20   30   32    MINcrw:   0.00000        1    1    1
  MAXcci:  0.641959E+09   21   30   35    MINcci:   0.00000        1    1    1
  MAXcsw:   682597.       25   24   35    MINcsw:   0.00000        1    1    1
  MAXchw:   34829.2       21   30   35    MINchw:   0.00000        1    1    1
  MAXchl:   0.00000        1    1    1    MINchl:   0.00000        1    1    1
  MAXvhw:  0.569907E-05   20   29   36    MINvhw:   0.00000        1    1    1
  MAXvhl:   0.00000        1    1    1    MINvhl:   0.00000        1    1    1
  TKEMAX:   221.930       21   29   42    TKEMIN:   0.00000        1    1    1
  KMHMAX:   1992.74       21   29   42    KMHMIN:   0.00000        1    1    1
  KMVMAX:   1992.74       21   29   42    KMVMIN:   0.00000        1    1    1
  KHHMAX:   5978.22       21   29   42    KHHMIN:   0.00000        1    1    1
  KHVMAX:   5978.22       21   29   42    KHVMIN:   0.00000        1    1    1
  DIVMAX:  0.464537E-03   22   30   34    DIVMIN: -0.484803E-03   21   29   38
  RHMAX :   1.00653       23   30   26    RHMIN :  0.185791E-02   21   24   35
  RHIMAX:   1.44547       24   30   36    RHIMIN:  0.290262E-02   21   24   35
  THEMAX:   372.715       15   25    1    THEMIN:   318.825       70   72   16
  STHEMX:   372.715       15   25    1    STHEMN:   358.717       20   26    1
  QCTOP :  15500.000000    1    1    1    QCBOT :    569.454773    1    1    1
  SFPMAX:   95258.0        4    2    1    SFPMIN:   94824.6       25   28    1
  PSFCMX:   96091.9        4    2    1    PSFCMN:   95655.7       25   28    1
  WSPMAX:   67.5752       23   30   39    WSPMIN:   1.24121       18   32    1
  SWSPMX:   20.3997       18   26    1    SWSPMN:   1.24121       18   32    1
  CFLMAX:      0.888190   20   29   32
  KSHMAX:  0.112092E-01   21   29   42
  KSVMAX:  0.257277       17   27   14
  VORSFC:  0.105181E-02
  VOR1KM:  0.547203E-02
  VOR2KM:  0.857976E-02
  VOR3KM:  0.130129E-01
  VOR4KM:  0.130283E-01
  VOR5KM:  0.131311E-01
  TMASS :  0.207380E+15
  TMOIS :  0.736979E+12
  qv MAS:  0.733199E+12
  qc MAS:  0.239338E+10
  qr MAS:  0.368324E+08
  qi MAS:  0.115377E+10
  qs MAS:  0.742066E+08
  qg MAS:  0.120875E+09
  qhlMAS:  0.000000E+00
  TENERG:  0.521628E+20
  TMU   :  0.535861E+16
  TMV   :  0.338221E+16
  TMW   : -0.524638E+13
  TMFU  :  0.486983E+11
  TMFD  : -0.625313E+11
  tcond :  0.000000E+00
  tevac :  0.000000E+00
  tauto :  0.000000E+00
  taccr :  0.000000E+00
  tevar :  0.000000E+00
  train :  0.282389E+04
  erain :  0.000000E+00
  qsfc  :  0.000000E+00
  esfc  :  0.000000E+00
  erad  :  0.000000E+00
  asqv  :  0.000000E+00
  asqc  :  0.160956E+08
  asqr  :  0.210929E+05
  asqi  :  0.192009E+06
  asqs  : -0.252182E+04
  asqg  :  0.496357E+04
  asqhl :  0.000000E+00
  asccn : -0.129611E+18
  asccw :  0.197079E+19
  ascrw :  0.728448E+14
  ascci :  0.269579E+17
  ascsw :  0.311356E+12
  aschw :  0.997633E+08
  aschl :  0.000000E+00
  asvhw :  0.165882E+02
  asvhl :  0.000000E+00
  bsqv  :  0.000000E+00
  bsqc  :  0.000000E+00
  bsqr  :  0.000000E+00
  bsqi  :  0.000000E+00
  bsqs  :  0.000000E+00
  bsqg  :  0.000000E+00
  bsqhl :  0.000000E+00
  bsccn :  0.000000E+00
  bsccw :  0.000000E+00
  bscrw :  0.000000E+00
  bscci :  0.000000E+00
  bscsw :  0.000000E+00
  bschw :  0.000000E+00
  bschl :  0.000000E+00
  bsvhw :  0.000000E+00
  bsvhl :  0.000000E+00
 cm1out_stats.nc                                                       
   nrec =           17
           128             16.000000 min 
           129             16.125000 min 
           130             16.250000 min 
           131             16.375000 min 
           132             16.500000 min 
           133             16.625000 min 
           134             16.750000 min 
           135             16.875000 min 
  WMAX  :   67.5332       21   30   39    WMIN  :  -18.2348       18   30   33
  UMAX  :   70.4792       24   30   43    UMIN  :  -8.53227       27   27    1
  SUMAX :   6.84185       17   30    1    SUMIN :  -8.53227       27   27    1
  VMAX  :   43.2594       22   32   42    VMIN  :  -27.6597       22   28   41
  SVMAX :   21.2111       18   27    1    SVMIN : -0.797844       19   33    1
  PPIMAX:  0.437856E-02   22   30   44    PPIMIN: -0.154406E-02   22   28   34
  PPMAX :   345.560       21   30   41    PPMIN :  -368.000       20   31   13
  THPMAX:   21.8197       20   30   33    THPMIN:  -36.6871       22   30   45
  STHPMX:   1.29072       12   28    1    STHPMN:  0.236528       14   32    1
  MAXqv :  0.218063E-01   13   28    1    MINqv :  0.687870E-06   21   25   35
  MAXqc :  0.116290E-01   20   30   31    MINqc :   0.00000        1    1    1
  MAXqr :  0.236980E-02   21   30   31    MINqr :   0.00000        1    1    1
  MAXqi :  0.124658E-01   21   29   35    MINqi :   0.00000        1    1    1
  MAXqs :  0.194790E-02   21   30   35    MINqs :   0.00000        1    1    1
  MAXqg :  0.273335E-02   21   30   35    MINqg :   0.00000        1    1    1
  MAXqhl:   0.00000        1    1    1    MINqhl:   0.00000        1    1    1
  MAXccn:  0.163569E+10   17   30   34    MINccn:   0.00000       15   28    7
  MAXccw:  0.149739E+10   19   31    7    MINccw:   0.00000        1    1    1
  MAXcrw:  0.306388E+07   21   30   32    MINcrw:   0.00000        1    1    1
  MAXcci:  0.606767E+09   21   29   35    MINcci:   0.00000        1    1    1
  MAXcsw:   662787.       26   25   36    MINcsw:   0.00000        1    1    1
  MAXchw:   51626.2       21   30   35    MINchw:   0.00000        1    1    1
  MAXchl:   0.00000        1    1    1    MINchl:   0.00000        1    1    1
  MAXvhw:  0.773692E-05   21   30   35    MINvhw:   0.00000        1    1    1
  MAXvhl:   0.00000        1    1    1    MINvhl:   0.00000        1    1    1
  TKEMAX:   211.289       22   30   45    TKEMIN:   0.00000        1    1    1
  KMHMAX:   1944.76       22   30   45    KMHMIN:   0.00000        1    1    1
  KMVMAX:   1944.76       22   30   45    KMVMIN:   0.00000        1    1    1
  KHHMAX:   5834.28       22   30   45    KHHMIN:   0.00000        1    1    1
  KHVMAX:   5834.28       22   30   45    KHVMIN:   0.00000        1    1    1
  DIVMAX:  0.478411E-03   21   30   35    DIVMIN: -0.518159E-03   22   30   39
  RHMAX :   1.01128       25   27   13    RHMIN :  0.186278E-02   21   25   34
  RHIMAX:   1.39620       27   26   34    RHIMIN:  0.279597E-02   21   25   34
  THEMAX:   372.349       13   28    1    THEMIN:   318.841       71   73   16
  STHEMX:   372.349       13   28    1    STHEMN:   358.660       20   26    1
  QCTOP :  17300.000000    1    1    1    QCBOT :    569.454773    1    1    1
  SFPMAX:   95246.8        8   75    1    SFPMIN:   94818.3       26   28    1
  PSFCMX:   96080.6        8   75    1    PSFCMN:   95649.4       26   28    1
  WSPMAX:   66.6816       24   30   42    WSPMIN:  0.789306E-01   19   33    1
  SWSPMX:   20.4892       18   26    1    SWSPMN:  0.789306E-01   19   33    1
  CFLMAX:      0.934967   20   30   31
  KSHMAX:  0.109393E-01   22   30   45
  KSVMAX:  0.269878       18   27   13
  VORSFC:  0.117378E-02
  VOR1KM:  0.635204E-02
  VOR2KM:  0.898290E-02
  VOR3KM:  0.116632E-01
  VOR4KM:  0.124023E-01
  VOR5KM:  0.122099E-01
  TMASS :  0.207380E+15
  TMOIS :  0.737043E+12
  qv MAS:  0.732482E+12
  qc MAS:  0.221026E+10
  qr MAS:  0.379125E+08
  qi MAS:  0.195935E+10
  qs MAS:  0.131418E+09
  qg MAS:  0.222278E+09
  qhlMAS:  0.000000E+00
  TENERG:  0.521630E+20
  TMU   :  0.535934E+16
  TMV   :  0.338176E+16
  TMW   :  0.677028E+13
  TMFU  :  0.642698E+11
  TMFD  : -0.497495E+11
  tcond :  0.000000E+00
  tevac :  0.000000E+00
  tauto :  0.000000E+00
  taccr :  0.000000E+00
  tevar :  0.000000E+00
  train :  0.284469E+04
  erain :  0.000000E+00
  qsfc  :  0.000000E+00
  esfc  :  0.000000E+00
  erad  :  0.000000E+00
  asqv  :  0.000000E+00
  asqc  :  0.256381E+08
  asqr  :  0.374676E+05
  asqi  :  0.244416E+06
  asqs  : -0.382088E+04
  asqg  :  0.116426E+05
  asqhl :  0.000000E+00
  asccn : -0.148924E+17
  asccw :  0.222533E+19
  ascrw :  0.127818E+15
  ascci :  0.218476E+17
  ascsw : -0.406490E+12
  aschw :  0.904371E+11
  aschl :  0.000000E+00
  asvhw :  0.382323E+02
  asvhl :  0.000000E+00
  bsqv  :  0.000000E+00
  bsqc  :  0.000000E+00
  bsqr  :  0.000000E+00
  bsqi  :  0.000000E+00
  bsqs  :  0.000000E+00
  bsqg  :  0.000000E+00
  bsqhl :  0.000000E+00
  bsccn :  0.000000E+00
  bsccw :  0.000000E+00
  bscrw :  0.000000E+00
  bscci :  0.000000E+00
  bscsw :  0.000000E+00
  bschw :  0.000000E+00
  bschl :  0.000000E+00
  bsvhw :  0.000000E+00
  bsvhl :  0.000000E+00
 cm1out_stats.nc                                                       
   nrec =           18
           136             17.000000 min 
           137             17.125000 min 
           138             17.250000 min 
           139             17.375000 min 
           140             17.500000 min 
           141             17.625000 min 
           142             17.750000 min 
           143             17.875000 min 
  WMAX  :   65.0685       21   30   39    WMIN  :  -18.9912       23   27   41
  UMAX  :   70.3522       25   31   44    UMIN  :  -16.1127       21   30   45
  SUMAX :   7.98161       18   31    1    SUMIN :  -8.72836       27   28    1
  VMAX  :   49.9188       23   33   44    VMIN  :  -35.0522       23   29   45
  SVMAX :   21.5726       18   27    1    SVMIN : -0.715801       19   33    1
  PPIMAX:  0.412846E-02   22   30   44    PPIMIN: -0.168741E-02   20   32   17
  PPMAX :   321.380       22   31   43    PPMIN :  -432.234       20   32   16
  THPMAX:   19.2910       21   31   36    THPMIN:  -46.9198       23   30   46
  STHPMX:   1.31668       13   28    1    STHPMN:  0.245490       14   32    1
  MAXqv :  0.217355E-01   12   29    1    MINqv :  0.596961E-06   22   25   35
  MAXqc :  0.112939E-01   20   31   30    MINqc :   0.00000        1    1    1
  MAXqr :  0.952655E-03   21   30   32    MINqr :   0.00000        1    1    1
  MAXqi :  0.121456E-01   21   31   35    MINqi :   0.00000        1    1    1
  MAXqs :  0.172063E-02   22   30   34    MINqs :   0.00000        1    1    1
  MAXqg :  0.386807E-02   21   30   35    MINqg :   0.00000        1    1    1
  MAXqhl:   0.00000        1    1    1    MINqhl:   0.00000        1    1    1
  MAXccn:  0.164250E+10   24   26    6    MINccn:   0.00000       17   27    5
  MAXccw:  0.145943E+10   19   31   11    MINccw:   0.00000        1    1    1
  MAXcrw:  0.198055E+07   21   30   32    MINcrw:   0.00000        1    1    1
  MAXcci:  0.686014E+09   21   29   35    MINcci:   0.00000        1    1    1
  MAXcsw:   697720.       21   30   35    MINcsw:   0.00000        1    1    1
  MAXchw:   54226.6       21   30   35    MINchw:   0.00000        1    1    1
  MAXchl:   0.00000        1    1    1    MINchl:   0.00000        1    1    1
  MAXvhw:  0.939134E-05   21   30   35    MINvhw:   0.00000        1    1    1
  MAXvhl:   0.00000        1    1    1    MINvhl:   0.00000        1    1    1
  TKEMAX:   223.883       21   30   45    TKEMIN:   0.00000        1    1    1
  KMHMAX:   2001.88       21   30   45    KMHMIN:   0.00000        1    1    1
  KMVMAX:   2001.88       21   30   45    KMVMIN:   0.00000        1    1    1
  KHHMAX:   6005.63       21   30   45    KHHMIN:   0.00000        1    1    1
  KHVMAX:   6005.63       21   30   45    KHVMIN:   0.00000        1    1    1
  DIVMAX:  0.508318E-03   20   30   35    DIVMIN: -0.520399E-03   22   30   43
  RHMAX :   1.01021       29   27   20    RHMIN :  0.174289E-02   22   25   35
  RHIMAX:   1.87767       23   29   46    RHIMIN:  0.269653E-02   22   25   35
  THEMAX:   371.964       13   28    1    THEMIN:   318.849       71   74   16
  STHEMX:   371.964       13   28    1    STHEMN:   358.629       20   27    1
  QCTOP :  18500.000000    1    1    1    QCBOT :    745.283569    1    1    1
  SFPMAX:   95239.0        5   51    1    SFPMIN:   94826.2       27   29    1
  PSFCMX:   96072.7        5   51    1    PSFCMN:   95657.3       27   29    1
  WSPMAX:   67.4385       24   31   44    WSPMIN:  0.823749       20   34    1
  SWSPMX:   20.7746       19   27    1    SWSPMN:  0.823749       20   34    1
  CFLMAX:      0.898968   21   31   36
  KSHMAX:  0.112606E-01   21   30   45
  KSVMAX:  0.256809       18   28   15
  VORSFC:  0.121307E-02
  VOR1KM:  0.658828E-02
  VOR2KM:  0.107484E-01
  VOR3KM:  0.121392E-01
  VOR4KM:  0.141118E-01
  VOR5KM:  0.139199E-01
  TMASS :  0.207380E+15
  TMOIS :  0.737109E+12
  qv MAS:  0.731789E+12
  qc MAS:  0.207768E+10
  qr MAS:  0.296816E+08
  qi MAS:  0.269204E+10
  qs MAS:  0.190253E+09
  qg MAS:  0.330036E+09
  qhlMAS:  0.000000E+00
  TENERG:  0.521631E+20
  TMU   :  0.535967E+16
  TMV   :  0.338077E+16
  TMW   : -0.579246E+13
  TMFU  :  0.600941E+11
  TMFD  : -0.759566E+11
  tcond :  0.000000E+00
  tevac :  0.000000E+00
  tauto :  0.000000E+00
  taccr :  0.000000E+00
  tevar :  0.000000E+00
  train :  0.285888E+04
  erain :  0.000000E+00
  qsfc  :  0.000000E+00
  esfc  :  0.000000E+00
  erad  :  0.000000E+00
  asqv  :  0.000000E+00
  asqc  :  0.343261E+08
  asqr  :  0.505276E+05
  asqi  :  0.284217E+06
  asqs  : -0.554372E+04
  asqg  :  0.171149E+05
  asqhl :  0.000000E+00
  asccn :  0.770881E+17
  asccw :  0.252057E+19
  ascrw :  0.183053E+15
  ascci :  0.165688E+17
  ascsw : -0.240949E+13
  aschw :  0.142216E+12
  aschl :  0.000000E+00
  asvhw :  0.563333E+02
  asvhl :  0.000000E+00
  bsqv  :  0.000000E+00
  bsqc  :  0.000000E+00
  bsqr  :  0.000000E+00
  bsqi  :  0.000000E+00
  bsqs  :  0.000000E+00
  bsqg  :  0.000000E+00
  bsqhl :  0.000000E+00
  bsccn :  0.000000E+00
  bsccw :  0.000000E+00
  bscrw :  0.000000E+00
  bscci :  0.000000E+00
  bscsw :  0.000000E+00
  bschw :  0.000000E+00
  bschl :  0.000000E+00
  bsvhw :  0.000000E+00
  bsvhl :  0.000000E+00
 cm1out_stats.nc                                                       
   nrec =           19
           144             18.000000 min 
           145             18.125000 min 
           146             18.250000 min 
           147             18.375000 min 
           148             18.500000 min 
           149             18.625000 min 
           150             18.750000 min 
           151             18.875000 min 
  WMAX  :   63.4170       21   31   38    WMIN  :  -20.5501       24   27   41
  UMAX  :   69.6957       25   29   45    UMIN  :  -30.7608       21   31   45
  SUMAX :   8.62990       18   31    1    SUMIN :  -8.93081       28   28    1
  VMAX  :   54.7940       23   34   44    VMIN  :  -38.8178       23   29   45
  SVMAX :   21.4333       19   28    1    SVMIN :  -1.23231       20   34    1
  PPIMAX:  0.374967E-02   22   31   44    PPIMIN: -0.153530E-02   21   33   26
  PPMAX :   281.521       22   31   43    PPMIN :  -407.102       21   32   14
  THPMAX:   19.9557       21   31   35    THPMIN:  -49.1543       23   31   47
  STHPMX:   1.26540       13   28    1    STHPMN:  0.255175       13   33    1
  MAXqv :  0.216630E-01   13   29    1    MINqv :  0.293184E-06   23   31   47
  MAXqc :  0.108655E-01   21   31   32    MINqc :   0.00000        1    1    1
  MAXqr :  0.152023E-02   22   31   31    MINqr :   0.00000        1    1    1
  MAXqi :  0.129114E-01   21   31   35    MINqi :   0.00000        1    1    1
  MAXqs :  0.229885E-02   22   31   36    MINqs :   0.00000        1    1    1
  MAXqg :  0.315271E-02   22   32   35    MINqg :   0.00000        1    1    1
  MAXqhl:   0.00000        1    1    1    MINqhl:   0.00000        1    1    1
  MAXccn:  0.165966E+10   27   28   43    MINccn:   0.00000       14   27    6
  MAXccw:  0.158551E+10   20   32    9    MINccw:   0.00000        1    1    1
  MAXcrw:  0.215494E+07   22   31   31    MINcrw:   0.00000        1    1    1
  MAXcci:  0.655633E+09   21   30   35    MINcci:   0.00000        1    1    1
  MAXcsw:  0.126201E+07   22   31   36    MINcsw:   0.00000        1    1    1
  MAXchw:   49428.0       22   32   35    MINchw:   0.00000        1    1    1
  MAXchl:   0.00000        1    1    1    MINchl:   0.00000        1    1    1
  MAXvhw:  0.999356E-05   22   32   35    MINvhw:   0.00000        1    1    1
  MAXvhl:   0.00000        1    1    1    MINvhl:   0.00000        1    1    1
  TKEMAX:   184.587       21   31   46    TKEMIN:   0.00000        1    1    1
  KMHMAX:   1796.30       21   31   45    KMHMIN:   0.00000        1    1    1
  KMVMAX:   1796.30       21   31   45    KMVMIN:   0.00000        1    1    1
  KHHMAX:   5388.90       21   31   45    KHHMIN:   0.00000        1    1    1
  KHVMAX:   5388.90       21   31   45    KHVMIN:   0.00000        1    1    1
  DIVMAX:  0.346818E-03   20   32   14    DIVMIN: -0.613203E-03   22   31   43
  RHMAX :   1.00497       24   28   11    RHMIN :  0.167626E-02   22   25   34
  RHIMAX:   2.13063       24   28   44    RHIMIN:  0.249624E-02   22   25   34
  THEMAX:   371.803       13   29    1    THEMIN:   318.853       72   74   16
  STHEMX:   371.803       13   29    1    STHEMN:   358.588       22   21    1
  QCTOP :  18500.000000    1    1    1    QCBOT :    569.454773    1    1    1
  SFPMAX:   95257.8        1   75    1    SFPMIN:   94840.8       22   33    1
  PSFCMX:   96091.7        1   75    1    PSFCMN:   95671.9       22   33    1
  WSPMAX:   68.8527       25   33   43    WSPMIN:  0.598965       20   33    1
  SWSPMX:   21.1934       19   27    1    SWSPMN:  0.598965       20   33    1
  CFLMAX:      0.884006   21   31   35
  KSHMAX:  0.101042E-01   21   31   45
  KSVMAX:  0.263897       19   28   14
  VORSFC:  0.149725E-02
  VOR1KM:  0.630240E-02
  VOR2KM:  0.935609E-02
  VOR3KM:  0.129155E-01
  VOR4KM:  0.132287E-01
  VOR5KM:  0.134233E-01
  TMASS :  0.207380E+15
  TMOIS :  0.737169E+12
  qv MAS:  0.731129E+12
  qc MAS:  0.200869E+10
  qr MAS:  0.274947E+08
  qi MAS:  0.331716E+10
  qs MAS:  0.249828E+09
  qg MAS:  0.436810E+09
  qhlMAS:  0.000000E+00
  TENERG:  0.521632E+20
  TMU   :  0.536007E+16
  TMV   :  0.338040E+16
  TMW   :  0.738735E+13
  TMFU  :  0.710077E+11
  TMFD  : -0.549373E+11
  tcond :  0.000000E+00
  tevac :  0.000000E+00
  tauto :  0.000000E+00
  taccr :  0.000000E+00
  tevar :  0.000000E+00
  train :  0.286848E+04
  erain :  0.000000E+00
  qsfc  :  0.000000E+00
  esfc  :  0.000000E+00
  erad  :  0.000000E+00
  asqv  :  0.000000E+00
  asqc  :  0.405931E+08
  asqr  :  0.612605E+05
  asqi  :  0.253452E+06
  asqs  : -0.504400E+04
  asqg  :  0.194076E+05
  asqhl :  0.000000E+00
  asccn :  0.145288E+18
  asccw :  0.276897E+19
  ascrw :  0.212988E+15
  ascci :  0.138666E+17
  ascsw : -0.281071E+13
  aschw :  0.170304E+12
  aschl :  0.000000E+00
  asvhw :  0.652665E+02
  asvhl :  0.000000E+00
  bsqv  :  0.000000E+00
  bsqc  :  0.000000E+00
  bsqr  :  0.000000E+00
  bsqi  :  0.000000E+00
  bsqs  :  0.000000E+00
  bsqg  :  0.000000E+00
  bsqhl :  0.000000E+00
  bsccn :  0.000000E+00
  bsccw :  0.000000E+00
  bscrw :  0.000000E+00
  bscci :  0.000000E+00
  bscsw :  0.000000E+00
  bschw :  0.000000E+00
  bschl :  0.000000E+00
  bsvhw :  0.000000E+00
  bsvhl :  0.000000E+00
 cm1out_stats.nc                                                       
   nrec =           20
           152             19.000000 min 
           153             19.125000 min 
           154             19.250000 min 
           155             19.375000 min 
           156             19.500000 min 
           157             19.625000 min 
           158             19.750000 min 
           159             19.875000 min 
   Getting dbz ... 
  WMAX  :   63.1061       22   32   41    WMIN  :  -25.2350       26   31   45
  UMAX  :   68.3541       26   32   45    UMIN  :  -32.8507       21   31   45
  SUMAX :   8.71203       19   32    1    SUMIN :  -9.40287       23   32    1
  VMAX  :   56.0757       23   35   44    VMIN  :  -42.3861       23   29   45
  SVMAX :   22.1449       19   28    1    SVMIN : -0.893906       20   35    1
  PPIMAX:  0.348699E-02   22   32   44    PPIMIN: -0.204942E-02   25   31   47
  PPMAX :   268.751       22   32   43    PPMIN :  -456.430       21   33   16
  THPMAX:   19.2181       26   31   47    THPMIN:  -50.9040       23   31   47
  STHPMX:   1.29608       13   29    1    STHPMN:  0.264305       14   33    1
  MAXqv :  0.215658E-01   13   29    1    MINqv :  0.241174E-06   23   31   47
  MAXqc :  0.106989E-01   21   32   29    MINqc :   0.00000        1    1    1
  MAXqr :  0.559288E-03   22   32   31    MINqr :   0.00000        1    1    1
  MAXqi :  0.106294E-01   23   31   47    MINqi :   0.00000        1    1    1
  MAXqs :  0.198363E-02   22   31   36    MINqs :   0.00000        1    1    1
  MAXqg :  0.364487E-02   22   32   35    MINqg :   0.00000        1    1    1
  MAXqhl:   0.00000        1    1    1    MINqhl:   0.00000        1    1    1
  MAXccn:  0.164386E+10   21   31    6    MINccn:   0.00000       13   28    5
  MAXccw:  0.165497E+10   21   33    8    MINccw:   0.00000        1    1    1
  MAXcrw:  0.131789E+07   22   32   31    MINcrw:   0.00000        1    1    1
  MAXcci:  0.590132E+09   22   30   35    MINcci:   0.00000        1    1    1
  MAXcsw:   923785.       22   31   36    MINcsw:   0.00000        1    1    1
  MAXchw:   60251.0       23   33   34    MINchw:   0.00000        1    1    1
  MAXchl:   0.00000        1    1    1    MINchl:   0.00000        1    1    1
  MAXvhw:  0.106252E-04   22   33   33    MINvhw:   0.00000        1    1    1
  MAXvhl:   0.00000        1    1    1    MINvhl:   0.00000        1    1    1
  TKEMAX:   156.045       21   31   46    TKEMIN:   0.00000        1    1    1
  KMHMAX:   1127.01       21   32   43    KMHMIN:   0.00000        1    1    1
  KMVMAX:   1127.01       21   32   43    KMVMIN:   0.00000        1    1    1
  KHHMAX:   3381.04       21   32   43    KHHMIN:   0.00000        1    1    1
  KHVMAX:   3381.04       21   32   43    KHVMIN:   0.00000        1    1    1
  DIVMAX:  0.407179E-03   20   33   14    DIVMIN: -0.570332E-03   22   32   43
  RHMAX :   1.79382       25   31   44    RHMIN :  0.165124E-02   22   26   34
  RHIMAX:   4.01534       25   31   44    RHIMIN:  0.244697E-02   22   26   34
  THEMAX:   371.613       13   29    1    THEMIN:   318.863       70   72   16
  STHEMX:   371.613       13   29    1    STHEMN:   358.550       22   21    1
  QCTOP :  19100.000000    1    1    1    QCBOT :    745.283569    1    1    1
  SFPMAX:   95225.6       11   59    1    SFPMIN:   94836.0       22   33    1
  PSFCMX:   96059.2       11   59    1    PSFCMN:   95667.0       22   33    1
  WSPMAX:   69.0384       25   34   44    WSPMIN:  0.930084       21   35    1
  SWSPMX:   20.6958       19   27    1    SWSPMN:  0.930084       21   35    1
  CFLMAX:      0.807340   22   32   38
  KSHMAX:  0.633945E-02   21   32   43
  KSVMAX:  0.257662       19   28   13
  VORSFC:  0.176796E-02
  VOR1KM:  0.670758E-02
  VOR2KM:  0.107383E-01
  VOR3KM:  0.119387E-01
  VOR4KM:  0.138769E-01
  VOR5KM:  0.143274E-01
  TMASS :  0.207380E+15
  TMOIS :  0.737232E+12
  qv MAS:  0.730522E+12
  qc MAS:  0.195860E+10
  qr MAS:  0.215311E+08
  qi MAS:  0.385796E+10
  qs MAS:  0.313576E+09
  qg MAS:  0.558867E+09
  qhlMAS:  0.000000E+00
  TENERG:  0.521633E+20
  TMU   :  0.535969E+16
  TMV   :  0.337902E+16
  TMW   : -0.554016E+13
  TMFU  :  0.640734E+11
  TMFD  : -0.786993E+11
  tcond :  0.000000E+00
  tevac :  0.000000E+00
  tauto :  0.000000E+00
  taccr :  0.000000E+00
  tevar :  0.000000E+00
  train :  0.287517E+04
  erain :  0.000000E+00
  qsfc  :  0.000000E+00
  esfc  :  0.000000E+00
  erad  :  0.000000E+00
  asqv  :  0.000000E+00
  asqc  :  0.450883E+08
  asqr  :  0.695427E+05
  asqi  :  0.256946E+06
  asqs  : -0.462674E+04
  asqg  :  0.209142E+05
  asqhl :  0.000000E+00
  asccn :  0.206556E+18
  asccw :  0.300344E+19
  ascrw :  0.231577E+15
  ascci :  0.115685E+17
  ascsw : -0.274624E+13
  aschw :  0.193783E+12
  aschl :  0.000000E+00
  asvhw :  0.707925E+02
  asvhl :  0.000000E+00
  bsqv  :  0.000000E+00
  bsqc  :  0.000000E+00
  bsqr  :  0.000000E+00
  bsqi  :  0.000000E+00
  bsqs  :  0.000000E+00
  bsqg  :  0.000000E+00
  bsqhl :  0.000000E+00
  bsccn :  0.000000E+00
  bsccw :  0.000000E+00
  bscrw :  0.000000E+00
  bscci :  0.000000E+00
  bscsw :  0.000000E+00
  bschw :  0.000000E+00
  bschl :  0.000000E+00
  bsvhw :  0.000000E+00
  bsvhl :  0.000000E+00
 cm1out_stats.nc                                                       
   nrec =           21
           160             20.000000 min 
   string = cm1out_rst_000004.nc                                                  
  USING COMPRESSED netCDF4 
   leaving restart_prelim 

 Total time:    7.75000048    

   sound    :        0.83   10.71%
   poiss    :        0.00    0.00%
   advs     :        1.29   16.65%
   advu     :        0.00    0.06%
   advv     :        0.03    0.39%
   advw     :        0.30    3.87%
   divx     :        0.00    0.06%
   buoyan   :        0.03    0.32%
   turb     :        0.09    1.10%
   sfcphys  :        0.00    0.00%
   tmix     :        0.22    2.84%
   cor      :        0.00    0.00%
   diffu    :        0.00    0.00%
   rdamp    :        0.00    0.00%
   microphy :        0.06    0.84%
   satadj   :        0.00    0.00%
   fallout  :        0.00    0.00%
   radiatio :        0.00    0.00%
   pbl      :        0.00    0.00%
   stat     :        0.15    1.94%
   cflq     :        0.00    0.00%
   bc       :        0.04    0.52%
   integ    :        0.13    1.68%
   write    :        0.25    3.23%
   restart  :        1.00   12.90%
   misc     :        0.43    5.48%
   swaths   :        0.00    0.00%
   pdef     :        0.42    5.42%
   prsrho   :        0.22    2.77%
   parcels  :        0.00    0.00%
   mp_total :        2.26   29.23%

   mpu1     :        0.00    0.00%
   mpu2     :        0.41    5.35%
   mpv1     :        0.00    0.00%
   mpv2     :        0.01    0.13%
   mpw1     :        0.00    0.00%
   mpw2     :        0.00    0.06%
   mpp1     :        0.00    0.00%
   mpp2     :        0.00    0.00%
   mps1     :        0.14    1.87%
   mps2     :        0.65    8.39%
   mps3     :        0.04    0.45%
   mps4     :        0.65    8.45%
   mpq1     :        0.00    0.00%
   mpq2     :        0.00    0.00%
   mptk1    :        0.35    4.52%
   mptk2    :        0.00    0.00%
   mpb      :        0.00    0.00%


   MN =    852851584.    

 Program terminated normally:  myid=           8
 Program terminated normally:  myid=          11
 Program terminated normally:  myid=          10
 Program terminated normally:  myid=          15
 Program terminated normally:  myid=          14
 Program terminated normally:  myid=           0
 Program terminated normally:  myid=          23
 Program terminated normally:  myid=          21
 Program terminated normally:  myid=          18
 Program terminated normally:  myid=          20
 Program terminated normally:  myid=           3
 Program terminated normally:  myid=           9
 Program terminated normally:  myid=          22
 Program terminated normally:  myid=           1
 Program terminated normally:  myid=          17
 Program terminated normally:  myid=           6
 Program terminated normally:  myid=          13
 Program terminated normally:  myid=          16
 Program terminated normally:  myid=          19
 Program terminated normally:  myid=           7
 Program terminated normally:  myid=           5
 Program terminated normally:  myid=           4
 Program terminated normally:  myid=           2
 Program terminated normally:  myid=          12
 Program terminated normally:  myid=          24
 Inside PARAM

   Everything is cool!
   ni,nj=          15          15


 dx        =   2000.00000    
 dy        =   2000.00000    
 dz        =   392.156860    
 dtl       =   7.50000000    
 timax     =   5400.00000    
 run_time  =   300.000000    
 tapfrq    =   900.000000    
 rstfrq    =   300.000000    
 statfrq   =   60.0000000    
 prclfrq   =   60.0000000    

 adapt_dt  =           0
 irst      =           1
 rstnum    =           4
 iconly    =           0
 hadvordrs =           5
 vadvordrs =           5
 hadvordrv =           5
 vadvordrv =           5
 pdscheme  =           1
 apmasscon =           1
 advwenos  =           2
 advwenov  =           0
 idiff     =           0
 mdiff     =           0
 difforder =           6
 imoist    =           1
 iturb     =           1
 tconfig   =           1
 bcturbs   =           1
 dns       =           0
 irdamp    =           1
 hrdamp    =           0
 psolver   =           3
 nsound    =           6
 ptype     =          27
 ihail     =           1
 iautoc    =           1
 icor      =           0
 pertcor   =           0
 eqtset    =           2
 idiss     =           1
 efall     =           0
 rterm     =           0
 wbc       =           2
 ebc       =           2
 sbc       =           2
 nbc       =           2
 bbc       =           1
 tbc       =           1
 irbc      =           4
 roflux    =           0
 isnd      =           7
 iwnd      =           2
 itern     =           0
 iinit     =           0
 irandp    =           0
 ibalance  =           0
 iorigin   =           1
 axisymm   =           0
 imove     =           0
 iptra     =           0
 npt       =           1
 pdtra     =           1
 iprcl     =           0
 nparcels  =           1

 kdiff2    =   75.0000000    
 kdiff6    =   3.99999991E-02
 fcor      =   0.00000000    
 kdiv      =  0.100000001    
 alph      =  0.600000024    
 rdalpha   =   3.33333341E-03
 zd        =   15000.0000    
 xhd       =   100000.000    
 umove     =   0.00000000    
 vmove     =   0.00000000    
 v_t       =   7.00000000    
 l_h       =   100.000000    
 lhref1    =   100.000000    
 lhref2    =   1000.00000    
 l_inf     =   100.000000    
 ndcnst    =   250.000000    

 radopt    =           0
 dtrad     =   300.000000    
 ctrlat    =   35.2358284    
 ctrlon    =  -97.4619370    
 year      =        2003
 month     =           5
 day       =           8
 hour      =          20
 minute    =          40
 second    =           0

 isfcflx   =           0
 sfcmodel  =           0
 oceanmodel=           0
 ipbl      =           0
 initsfc   =           1
 tsk0      =   299.279999    
 tmn0      =   297.279999    
 xland0    =   2.00000000    
 lu0       =          16
 season    =           1
 cecd      =           3
 pertflx   =           0
 cnstce    =   1.00000005E-03
 cnstcd    =   1.00000005E-03
 isftcflx  =           0
 iz0tlnd   =           0
 oml_hml0  =   50.0000000    
 oml_gamma =  0.140000001    

 stretch_x =           0
 dx_inner  =   1000.00000    
 dx_outer  =   7000.00000    
 nos_x_len =   40000.0000    
 tot_x_len =   120000.000    

 stretch_y =           0
 dy_inner  =   1000.00000    
 dy_outer  =   7000.00000    
 nos_y_len =   40000.0000    
 tot_y_len =   120000.000    

 stretch_z =           2
 ztop      =   20000.0000    
 str_bot   =   0.00000000    
 str_top   =   8625.00000    
 dz_bot    =   150.000000    
 dz_top    =   600.000000    

 bc_temp   =           1
 ptc_top   =   250.000000    
 ptc_bot   =   300.000000    
 viscosity =   25.0000000    
 pr_num    =  0.720000029    

 var1      =   0.00000000    
 var2      =   0.00000000    
 var3      =   0.00000000    
 var4      =   0.00000000    
 var5      =   0.00000000    
 var6      =   0.00000000    
 var7      =   0.00000000    
 var8      =   0.00000000    
 var9      =   0.00000000    
 var10     =   0.00000000    

&NSSL2MOM_PARAMS
 RHO_QR=  1000.00000    ,
 CNOR=  8000000.00    ,
 RHO_QS=  100.000000    ,
 CNOS=  3000000.00    ,
 RHO_QH=  500.000000    ,
 CNOH=  40000.0000    ,
 CCN=  2.00000000E+09,
 INFALL=4          ,
 ALPHAH=  0.00000000    ,
 ALPHAHL= 0.500000000    ,
 IMURAIN=1          ,
 ICDX=3          ,
 ICDXHL=3          ,
 DFRZ=  1.50000007E-04,
 HLDNMN=  500.000000    ,
 IFERWISVENTR=2          ,
 IEHW=1          ,
 IEHLW=1          ,
 EHW0= 0.750000000    ,
 EHLW0= 0.750000000    ,
 DMRAUTO=0          ,
 IOLDLIMITER=0          ,
 /

 ZGRID:  STRETCH FAC  =    1.0359004512429237     
 ZGRID:  DOMAIN  HGT  =    20000.0000    

 ZGRID:  STRETCH FAC  =    1.0359004512429237     
 ZGRID:  DOMAIN  HGT  =    20000.0000    

 ZGRID:  STRETCH FAC  =    1.0359004512429237     
 ZGRID:  DOMAIN  HGT  =    20000.0000    

 ZGRID:  STRETCH FAC  =    1.0359004512429237     
 ZGRID:  DOMAIN  HGT  =    20000.0000    

 ZGRID:  STRETCH FAC  =    1.0359004512429237     
 ZGRID:  DOMAIN  HGT  =    20000.0000    

 ZGRID:  STRETCH FAC  =    1.0359004512429237     
 ZGRID:  DOMAIN  HGT  =    20000.0000    

 ZGRID:  STRETCH FAC  =    1.0359004512429237     
 ZGRID:  DOMAIN  HGT  =    20000.0000    

 ZGRID:  STRETCH FAC  =    1.0359004512429237     
 ZGRID:  DOMAIN  HGT  =    20000.0000    

 ZGRID:  STRETCH FAC  =    1.0359004512429237     
 ZGRID:  DOMAIN  HGT  =    20000.0000    

 ZGRID:  STRETCH FAC  =    1.0359004512429237     
 ZGRID:  DOMAIN  HGT  =    20000.0000    

 ZGRID:  STRETCH FAC  =    1.0359004512429237     
 ZGRID:  DOMAIN  HGT  =    20000.0000    

 ZGRID:  STRETCH FAC  =    1.0359004512429237     
 ZGRID:  DOMAIN  HGT  =    20000.0000    

 ZGRID:  STRETCH FAC  =    1.0359004512429237     
 ZGRID:  DOMAIN  HGT  =    20000.0000    

 ZGRID:  STRETCH FAC  =    1.0359004512429237     
 ZGRID:  DOMAIN  HGT  =    20000.0000    

 ZGRID:  STRETCH FAC  =    1.0359004512429237     
 ZGRID:  DOMAIN  HGT  =    20000.0000    

 ZGRID:  STRETCH FAC  =    1.0359004512429237     
 ZGRID:  DOMAIN  HGT  =    20000.0000    

 ZGRID:  STRETCH FAC  =    1.0359004512429237     
 ZGRID:  DOMAIN  HGT  =    20000.0000    

 ZGRID:  STRETCH FAC  =    1.0359004512429237     
 ZGRID:  DOMAIN  HGT  =    20000.0000    

 ZGRID:  STRETCH FAC  =    1.0359004512429237     
 ZGRID:  DOMAIN  HGT  =    20000.0000    

 ZGRID:  STRETCH FAC  =    1.0359004512429237     
 ZGRID:  DOMAIN  HGT  =    20000.0000    

 ZGRID:  STRETCH FAC  =    1.0359004512429237     
 ZGRID:  DOMAIN  HGT  =    20000.0000    

 ZGRID:  STRETCH FAC  =    1.0359004512429237     
 ZGRID:  DOMAIN  HGT  =    20000.0000    

 ZGRID:  STRETCH FAC  =    1.0359004512429237     
 ZGRID:  DOMAIN  HGT  =    20000.0000    

 ZGRID:  STRETCH FAC  =    1.0359004512429237     
 ZGRID:  DOMAIN  HGT  =    20000.0000    

 iice      =           1
 idm       =           1
 idmplus   =           1
 numq      =          16
 nqv       =           1
 nqc       =           2
 nqr       =           3
 nqi       =           4
 nqs       =           5
 nqg       =           6
 nql1      =           2
 nql2      =           3
 nqs1      =           4
 nqs2      =           7
 nnc1      =           8
 nnc2      =          14
 nvl1      =          15
 nvl2      =          16
 nzl1      =           1
 nzl2      =           1

 nrain     =           1


 output_path      = ./                                                                    
 output_basename  = cm1out                                                                
 output_format    =           2
 output_filetype  =           1
 output_interp    =           0
 output_rain      =           1
 output_sws       =           1
 output_svs       =           1
 output_sps       =           1
 output_srs       =           1
 output_sgs       =           1
 output_sus       =           1
 output_shs       =           1
 output_coldpool  =           0
 output_sfcflx    =           0
 output_sfcparams =           0
 output_sfcdiags  =           0
 output_psfc      =           0
 output_zs        =           0
 output_zh        =           0
 output_basestate =           0
 output_th        =           1
 output_thpert    =           0
 output_prs       =           1
 output_prspert   =           0
 output_pi        =           0
 output_pipert    =           0
 output_rho       =           1
 output_rhopert   =           1
 output_tke       =           1
 output_km        =           1
 output_kh        =           1
 output_qv        =           1
 output_qvpert    =           0
 output_q         =           1
 output_dbz       =           1
 output_buoyancy  =           0
 output_u         =           1
 output_upert     =           0
 output_uinterp   =           1
 output_v         =           1
 output_vpert     =           0
 output_vinterp   =           1
 output_w         =           1
 output_winterp   =           1
 output_vort      =           0
 output_pv        =           0
 output_uh        =           0
 output_pblten    =           0
 output_dissten   =           0
 output_dissheat  =           0
 output_mptend    =           0
 output_fallvel   =           0
 output_nm        =           0
 output_def       =           0
 output_turbten   =           0
 output_impdiften =           0
 output_radten    =           0


 restart_format       =            2
 restart_filetype     =            1
 restart_file_theta   =  T
 restart_file_dbz     =  T
 restart_file_th0     =  T
 restart_file_prs0    =  T
 restart_file_pi0     =  T
 restart_file_rho0    =  T
 restart_file_qv0     =  T
 restart_file_u0      =  T
 restart_file_v0      =  T
 restart_file_zs      =  F
 restart_file_zh      =  F
 restart_file_zf      =  F
 restart_file_diags   =  F
 restart_use_theta    =  T
 restart_reset_frqtim =  T

   maxk =           51


   myid,mynode             =            0           0
   nodemaster,nodes,ppnode =            0           1          25
   nodex,nodey             =            5           5

   d2i   =           80
   d2is  =           75
   d2iu  =           76
   d2iv  =           75

   d2j   =           80
   d2js  =           75
   d2ju  =           75
   d2jv  =           76

   d3i   =           16
   d3is  =           15
   d3iu  =           16
   d3iv  =           15

   d3j   =           16
   d3js  =           15
   d3ju  =           15
   d3jv  =           16

   d3n   =           25
   d3t   =           24


 stat_w       =            1
 stat_u       =            1
 stat_v       =            1
 stat_rmw     =            0
 stat_pipert  =            1
 stat_prspert =            1
 stat_thpert  =            1
 stat_q       =            1
 stat_tke     =            1
 stat_km      =            1
 stat_kh      =            1
 stat_div     =            1
 stat_rh      =            1
 stat_rhi     =            1
 stat_the     =            1
 stat_cloud   =            1
 stat_sfcprs  =            1
 stat_wsp     =            1
 stat_cfl     =            1
 stat_vort    =            1
 stat_tmass   =            1
 stat_tmois   =            1
 stat_qmass   =            1
 stat_tenerg  =            1
 stat_mo      =            1
 stat_tmf     =            1
 stat_pcn     =            1
 stat_qsrc    =            1

 stat_out =          150


 prcl_th      =            0
 prcl_t       =            0
 prcl_prs     =            0
 prcl_ptra    =            0
 prcl_q       =            0
 prcl_nc      =            0
 prcl_km      =            0
 prcl_kh      =            0
 prcl_tke     =            0
 prcl_dbz     =            0
 prcl_b       =            0
 prcl_vpg     =            0
 prcl_vort    =            0
 prcl_rho     =            0
 prcl_qsat    =            0
 prcl_sfc     =            0


   c_m,c_l,ri_c  =   0.100000001      0.816500008      0.250000000    
   c_e1,c_e2,sum =   0.200001687      0.786958814      0.986960530    
   c_s,rcs       =   0.178412408       5.60499144    

   nparcels =            1
   npvals   =            1
     prx      =            0
     pry      =            0
     prz      =            0
     pru      =            0
     prv      =            0
     prw      =            0
     prth     =            0
     prt      =            0
     prprs    =            0
     prpt1    =            0
     prpt2    =            0
     prqv     =            0
     prq1     =            0
     prq2     =            0
     prnc1    =            0
     prnc2    =            0
     prkm     =            0
     prkh     =            0
     prtke    =            0
     prdbz    =            0
     prb      =            0
     prvpg    =            0
     przv     =            0
     prrho    =            0
     prqsl    =            0
     prqsi    =            0
     prznt    =            0
     prust    =            0

   myi,myj=           1           1

   mywest  =           4
   myeast  =           1
   mysouth =          20
   mynorth =           5

   mysw    =          24
   mynw    =           9
   myne    =           6
   myse    =          21

   cs1we   =         765
   cs1sn   =         765
   ct1we   =         780
   ct1sn   =         780
   cv1we   =         816
   cu1sn   =         816
   cw1we   =         750
   cw1sn   =         750
   cs2we   =        1530
   cs2sn   =        1530
   cs3we   =        2295
   cs3sn   =        2295
   ct3we   =        2340
   ct3sn   =        2340
   cv3we   =        2448
   cu3sn   =        2448
   cw3we   =        2250
   cw3sn   =        2250


 g     =   9.81000042    
 to    =   273.149994    
 rd    =   287.040009    
 rv    =   461.500000    
 cp    =   1005.70001    
 cv    =   718.660034    
 cpv   =   1870.00000    
 cvv   =   1408.50000    
 p00   =   100000.000    
 rp00  =   9.99999975E-06
 th0r  =   300.000000    
 rcp   =   9.94332251E-04
 pi    =   3.14159274    

 cpdcv =   1.39941001    
 rovcp =  0.285413146    
 rddcv =  0.399410009    
 cvdrd =   2.50369287    
 cpdrd =   3.50369287    
 eps   =  0.621971846    
 reps  =   1.60778975    
 repsm1=  0.607789755    
 cpt   =  0.859401345    
 cvt   =  0.959897518    
 pnum  =  -72634.2500    
 xlv   =   2501000.00    
 xls   =   2834000.00    
 lvdcp =   2486.82495    
 condc =   13476814.0    
 cpl   =   4190.00000    
 cpi   =   2106.00000    
 lv1   =   3134708.00    
 lv2   =   2320.00000    
 ls1   =   2898463.50    
 ls2   =   236.000000    
 karman=  0.400000006    

 timeformat   =           2
 timestats    =           1
 terrain_flag = F
 procfiles    = F

 nx    =          75
 ny    =          75
 nz    =          51

 nodex    =           5
 nodey    =           5
 numprocs =          25
 ppnode   =          25

 ni    =          15
 nj    =          15
 nk    =          51
 nkp1  =          52

 ib,ibm,ibi,ibc,ibt=       -2       -2       -2       -2       -2
 ie,iem,iei,iec,iet=       18       18       18       18       18
 jb,jbm,jbi,jbc,jbt=       -2       -2       -2       -2       -2
 je,jem,jei,jec,jet=       18       18       18       18       18
 kb,kbm,kbi,kbc,kbt=        0        0        0        0        0
 ke,kem,kei,kec,ket=       52       52       52       53       53

 imirror,jmirror =            0           0

 ibp,itb,ipb,ibr,ibb=        1        1        1        1        1
 iep,ite,ipe,ier,ieb=        1        1        1        1        1
 jbp,jtb,jpb,jbr,jbb=        1        1        1        1        1
 jep,jte,jpe,jer,jeb=        1        1        1        1        1
 kbp,ktb,kpb,kbr,kbb=        1        1        1        1        1
 kep,kte,kpe,ker,keb=        1        1        1        1        1

 ibd               =        1
 ied               =        1
 jbd               =        1
 jed               =        1
 kbd               =        1
 ked               =        1

 ibl               =        1
 iel               =        1
 jbl               =        1
 jel               =        1

 imp,jmp,kmp,kmt,rmp,cmp =     15     15     51     52      8      3

 rdx    =   5.00000024E-04
 rdy    =   5.00000024E-04
 rdz    =   2.55000009E-03
 rdx2   =   2.50000012E-04
 rdy2   =   2.50000012E-04
 rdz2   =   1.27500005E-03
 rdx4   =   1.25000006E-04
 rdy4   =   1.25000006E-04
 rdz4   =   6.37500023E-04
 govtwo =   4.90500021    
 clwsat =   9.99999997E-07
 smeps  =   1.00000000E-30
 tsmall =   9.99999975E-05
 qsmall =   9.99999982E-15
 cstar  =   30.0000000    
 csmax  =   350.000000    
 epsilon=   1.00000005E-18


 x:
      i         xf           xh         dx         uf         uh
 ---------------------------------------------------------------
      -2      -6000.00      -5000.00     2000.00     1.0000     1.0000   x
      -1      -4000.00      -3000.00     2000.00     1.0000     1.0000   x
       0      -2000.00      -1000.00     2000.00     1.0000     1.0000   x
       1          0.00       1000.00     2000.00     1.0000     1.0000    
       2       2000.00       3000.00     2000.00     1.0000     1.0000    
       3       4000.00       5000.00     2000.00     1.0000     1.0000    
       4       6000.00       7000.00     2000.00     1.0000     1.0000    
       5       8000.00       9000.00     2000.00     1.0000     1.0000    
       6      10000.00      11000.00     2000.00     1.0000     1.0000    
       7      12000.00      13000.00     2000.00     1.0000     1.0000    
       8      14000.00      15000.00     2000.00     1.0000     1.0000    
       9      16000.00      17000.00     2000.00     1.0000     1.0000    
      10      18000.00      19000.00     2000.00     1.0000     1.0000    
      11      20000.00      21000.00     2000.00     1.0000     1.0000    
      12      22000.00      23000.00     2000.00     1.0000     1.0000    
      13      24000.00      25000.00     2000.00     1.0000     1.0000    
      14      26000.00      27000.00     2000.00     1.0000     1.0000    
      15      28000.00      29000.00     2000.00     1.0000     1.0000    
      16      30000.00      31000.00     2000.00     1.0000     1.0000    
      17      32000.00      33000.00     2000.00     1.0000     1.0000    
      18      34000.00      35000.00     2000.00     1.0000     1.0000    
      19      36000.00      37000.00     2000.00     1.0000     1.0000    
      20      38000.00      39000.00     2000.00     1.0000     1.0000    
      21      40000.00      41000.00     2000.00     1.0000     1.0000    
      22      42000.00      43000.00     2000.00     1.0000     1.0000    
      23      44000.00      45000.00     2000.00     1.0000     1.0000    
      24      46000.00      47000.00     2000.00     1.0000     1.0000    
      25      48000.00      49000.00     2000.00     1.0000     1.0000    
      26      50000.00      51000.00     2000.00     1.0000     1.0000    
      27      52000.00      53000.00     2000.00     1.0000     1.0000    
      28      54000.00      55000.00     2000.00     1.0000     1.0000    
      29      56000.00      57000.00     2000.00     1.0000     1.0000    
      30      58000.00      59000.00     2000.00     1.0000     1.0000    
      31      60000.00      61000.00     2000.00     1.0000     1.0000    
      32      62000.00      63000.00     2000.00     1.0000     1.0000    
      33      64000.00      65000.00     2000.00     1.0000     1.0000    
      34      66000.00      67000.00     2000.00     1.0000     1.0000    
      35      68000.00      69000.00     2000.00     1.0000     1.0000    
      36      70000.00      71000.00     2000.00     1.0000     1.0000    
      37      72000.00      73000.00     2000.00     1.0000     1.0000    
      38      74000.00      75000.00     2000.00     1.0000     1.0000    
      39      76000.00      77000.00     2000.00     1.0000     1.0000    
      40      78000.00      79000.00     2000.00     1.0000     1.0000    
      41      80000.00      81000.00     2000.00     1.0000     1.0000    
      42      82000.00      83000.00     2000.00     1.0000     1.0000    
      43      84000.00      85000.00     2000.00     1.0000     1.0000    
      44      86000.00      87000.00     2000.00     1.0000     1.0000    
      45      88000.00      89000.00     2000.00     1.0000     1.0000    
      46      90000.00      91000.00     2000.00     1.0000     1.0000    
      47      92000.00      93000.00     2000.00     1.0000     1.0000    
      48      94000.00      95000.00     2000.00     1.0000     1.0000    
      49      96000.00      97000.00     2000.00     1.0000     1.0000    
      50      98000.00      99000.00     2000.00     1.0000     1.0000    
      51     100000.00     101000.00     2000.00     1.0000     1.0000    
      52     102000.00     103000.00     2000.00     1.0000     1.0000    
      53     104000.00     105000.00     2000.00     1.0000     1.0000    
      54     106000.00     107000.00     2000.00     1.0000     1.0000    
      55     108000.00     109000.00     2000.00     1.0000     1.0000    
      56     110000.00     111000.00     2000.00     1.0000     1.0000    
      57     112000.00     113000.00     2000.00     1.0000     1.0000    
      58     114000.00     115000.00     2000.00     1.0000     1.0000    
      59     116000.00     117000.00     2000.00     1.0000     1.0000    
      60     118000.00     119000.00     2000.00     1.0000     1.0000    
      61     120000.00     121000.00     2000.00     1.0000     1.0000    
      62     122000.00     123000.00     2000.00     1.0000     1.0000    
      63     124000.00     125000.00     2000.00     1.0000     1.0000    
      64     126000.00     127000.00     2000.00     1.0000     1.0000    
      65     128000.00     129000.00     2000.00     1.0000     1.0000    
      66     130000.00     131000.00     2000.00     1.0000     1.0000    
      67     132000.00     133000.00     2000.00     1.0000     1.0000    
      68     134000.00     135000.00     2000.00     1.0000     1.0000    
      69     136000.00     137000.00     2000.00     1.0000     1.0000    
      70     138000.00     139000.00     2000.00     1.0000     1.0000    
      71     140000.00     141000.00     2000.00     1.0000     1.0000    
      72     142000.00     143000.00     2000.00     1.0000     1.0000    
      73     144000.00     145000.00     2000.00     1.0000     1.0000    
      74     146000.00     147000.00     2000.00     1.0000     1.0000    
      75     148000.00     149000.00     2000.00     1.0000     1.0000    
      76     150000.00     151000.00     2000.00     1.0000     1.0000   x
      77     152000.00     153000.00     2000.00     1.0000     1.0000   x
      78     154000.00     155000.00     2000.00     1.0000     1.0000   x
      79     156000.00                               1.0000


 y:
      j         yf           yh         dy         vf         vh
 ---------------------------------------------------------------
      -2      -6000.00      -5000.00     2000.00     1.0000     1.0000   x
      -1      -4000.00      -3000.00     2000.00     1.0000     1.0000   x
       0      -2000.00      -1000.00     2000.00     1.0000     1.0000   x
       1          0.00       1000.00     2000.00     1.0000     1.0000    
       2       2000.00       3000.00     2000.00     1.0000     1.0000    
       3       4000.00       5000.00     2000.00     1.0000     1.0000    
       4       6000.00       7000.00     2000.00     1.0000     1.0000    
       5       8000.00       9000.00     2000.00     1.0000     1.0000    
       6      10000.00      11000.00     2000.00     1.0000     1.0000    
       7      12000.00      13000.00     2000.00     1.0000     1.0000    
       8      14000.00      15000.00     2000.00     1.0000     1.0000    
       9      16000.00      17000.00     2000.00     1.0000     1.0000    
      10      18000.00      19000.00     2000.00     1.0000     1.0000    
      11      20000.00      21000.00     2000.00     1.0000     1.0000    
      12      22000.00      23000.00     2000.00     1.0000     1.0000    
      13      24000.00      25000.00     2000.00     1.0000     1.0000    
      14      26000.00      27000.00     2000.00     1.0000     1.0000    
      15      28000.00      29000.00     2000.00     1.0000     1.0000    
      16      30000.00      31000.00     2000.00     1.0000     1.0000    
      17      32000.00      33000.00     2000.00     1.0000     1.0000    
      18      34000.00      35000.00     2000.00     1.0000     1.0000    
      19      36000.00      37000.00     2000.00     1.0000     1.0000    
      20      38000.00      39000.00     2000.00     1.0000     1.0000    
      21      40000.00      41000.00     2000.00     1.0000     1.0000    
      22      42000.00      43000.00     2000.00     1.0000     1.0000    
      23      44000.00      45000.00     2000.00     1.0000     1.0000    
      24      46000.00      47000.00     2000.00     1.0000     1.0000    
      25      48000.00      49000.00     2000.00     1.0000     1.0000    
      26      50000.00      51000.00     2000.00     1.0000     1.0000    
      27      52000.00      53000.00     2000.00     1.0000     1.0000    
      28      54000.00      55000.00     2000.00     1.0000     1.0000    
      29      56000.00      57000.00     2000.00     1.0000     1.0000    
      30      58000.00      59000.00     2000.00     1.0000     1.0000    
      31      60000.00      61000.00     2000.00     1.0000     1.0000    
      32      62000.00      63000.00     2000.00     1.0000     1.0000    
      33      64000.00      65000.00     2000.00     1.0000     1.0000    
      34      66000.00      67000.00     2000.00     1.0000     1.0000    
      35      68000.00      69000.00     2000.00     1.0000     1.0000    
      36      70000.00      71000.00     2000.00     1.0000     1.0000    
      37      72000.00      73000.00     2000.00     1.0000     1.0000    
      38      74000.00      75000.00     2000.00     1.0000     1.0000    
      39      76000.00      77000.00     2000.00     1.0000     1.0000    
      40      78000.00      79000.00     2000.00     1.0000     1.0000    
      41      80000.00      81000.00     2000.00     1.0000     1.0000    
      42      82000.00      83000.00     2000.00     1.0000     1.0000    
      43      84000.00      85000.00     2000.00     1.0000     1.0000    
      44      86000.00      87000.00     2000.00     1.0000     1.0000    
      45      88000.00      89000.00     2000.00     1.0000     1.0000    
      46      90000.00      91000.00     2000.00     1.0000     1.0000    
      47      92000.00      93000.00     2000.00     1.0000     1.0000    
      48      94000.00      95000.00     2000.00     1.0000     1.0000    
      49      96000.00      97000.00     2000.00     1.0000     1.0000    
      50      98000.00      99000.00     2000.00     1.0000     1.0000    
      51     100000.00     101000.00     2000.00     1.0000     1.0000    
      52     102000.00     103000.00     2000.00     1.0000     1.0000    
      53     104000.00     105000.00     2000.00     1.0000     1.0000    
      54     106000.00     107000.00     2000.00     1.0000     1.0000    
      55     108000.00     109000.00     2000.00     1.0000     1.0000    
      56     110000.00     111000.00     2000.00     1.0000     1.0000    
      57     112000.00     113000.00     2000.00     1.0000     1.0000    
      58     114000.00     115000.00     2000.00     1.0000     1.0000    
      59     116000.00     117000.00     2000.00     1.0000     1.0000    
      60     118000.00     119000.00     2000.00     1.0000     1.0000    
      61     120000.00     121000.00     2000.00     1.0000     1.0000    
      62     122000.00     123000.00     2000.00     1.0000     1.0000    
      63     124000.00     125000.00     2000.00     1.0000     1.0000    
      64     126000.00     127000.00     2000.00     1.0000     1.0000    
      65     128000.00     129000.00     2000.00     1.0000     1.0000    
      66     130000.00     131000.00     2000.00     1.0000     1.0000    
      67     132000.00     133000.00     2000.00     1.0000     1.0000    
      68     134000.00     135000.00     2000.00     1.0000     1.0000    
      69     136000.00     137000.00     2000.00     1.0000     1.0000    
      70     138000.00     139000.00     2000.00     1.0000     1.0000    
      71     140000.00     141000.00     2000.00     1.0000     1.0000    
      72     142000.00     143000.00     2000.00     1.0000     1.0000    
      73     144000.00     145000.00     2000.00     1.0000     1.0000    
      74     146000.00     147000.00     2000.00     1.0000     1.0000    
      75     148000.00     149000.00     2000.00     1.0000     1.0000    
      76     150000.00     151000.00     2000.00     1.0000     1.0000   x
      77     152000.00     153000.00     2000.00     1.0000     1.0000   x
      78     154000.00     155000.00     2000.00     1.0000     1.0000   x
      79     156000.00                               1.0000


 ZGRID:  STRETCH FAC  =    1.0359004512429237     
 ZGRID:  DOMAIN  HGT  =    20000.0000    
 k,gzc,gze =            1   77.692535400390625        0.0000000000000000     
 k,gzc,gze =            2   235.86680603027344        155.38507080078125     
 k,gzc,gze =            3   399.71958923339844        316.34854125976562     
 k,gzc,gze =            4   569.45477294921875        483.09063720703125     
 k,gzc,gze =            5   745.28353881835938        655.81890869140625     
 k,gzc,gze =            6   927.42462158203125        834.74816894531250     
 k,gzc,gze =            7   1116.1046142578125        1020.1010742187500     
 k,gzc,gze =            8   1311.5583496093750        1212.1081542968750     
 k,gzc,gze =            9   1514.0289916992188        1411.0085449218750     
 k,gzc,gze =           10   1723.7683715820312        1617.0494384765625     
 k,gzc,gze =           11   1941.0374755859375        1830.4873046875000     
 k,gzc,gze =           12   2166.1066894531250        2051.5876464843750     
 k,gzc,gze =           13   2399.2559814453125        2280.6257324218750     
 k,gzc,gze =           14   2640.7753906250000        2517.8862304687500     
 k,gzc,gze =           15   2890.9654541015625        2763.6645507812500     
 k,gzc,gze =           16   3150.1374511718750        3018.2663574218750     
 k,gzc,gze =           17   3418.6138916015625        3282.0085449218750     
 k,gzc,gze =           18   3696.7287597656250        3555.2192382812500     
 k,gzc,gze =           19   3984.8281250000000        3838.2382812500000     
 k,gzc,gze =           20   4283.2702636718750        4131.4179687500000     
 k,gzc,gze =           21   4592.4265136718750        4435.1225585937500     
 k,gzc,gze =           22   4912.6818847656250        4749.7304687500000     
 k,gzc,gze =           23   5244.4345703125000        5075.6333007812500     
 k,gzc,gze =           24   5588.0971679687500        5413.2358398437500     
 k,gzc,gze =           25   5944.0974121093750        5762.9584960937500     
 k,gzc,gze =           26   6312.8781738281250        6125.2363281250000     
 k,gzc,gze =           27   6694.8984375000000        6500.5200195312500     
 k,gzc,gze =           28   7090.6335449218750        6889.2768554687500     
 k,gzc,gze =           29   7500.5754394531250        7291.9902343750000     
 k,gzc,gze =           30   7925.2343750000000        7709.1606445312500     
 k,gzc,gze =           31   8365.1389160156250        8141.3081054687500     
 k,gzc,gze =           32   8820.8364257812500        8588.9697265625000     
 k,gzc,gze =           33   9292.8935546875000        9052.7031250000000     
 k,gzc,gze =           34   9781.8974609375000        9533.0839843750000     
 k,gzc,gze =           35   10288.457031250000        10030.710937500000     
 k,gzc,gze =           36   10813.202636718750        10546.203125000000     
 k,gzc,gze =           37   11356.786621093750        11080.202148437500     
 k,gzc,gze =           38   11919.885253906250        11633.371093750000     
 k,gzc,gze =           39   12503.199707031250        12206.399414062500     
 k,gzc,gze =           40   13100.000000000000        12800.000000000000     
 k,gzc,gze =           41   13700.000000000000        13400.000000000000     
 k,gzc,gze =           42   14300.000000000000        14000.000000000000     
 k,gzc,gze =           43   14900.000000000000        14600.000000000000     
 k,gzc,gze =           44   15500.000000000000        15200.000000000000     
 k,gzc,gze =           45   16100.000000000000        15800.000000000000     
 k,gzc,gze =           46   16700.000000000000        16400.000000000000     
 k,gzc,gze =           47   17300.000000000000        17000.000000000000     
 k,gzc,gze =           48   17900.000000000000        17600.000000000000     
 k,gzc,gze =           49   18500.000000000000        18200.000000000000     
 k,gzc,gze =           50   19100.000000000000        18800.000000000000     
 k,gzc,gze =           51   19700.000000000000        19400.000000000000     
 k,gzc,gze =           52   20300.000000000000        20000.000000000000     

 model heights:
     k       zf         zh         dz         mf         mh
 ---------------------------------------------------------------
      1       0.00      77.69     155.39     2.5238     2.5238
      2     155.39     235.87     160.96     2.4793     2.4363
      3     316.35     399.72     166.74     2.3933     2.3519
      4     483.09     569.45     172.73     2.3104     2.2704
      5     655.82     745.28     178.93     2.2303     2.1917
      6     834.75     927.42     185.35     2.1530     2.1157
      7    1020.10    1116.10     192.01     2.0784     2.0424
      8    1212.11    1311.56     198.90     2.0064     1.9716
      9    1411.01    1514.03     206.04     1.9369     1.9033
     10    1617.05    1723.77     213.44     1.8697     1.8373
     11    1830.49    1941.04     221.10     1.8049     1.7737
     12    2051.59    2166.11     229.04     1.7424     1.7122
     13    2280.63    2399.26     237.26     1.6820     1.6529
     14    2517.89    2640.78     245.78     1.6237     1.5956
     15    2763.66    2890.97     254.60     1.5674     1.5403
     16    3018.27    3150.14     263.74     1.5131     1.4869
     17    3282.01    3418.61     273.21     1.4607     1.4354
     18    3555.22    3696.73     283.02     1.4101     1.3856
     19    3838.24    3984.83     293.18     1.3612     1.3376
     20    4131.42    4283.27     303.70     1.3140     1.2912
     21    4435.12    4592.43     314.61     1.2685     1.2465
     22    4749.73    4912.68     325.90     1.2245     1.2033
     23    5075.63    5244.43     337.60     1.1821     1.1616
     24    5413.24    5588.10     349.72     1.1411     1.1213
     25    5762.96    5944.10     362.28     1.1016     1.0825
     26    6125.24    6312.88     375.28     1.0634     1.0450
     27    6500.52    6694.90     388.76     1.0265     1.0087
     28    6889.28    7090.63     402.71     0.9910     0.9738
     29    7291.99    7500.58     417.17     0.9566     0.9400
     30    7709.16    7925.23     432.15     0.9235     0.9075
     31    8141.31    8365.14     447.66     0.8915     0.8760
     32    8588.97    8820.84     463.73     0.8606     0.8457
     33    9052.70    9292.89     480.38     0.8307     0.8163
     34    9533.08    9781.90     497.63     0.8020     0.7881
     35   10030.71   10288.46     515.49     0.7742     0.7607
     36   10546.20   10813.20     534.00     0.7473     0.7344
     37   11080.20   11356.79     553.17     0.7214     0.7089
     38   11633.37   11919.88     573.03     0.6964     0.6844
     39   12206.40   12503.20     593.60     0.6723     0.6606
     40   12800.00   13100.00     600.00     0.6571     0.6536
     41   13400.00   13700.00     600.00     0.6536     0.6536
     42   14000.00   14300.00     600.00     0.6536     0.6536
     43   14600.00   14900.00     600.00     0.6536     0.6536
     44   15200.00   15500.00     600.00     0.6536     0.6536
     45   15800.00   16100.00     600.00     0.6536     0.6536
     46   16400.00   16700.00     600.00     0.6536     0.6536
     47   17000.00   17300.00     600.00     0.6536     0.6536
     48   17600.00   17900.00     600.00     0.6536     0.6536
     49   18200.00   18500.00     600.00     0.6536     0.6536
     50   18800.00   19100.00     600.00     0.6536     0.6536
     51   19400.00   19700.00     600.00     0.6536     0.6536
     52   20000.00                           0.6536

   patchsww = F
   patchnww = T
   patchsee = F
   patchnee = F
   patchsws = F
   patchses = T
   patchnwn = F
   patchnen = F

   p2tchsww = T
   p2tchnww = F
   p2tchsee = F
   p2tchnee = F
   p2tchsws = T
   p2tchses = F
   p2tchnwn = F
   p2tchnen = F

   minx =    0.00000000    
   maxx =    150000.000    
   miny =    0.00000000    
   maxy =    150000.000    
   maxz =    20000.0000    

   ibw =           1
   ibe =           0
   ibs =           1
   ibn =           0

   min_dx =    2000.00000    
   max_dx =    2000.00000    
   min_dy =    2000.00000    
   max_dy =    2000.00000    
   min_dz =    155.385071    
   max_dz =    600.000000    


   k,c1,c2,zhm1,zf,zh:
      1    0.5000    0.5000     -77.69       0.00      77.69
      2    0.5088    0.4912      77.69     155.39     235.87
      3    0.5088    0.4912     235.87     316.35     399.72
      4    0.5088    0.4912     399.72     483.09     569.45
      5    0.5088    0.4912     569.45     655.82     745.28
      6    0.5088    0.4912     745.28     834.75     927.42
      7    0.5088    0.4912     927.42    1020.10    1116.10
      8    0.5088    0.4912    1116.10    1212.11    1311.56
      9    0.5088    0.4912    1311.56    1411.01    1514.03
     10    0.5088    0.4912    1514.03    1617.05    1723.77
     11    0.5088    0.4912    1723.77    1830.49    1941.04
     12    0.5088    0.4912    1941.04    2051.59    2166.11
     13    0.5088    0.4912    2166.11    2280.63    2399.26
     14    0.5088    0.4912    2399.26    2517.89    2640.78
     15    0.5088    0.4912    2640.78    2763.66    2890.97
     16    0.5088    0.4912    2890.97    3018.27    3150.14
     17    0.5088    0.4912    3150.14    3282.01    3418.61
     18    0.5088    0.4912    3418.61    3555.22    3696.73
     19    0.5088    0.4912    3696.73    3838.24    3984.83
     20    0.5088    0.4912    3984.83    4131.42    4283.27
     21    0.5088    0.4912    4283.27    4435.12    4592.43
     22    0.5088    0.4912    4592.43    4749.73    4912.68
     23    0.5088    0.4912    4912.68    5075.63    5244.43
     24    0.5088    0.4912    5244.43    5413.24    5588.10
     25    0.5088    0.4912    5588.10    5762.96    5944.10
     26    0.5088    0.4912    5944.10    6125.24    6312.88
     27    0.5088    0.4912    6312.88    6500.52    6694.90
     28    0.5088    0.4912    6694.90    6889.28    7090.63
     29    0.5088    0.4912    7090.63    7291.99    7500.58
     30    0.5088    0.4912    7500.58    7709.16    7925.23
     31    0.5088    0.4912    7925.23    8141.31    8365.14
     32    0.5088    0.4912    8365.14    8588.97    8820.84
     33    0.5088    0.4912    8820.84    9052.70    9292.89
     34    0.5088    0.4912    9292.89    9533.08    9781.90
     35    0.5088    0.4912    9781.90   10030.71   10288.46
     36    0.5088    0.4912   10288.46   10546.20   10813.20
     37    0.5088    0.4912   10813.20   11080.20   11356.79
     38    0.5088    0.4912   11356.79   11633.37   11919.88
     39    0.5088    0.4912   11919.88   12206.40   12503.20
     40    0.5027    0.4973   12503.20   12800.00   13100.00
     41    0.5000    0.5000   13100.00   13400.00   13700.00
     42    0.5000    0.5000   13700.00   14000.00   14300.00
     43    0.5000    0.5000   14300.00   14600.00   14900.00
     44    0.5000    0.5000   14900.00   15200.00   15500.00
     45    0.5000    0.5000   15500.00   15800.00   16100.00
     46    0.5000    0.5000   16100.00   16400.00   16700.00
     47    0.5000    0.5000   16700.00   17000.00   17300.00
     48    0.5000    0.5000   17300.00   17600.00   17900.00
     49    0.5000    0.5000   17900.00   18200.00   18500.00
     50    0.5000    0.5000   18500.00   18800.00   19100.00
     51    0.5000    0.5000   19100.00   19400.00   19700.00
     52    0.5000    0.5000   19700.00   20000.00   20300.00


   ------ tauf, tauh -----
           1   0.00000000       0.00000000    
           2   0.00000000       0.00000000    
           3   0.00000000       0.00000000    
           4   0.00000000       0.00000000    
           5   0.00000000       0.00000000    
           6   0.00000000       0.00000000    
           7   0.00000000       0.00000000    
           8   0.00000000       0.00000000    
           9   0.00000000       0.00000000    
          10   0.00000000       0.00000000    
          11   0.00000000       0.00000000    
          12   0.00000000       0.00000000    
          13   0.00000000       0.00000000    
          14   0.00000000       0.00000000    
          15   0.00000000       0.00000000    
          16   0.00000000       0.00000000    
          17   0.00000000       0.00000000    
          18   0.00000000       0.00000000    
          19   0.00000000       0.00000000    
          20   0.00000000       0.00000000    
          21   0.00000000       0.00000000    
          22   0.00000000       0.00000000    
          23   0.00000000       0.00000000    
          24   0.00000000       0.00000000    
          25   0.00000000       0.00000000    
          26   0.00000000       0.00000000    
          27   0.00000000       0.00000000    
          28   0.00000000       0.00000000    
          29   0.00000000       0.00000000    
          30   0.00000000       0.00000000    
          31   0.00000000       0.00000000    
          32   0.00000000       0.00000000    
          33   0.00000000       0.00000000    
          34   0.00000000       0.00000000    
          35   0.00000000       0.00000000    
          36   0.00000000       0.00000000    
          37   0.00000000       0.00000000    
          38   0.00000000       0.00000000    
          39   0.00000000       0.00000000    
          40   0.00000000       0.00000000    
          41   0.00000000       0.00000000    
          42   0.00000000       0.00000000    
          43   0.00000000       0.00000000    
          44   3.94263864E-03   2.44717300E-02
          45   6.18466735E-02  0.114743382    
          46  0.181288034      0.259123147    
          47  0.345491529      0.437333375    
          48  0.531395316      0.624345005    
          49  0.712889671      0.793892622    
          50  0.864484310      0.922163963    
          51  0.964888215      0.991143644    
          52   1.00000000    


   vialpha,vibeta =   0.500000000      0.500000000    


   x0,alpha,delta,sum,predict,maxz:
   0.00000000    
  0.500000000       1.51795030       2.57244539       3.66479731    
   1.85094726      -1.19824338      0.347296089       0.00000000    
   1.00000000       1.52587891E-05   20000.0000    


   cgs1,cgs2,cgs3 =    1.85094726      -1.19824338      0.347296089    
   sum            =    1.00000000    

   dgs1,dgs2,dgs3 =   -1.93890107       2.86228609     -0.923384964    
   sum            =    5.96046448E-08


   x0,alpha,delta,sum,predict,maxz:
   33.3333321    
   32.8333321       31.8333340       30.8333340       29.8333340    
   1.87500155      -1.25000143      0.374999881       0.00000000    
   1.00000000       20000.0020       20000.0000    


   cgt1,cgt2,cgt3 =    1.87500155      -1.25000143      0.374999881    
   sum            =    1.00000000    

   dgt1,dgt2,dgt3 =    2.00000381      -3.00000381       1.00000000    
   sum            =    0.00000000    

 Leaving PARAM
 Inside BASE

  Reading sounding from external file, input_sounding

  p_sfc, th_sfc, qv_sfc =    960.000000       304.899994       19.0599995    
   Found           68   levels (including surface)


     k,z,th,qv:
           1   0.00000000       304.899994       19.0599995    
           2   0.00000000       304.899994       19.0599995    
           3   253.000000       305.200012       17.9099998    
           4   329.000000       305.299988       17.5799999    
           5   557.000000       305.500000       17.2199993    
           6   757.000000       305.600006       16.9099998    
           7   862.000000       306.799988       15.3999996    
           8   1069.00000       309.200012       12.7700005    
           9   1472.00000       310.700012       8.30000019    
          10   1777.00000       311.799988       5.88999987    
          11   1942.00000       312.399994       4.86000013    
          12   2081.00000       312.399994       5.42000008    
          13   2386.00000       312.399994       6.84999990    
          14   2475.00000       312.399994       7.32000017    
          15   2721.00000       312.899994       4.53999996    
          16   2876.00000       313.000000       3.85999990    
          17   3070.00000       314.399994       1.21000004    
          18   3301.00000       315.799988       1.08000004    
          19   3605.00000       317.600006      0.920000017    
          20   3807.00000       318.700012      0.819999993    
          21   3910.00000       318.899994      0.829999983    
          22   4520.00000       319.500000      0.829999983    
          23   4718.00000       319.700012      0.839999974    
          24   5026.00000       323.500000      0.230000004    
          25   5423.00000       324.600006      0.189999998    
          26   5434.00000       324.600006      0.189999998    
          27   5739.00000       325.700012      0.209999993    
          28   6102.00000       327.100006      0.219999999    
          29   7123.00000       328.299988      0.119999997    
          30   7263.00000       328.500000      0.119999997    
          31   8787.00000       331.100006      0.170000002    
          32   9092.00000       331.399994      0.180000007    
          33   9160.00000       331.500000      0.189999998    
          34   9183.00000       331.600006       1.00000005E-03
          35   9701.00000       334.700012       1.00000005E-03
          36   9844.00000       335.500000       1.00000005E-03
          37   10311.0000       338.299988       1.00000005E-03
          38   10413.0000       338.899994       1.00000005E-03
          39   10921.0000       340.600006       1.00000005E-03
          40   11530.0000       342.500000       1.00000005E-03
          41   11863.0000       343.399994       1.00000005E-03
          42   12140.0000       347.799988       1.00000005E-03
          43   12290.0000       350.100006       1.00000005E-03
          44   13664.0000       359.100006       1.00000005E-03
          45   13663.0000       359.100006       1.00000005E-03
          46   14273.0000       362.500000       1.00000005E-03
          47   14391.0000       363.100006       1.00000005E-03
          48   14811.0000       371.299988       1.00000005E-03
          49   14883.0000       372.700012       1.00000005E-03
          50   15797.0000       391.100006       1.00000005E-03
          51   16103.0000       397.399994       1.00000005E-03
          52   16481.0000       399.899994       1.00000005E-03
          53   16637.0000       410.000000       1.00000005E-03
          54   17281.0000       413.000000       1.00000005E-03
          55   17321.0000       415.399994       1.00000005E-03
          56   17527.0000       427.799988       1.00000005E-03
          57   18236.0000       441.399994       1.00000005E-03
          58   18253.0000       441.799988       1.00000005E-03
          59   18517.0000       445.600006       1.00000005E-03
          60   18845.0000       457.100006       1.00000005E-03
          61   19981.0000       498.799988       1.00000005E-03
          62   20323.0000       504.700012       1.00000005E-03
          63   22954.0000       573.599976       1.00000005E-03
          64   23563.0000       595.500000       1.00000005E-03
          65   24663.0000       636.000000       1.00000005E-03
          66   26193.0000       679.000000       1.00000005E-03
          67   26846.0000       706.799988       1.00000005E-03
          68   27739.0000       734.200012       1.00000005E-03

     k,u,v:
           1  -1.68008852      -2.17436504    
           2  -2.28714967       6.28391504    
           3  -3.03701520       17.2238979    
           4  -2.85836720       16.2107277    
           5   0.00000000       18.0039997    
           6   4.05004406       17.5425529    
           7   6.15775585       16.9182167    
           8   10.3266935       14.7479963    
           9   14.1859379       11.9033737    
          10   16.8548927       11.8018789    
          11   17.6976376       12.3919735    
          12   18.5403824       12.9820671    
          13   19.8044987       13.8672075    
          14   20.2258720       14.1622553    
          15   21.0686169       14.7523489    
          16   22.6022434       15.2453480    
          17   24.8654766       15.5376129    
          18   27.1745205       15.6891508    
          19   30.2929077       17.4895458    
          20   30.1988850       19.6113091    
          21   29.9174347       20.9483356    
          22   32.0242958       22.4235706    
          23   30.7601795       21.5384293    
          24   29.0746899       20.3582420    
          25   26.9678288       18.8830070    
          26   26.1250839       18.2929134    
          27   26.1250839       18.2929134    
          28   27.3892021       19.1780529    
          29   30.7601795       21.5384293    
          30   30.3388081       21.2433815    
          31   36.2380219       25.3740406    
          32   34.1311569       23.8988056    
          33   34.1311569       23.8988056    
          34   34.1311569       23.8988056    
          35   44.7556915       20.8698215    
          36   44.7556915       20.8698215    
          37   43.0206604       15.6581488    
          38   41.0871468       14.9544115    
          39   38.2591820       10.2514391    
          40   41.4922562       19.3480644    
          41   40.2466736       10.7839813    
          42   39.5136528       6.96724367    
          43   38.5004807       6.78859663    
          44   27.0691795       9.85231876    
          45   28.8186054       7.72186279    
          46   27.0398979       12.6088505    
          47   29.8371277       13.9132147    
          48   27.9723072       13.0436392    
          49   27.9723072       13.0436392    
          50   27.9723072       13.0436392    
          51   27.9723072       13.0436392    
          52   27.9723072       13.0436392    
          53   27.9723072       13.0436392    
          54   27.9723072       13.0436392    
          55   27.9723072       13.0436392    
          56   27.9723072       13.0436392    
          57   27.9723072       13.0436392    
          58   27.9723072       13.0436392    
          59   27.9723072       13.0436392    
          60   27.9723072       13.0436392    
          61   27.9723072       13.0436392    
          62   27.9723072       13.0436392    
          63   27.9723072       13.0436392    
          64   27.9723072       13.0436392    
          65   27.9723072       13.0436392    
          66   27.9723072       13.0436392    
          67   27.9723072       13.0436392    
          68   27.9723072       13.0436392    


 interpolating sounding to grid: 

           0.00000000       77.6925354       253.000000      0.307085127    
           0.00000000       235.866806       253.000000      0.932279885    
           329.000000       399.719604       557.000000      0.310173690    
           557.000000       569.454773       757.000000       6.22738637E-02
           557.000000       745.283569       757.000000      0.941417873    
           862.000000       927.424622       1069.00000      0.316060960    
           1069.00000       1116.10461       1472.00000      0.116884902    
           1069.00000       1311.55835       1472.00000      0.601881742    
           1472.00000       1514.02905       1777.00000      0.137800172    
           1472.00000       1723.76831       1777.00000      0.825469851    
           1777.00000       1941.03748       1942.00000      0.994166493    
           2081.00000       2166.10669       2386.00000      0.279038340    
           2386.00000       2399.25586       2475.00000      0.148942247    
           2475.00000       2640.77539       2721.00000      0.673883677    
           2876.00000       2890.96533       3070.00000       7.71408901E-02
           3070.00000       3150.13745       3301.00000      0.346915364    
           3301.00000       3418.61377       3605.00000      0.386887401    
           3605.00000       3696.72876       3807.00000      0.454102784    
           3910.00000       3984.82812       4520.00000      0.122669056    
           3910.00000       4283.27051       4520.00000      0.611918867    
           4520.00000       4592.42676       4718.00000      0.365791708    
           4718.00000       4912.68164       5026.00000      0.632083237    
           5026.00000       5244.43457       5423.00000      0.550213039    
           5434.00000       5588.09717       5739.00000      0.505236626    
           5739.00000       5944.09766       6102.00000      0.565007329    
           6102.00000       6312.87793       7123.00000      0.206540585    
           6102.00000       6694.89844       7123.00000      0.580703676    
           6102.00000       7090.63379       7123.00000      0.968299508    
           7263.00000       7500.57520       8787.00000      0.155889243    
           7263.00000       7925.23438       8787.00000      0.434536994    
           7263.00000       8365.13867       8787.00000      0.723188102    
           8787.00000       8820.83594       9092.00000      0.110937499    
           9183.00000       9292.89355       9701.00000      0.212149724    
           9701.00000       9781.89746       9844.00000      0.565716505    
           9844.00000       10288.4570       10311.0000      0.951728106    
           10413.0000       10813.2031       10921.0000      0.787801445    
           10921.0000       11356.7871       11530.0000      0.715578198    
           11863.0000       11919.8848       12140.0000      0.205360159    
           12290.0000       12503.1992       13664.0000      0.155166820    
           12290.0000       13100.0000       13664.0000      0.589519680    
           13663.0000       13700.0000       14273.0000       6.06557392E-02
           14273.0000       14300.0000       14391.0000      0.228813559    
           14883.0000       14900.0000       15797.0000       1.85995623E-02
           14883.0000       15500.0000       15797.0000      0.675054729    
           15797.0000       16100.0000       16103.0000      0.990196049    
           16637.0000       16700.0000       17281.0000       9.78260860E-02
           17281.0000       17300.0000       17321.0000      0.474999994    
           17527.0000       17900.0000       18236.0000      0.526093066    
           18253.0000       18500.0000       18517.0000      0.935606062    
           18845.0000       19100.0000       19981.0000      0.224471837    
           18845.0000       19700.0000       19981.0000      0.752640843    


       k    prs0 (Pa)        pi0        rho0 (kg/m^3)
    ---------------------------------------------------------------------
       1     95166.33     0.9859590     1.0703498
       2     93485.29     0.9809565     1.0573388
       3     91766.82     0.9757757     1.0436164
       4     90011.12     0.9704106     1.0292686
       5     88218.23     0.9648541     1.0147177
       6     86392.74     0.9591130     0.9969282
       7     84539.13     0.9531941     0.9795130
       8     82654.29     0.9470795     0.9649808
       9     80735.77     0.9407526     0.9496903
      10     78784.72     0.9342071     0.9334296
      11     76802.45     0.9274372     0.9163421
      12     74789.16     0.9204324     0.8976445
      13     72744.92     0.9131806     0.8785866
      14     70670.52     0.9056714     0.8617814
      15     68566.91     0.8978937     0.8447158
      16     66439.88     0.8898542     0.8245230
      17     64296.38     0.8815641     0.8015164
      18     62139.18     0.8730192     0.7784428
      19     59967.84     0.8642015     0.7568735
      20     57780.22     0.8550838     0.7363547
      21     55576.87     0.8456476     0.7154992
      22     53367.82     0.8359147     0.6900161
      23     51161.31     0.8259013     0.6656416
      24     48955.23     0.8155763     0.6429248
      25     46750.48     0.8049198     0.6195389
      26     44549.63     0.7939177     0.5970089
      27     42353.16     0.7825432     0.5750714
      28     40163.54     0.7707765     0.5529107
      29     37985.48     0.7586079     0.5302529
      30     35824.05     0.7460288     0.5073733
      31     33683.91     0.7330273     0.4844181
      32     31569.63     0.7195897     0.4614443
      33     29486.92     0.7057083     0.4381128
      34     27446.87     0.6914145     0.4126375
      35     25459.17     0.6767374     0.3875721
      36     23525.05     0.6616473     0.3640629
      37     21644.84     0.6461025     0.3412990
      38     19823.50     0.6300950     0.3183388
      39     18078.52     0.6137401     0.2919538
      40     16435.03     0.5972698     0.2697319
      41     14909.51     0.5808922     0.2488627
      42     13501.69     0.5646787     0.2297055
      43     12215.12     0.5487678     0.2078778
      44     11052.86     0.5333288     0.1874732
      45     10004.23     0.5183693     0.1692158
      46      9058.02     0.5038759     0.1526413
      47      8194.87     0.4896780     0.1407800
      48      7414.63     0.4758924     0.1247940
      49      6713.81     0.4625956     0.1135318
      50      6083.39     0.4497583     0.1010202
      51      5522.05     0.4375008     0.0900174


       k    th0 (K)     thv0 (K)     t0 (K)     l.r. (K/km)     N^2
    ---------------------------------------------------------------------
       1    304.9921    308.3957    300.7097       4.2116      0.0406
       2    305.1797    308.4570    299.3680       8.3355      0.1212
       3    305.3620    308.5506    297.9648       8.4152      0.1784
       4    305.5062    308.6466    296.4665       8.6748      0.1767
       5    305.5941    308.6865    294.8538       9.0131      0.0708
       6    307.5585    310.2476    294.9834      -0.6994      2.6698
       7    309.3753    311.6422    294.8947       0.4617      2.2916
       8    310.1028    311.9650    293.6920       6.0467      0.5105
       9    310.8516    312.3410    292.4344       6.1036      0.5735
      10    311.6080    312.7908    291.1064       6.2221      0.6615
      11    312.3965    313.3159    289.7281       6.2337      0.7441
      12    312.4000    313.5106    287.5431       9.5403      0.2661
      13    312.4000    313.7057    285.2776       9.5483      0.2572
      14    312.7369    313.7564    283.2369       8.3032      0.0645
      15    313.1080    313.8004    281.1377       8.2450      0.0541
      16    314.8857    315.1082    280.2023       3.5465      1.5469
      17    316.4964    316.6917    279.0119       4.3573      1.7999
      18    318.0995    318.2682    277.7070       4.6105      1.7213
      19    318.9736    319.1355    275.6575       6.9907      0.9105
      20    319.2672    319.4302    273.0002       8.7497      0.2982
      21    319.5732    319.7352    270.2462       8.7535      0.2976
      22    322.1019    322.1924    269.2498       3.0576      2.3044
      23    324.1052    324.1460    267.6789       4.6529      1.7566
      24    325.1558    325.1955    265.1893       7.1188      0.9068
      25    326.4910    326.5340    262.7991       6.5979      1.1122
      26    327.3478    327.3865    259.8872       7.7590      0.6816
      27    327.7968    327.8278    256.5152       8.6739      0.3399
      28    328.2620    328.2864    253.0166       8.6876      0.3405
      29    328.9053    328.9351    249.5101       8.4053      0.4642
      30    329.6298    329.6649    245.9133       8.3232      0.5032
      31    330.3803    330.4164    242.1778       8.3446      0.4989
      32    331.1333    331.1679    238.2801       8.4050      0.4806
      33    332.2577    332.2579    234.4770       7.9169      0.6711
      34    335.1526    335.1528    231.7294       5.5215      1.7102
      35    338.1648    338.1650    228.8488       5.5880      1.7027
      36    340.2393    340.2395    225.1184       6.9857      1.1235
      37    341.9596    341.9598    220.9409       7.5518      0.8944
      38    344.3036    344.3038    216.9440       6.9752      1.1695
      39    351.4965    351.4967    215.7275       2.0493      3.4170
      40    355.4057    355.4059    212.2731       5.7574      1.8083
      41    359.3062    359.3065    208.7182       5.9248      1.7846
      42    362.6373    362.6375    204.7735       6.5744      1.5088
      43    373.0422    373.0424    204.7136       0.1000      4.6252
      44    385.1210    385.1213    205.3961      -1.1376      5.2101
      45    397.3382    397.3385    205.9679      -0.9530      5.1061
      46    410.2935    410.2937    206.7370      -1.2818      5.2459
      47    414.1400    414.1403    202.7952       6.5696      1.5257
      48    434.9549    434.9551    206.9917      -6.9941      8.0177
      49    445.3553    445.3556    206.0194       1.6205      3.8635
      50    466.4605    466.4608    209.7945      -6.2918      7.5702
      51    488.4851    488.4855    213.7126      -6.5303      7.5432


   Richardson number:  NOTE!!!  Ri should be > 0.25 for most applications!

   k,z,Ri:           2   156.779663       6.56792847E-03 <---- NOTE!  Ri < 0.25
   k,z,Ri:           3   317.793213      0.439205140    
   k,z,Ri:           4   484.587189       8.08897913E-02 <---- NOTE!  Ri < 0.25
   k,z,Ri:           5   657.369141       1.73391774E-02 <---- NOTE!  Ri < 0.25
   k,z,Ri:           6   836.354126      0.592872560    
   k,z,Ri:           7   1021.76465      0.584386945    
   k,z,Ri:           8   1213.83154      0.367057145    
   k,z,Ri:           9   1412.79370      0.484290212    
   k,z,Ri:          10   1618.89868      0.877767026    
   k,z,Ri:          11   1832.40283       1.76677966    
   k,z,Ri:          12   2053.57202      0.638745427    
   k,z,Ri:          13   2282.68115       1.00608993    
   k,z,Ri:          14   2520.01562      0.299344897    
   k,z,Ri:          15   2765.87036       7.77312294E-02 <---- NOTE!  Ri < 0.25
   k,z,Ri:          16   3020.55127       1.25069678    
   k,z,Ri:          17   3284.37549       1.65002930    
   k,z,Ri:          18   3557.67139       1.74417806    
   k,z,Ri:          19   3840.77832       1.07290030    
   k,z,Ri:          20   4134.04932       1.70674646    
   k,z,Ri:          21   4437.84863       15.3919201    
   k,z,Ri:          22   4752.55420       4.62953997    
   k,z,Ri:          23   5078.55811       4.16976404    
   k,z,Ri:          24   5416.26562       2.28135395    
   k,z,Ri:          25   5766.09766       18.8682423    
   k,z,Ri:          26   6128.48779       4.07634592    
   k,z,Ri:          27   6503.88818       2.12920070    
   k,z,Ri:          28   6892.76611       2.13297796    
   k,z,Ri:          29   7295.60449       14.5481768    
   k,z,Ri:          30   7712.90479       2.29302764    
   k,z,Ri:          31   8145.18652       2.27365947    
   k,z,Ri:          32   8592.98730       3.48084259    
   k,z,Ri:          33   9056.86523       3.83905840    
   k,z,Ri:          34   9537.39551      0.549297452    
   k,z,Ri:          35   10035.1777       1.62694931    
   k,z,Ri:          36   10550.8301      0.792215824    
   k,z,Ri:          37   11084.9951      0.807363927    
   k,z,Ri:          38   11638.3359      0.821527362    
   k,z,Ri:          39   12211.5420       6.28008318    
   k,z,Ri:          40   12801.5996       2.45053101    
   k,z,Ri:          41   13400.0000       6.66491270    
   k,z,Ri:          42   14000.0000       2.17567515    
   k,z,Ri:          43   14600.0000       1600.02026    
   k,z,Ri:          44   15200.0000       521010880.    
   k,z,Ri:          45   15800.0000       510614496.    
   k,z,Ri:          46   16400.0000       524586304.    
   k,z,Ri:          47   17000.0000       152568752.    
   k,z,Ri:          48   17600.0000       801772096.    
   k,z,Ri:          49   18200.0000       386353664.    
   k,z,Ri:          50   18800.0000       757021440.    
   k,z,Ri:          51   19400.0000       754319168.    


       k  theta-e (K)       rh0          qv0          qc0          qi0
    ---------------------------------------------------------------------
       1    361.2180     0.746565     0.018704     0.000000     0.000000
       2    359.2769     0.765035     0.017987     0.000000     0.000000
       3    357.9687     0.795197     0.017480     0.000000     0.000000
       4    357.3099     0.842005     0.017204     0.000000     0.000000
       5    356.5935     0.898027     0.016931     0.000000     0.000000
       6    351.9169     0.751467     0.014595     0.000000     0.000000
       7    346.8395     0.617836     0.012203     0.000000     0.000000
       8    340.9742     0.532665     0.009978     0.000000     0.000000
       9    335.6923     0.448644     0.007946     0.000000     0.000000
      10    331.4999     0.376910     0.006285     0.000000     0.000000
      11    328.0279     0.310897     0.004866     0.000000     0.000000
      12    331.1370     0.422303     0.005884     0.000000     0.000000
      13    334.2994     0.561836     0.006924     0.000000     0.000000
      14    330.0004     0.487704     0.005392     0.000000     0.000000
      15    325.0440     0.369899     0.003652     0.000000     0.000000
      16    318.9708     0.121831     0.001164     0.000000     0.000000
      17    320.1140     0.111821     0.001016     0.000000     0.000000
      18    321.2564     0.101819     0.000874     0.000000     0.000000
      19    322.0104     0.108726     0.000835     0.000000     0.000000
      20    322.3262     0.127866     0.000841     0.000000     0.000000
      21    322.6159     0.149776     0.000835     0.000000     0.000000
      22    323.8599     0.085740     0.000462     0.000000     0.000000
      23    324.9351     0.041509     0.000207     0.000000     0.000000
      24    325.9660     0.046739     0.000201     0.000000     0.000000
      25    327.3644     0.058020     0.000217     0.000000     0.000000
      26    328.1400     0.062841     0.000195     0.000000     0.000000
      27    328.4380     0.063032     0.000155     0.000000     0.000000
      28    328.7739     0.063391     0.000122     0.000000     0.000000
      29    329.5230     0.099196     0.000149     0.000000     0.000000
      30    330.3536     0.152810     0.000175     0.000000     0.000000
      31    331.1224     0.208787     0.000180     0.000000     0.000000
      32    331.8469     0.273358     0.000172     0.000000     0.000000
      33    332.2629     0.002189     0.000001     0.000000     0.000000
      34    335.1579     0.002701     0.000001     0.000000     0.000000
      35    338.1702     0.003410     0.000001     0.000000     0.000000
      36    340.2447     0.004804     0.000001     0.000000     0.000000
      37    341.9651     0.007228     0.000001     0.000000     0.000000
      38    344.3091     0.010474     0.000001     0.000000     0.000000
      39    351.5024     0.011706     0.000001     0.000000     0.000000
      40    355.4118     0.016890     0.000001     0.000000     0.000000
      41    359.3120     0.022788     0.000001     0.000000     0.000000
      42    362.6431     0.035243     0.000001     0.000000     0.000000
      43    373.0482     0.032143     0.000001     0.000000     0.000000
      44    385.1273     0.026608     0.000001     0.000000     0.000000
      45    397.3446     0.022091     0.000001     0.000000     0.000000
      46    410.3002     0.018306     0.000001     0.000000     0.000000
      47    414.1467     0.028352     0.000001     0.000000     0.000000
      48    434.9620     0.014202     0.000001     0.000000     0.000000
      49    445.3626     0.014721     0.000001     0.000000     0.000000
      50    466.4689     0.008796     0.000001     0.000000     0.000000
      51    488.4944     0.005053     0.000001     0.000000     0.000000


   Thermodynamic properties of base-state sounding:

     for surface parcel:
        source p(mb),T(K),qv(g/kg) =      960.0     301.4      19.1
        LCL,LFC,EL (m AGL)         =      647.6     650.9     844.1
        CAPE,CIN (J/kg)            =     4784.3       6.6

     for most-unstable parcel:
        source p(mb),T(K),qv(g/kg) =      960.0     301.4      19.1
        LCL,LFC,EL (m AGL)         =      647.6     650.9     844.1
        CAPE,CIN (J/kg)            =     4784.3       6.6

     for mixed-layer parcel:
        source p(mb),T(K),qv(g/kg) =      960.0     301.7      18.0
        LCL,LFC,EL (m AGL)         =      793.2    1463.4   13694.8
        CAPE,CIN (J/kg)            =     4180.8      18.9



       k     u0 (m/s)     v0 (m/s)
    ---------------------------------------------------------------------
       1      -2.5174       9.6434
       2      -2.9862      16.4830
       3      -1.9718      16.7670
       4       0.2522      17.9753
       5       3.8128      17.5696
       6       7.4754      16.2323
       7      10.7778      14.4155
       8      12.6495      13.0359
       9      14.5537      11.8894
      10      16.3891      11.8196
      11      17.6927      12.3885
      12      18.8931      13.2291
      13      19.8673      13.9112
      14      20.7938      14.5599
      15      22.7768      15.2679
      16      25.6665      15.5902
      17      28.3810      16.3857
      18      30.2502      18.4530
      19      30.1759      21.1293
      20      31.2067      21.8511
      21      31.5619      22.0998
      22      29.6948      20.7925
      23      27.9155      19.5465
      24      26.1251      18.2929
      25      26.8393      18.7930
      26      28.0854      19.6656
      27      29.3467      20.5487
      28      30.6533      21.4636
      29      31.2584      21.8873
      30      32.9022      23.0383
      31      34.6050      24.2306
      32      36.0043      25.2104
      33      36.3851      23.2562
      34      44.7557      20.8698
      35      43.1044      15.9097
      36      38.8593      11.2494
      37      40.5727      16.7608
      38      40.0961      10.0002
      39      36.7267       7.2640
      40      31.7615       8.5947
      41      28.7107       8.0183
      42      27.6799      12.9073
      43      27.9723      13.0436
      44      27.9723      13.0436
      45      27.9723      13.0436
      46      27.9723      13.0436
      47      27.9723      13.0436
      48      27.9723      13.0436
      49      27.9723      13.0436
      50      27.9723      13.0436
      51      27.9723      13.0436


   psurf,tsurf  =    96000.0000       301.368195    
   qsurf,thsurf =    1.90599989E-02   304.899994    

 Leaving BASE
   rbufsz,nrad2d =            1          10
 Inside INIT3D

   seed_size =            8
   rand-1 =   0.620773196    

 Leaving INIT3D

   allocating diagnostic arrays:  ntdiag,nqdiag =            1           1


   strlen          =            0
   baselen         =            6
   totlen          =            6
   output_basename = cm1out
   statfile        = cm1out_stats.dat                                                      



   Settings used in this simulation:
   isfcflx  =            0
   bbc      =            1
   dosfcflx =  F

   string = cm1out_rst_000004.nc                                                  
   nvar_npt =            0
   nvar_parcels =            0

   From restart file: 

    mtime   =    1200.0000000000000     
    stattim =    1260.0000000000000     
    taptim  =    1800.0000000000000     
    rsttim  =    1500.0000000000000     
    radtim  =    0.0000000000000000     
    prcltim =    1.0000000000000000E+030

    nstep   =          160
    nrec    =           22
    prec    =            1
    nwrite  =            2
    nrst    =            4


   Using the following: 

    stattim =    1260.0000000000000     
    taptim  =    2100.0000000000000     
    rsttim  =    1500.0000000000000     
    radtim  =    0.0000000000000000     


   Detected positive value for run_time. 
      Using the following values: 
         run_time =    300.000000    
         timax    =    1500.00000    


   strlen          =            0
   baselen         =            6
   totlen          =            6
   output_basename = cm1out
   statfile        = cm1out_stats.dat                                                      


 Inside GETSET


 Leaving GETSET

   ... skipping sfc stuff ... 

  WMAX  :   63.1061       22   32   41    WMIN  :  -25.2350       26   31   45
  UMAX  :   68.3541       26   32   45    UMIN  :  -32.8507       21   31   45
  SUMAX :   8.22491       13   28    1    SUMIN :  -10.6277       23   28    1
  VMAX  :   56.0757       23   35   44    VMIN  :  -42.3861       23   29   45
  SVMAX :   15.8613       11   28    1    SVMIN :  -1.16721       21   24    1
  PPIMAX:  0.348699E-02   22   32   44    PPIMIN: -0.204942E-02   25   31   47
  PPMAX :   268.751       22   32   43    PPMIN :  -456.430       21   33   16
  THPMAX:   19.2181       26   31   47    THPMIN:  -50.9040       23   31   47
  STHPMX:   1.83685       13   28    1    STHPMN:  0.213776       15   36    1
  MAXqv :  0.252376E-01   16   30    7    MINqv :   0.00000       25   16   16
  MAXqc :  0.103757E-01   21   32   29    MINqc :   0.00000        1    1    1
  MAXqr :  0.612601E-03   22   30   31    MINqr :   0.00000        1    1    1
  MAXqi :  0.106294E-01   23   31   47    MINqi :   0.00000        1    1    1
  MAXqs :  0.211713E-02   22   31   36    MINqs :   0.00000        1    1    1
  MAXqg :  0.400482E-02   22   31   35    MINqg :   0.00000        1    1    1
  MAXqhl:   0.00000        1    1    1    MINqhl:   0.00000        1    1    1
  MAXccn:  0.164386E+10   21   31    6    MINccn:   0.00000       13   28    5
  MAXccw:  0.165497E+10   21   33    8    MINccw:   0.00000        1    1    1
  MAXcrw:  0.131789E+07   22   32   31    MINcrw:   0.00000        1    1    1
  MAXcci:  0.590132E+09   22   30   35    MINcci:   0.00000        1    1    1
  MAXcsw:   923785.       22   31   36    MINcsw:   0.00000        1    1    1
  MAXchw:   60251.0       23   33   34    MINchw:   0.00000        1    1    1
  MAXchl:   0.00000        1    1    1    MINchl:   0.00000        1    1    1
  MAXvhw:  0.106252E-04   22   33   33    MINvhw:   0.00000        1    1    1
  MAXvhl:   0.00000        1    1    1    MINvhl:   0.00000        1    1    1
  TKEMAX:   156.045       21   31   46    TKEMIN:   0.00000        1    1    1
  KMHMAX:   1127.01       21   32   43    KMHMIN:   0.00000        1    1    1
  KMVMAX:   1127.01       21   32   43    KMVMIN:   0.00000        1    1    1
  KHHMAX:   3381.04       21   32   43    KHHMIN:   0.00000        1    1    1
  KHVMAX:   3381.04       21   32   43    KHVMIN:   0.00000        1    1    1
  DIVMAX:  0.974177E-02   23   31   34    DIVMIN: -0.746145E-02   22   23   28
  RHMAX :   1.79382       25   31   44    RHMIN :   0.00000       25   16   16
  RHIMAX:   4.01534       25   31   44    RHIMIN:   0.00000       25   16   16
  THEMAX:   384.431       16   30    7    THEMIN:   314.278       25   49   15
  STHEMX:   377.721       13   29    1    STHEMN:   357.458       14   23    1
  QCTOP :  19100.000000    1    1    1    QCBOT :    569.454773    1    1    1
  SFPMAX:   95225.6       11   59    1    SFPMIN:   94836.0       22   33    1
  PSFCMX:   96059.2       11   59    1    PSFCMN:   95667.0       22   33    1
  WSPMAX:   69.0384       25   34   44    WSPMIN:   2.28726       16   31    1
  SWSPMX:   17.6385       22   28    1    SWSPMN:   2.28726       16   31    1
  CFLMAX:      0.868121   22   31   36
  KSHMAX:  0.633945E-02   21   32   43
  KSVMAX:  0.257662       19   28   13
  VORSFC:  0.285998E-02
  VOR1KM:  0.487368E-02
  VOR2KM:  0.731298E-02
  VOR3KM:  0.929696E-02
  VOR4KM:  0.892266E-02
  VOR5KM:  0.904284E-02
  TMASS :  0.207380E+15
  TMOIS :  0.752577E+12
  qv MAS:  0.743517E+12
  qc MAS:  0.357833E+10
  qr MAS:  0.458233E+08
  qi MAS:  0.433660E+10
  qs MAS:  0.388091E+09
  qg MAS:  0.711145E+09
  qhlMAS:  0.000000E+00
  TENERG:  0.521603E+20
  TMU   :  0.531020E+16
  TMV   :  0.335673E+16
  TMW   :  0.424285E+13
  TMFU  :  0.849303E+11
  TMFD  : -0.729372E+11
  tcond :  0.000000E+00
  tevac :  0.000000E+00
  tauto :  0.000000E+00
  taccr :  0.000000E+00
  tevar :  0.000000E+00
  train :  0.287517E+04
  erain :  0.000000E+00
  qsfc  :  0.000000E+00
  esfc  :  0.000000E+00
  erad  :  0.000000E+00
  asqv  :  0.000000E+00
  asqc  :  0.450883E+08
  asqr  :  0.695427E+05
  asqi  :  0.256946E+06
  asqs  : -0.462674E+04
  asqg  :  0.209142E+05
  asqhl :  0.000000E+00
  asccn :  0.206556E+18
  asccw :  0.300344E+19
  ascrw :  0.231577E+15
  ascci :  0.115685E+17
  ascsw : -0.274624E+13
  aschw :  0.193783E+12
  aschl :  0.000000E+00
  asvhw :  0.707925E+02
  asvhl :  0.000000E+00
  bsqv  :  0.000000E+00
  bsqc  :  0.000000E+00
  bsqr  :  0.000000E+00
  bsqi  :  0.000000E+00
  bsqs  :  0.000000E+00
  bsqg  :  0.000000E+00
  bsqhl :  0.000000E+00
  bsccn :  0.000000E+00
  bsccw :  0.000000E+00
  bscrw :  0.000000E+00
  bscci :  0.000000E+00
  bscsw :  0.000000E+00
  bschw :  0.000000E+00
  bschl :  0.000000E+00
  bsvhw :  0.000000E+00
  bsvhl :  0.000000E+00
 cm1out_stats.nc                                                       
   nrec =           21
           160             20.000000 min 

 -------------Done with Preprocessors-----------

           161             20.125000 min 
           162             20.250000 min 
           163             20.375000 min 
           164             20.500000 min 
           165             20.625000 min 
           166             20.750000 min 
           167             20.875000 min 
  WMAX  :   51.6922       22   32   40    WMIN  :  -29.0725       26   32   44
  UMAX  :   65.1161       26   33   45    UMIN  :  -20.5849       21   32   44
  SUMAX :   9.90786       22   24    1    SUMIN :  -9.49016       31   30    1
  VMAX  :   56.0767       24   36   43    VMIN  :  -41.3644       23   29   44
  SVMAX :   17.0478       22   29    1    SVMIN :  0.903385       21   34    1
  PPIMAX:  0.108191E-01   17   24   51    PPIMIN: -0.777495E-02   30   34   51
  PPMAX :   1071.14       30   23    1    PPMIN :  -1618.83       31   35    1
  THPMAX:   25.9691       26   32   47    THPMIN:  -52.2296       23   32   47
  STHPMX:   1.77655       13   29    1    STHPMN:  0.210907       20   36    1
  MAXqv :  0.230883E-01   14   29    1    MINqv :  0.168769E-06   24   24   34
  MAXqc :  0.742281E-02   22   33   31    MINqc :   0.00000        1    1    1
  MAXqr :  0.384211E-03   23   29   27    MINqr :   0.00000        1    1    1
  MAXqi :  0.990640E-02   23   31   47    MINqi :   0.00000        1    1    1
  MAXqs :  0.150984E-02   23   34   33    MINqs :   0.00000        1    1    1
  MAXqg :  0.472986E-02   22   33   35    MINqg :   0.00000        1    1    1
  MAXqhl:  0.268856E-06   21   27   25    MINqhl:   0.00000        1    1    1
  MAXccn:  0.175870E+10   23   26   25    MINccn:   0.00000       13   28    4
  MAXccw:  0.925078E+10   23   24   27    MINccw:   0.00000        1    1    1
  MAXcrw:   613011.       22   33   31    MINcrw:   0.00000        1    1    1
  MAXcci:  0.288986E+10   24   19   34    MINcci:   0.00000        1    1    1
  MAXcsw:   790606.       22   31   46    MINcsw:   0.00000        1    1    1
  MAXchw:   50453.4       23   33   37    MINchw:   0.00000        1    1    1
  MAXchl:  0.362894E-03   21   27   27    MINchl:   0.00000        1    1    1
  MAXvhw:  0.138843E-04   22   33   35    MINvhw:   0.00000        1    1    1
  MAXvhl:  0.301547E-09   21   27   25    MINvhl:   0.00000        1    1    1
  TKEMAX:   93.4214       21   32   45    TKEMIN:   0.00000        1    1    1
  KMHMAX:   1159.39       21   32   44    KMHMIN:   0.00000        1    1    1
  KMVMAX:   1159.39       21   32   44    KMVMIN:   0.00000        1    1    1
  KHHMAX:   3478.16       21   32   44    KHHMIN:   0.00000        1    1    1
  KHVMAX:   3478.16       21   32   44    KHVMIN:   0.00000        1    1    1
  DIVMAX:  0.144024E-02   27   34    1    DIVMIN: -0.184374E-02   27   37    1
  RHMAX :   1.17987       24   32   46    RHMIN :  0.397481E-03   24   24   34
  RHIMAX:   2.78861       24   32   46    RHIMIN:  0.598169E-03   24   24   34
  THEMAX:   378.158       16   30    6    THEMIN:   315.064       26   50   15
  STHEMX:   376.786       14   29    1    STHEMN:   357.582       14   23    1
  QCTOP :  19100.000000    1    1    1    QCBOT :    399.719604    1    1    1
  SFPMAX:   96237.5       30   23    1    SFPMIN:   93547.5       31   35    1
  PSFCMX:   97077.6       30   23    1    PSFCMN:   94370.5       31   35    1
  WSPMAX:   70.0226       26   35   43    WSPMIN:   1.84875       21   34    1
  SWSPMX:   17.9343       23   28    1    SWSPMN:   1.84875       21   34    1
  CFLMAX:      0.683345   22   32   37
  KSHMAX:  0.652155E-02   21   32   44
  KSVMAX:  0.250452       22   29   11
  VORSFC:  0.265711E-02
  VOR1KM:  0.418107E-02
  VOR2KM:  0.752304E-02
  VOR3KM:  0.109120E-01
  VOR4KM:  0.855008E-02
  VOR5KM:  0.785489E-02
  TMASS :  0.207380E+15
  TMOIS :  0.752641E+12
  qv MAS:  0.743597E+12
  qc MAS:  0.285604E+10
  qr MAS:  0.559740E+08
  qi MAS:  0.477583E+10
  qs MAS:  0.456964E+09
  qg MAS:  0.899147E+09
  qhlMAS:  0.393636E+04
  TENERG:  0.521621E+20
  TMU   :  0.531061E+16
  TMV   :  0.335513E+16
  TMW   :  0.161965E+13
  TMFU  :  0.827200E+11
  TMFD  : -0.763150E+11
  tcond :  0.000000E+00
  tevac :  0.000000E+00
  tauto :  0.000000E+00
  taccr :  0.000000E+00
  tevar :  0.000000E+00
  train :  0.301810E+04
  erain :  0.000000E+00
  qsfc  :  0.000000E+00
  esfc  :  0.000000E+00
  erad  :  0.000000E+00
  asqv  :  0.207655E+03
  asqc  :  0.483074E+08
  asqr  :  0.739616E+05
  asqi  :  0.285012E+06
  asqs  : -0.318773E+04
  asqg  :  0.246570E+05
  asqhl :  0.447849E+01
  asccn :  0.243300E+18
  asccw :  0.349101E+19
  ascrw :  0.241918E+15
  ascci :  0.114935E+17
  ascsw : -0.272350E+13
  aschw :  0.214930E+12
  aschl :  0.494079E+04
  asvhw :  0.788810E+02
  asvhl :  0.214598E-01
  bsqv  :  0.000000E+00
  bsqc  :  0.000000E+00
  bsqr  :  0.000000E+00
  bsqi  :  0.000000E+00
  bsqs  :  0.000000E+00
  bsqg  :  0.000000E+00
  bsqhl :  0.000000E+00
  bsccn :  0.000000E+00
  bsccw :  0.000000E+00
  bscrw :  0.000000E+00
  bscci :  0.000000E+00
  bscsw :  0.000000E+00
  bschw :  0.000000E+00
  bschl :  0.000000E+00
  bsvhw :  0.000000E+00
  bsvhl :  0.000000E+00
 cm1out_stats.nc                                                       
   nrec =           22
           168             21.000000 min 
           169             21.125000 min 
           170             21.250000 min 
           171             21.375000 min 
           172             21.500000 min 
           173             21.625000 min 
           174             21.750000 min 
           175             21.875000 min 
  WMAX  :   47.1678       23   33   41    WMIN  :  -26.7202       26   33   44
  UMAX  :   67.9376       26   34   45    UMIN  :  -15.5644       22   33   45
  SUMAX :   9.11645       22   24    1    SUMIN :  -9.60491       25   30    1
  VMAX  :   55.7475       24   37   43    VMIN  :  -39.2164       25   29   44
  SVMAX :   17.9945       23   29    1    SVMIN :   1.91485       22   35    1
  PPIMAX:  0.366719E-02   34   42   51    PPIMIN: -0.412854E-02   16   18   51
  PPMAX :   693.492       15   22    1    PPMIN :  -763.156       32   16    1
  THPMAX:   28.9374       26   32   47    THPMIN:  -50.7808       23   33   47
  STHPMX:   1.62070       13   29    1    STHPMN:  0.116333       20   36    1
  MAXqv :  0.229147E-01   14   29    1    MINqv :  0.230162E-06   23   33   47
  MAXqc :  0.675898E-02   21   33   23    MINqc :   0.00000        1    1    1
  MAXqr :  0.256403E-03   24   29   28    MINqr :   0.00000        1    1    1
  MAXqi :  0.865707E-02   23   32   47    MINqi :   0.00000        1    1    1
  MAXqs :  0.143048E-02   25   35   33    MINqs :   0.00000        1    1    1
  MAXqg :  0.379773E-02   23   34   34    MINqg :   0.00000        1    1    1
  MAXqhl:  0.933174E-07   22   28   23    MINqhl:   0.00000        1    1    1
  MAXccn:  0.170290E+10   29   23   23    MINccn:   0.00000       15   28    5
  MAXccw:  0.828288E+10   24   24   29    MINccw:   0.00000        1    1    1
  MAXcrw:   228244.       23   33   31    MINcrw:   0.00000        1    1    1
  MAXcci:  0.388128E+10   25   20   34    MINcci:   0.00000        1    1    1
  MAXcsw:   717730.       25   35   33    MINcsw:   0.00000        1    1    1
  MAXchw:   43649.2       24   34   41    MINchw:   0.00000        1    1    1
  MAXchl:  0.139797E-03   22   28   26    MINchl:   0.00000        1    1    1
  MAXvhw:  0.121439E-04   23   34   34    MINvhw:   0.00000        1    1    1
  MAXvhl:  0.109624E-09   22   28   23    MINvhl:   0.00000        1    1    1
  TKEMAX:   70.0794       20   32   44    TKEMIN:   0.00000        1    1    1
  KMHMAX:   1119.95       20   32   44    KMHMIN:   0.00000        1    1    1
  KMVMAX:   1119.95       20   32   44    KMVMIN:   0.00000        1    1    1
  KHHMAX:   3359.84       20   32   44    KHHMIN:   0.00000        1    1    1
  KHVMAX:   3359.84       20   32   44    KHVMIN:   0.00000        1    1    1
  DIVMAX:  0.101585E-02   34   15    1    DIVMIN: -0.613911E-03   40   39    1
  RHMAX :   1.83277       27   33   42    RHMIN :  0.142962E-02   24   32   51
  RHIMAX:   3.65272       27   33   42    RHIMIN:  0.258276E-02   24   32   51
  THEMAX:   376.278       14   29    1    THEMIN:   316.367       28   40   15
  STHEMX:   376.278       14   29    1    STHEMN:   357.383       14   24    1
  QCTOP :  19100.000000    1    1    1    QCBOT :    569.454773    1    1    1
  SFPMAX:   95859.8       15   22    1    SFPMIN:   94403.2       32   16    1
  PSFCMX:   96696.8       15   22    1    PSFCMN:   95231.5       32   16    1
  WSPMAX:   70.3366       26   36   43    WSPMIN:   1.12253       21   30   44
  SWSPMX:   18.1592       23   28    1    SWSPMN:   2.14884       21   34    1
  CFLMAX:      0.612196   23   33   38
  KSHMAX:  0.629970E-02   20   32   44
  KSVMAX:  0.249184       17   29    9
  VORSFC:  0.249776E-02
  VOR1KM:  0.430043E-02
  VOR2KM:  0.601048E-02
  VOR3KM:  0.911716E-02
  VOR4KM:  0.810065E-02
  VOR5KM:  0.832800E-02
  TMASS :  0.207380E+15
  TMOIS :  0.752704E+12
  qv MAS:  0.743166E+12
  qc MAS:  0.286736E+10
  qr MAS:  0.470789E+08
  qi MAS:  0.506510E+10
  qs MAS:  0.521430E+09
  qg MAS:  0.103647E+10
  qhlMAS:  0.416100E+04
  TENERG:  0.521626E+20
  TMU   :  0.531562E+16
  TMV   :  0.335510E+16
  TMW   :  0.314372E+13
  TMFU  :  0.925483E+11
  TMFD  : -0.826155E+11
  tcond :  0.000000E+00
  tevac :  0.000000E+00
  tauto :  0.000000E+00
  taccr :  0.000000E+00
  tevar :  0.000000E+00
  train :  0.400043E+05
  erain :  0.000000E+00
  qsfc  :  0.000000E+00
  esfc  :  0.000000E+00
  erad  :  0.000000E+00
  asqv  :  0.367775E+03
  asqc  :  0.497365E+08
  asqr  :  0.751525E+05
  asqi  :  0.292357E+06
  asqs  : -0.234771E+04
  asqg  :  0.272561E+05
  asqhl :  0.634242E+01
  asccn :  0.326779E+18
  asccw :  0.406271E+19
  ascrw :  0.244978E+15
  ascci :  0.135387E+17
  ascsw : -0.238962E+13
  aschw :  0.238299E+12
  aschl :  0.833506E+04
  asvhw :  0.860151E+02
  asvhl :  0.269194E-01
  bsqv  :  0.000000E+00
  bsqc  :  0.000000E+00
  bsqr  :  0.000000E+00
  bsqi  :  0.000000E+00
  bsqs  :  0.000000E+00
  bsqg  :  0.000000E+00
  bsqhl :  0.000000E+00
  bsccn :  0.000000E+00
  bsccw :  0.000000E+00
  bscrw :  0.000000E+00
  bscci :  0.000000E+00
  bscsw :  0.000000E+00
  bschw :  0.000000E+00
  bschl :  0.000000E+00
  bsvhw :  0.000000E+00
  bsvhl :  0.000000E+00
 cm1out_stats.nc                                                       
   nrec =           23
           176             22.000000 min 
           177             22.125000 min 
           178             22.250000 min 
           179             22.375000 min 
           180             22.500000 min 
           181             22.625000 min 
           182             22.750000 min 
           183             22.875000 min 
  WMAX  :   35.0799       24   34   40    WMIN  :  -23.2670       27   34   43
  UMAX  :   66.3680       27   35   44    UMIN  :  -11.6434       22   34   44
  SUMAX :   9.19124       13   29    1    SUMIN :  -10.2667       25   30    1
  VMAX  :   55.9153       24   37   44    VMIN  :  -30.3786       25   29   43
  SVMAX :   18.2950       27   20    1    SVMIN :   1.43718       22   35    1
  PPIMAX:  0.361209E-02   45   36   51    PPIMIN: -0.241381E-02   26   32   45
  PPMAX :   523.055        1   27    1    PPMIN :  -522.070       13   14    1
  THPMAX:   32.0244       26   33   47    THPMIN:  -52.3235       24   34   46
  STHPMX:   1.58093       14   29    1    STHPMN:  0.114136E-01   20   36    1
  MAXqv :  0.228724E-01   11   31    1    MINqv :  0.789496E-07   26   25   34
  MAXqc :  0.742935E-02   22   33   25    MINqc :   0.00000        1    1    1
  MAXqr :  0.137942E-03   21   29   11    MINqr :   0.00000        1    1    1
  MAXqi :  0.802937E-02   31   32   41    MINqi :   0.00000        1    1    1
  MAXqs :  0.121235E-02   26   36   33    MINqs :   0.00000        1    1    1
  MAXqg :  0.343557E-02   25   30   33    MINqg :   0.00000        1    1    1
  MAXqhl:  0.492650E-07   23   29   22    MINqhl:   0.00000        1    1    1
  MAXccn:  0.172211E+10   29   24   29    MINccn:   0.00000       14   29    8
  MAXccw:  0.595945E+10   25   24   29    MINccw:   0.00000        1    1    1
  MAXcrw:   247121.       22   33   26    MINcrw:   0.00000        1    1    1
  MAXcci:  0.271491E+10   26   20   34    MINcci:   0.00000        1    1    1
  MAXcsw:   539492.       24   31   45    MINcsw:   0.00000        1    1    1
  MAXchw:   38218.8       25   35   42    MINchw:   0.00000        1    1    1
  MAXchl:  0.985539E-04   23   28   23    MINchl:   0.00000        1    1    1
  MAXvhw:  0.108015E-04   25   30   33    MINvhw:   0.00000        1    1    1
  MAXvhl:  0.629525E-10   23   29   22    MINvhl:   0.00000        1    1    1
  TKEMAX:   72.0481       22   30   43    TKEMIN:   0.00000        1    1    1
  KMHMAX:   1135.50       22   30   43    KMHMIN:   0.00000        1    1    1
  KMVMAX:   1135.50       22   30   43    KMVMIN:   0.00000        1    1    1
  KHHMAX:   3406.49       22   30   43    KHHMIN:   0.00000        1    1    1
  KHVMAX:   3406.49       22   30   43    KHVMIN:   0.00000        1    1    1
  DIVMAX:  0.448128E-03    6   18    1    DIVMIN: -0.477331E-03   42   45    1
  RHMAX :   1.25253       27   33   42    RHMIN :  0.174721E-03   26   25   34
  RHIMAX:   2.51989       27   33   42    RHIMIN:  0.261176E-03   26   25   34
  THEMAX:   375.816       11   31    1    THEMIN:   317.321       28   40   15
  STHEMX:   375.816       11   31    1    STHEMN:   357.457       14   24    1
  QCTOP :  19100.000000    1    1    1    QCBOT :    569.454773    1    1    1
  SFPMAX:   95689.4        1   27    1    SFPMIN:   94644.3       13   14    1
  PSFCMX:   96525.9        1   27    1    PSFCMN:   95474.2       13   14    1
  WSPMAX:   69.2140       27   37   43    WSPMIN:   2.61864       21   31   44
  SWSPMX:   18.3427       28   20    1    SWSPMN:   2.69590       21   34    1
  CFLMAX:      0.500731   21   33   21
  KSHMAX:  0.638716E-02   22   30   43
  KSVMAX:  0.247760       17   31    9
  VORSFC:  0.239369E-02
  VOR1KM:  0.537441E-02
  VOR2KM:  0.682666E-02
  VOR3KM:  0.117970E-01
  VOR4KM:  0.103259E-01
  VOR5KM:  0.651448E-02
  TMASS :  0.207380E+15
  TMOIS :  0.752776E+12
  qv MAS:  0.742796E+12
  qc MAS:  0.288198E+10
  qr MAS:  0.448844E+08
  qi MAS:  0.529194E+10
  qs MAS:  0.588852E+09
  qg MAS:  0.117287E+10
  qhlMAS:  0.404769E+04
  TENERG:  0.521634E+20
  TMU   :  0.533176E+16
  TMV   :  0.336196E+16
  TMW   :  0.159737E+13
  TMFU  :  0.887389E+11
  TMFD  : -0.835687E+11
  tcond :  0.000000E+00
  tevac :  0.000000E+00
  tauto :  0.000000E+00
  taccr :  0.000000E+00
  tevar :  0.000000E+00
  train :  0.444412E+06
  erain :  0.000000E+00
  qsfc  :  0.000000E+00
  esfc  :  0.000000E+00
  erad  :  0.000000E+00
  asqv  :  0.367775E+03
  asqc  :  0.506489E+08
  asqr  :  0.759718E+05
  asqi  :  0.292193E+06
  asqs  : -0.221635E+04
  asqg  :  0.285123E+05
  asqhl :  0.707821E+01
  asccn :  0.403432E+18
  asccw :  0.441319E+19
  ascrw :  0.246201E+15
  ascci :  0.146513E+17
  ascsw : -0.234202E+13
  aschw :  0.250415E+12
  aschl :  0.994440E+04
  asvhw :  0.901128E+02
  asvhl :  0.272374E-01
  bsqv  :  0.000000E+00
  bsqc  :  0.000000E+00
  bsqr  :  0.000000E+00
  bsqi  :  0.000000E+00
  bsqs  :  0.000000E+00
  bsqg  :  0.000000E+00
  bsqhl :  0.000000E+00
  bsccn :  0.000000E+00
  bsccw :  0.000000E+00
  bscrw :  0.000000E+00
  bscci :  0.000000E+00
  bscsw :  0.000000E+00
  bschw :  0.000000E+00
  bschl :  0.000000E+00
  bsvhw :  0.000000E+00
  bsvhl :  0.000000E+00
 cm1out_stats.nc                                                       
   nrec =           24
           184             23.000000 min 
           185             23.125000 min 
           186             23.250000 min 
           187             23.375000 min 
           188             23.500000 min 
           189             23.625000 min 
           190             23.750000 min 
           191             23.875000 min 
  WMAX  :   26.6050       24   35   39    WMIN  :  -18.1591       24   33   46
  UMAX  :   64.6842       28   35   43    UMIN  :  -10.1958       26   31    1
  SUMAX :   9.71588       14   29    1    SUMIN :  -10.1958       26   31    1
  VMAX  :   51.2752       26   38   44    VMIN  :  -21.9075       24   30   43
  SVMAX :   18.9347       28   21    1    SVMIN :   1.50616       23   36    1
  PPIMAX:  0.254940E-02   10    6   51    PPIMIN: -0.247748E-02   45    4   51
  PPMAX :   555.617       50   33    1    PPMIN :  -282.023       64   36    1
  THPMAX:   31.5735       25   33   47    THPMIN:  -40.2890       25   35   45
  STHPMX:   1.55966       14   30    1    STHPMN: -0.158997E-01   20   37    1
  MAXqv :  0.226157E-01   12   31    1    MINqv :  0.335137E-08   27   25   35
  MAXqc :  0.882518E-02   22   34   25    MINqc :   0.00000        1    1    1
  MAXqr :  0.146597E-03   23   34   27    MINqr :   0.00000        1    1    1
  MAXqi :  0.784408E-02   33   32   42    MINqi :   0.00000        1    1    1
  MAXqs :  0.115896E-02   31   32   31    MINqs :   0.00000        1    1    1
  MAXqg :  0.366956E-02   26   30   33    MINqg :   0.00000        1    1    1
  MAXqhl:  0.326756E-04   25   30   25    MINqhl:   0.00000        1    1    1
  MAXccn:  0.173673E+10   30   25   28    MINccn:   0.00000       13   30    5
  MAXccw:  0.488421E+10   26   25   31    MINccw:   0.00000        1    1    1
  MAXcrw:   434699.       23   34   27    MINcrw:   0.00000        1    1    1
  MAXcci:  0.229352E+10   27   21   35    MINcci:   0.00000        1    1    1
  MAXcsw:   554987.       32   32   33    MINcsw:   0.00000        1    1    1
  MAXchw:   35000.5       27   36   43    MINchw:   0.00000        1    1    1
  MAXchl:   5.55077       25   30   25    MINchl:   0.00000        1    1    1
  MAXvhw:  0.118503E-04   26   31   33    MINvhw:   0.00000        1    1    1
  MAXvhl:  0.401967E-07   25   30   25    MINvhl:   0.00000        1    1    1
  TKEMAX:   83.6472       23   30   43    TKEMIN:   0.00000        1    1    1
  KMHMAX:   1223.49       23   30   43    KMHMIN:   0.00000        1    1    1
  KMVMAX:   1223.49       23   30   43    KMVMIN:   0.00000        1    1    1
  KHHMAX:   3670.47       23   30   43    KHHMIN:   0.00000        1    1    1
  KHVMAX:   3670.47       23   30   43    KHVMIN:   0.00000        1    1    1
  DIVMAX:  0.342021E-03   27   34   34    DIVMIN: -0.334735E-03   27   34   30
  RHMAX :   1.27708       28   34   35    RHMIN :  0.980321E-05   27   25   35
  RHIMAX:   1.98131       28   34   41    RHIMIN:  0.151700E-04   27   25   35
  THEMAX:   375.180       14   30    1    THEMIN:   317.522       36   35   16
  STHEMX:   375.180       14   30    1    STHEMN:   357.516       14   25    1
  QCTOP :  19100.000000    1    1    1    QCBOT :    569.454773    1    1    1
  SFPMAX:   95721.9       50   33    1    SFPMIN:   94884.3       64   36    1
  PSFCMX:   96558.6       50   33    1    PSFCMN:   95715.8       64   36    1
  WSPMAX:   67.6398       28   37   43    WSPMIN:   1.42911       22   32   44
  SWSPMX:   18.6842       28   20    1    SWSPMN:   2.79127       22   35    1
  CFLMAX:      0.596545   22   34   23
  KSHMAX:  0.688212E-02   23   30   43
  KSVMAX:  0.251549       18   32    9
  VORSFC:  0.283944E-02
  VOR1KM:  0.547986E-02
  VOR2KM:  0.819465E-02
  VOR3KM:  0.892121E-02
  VOR4KM:  0.836974E-02
  VOR5KM:  0.639060E-02
  TMASS :  0.207380E+15
  TMOIS :  0.752895E+12
  qv MAS:  0.742308E+12
  qc MAS:  0.306205E+10
  qr MAS:  0.502918E+08
  qi MAS:  0.548959E+10
  qs MAS:  0.656594E+09
  qg MAS:  0.132841E+10
  qhlMAS:  0.134230E+06
  TENERG:  0.521638E+20
  TMU   :  0.534005E+16
  TMV   :  0.336704E+16
  TMW   :  0.408726E+13
  TMFU  :  0.927995E+11
  TMFD  : -0.819264E+11
  tcond :  0.000000E+00
  tevac :  0.000000E+00
  tauto :  0.000000E+00
  taccr :  0.000000E+00
  tevar :  0.000000E+00
  train :  0.116232E+07
  erain :  0.000000E+00
  qsfc  :  0.000000E+00
  esfc  :  0.000000E+00
  erad  :  0.000000E+00
  asqv  :  0.442165E+03
  asqc  :  0.513381E+08
  asqr  :  0.764822E+05
  asqi  :  0.292344E+06
  asqs  : -0.226731E+04
  asqg  :  0.290711E+05
  asqhl :  0.521772E+02
  asccn :  0.470759E+18
  asccw :  0.477027E+19
  ascrw :  0.247099E+15
  ascci :  0.148632E+17
  ascsw : -0.238237E+13
  aschw :  0.258517E+12
  aschl :  0.446543E+08
  asvhw :  0.922593E+02
  asvhl :  0.115259E+00
  bsqv  :  0.000000E+00
  bsqc  :  0.000000E+00
  bsqr  :  0.000000E+00
  bsqi  :  0.000000E+00
  bsqs  :  0.000000E+00
  bsqg  :  0.000000E+00
  bsqhl :  0.000000E+00
  bsccn :  0.000000E+00
  bsccw :  0.000000E+00
  bscrw :  0.000000E+00
  bscci :  0.000000E+00
  bscsw :  0.000000E+00
  bschw :  0.000000E+00
  bschl :  0.000000E+00
  bsvhw :  0.000000E+00
  bsvhl :  0.000000E+00
 cm1out_stats.nc                                                       
   nrec =           25
           192             24.000000 min 
           193             24.125000 min 
           194             24.250000 min 
           195             24.375000 min 
           196             24.500000 min 
           197             24.625000 min 
           198             24.750000 min 
           199             24.875000 min 
   Getting dbz ... 
  WMAX  :   26.9176       23   34   28    WMIN  :  -16.5214       25   35   46
  UMAX  :   61.9508       30   35   41    UMIN  :  -10.2175       27   31    1
  SUMAX :   8.70416       14   29    1    SUMIN :  -10.2175       27   31    1
  VMAX  :   47.0366       26   40   43    VMIN  :  -17.4616       24   29   43
  SVMAX :   19.0861       28   21    1    SVMIN :   1.00756       23   37    1
  PPIMAX:  0.212079E-02   54   35   51    PPIMIN: -0.201318E-02    1    5   51
  PPMAX :   398.656        1   63    1    PPMIN :  -285.422       12    9    1
  THPMAX:   30.8874       26   34   47    THPMIN:  -30.0369       25   36   44
  STHPMX:   1.54916       14   30    1    STHPMN: -0.621643E-01   20   37    1
  MAXqv :  0.225082E-01   11   32    1    MINqv :  0.229002E-06   26   25   36
  MAXqc :  0.882360E-02   23   34   28    MINqc :   0.00000        1    1    1
  MAXqr :  0.322335E-03   28   23   18    MINqr :   0.00000        1    1    1
  MAXqi :  0.776362E-02   34   32   41    MINqi :   0.00000        1    1    1
  MAXqs :  0.141212E-02   32   33   32    MINqs :   0.00000        1    1    1
  MAXqg :  0.450514E-02   27   31   33    MINqg :   0.00000        1    1    1
  MAXqhl:  0.762120E-04   26   31   25    MINqhl:   0.00000        1    1    1
  MAXccn:  0.177394E+10   31   25   28    MINccn:   0.00000       25   22    7
  MAXccw:  0.460337E+10   31   21   31    MINccw:   0.00000        1    1    1
  MAXcrw:   573499.       23   34   28    MINcrw:   0.00000        1    1    1
  MAXcci:  0.191279E+10   28   21   35    MINcci:   0.00000        1    1    1
  MAXcsw:   543473.       32   33   32    MINcsw:   0.00000        1    1    1
  MAXchw:   33278.7       28   36   42    MINchw:   0.00000        1    1    1
  MAXchl:   29.2507       23   35   25    MINchl:   0.00000        1    1    1
  MAXvhw:  0.146003E-04   27   31   33    MINvhw:   0.00000        1    1    1
  MAXvhl:  0.909720E-07   26   31   25    MINvhl:   0.00000        1    1    1
  TKEMAX:   67.2855       23   30   43    TKEMIN:   0.00000        1    1    1
  KMHMAX:   1097.32       23   30   43    KMHMIN:   0.00000        1    1    1
  KMVMAX:   1097.32       23   30   43    KMVMIN:   0.00000        1    1    1
  KHHMAX:   3291.97       23   30   43    KHHMIN:   0.00000        1    1    1
  KHVMAX:   3291.97       23   30   43    KHVMIN:   0.00000        1    1    1
  DIVMAX:  0.474610E-03   28   34   31    DIVMIN: -0.398059E-03   28   34   32
  RHMAX :   1.25353       33   27   47    RHMIN :  0.824062E-03   25   33   51
  RHIMAX:   2.62617       33   27   47    RHIMIN:  0.147450E-02   25   33   51
  THEMAX:   374.415       11   32    1    THEMIN:   318.139       34   54   16
  STHEMX:   374.415       11   32    1    STHEMN:   357.464       14   25    1
  QCTOP :  19100.000000    1    1    1    QCBOT :    569.454773    1    1    1
  SFPMAX:   95565.0        1   63    1    SFPMIN:   94880.9       12    9    1
  PSFCMX:   96400.6        1   63    1    PSFCMN:   95712.2       12    9    1
  WSPMAX:   63.9018       30   38   42    WSPMIN:   1.91793       22   36    1
  SWSPMX:   18.8380       28   21    1    SWSPMN:   1.91793       22   36    1
  CFLMAX:      0.568731   22   34   22
  KSHMAX:  0.617245E-02   23   30   43
  KSVMAX:  0.253169       18   32    9
  VORSFC:  0.299760E-02
  VOR1KM:  0.628028E-02
  VOR2KM:  0.758365E-02
  VOR3KM:  0.109793E-01
  VOR4KM:  0.947498E-02
  VOR5KM:  0.884616E-02
  TMASS :  0.207380E+15
  TMOIS :  0.753050E+12
  qv MAS:  0.741926E+12
  qc MAS:  0.314240E+10
  qr MAS:  0.648819E+08
  qi MAS:  0.566062E+10
  qs MAS:  0.723051E+09
  qg MAS:  0.153130E+10
  qhlMAS:  0.110186E+07
  TENERG:  0.521640E+20
  TMU   :  0.534713E+16
  TMV   :  0.337166E+16
  TMW   :  0.341667E+13
  TMFU  :  0.956475E+11
  TMFD  : -0.880916E+11
  tcond :  0.000000E+00
  tevac :  0.000000E+00
  tauto :  0.000000E+00
  taccr :  0.000000E+00
  tevar :  0.000000E+00
  train :  0.228941E+07
  erain :  0.000000E+00
  qsfc  :  0.000000E+00
  esfc  :  0.000000E+00
  erad  :  0.000000E+00
  asqv  :  0.447218E+03
  asqc  :  0.519333E+08
  asqr  :  0.769104E+05
  asqi  :  0.290906E+06
  asqs  : -0.233233E+04
  asqg  :  0.291980E+05
  asqhl :  0.122163E+03
  asccn :  0.530628E+18
  asccw :  0.500619E+19
  ascrw :  0.247997E+15
  ascci :  0.149471E+17
  ascsw : -0.238840E+13
  aschw :  0.262824E+12
  aschl :  0.633340E+08
  asvhw :  0.932117E+02
  asvhl :  0.259079E+00
  bsqv  :  0.000000E+00
  bsqc  :  0.000000E+00
  bsqr  :  0.000000E+00
  bsqi  :  0.000000E+00
  bsqs  :  0.000000E+00
  bsqg  :  0.000000E+00
  bsqhl :  0.000000E+00
  bsccn :  0.000000E+00
  bsccw :  0.000000E+00
  bscrw :  0.000000E+00
  bscci :  0.000000E+00
  bscsw :  0.000000E+00
  bschw :  0.000000E+00
  bschl :  0.000000E+00
  bsvhw :  0.000000E+00
  bsvhl :  0.000000E+00
 cm1out_stats.nc                                                       
   nrec =           26
           200             25.000000 min 
   string = cm1out_rst_000005.nc                                                  
  USING COMPRESSED netCDF4 
   leaving restart_prelim 

 Total time:    2.37500024    

   sound    :        0.22    9.47%
   poiss    :        0.00    0.00%
   advs     :        0.08    3.16%
   advu     :        0.00    0.21%
   advv     :        0.00    0.00%
   advw     :        0.15    6.32%
   divx     :        0.00    0.00%
   buoyan   :        0.12    5.26%
   turb     :        0.00    0.00%
   sfcphys  :        0.00    0.00%
   tmix     :        0.00    0.00%
   cor      :        0.00    0.00%
   diffu    :        0.00    0.00%
   rdamp    :        0.00    0.00%
   microphy :        0.14    5.89%
   satadj   :        0.00    0.00%
   fallout  :        0.00    0.00%
   radiatio :        0.00    0.00%
   pbl      :        0.00    0.00%
   stat     :        0.00    0.21%
   cflq     :        0.00    0.00%
   bc       :        0.02    0.84%
   integ    :        0.00    0.21%
   write    :        0.00    0.00%
   restart  :        0.37   15.58%
   misc     :        0.23    9.89%
   swaths   :        0.00    0.00%
   pdef     :        0.05    2.32%
   prsrho   :        0.07    2.95%
   parcels  :        0.00    0.00%
   mp_total :        0.90   37.68%

   mpu1     :        0.00    0.00%
   mpu2     :        0.22    9.05%
   mpv1     :        0.00    0.00%
   mpv2     :        0.00    0.00%
   mpw1     :        0.00    0.21%
   mpw2     :        0.00    0.00%
   mpp1     :        0.00    0.00%
   mpp2     :        0.00    0.00%
   mps1     :        0.07    2.95%
   mps2     :        0.22    9.05%
   mps3     :        0.00    0.00%
   mps4     :        0.09    3.79%
   mpq1     :        0.00    0.00%
   mpq2     :        0.00    0.00%
   mptk1    :        0.30   12.63%
   mptk2    :        0.00    0.00%
   mpb      :        0.00    0.00%


   MN =    695747264.    

 Program terminated normally:  myid=          20
 Program terminated normally:  myid=          22
 Program terminated normally:  myid=          21
 Program terminated normally:  myid=           9
 Program terminated normally:  myid=          11
 Program terminated normally:  myid=          10
 Program terminated normally:  myid=          14
 Program terminated normally:  myid=          18
 Program terminated normally:  myid=           4
 Program terminated normally:  myid=           3
 Program terminated normally:  myid=          19
 Program terminated normally:  myid=          24
 Program terminated normally:  myid=          13
 Program terminated normally:  myid=          16
 Program terminated normally:  myid=          17
 Program terminated normally:  myid=          15
 Program terminated normally:  myid=          23
 Program terminated normally:  myid=           1
 Program terminated normally:  myid=           0
 Program terminated normally:  myid=          12
 Program terminated normally:  myid=           6
 Program terminated normally:  myid=           2
 Program terminated normally:  myid=           7
 Program terminated normally:  myid=           5
 Program terminated normally:  myid=           8
