
Starting run_simple_exper.py

<<<<<===========================================================================================>>>>>>



Creating directory structure and linking/copying CM1 files


LINKIT:  ARG[0]: /work/jessica.mcdonald/CM1_LETKF_2025/cm1r18v3/run/cm1.exe  ARG[1]:  /work/jessica.mcdonald/CM1_LETKF_2025/RUN_LETKF/cm1.exe
Copied /work/jessica.mcdonald/CM1_LETKF_2025/cm1r18v3/run/cm1.exe to directory  /work/jessica.mcdonald/CM1_LETKF_2025/RUN_LETKF/cm1.exe
LINKIT:  ARG[0]: /work/jessica.mcdonald/CM1_LETKF_2025/cm1r18v3/run/onefile.F  ARG[1]:  /work/jessica.mcdonald/CM1_LETKF_2025/RUN_LETKF/onefile.F
Copied /work/jessica.mcdonald/CM1_LETKF_2025/cm1r18v3/run/onefile.F to directory  /work/jessica.mcdonald/CM1_LETKF_2025/RUN_LETKF/onefile.F
LINKIT:  ARG[0]: /work/jessica.mcdonald/CM1_LETKF_2025/cm1r18v3/run/namelist.input  ARG[1]:  /work/jessica.mcdonald/CM1_LETKF_2025/RUN_LETKF/namelist.input
Copied /work/jessica.mcdonald/CM1_LETKF_2025/cm1r18v3/run/namelist.input to directory  /work/jessica.mcdonald/CM1_LETKF_2025/RUN_LETKF/namelist.input
LINKIT:  ARG[0]: /work/jessica.mcdonald/CM1_LETKF_2025/cm1r18v3/run/LANDUSE.TBL  ARG[1]:  /work/jessica.mcdonald/CM1_LETKF_2025/RUN_LETKF/LANDUSE.TBL
Copied /work/jessica.mcdonald/CM1_LETKF_2025/cm1r18v3/run/LANDUSE.TBL to directory  /work/jessica.mcdonald/CM1_LETKF_2025/RUN_LETKF/LANDUSE.TBL
LINKIT:  ARG[0]: /work/jessica.mcdonald/CM1_LETKF_2025/Obs/input_sounding  ARG[1]:  /work/jessica.mcdonald/CM1_LETKF_2025/RUN_LETKF/input_sounding
Copied /work/jessica.mcdonald/CM1_LETKF_2025/Obs/input_sounding to directory  /work/jessica.mcdonald/CM1_LETKF_2025/RUN_LETKF/input_sounding
&param0
    nx = 60
    ny = 60
    nz = 32
    nodex = 5
    nodey = 5
    ppnode = 25
    timeformat = 2
    timestats = 1
    terrain_flag = .false.
    procfiles = .false.
/

&param1
    dx = 2000.0
    dy = 2000.0
    dz = 500.0
    dtl = 7.5
    timax = 5400.0
    run_time = -999.9
    tapfrq = 900.0
    rstfrq = -3600.0
    statfrq = 60.0
    prclfrq = 60.0
/

&param2
    adapt_dt = 0
    irst = 0
    rstnum = 1
    iconly = 0
    hadvordrs = 5
    vadvordrs = 5
    hadvordrv = 5
    vadvordrv = 5
    pdscheme = 1
    apmasscon = 1
    advwenos = 2
    advwenov = 0
    idiff = 0
    mdiff = 0
    difforder = 6
    imoist = 1
    iturb = 1
    tconfig = 1
    bcturbs = 1
    dns = 0
    irdamp = 1
    hrdamp = 0
    psolver = 3
    nsound = 6
    ptype = 5
    ihail = 1
    iautoc = 1
    icor = 0
    pertcor = 0
    eqtset = 2
    idiss = 1
    efall = 0
    rterm = 0
    wbc = 2
    ebc = 2
    sbc = 2
    nbc = 2
    bbc = 1
    tbc = 1
    irbc = 4
    roflux = 0
    isnd = 5
    iwnd = 2
    itern = 0
    iinit = 1
    irandp = 0
    ibalance = 0
    iorigin = 2
    axisymm = 0
    imove = 1
    iptra = 0
    npt = 1
    pdtra = 1
    iprcl = 0
    nparcels = 1
/

&param3
    kdiff2 = 75.0
    kdiff6 = 0.04
    fcor = 5e-05
    kdiv = 0.1
    alph = 0.6
    rdalpha = 0.0033333333333
    zd = 15000.0
    xhd = 100000.0
    umove = 18.0
    vmove = 8.0
    v_t = 7.0
    l_h = 100.0
    lhref1 = 100.0
    lhref2 = 1000.0
    l_inf = 100.0
    ndcnst = 250.0
/

&param11
    radopt = 0
    dtrad = 300.0
    ctrlat = 36.68
    ctrlon = -98.35
    year = 2009
    month = 5
    day = 15
    hour = 21
    minute = 38
    second = 0
/

&param12
    isfcflx = 0
    sfcmodel = 0
    oceanmodel = 0
    ipbl = 0
    initsfc = 1
    tsk0 = 299.28
    tmn0 = 297.28
    xland0 = 2.0
    lu0 = 16
    season = 1
    cecd = 3
    pertflx = 0
    cnstce = 0.001
    cnstcd = 0.001
    isftcflx = 0
    iz0tlnd = 0
    oml_hml0 = 50.0
    oml_gamma = 0.14
/

&param4
    stretch_x = 0
    dx_inner = 1000.0
    dx_outer = 7000.0
    nos_x_len = 40000.0
    tot_x_len = 120000.0
/

&param5
    stretch_y = 0
    dy_inner = 1000.0
    dy_outer = 7000.0
    nos_y_len = 40000.0
    tot_y_len = 120000.0
/

&param6
    stretch_z = 0
    ztop = 18000.0
    str_bot = 0.0
    str_top = 2000.0
    dz_bot = 125.0
    dz_top = 500.0
/

&param7
    bc_temp = 1
    ptc_top = 250.0
    ptc_bot = 300.0
    viscosity = 25.0
    pr_num = 0.72
/

&param8
    var1 = 0.0
    var2 = 0.0
    var3 = 0.0
    var4 = 0.0
    var5 = 0.0
    var6 = 0.0
    var7 = 0.0
    var8 = 0.0
    var9 = 0.0
    var10 = 0.0
/

&param9
    output_path = './'
    output_basename = 'cm1out'
    output_format = 1
    output_filetype = 1
    output_interp = 0
    output_rain = 1
    output_sws = 1
    output_svs = 1
    output_sps = 1
    output_srs = 1
    output_sgs = 1
    output_sus = 1
    output_shs = 1
    output_coldpool = 0
    output_sfcflx = 0
    output_sfcparams = 0
    output_sfcdiags = 0
    output_psfc = 0
    output_zs = 0
    output_zh = 0
    output_basestate = 0
    output_th = 1
    output_thpert = 0
    output_prs = 1
    output_prspert = 0
    output_pi = 0
    output_pipert = 0
    output_rho = 1
    output_rhopert = 1
    output_tke = 1
    output_km = 1
    output_kh = 1
    output_qv = 1
    output_qvpert = 0
    output_q = 1
    output_dbz = 1
    output_buoyancy = 0
    output_u = 1
    output_upert = 0
    output_uinterp = 1
    output_v = 1
    output_vpert = 0
    output_vinterp = 1
    output_w = 1
    output_winterp = 1
    output_vort = 0
    output_pv = 0
    output_uh = 0
    output_pblten = 0
    output_dissten = 0
    output_dissheat = 0
    output_mptend = 0
    output_fallvel = 0
    output_nm = 0
    output_def = 0
    output_turbten = 0
    output_impdiften = 0
    output_radten = 0
    restart_format = 1
    restart_filetype = 2
    restart_file_theta = .true.
    restart_file_dbz = .true.
    restart_file_th0 = .true.
    restart_file_prs0 = .true.
    restart_file_pi0 = .true.
    restart_file_rho0 = .true.
    restart_file_qv0 = .true.
    restart_file_u0 = .true.
    restart_file_v0 = .true.
    restart_file_zs = .false.
    restart_file_zh = .false.
    restart_file_zf = .false.
    restart_file_diags = .false.
    restart_use_theta = .false.
    restart_reset_frqtim = .true.
/

&param10
    stat_w = 1
    stat_u = 1
    stat_v = 1
    stat_rmw = 1
    stat_pipert = 1
    stat_prspert = 1
    stat_thpert = 1
    stat_q = 1
    stat_tke = 1
    stat_km = 1
    stat_kh = 1
    stat_div = 1
    stat_rh = 1
    stat_rhi = 1
    stat_the = 1
    stat_cloud = 1
    stat_sfcprs = 1
    stat_wsp = 1
    stat_cfl = 1
    stat_vort = 1
    stat_tmass = 1
    stat_tmois = 1
    stat_qmass = 1
    stat_tenerg = 1
    stat_mo = 1
    stat_tmf = 1
    stat_pcn = 1
    stat_qsrc = 1
/

&param13
    prcl_th = 1
    prcl_t = 1
    prcl_prs = 1
    prcl_ptra = 1
    prcl_q = 1
    prcl_nc = 1
    prcl_km = 1
    prcl_kh = 1
    prcl_tke = 1
    prcl_dbz = 1
    prcl_b = 1
    prcl_vpg = 1
    prcl_vort = 1
    prcl_rho = 1
    prcl_qsat = 1
    prcl_sfc = 1
/

&nssl2mom_params
    alphah = 0
    alphahl = 0.5
    ccn = 2000000000.0
    cnor = 8000000.0
    cnoh = 40000.0
/
LINKIT:  ARG[0]: /work/jessica.mcdonald/CM1_LETKF_2025/RUN_LETKF/cm1.exe  ARG[1]:  /work/jessica.mcdonald/CM1_LETKF_2025/RUN_LETKF/member001/cm1.exe
Copied /work/jessica.mcdonald/CM1_LETKF_2025/RUN_LETKF/cm1.exe to directory  /work/jessica.mcdonald/CM1_LETKF_2025/RUN_LETKF/member001/cm1.exe
LINKIT:  ARG[0]: /work/jessica.mcdonald/CM1_LETKF_2025/RUN_LETKF/onefile.F  ARG[1]:  /work/jessica.mcdonald/CM1_LETKF_2025/RUN_LETKF/member001/onefile.F
Linked /work/jessica.mcdonald/CM1_LETKF_2025/RUN_LETKF/onefile.F to directory  /work/jessica.mcdonald/CM1_LETKF_2025/RUN_LETKF/member001/onefile.F
LINKIT:  ARG[0]: /work/jessica.mcdonald/CM1_LETKF_2025/RUN_LETKF/namelist.input  ARG[1]:  /work/jessica.mcdonald/CM1_LETKF_2025/RUN_LETKF/member001/namelist.input
Linked /work/jessica.mcdonald/CM1_LETKF_2025/RUN_LETKF/namelist.input to directory  /work/jessica.mcdonald/CM1_LETKF_2025/RUN_LETKF/member001/namelist.input
LINKIT:  ARG[0]: /work/jessica.mcdonald/CM1_LETKF_2025/RUN_LETKF/LANDUSE.TBL  ARG[1]:  /work/jessica.mcdonald/CM1_LETKF_2025/RUN_LETKF/member001/LANDUSE.TBL
Linked /work/jessica.mcdonald/CM1_LETKF_2025/RUN_LETKF/LANDUSE.TBL to directory  /work/jessica.mcdonald/CM1_LETKF_2025/RUN_LETKF/member001/LANDUSE.TBL
LINKIT:  ARG[0]: /work/jessica.mcdonald/CM1_LETKF_2025/RUN_LETKF/input_sounding  ARG[1]:  /work/jessica.mcdonald/CM1_LETKF_2025/RUN_LETKF/member001/input_sounding
Copied /work/jessica.mcdonald/CM1_LETKF_2025/RUN_LETKF/input_sounding to directory  /work/jessica.mcdonald/CM1_LETKF_2025/RUN_LETKF/member001/input_sounding
LINKIT:  ARG[0]: /work/jessica.mcdonald/CM1_LETKF_2025/RUN_LETKF/cm1.exe  ARG[1]:  /work/jessica.mcdonald/CM1_LETKF_2025/RUN_LETKF/member002/cm1.exe
Copied /work/jessica.mcdonald/CM1_LETKF_2025/RUN_LETKF/cm1.exe to directory  /work/jessica.mcdonald/CM1_LETKF_2025/RUN_LETKF/member002/cm1.exe
LINKIT:  ARG[0]: /work/jessica.mcdonald/CM1_LETKF_2025/RUN_LETKF/onefile.F  ARG[1]:  /work/jessica.mcdonald/CM1_LETKF_2025/RUN_LETKF/member002/onefile.F
Linked /work/jessica.mcdonald/CM1_LETKF_2025/RUN_LETKF/onefile.F to directory  /work/jessica.mcdonald/CM1_LETKF_2025/RUN_LETKF/member002/onefile.F
LINKIT:  ARG[0]: /work/jessica.mcdonald/CM1_LETKF_2025/RUN_LETKF/namelist.input  ARG[1]:  /work/jessica.mcdonald/CM1_LETKF_2025/RUN_LETKF/member002/namelist.input
Linked /work/jessica.mcdonald/CM1_LETKF_2025/RUN_LETKF/namelist.input to directory  /work/jessica.mcdonald/CM1_LETKF_2025/RUN_LETKF/member002/namelist.input
LINKIT:  ARG[0]: /work/jessica.mcdonald/CM1_LETKF_2025/RUN_LETKF/LANDUSE.TBL  ARG[1]:  /work/jessica.mcdonald/CM1_LETKF_2025/RUN_LETKF/member002/LANDUSE.TBL
Linked /work/jessica.mcdonald/CM1_LETKF_2025/RUN_LETKF/LANDUSE.TBL to directory  /work/jessica.mcdonald/CM1_LETKF_2025/RUN_LETKF/member002/LANDUSE.TBL
LINKIT:  ARG[0]: /work/jessica.mcdonald/CM1_LETKF_2025/RUN_LETKF/input_sounding  ARG[1]:  /work/jessica.mcdonald/CM1_LETKF_2025/RUN_LETKF/member002/input_sounding
Copied /work/jessica.mcdonald/CM1_LETKF_2025/RUN_LETKF/input_sounding to directory  /work/jessica.mcdonald/CM1_LETKF_2025/RUN_LETKF/member002/input_sounding
LINKIT:  ARG[0]: /work/jessica.mcdonald/CM1_LETKF_2025/RUN_LETKF/cm1.exe  ARG[1]:  /work/jessica.mcdonald/CM1_LETKF_2025/RUN_LETKF/member003/cm1.exe
Copied /work/jessica.mcdonald/CM1_LETKF_2025/RUN_LETKF/cm1.exe to directory  /work/jessica.mcdonald/CM1_LETKF_2025/RUN_LETKF/member003/cm1.exe
LINKIT:  ARG[0]: /work/jessica.mcdonald/CM1_LETKF_2025/RUN_LETKF/onefile.F  ARG[1]:  /work/jessica.mcdonald/CM1_LETKF_2025/RUN_LETKF/member003/onefile.F
Linked /work/jessica.mcdonald/CM1_LETKF_2025/RUN_LETKF/onefile.F to directory  /work/jessica.mcdonald/CM1_LETKF_2025/RUN_LETKF/member003/onefile.F
LINKIT:  ARG[0]: /work/jessica.mcdonald/CM1_LETKF_2025/RUN_LETKF/namelist.input  ARG[1]:  /work/jessica.mcdonald/CM1_LETKF_2025/RUN_LETKF/member003/namelist.input
Linked /work/jessica.mcdonald/CM1_LETKF_2025/RUN_LETKF/namelist.input to directory  /work/jessica.mcdonald/CM1_LETKF_2025/RUN_LETKF/member003/namelist.input
LINKIT:  ARG[0]: /work/jessica.mcdonald/CM1_LETKF_2025/RUN_LETKF/LANDUSE.TBL  ARG[1]:  /work/jessica.mcdonald/CM1_LETKF_2025/RUN_LETKF/member003/LANDUSE.TBL
Linked /work/jessica.mcdonald/CM1_LETKF_2025/RUN_LETKF/LANDUSE.TBL to directory  /work/jessica.mcdonald/CM1_LETKF_2025/RUN_LETKF/member003/LANDUSE.TBL
LINKIT:  ARG[0]: /work/jessica.mcdonald/CM1_LETKF_2025/RUN_LETKF/input_sounding  ARG[1]:  /work/jessica.mcdonald/CM1_LETKF_2025/RUN_LETKF/member003/input_sounding
Copied /work/jessica.mcdonald/CM1_LETKF_2025/RUN_LETKF/input_sounding to directory  /work/jessica.mcdonald/CM1_LETKF_2025/RUN_LETKF/member003/input_sounding
LINKIT:  ARG[0]: /work/jessica.mcdonald/CM1_LETKF_2025/RUN_LETKF/cm1.exe  ARG[1]:  /work/jessica.mcdonald/CM1_LETKF_2025/RUN_LETKF/member004/cm1.exe
Copied /work/jessica.mcdonald/CM1_LETKF_2025/RUN_LETKF/cm1.exe to directory  /work/jessica.mcdonald/CM1_LETKF_2025/RUN_LETKF/member004/cm1.exe
LINKIT:  ARG[0]: /work/jessica.mcdonald/CM1_LETKF_2025/RUN_LETKF/onefile.F  ARG[1]:  /work/jessica.mcdonald/CM1_LETKF_2025/RUN_LETKF/member004/onefile.F
Linked /work/jessica.mcdonald/CM1_LETKF_2025/RUN_LETKF/onefile.F to directory  /work/jessica.mcdonald/CM1_LETKF_2025/RUN_LETKF/member004/onefile.F
LINKIT:  ARG[0]: /work/jessica.mcdonald/CM1_LETKF_2025/RUN_LETKF/namelist.input  ARG[1]:  /work/jessica.mcdonald/CM1_LETKF_2025/RUN_LETKF/member004/namelist.input
Linked /work/jessica.mcdonald/CM1_LETKF_2025/RUN_LETKF/namelist.input to directory  /work/jessica.mcdonald/CM1_LETKF_2025/RUN_LETKF/member004/namelist.input
LINKIT:  ARG[0]: /work/jessica.mcdonald/CM1_LETKF_2025/RUN_LETKF/LANDUSE.TBL  ARG[1]:  /work/jessica.mcdonald/CM1_LETKF_2025/RUN_LETKF/member004/LANDUSE.TBL
Linked /work/jessica.mcdonald/CM1_LETKF_2025/RUN_LETKF/LANDUSE.TBL to directory  /work/jessica.mcdonald/CM1_LETKF_2025/RUN_LETKF/member004/LANDUSE.TBL
LINKIT:  ARG[0]: /work/jessica.mcdonald/CM1_LETKF_2025/RUN_LETKF/input_sounding  ARG[1]:  /work/jessica.mcdonald/CM1_LETKF_2025/RUN_LETKF/member004/input_sounding
Copied /work/jessica.mcdonald/CM1_LETKF_2025/RUN_LETKF/input_sounding to directory  /work/jessica.mcdonald/CM1_LETKF_2025/RUN_LETKF/member004/input_sounding
LINKIT:  ARG[0]: /work/jessica.mcdonald/CM1_LETKF_2025/RUN_LETKF/cm1.exe  ARG[1]:  /work/jessica.mcdonald/CM1_LETKF_2025/RUN_LETKF/member005/cm1.exe
Copied /work/jessica.mcdonald/CM1_LETKF_2025/RUN_LETKF/cm1.exe to directory  /work/jessica.mcdonald/CM1_LETKF_2025/RUN_LETKF/member005/cm1.exe
LINKIT:  ARG[0]: /work/jessica.mcdonald/CM1_LETKF_2025/RUN_LETKF/onefile.F  ARG[1]:  /work/jessica.mcdonald/CM1_LETKF_2025/RUN_LETKF/member005/onefile.F
Linked /work/jessica.mcdonald/CM1_LETKF_2025/RUN_LETKF/onefile.F to directory  /work/jessica.mcdonald/CM1_LETKF_2025/RUN_LETKF/member005/onefile.F
LINKIT:  ARG[0]: /work/jessica.mcdonald/CM1_LETKF_2025/RUN_LETKF/namelist.input  ARG[1]:  /work/jessica.mcdonald/CM1_LETKF_2025/RUN_LETKF/member005/namelist.input
Linked /work/jessica.mcdonald/CM1_LETKF_2025/RUN_LETKF/namelist.input to directory  /work/jessica.mcdonald/CM1_LETKF_2025/RUN_LETKF/member005/namelist.input
LINKIT:  ARG[0]: /work/jessica.mcdonald/CM1_LETKF_2025/RUN_LETKF/LANDUSE.TBL  ARG[1]:  /work/jessica.mcdonald/CM1_LETKF_2025/RUN_LETKF/member005/LANDUSE.TBL
Linked /work/jessica.mcdonald/CM1_LETKF_2025/RUN_LETKF/LANDUSE.TBL to directory  /work/jessica.mcdonald/CM1_LETKF_2025/RUN_LETKF/member005/LANDUSE.TBL
LINKIT:  ARG[0]: /work/jessica.mcdonald/CM1_LETKF_2025/RUN_LETKF/input_sounding  ARG[1]:  /work/jessica.mcdonald/CM1_LETKF_2025/RUN_LETKF/member005/input_sounding
Copied /work/jessica.mcdonald/CM1_LETKF_2025/RUN_LETKF/input_sounding to directory  /work/jessica.mcdonald/CM1_LETKF_2025/RUN_LETKF/member005/input_sounding
LINKIT:  ARG[0]: /work/jessica.mcdonald/CM1_LETKF_2025/RUN_LETKF/cm1.exe  ARG[1]:  /work/jessica.mcdonald/CM1_LETKF_2025/RUN_LETKF/member006/cm1.exe
Copied /work/jessica.mcdonald/CM1_LETKF_2025/RUN_LETKF/cm1.exe to directory  /work/jessica.mcdonald/CM1_LETKF_2025/RUN_LETKF/member006/cm1.exe
LINKIT:  ARG[0]: /work/jessica.mcdonald/CM1_LETKF_2025/RUN_LETKF/onefile.F  ARG[1]:  /work/jessica.mcdonald/CM1_LETKF_2025/RUN_LETKF/member006/onefile.F
Linked /work/jessica.mcdonald/CM1_LETKF_2025/RUN_LETKF/onefile.F to directory  /work/jessica.mcdonald/CM1_LETKF_2025/RUN_LETKF/member006/onefile.F
LINKIT:  ARG[0]: /work/jessica.mcdonald/CM1_LETKF_2025/RUN_LETKF/namelist.input  ARG[1]:  /work/jessica.mcdonald/CM1_LETKF_2025/RUN_LETKF/member006/namelist.input
Linked /work/jessica.mcdonald/CM1_LETKF_2025/RUN_LETKF/namelist.input to directory  /work/jessica.mcdonald/CM1_LETKF_2025/RUN_LETKF/member006/namelist.input
LINKIT:  ARG[0]: /work/jessica.mcdonald/CM1_LETKF_2025/RUN_LETKF/LANDUSE.TBL  ARG[1]:  /work/jessica.mcdonald/CM1_LETKF_2025/RUN_LETKF/member006/LANDUSE.TBL
Linked /work/jessica.mcdonald/CM1_LETKF_2025/RUN_LETKF/LANDUSE.TBL to directory  /work/jessica.mcdonald/CM1_LETKF_2025/RUN_LETKF/member006/LANDUSE.TBL
LINKIT:  ARG[0]: /work/jessica.mcdonald/CM1_LETKF_2025/RUN_LETKF/input_sounding  ARG[1]:  /work/jessica.mcdonald/CM1_LETKF_2025/RUN_LETKF/member006/input_sounding
Copied /work/jessica.mcdonald/CM1_LETKF_2025/RUN_LETKF/input_sounding to directory  /work/jessica.mcdonald/CM1_LETKF_2025/RUN_LETKF/member006/input_sounding
LINKIT:  ARG[0]: /work/jessica.mcdonald/CM1_LETKF_2025/RUN_LETKF/cm1.exe  ARG[1]:  /work/jessica.mcdonald/CM1_LETKF_2025/RUN_LETKF/member007/cm1.exe
Copied /work/jessica.mcdonald/CM1_LETKF_2025/RUN_LETKF/cm1.exe to directory  /work/jessica.mcdonald/CM1_LETKF_2025/RUN_LETKF/member007/cm1.exe
LINKIT:  ARG[0]: /work/jessica.mcdonald/CM1_LETKF_2025/RUN_LETKF/onefile.F  ARG[1]:  /work/jessica.mcdonald/CM1_LETKF_2025/RUN_LETKF/member007/onefile.F
Linked /work/jessica.mcdonald/CM1_LETKF_2025/RUN_LETKF/onefile.F to directory  /work/jessica.mcdonald/CM1_LETKF_2025/RUN_LETKF/member007/onefile.F
LINKIT:  ARG[0]: /work/jessica.mcdonald/CM1_LETKF_2025/RUN_LETKF/namelist.input  ARG[1]:  /work/jessica.mcdonald/CM1_LETKF_2025/RUN_LETKF/member007/namelist.input
Linked /work/jessica.mcdonald/CM1_LETKF_2025/RUN_LETKF/namelist.input to directory  /work/jessica.mcdonald/CM1_LETKF_2025/RUN_LETKF/member007/namelist.input
LINKIT:  ARG[0]: /work/jessica.mcdonald/CM1_LETKF_2025/RUN_LETKF/LANDUSE.TBL  ARG[1]:  /work/jessica.mcdonald/CM1_LETKF_2025/RUN_LETKF/member007/LANDUSE.TBL
Linked /work/jessica.mcdonald/CM1_LETKF_2025/RUN_LETKF/LANDUSE.TBL to directory  /work/jessica.mcdonald/CM1_LETKF_2025/RUN_LETKF/member007/LANDUSE.TBL
LINKIT:  ARG[0]: /work/jessica.mcdonald/CM1_LETKF_2025/RUN_LETKF/input_sounding  ARG[1]:  /work/jessica.mcdonald/CM1_LETKF_2025/RUN_LETKF/member007/input_sounding
Copied /work/jessica.mcdonald/CM1_LETKF_2025/RUN_LETKF/input_sounding to directory  /work/jessica.mcdonald/CM1_LETKF_2025/RUN_LETKF/member007/input_sounding
LINKIT:  ARG[0]: /work/jessica.mcdonald/CM1_LETKF_2025/RUN_LETKF/cm1.exe  ARG[1]:  /work/jessica.mcdonald/CM1_LETKF_2025/RUN_LETKF/member008/cm1.exe
Copied /work/jessica.mcdonald/CM1_LETKF_2025/RUN_LETKF/cm1.exe to directory  /work/jessica.mcdonald/CM1_LETKF_2025/RUN_LETKF/member008/cm1.exe
LINKIT:  ARG[0]: /work/jessica.mcdonald/CM1_LETKF_2025/RUN_LETKF/onefile.F  ARG[1]:  /work/jessica.mcdonald/CM1_LETKF_2025/RUN_LETKF/member008/onefile.F
Linked /work/jessica.mcdonald/CM1_LETKF_2025/RUN_LETKF/onefile.F to directory  /work/jessica.mcdonald/CM1_LETKF_2025/RUN_LETKF/member008/onefile.F
LINKIT:  ARG[0]: /work/jessica.mcdonald/CM1_LETKF_2025/RUN_LETKF/namelist.input  ARG[1]:  /work/jessica.mcdonald/CM1_LETKF_2025/RUN_LETKF/member008/namelist.input
Linked /work/jessica.mcdonald/CM1_LETKF_2025/RUN_LETKF/namelist.input to directory  /work/jessica.mcdonald/CM1_LETKF_2025/RUN_LETKF/member008/namelist.input
LINKIT:  ARG[0]: /work/jessica.mcdonald/CM1_LETKF_2025/RUN_LETKF/LANDUSE.TBL  ARG[1]:  /work/jessica.mcdonald/CM1_LETKF_2025/RUN_LETKF/member008/LANDUSE.TBL
Linked /work/jessica.mcdonald/CM1_LETKF_2025/RUN_LETKF/LANDUSE.TBL to directory  /work/jessica.mcdonald/CM1_LETKF_2025/RUN_LETKF/member008/LANDUSE.TBL
LINKIT:  ARG[0]: /work/jessica.mcdonald/CM1_LETKF_2025/RUN_LETKF/input_sounding  ARG[1]:  /work/jessica.mcdonald/CM1_LETKF_2025/RUN_LETKF/member008/input_sounding
Copied /work/jessica.mcdonald/CM1_LETKF_2025/RUN_LETKF/input_sounding to directory  /work/jessica.mcdonald/CM1_LETKF_2025/RUN_LETKF/member008/input_sounding
LINKIT:  ARG[0]: /work/jessica.mcdonald/CM1_LETKF_2025/RUN_LETKF/cm1.exe  ARG[1]:  /work/jessica.mcdonald/CM1_LETKF_2025/RUN_LETKF/member009/cm1.exe
Copied /work/jessica.mcdonald/CM1_LETKF_2025/RUN_LETKF/cm1.exe to directory  /work/jessica.mcdonald/CM1_LETKF_2025/RUN_LETKF/member009/cm1.exe
LINKIT:  ARG[0]: /work/jessica.mcdonald/CM1_LETKF_2025/RUN_LETKF/onefile.F  ARG[1]:  /work/jessica.mcdonald/CM1_LETKF_2025/RUN_LETKF/member009/onefile.F
Linked /work/jessica.mcdonald/CM1_LETKF_2025/RUN_LETKF/onefile.F to directory  /work/jessica.mcdonald/CM1_LETKF_2025/RUN_LETKF/member009/onefile.F
LINKIT:  ARG[0]: /work/jessica.mcdonald/CM1_LETKF_2025/RUN_LETKF/namelist.input  ARG[1]:  /work/jessica.mcdonald/CM1_LETKF_2025/RUN_LETKF/member009/namelist.input
Linked /work/jessica.mcdonald/CM1_LETKF_2025/RUN_LETKF/namelist.input to directory  /work/jessica.mcdonald/CM1_LETKF_2025/RUN_LETKF/member009/namelist.input
LINKIT:  ARG[0]: /work/jessica.mcdonald/CM1_LETKF_2025/RUN_LETKF/LANDUSE.TBL  ARG[1]:  /work/jessica.mcdonald/CM1_LETKF_2025/RUN_LETKF/member009/LANDUSE.TBL
Linked /work/jessica.mcdonald/CM1_LETKF_2025/RUN_LETKF/LANDUSE.TBL to directory  /work/jessica.mcdonald/CM1_LETKF_2025/RUN_LETKF/member009/LANDUSE.TBL
LINKIT:  ARG[0]: /work/jessica.mcdonald/CM1_LETKF_2025/RUN_LETKF/input_sounding  ARG[1]:  /work/jessica.mcdonald/CM1_LETKF_2025/RUN_LETKF/member009/input_sounding
Copied /work/jessica.mcdonald/CM1_LETKF_2025/RUN_LETKF/input_sounding to directory  /work/jessica.mcdonald/CM1_LETKF_2025/RUN_LETKF/member009/input_sounding
LINKIT:  ARG[0]: /work/jessica.mcdonald/CM1_LETKF_2025/RUN_LETKF/cm1.exe  ARG[1]:  /work/jessica.mcdonald/CM1_LETKF_2025/RUN_LETKF/member010/cm1.exe
Copied /work/jessica.mcdonald/CM1_LETKF_2025/RUN_LETKF/cm1.exe to directory  /work/jessica.mcdonald/CM1_LETKF_2025/RUN_LETKF/member010/cm1.exe
LINKIT:  ARG[0]: /work/jessica.mcdonald/CM1_LETKF_2025/RUN_LETKF/onefile.F  ARG[1]:  /work/jessica.mcdonald/CM1_LETKF_2025/RUN_LETKF/member010/onefile.F
Linked /work/jessica.mcdonald/CM1_LETKF_2025/RUN_LETKF/onefile.F to directory  /work/jessica.mcdonald/CM1_LETKF_2025/RUN_LETKF/member010/onefile.F
LINKIT:  ARG[0]: /work/jessica.mcdonald/CM1_LETKF_2025/RUN_LETKF/namelist.input  ARG[1]:  /work/jessica.mcdonald/CM1_LETKF_2025/RUN_LETKF/member010/namelist.input
Linked /work/jessica.mcdonald/CM1_LETKF_2025/RUN_LETKF/namelist.input to directory  /work/jessica.mcdonald/CM1_LETKF_2025/RUN_LETKF/member010/namelist.input
LINKIT:  ARG[0]: /work/jessica.mcdonald/CM1_LETKF_2025/RUN_LETKF/LANDUSE.TBL  ARG[1]:  /work/jessica.mcdonald/CM1_LETKF_2025/RUN_LETKF/member010/LANDUSE.TBL
Linked /work/jessica.mcdonald/CM1_LETKF_2025/RUN_LETKF/LANDUSE.TBL to directory  /work/jessica.mcdonald/CM1_LETKF_2025/RUN_LETKF/member010/LANDUSE.TBL
LINKIT:  ARG[0]: /work/jessica.mcdonald/CM1_LETKF_2025/RUN_LETKF/input_sounding  ARG[1]:  /work/jessica.mcdonald/CM1_LETKF_2025/RUN_LETKF/member010/input_sounding
Copied /work/jessica.mcdonald/CM1_LETKF_2025/RUN_LETKF/input_sounding to directory  /work/jessica.mcdonald/CM1_LETKF_2025/RUN_LETKF/member010/input_sounding

 Run_Fcst Script: IMPORTANT:  Run time not supplied...defaulting to init mode!!!

 Run_Fcst Script:  1 threads requested....

 Run_Fcst Script: Number ensemble members to run not supplied, defaulting to experiment file:  10

 Run_Fcst Script: Initializing 010 ensemble members

 Now setting up forecast member: /work/jessica.mcdonald/CM1_LETKF_2025/RUN_LETKF/member001
/work/jessica.mcdonald/CM1_LETKF_2025/RUN_LETKF/member001/cm1.exe is the model path
/work/jessica.mcdonald/CM1_LETKF_2025/RUN_LETKF/member001/cm1.out is the outputfile path

 Now setting up forecast member: /work/jessica.mcdonald/CM1_LETKF_2025/RUN_LETKF/member002
/work/jessica.mcdonald/CM1_LETKF_2025/RUN_LETKF/member002/cm1.exe is the model path
/work/jessica.mcdonald/CM1_LETKF_2025/RUN_LETKF/member002/cm1.out is the outputfile path

 Now setting up forecast member: /work/jessica.mcdonald/CM1_LETKF_2025/RUN_LETKF/member003
/work/jessica.mcdonald/CM1_LETKF_2025/RUN_LETKF/member003/cm1.exe is the model path
/work/jessica.mcdonald/CM1_LETKF_2025/RUN_LETKF/member003/cm1.out is the outputfile path

 Now setting up forecast member: /work/jessica.mcdonald/CM1_LETKF_2025/RUN_LETKF/member004
/work/jessica.mcdonald/CM1_LETKF_2025/RUN_LETKF/member004/cm1.exe is the model path
/work/jessica.mcdonald/CM1_LETKF_2025/RUN_LETKF/member004/cm1.out is the outputfile path

 Now setting up forecast member: /work/jessica.mcdonald/CM1_LETKF_2025/RUN_LETKF/member005
/work/jessica.mcdonald/CM1_LETKF_2025/RUN_LETKF/member005/cm1.exe is the model path

 Executing command:  cd /work/jessica.mcdonald/CM1_LETKF_2025/RUN_LETKF/member001 ; mpirun -n 25 cm1.exe >> cm1.out /work/jessica.mcdonald/CM1_LETKF_2025/RUN_LETKF/member005/cm1.out is the outputfile path


 Now setting up forecast member: /work/jessica.mcdonald/CM1_LETKF_2025/RUN_LETKF/member006
/work/jessica.mcdonald/CM1_LETKF_2025/RUN_LETKF/member006/cm1.exe is the model path
/work/jessica.mcdonald/CM1_LETKF_2025/RUN_LETKF/member006/cm1.out is the outputfile path

 Now setting up forecast member: /work/jessica.mcdonald/CM1_LETKF_2025/RUN_LETKF/member007
/work/jessica.mcdonald/CM1_LETKF_2025/RUN_LETKF/member007/cm1.exe is the model path
/work/jessica.mcdonald/CM1_LETKF_2025/RUN_LETKF/member007/cm1.out is the outputfile path

 Now setting up forecast member: /work/jessica.mcdonald/CM1_LETKF_2025/RUN_LETKF/member008
/work/jessica.mcdonald/CM1_LETKF_2025/RUN_LETKF/member008/cm1.exe is the model path
/work/jessica.mcdonald/CM1_LETKF_2025/RUN_LETKF/member008/cm1.out is the outputfile path

 Now setting up forecast member: /work/jessica.mcdonald/CM1_LETKF_2025/RUN_LETKF/member009
/work/jessica.mcdonald/CM1_LETKF_2025/RUN_LETKF/member009/cm1.exe is the model path
/work/jessica.mcdonald/CM1_LETKF_2025/RUN_LETKF/member009/cm1.out is the outputfile path

 Now setting up forecast member: /work/jessica.mcdonald/CM1_LETKF_2025/RUN_LETKF/member010
/work/jessica.mcdonald/CM1_LETKF_2025/RUN_LETKF/member010/cm1.exe is the model path
/work/jessica.mcdonald/CM1_LETKF_2025/RUN_LETKF/member010/cm1.out is the outputfile path
 cwccn, cck, ccne =    2.00000000E+09  0.600000024       342431840.      0.989282310      0.346153885    
 cwccn, cck, ccne =    2.00000000E+09  0.600000024       342431840.      0.989282310      0.346153885    
 cwccn, cck, ccne =    2.00000000E+09  0.600000024       342431840.      0.989282310      0.346153885    
 cwccn, cck, ccne =    2.00000000E+09  0.600000024       342431840.      0.989282310      0.346153885    
 cwccn, cck, ccne =    2.00000000E+09  0.600000024       342431840.      0.989282310      0.346153885    
 cwccn, cck, ccne =    2.00000000E+09  0.600000024       342431840.      0.989282310      0.346153885    
 cwccn, cck, ccne =    2.00000000E+09  0.600000024       342431840.      0.989282310      0.346153885    
 cwccn, cck, ccne =    2.00000000E+09  0.600000024       342431840.      0.989282310      0.346153885    
 cwccn, cck, ccne =    2.00000000E+09  0.600000024       342431840.      0.989282310      0.346153885    
 cwccn, cck, ccne =    2.00000000E+09  0.600000024       342431840.      0.989282310      0.346153885    
 cwccn, cck, ccne =    2.00000000E+09  0.600000024       342431840.      0.989282310      0.346153885    
 cwccn, cck, ccne =    2.00000000E+09  0.600000024       342431840.      0.989282310      0.346153885    
 cwccn, cck, ccne =    2.00000000E+09  0.600000024       342431840.      0.989282310      0.346153885    
 cwccn, cck, ccne =    2.00000000E+09  0.600000024       342431840.      0.989282310      0.346153885    
 cwccn, cck, ccne =    2.00000000E+09  0.600000024       342431840.      0.989282310      0.346153885    
 cwccn, cck, ccne =    2.00000000E+09  0.600000024       342431840.      0.989282310      0.346153885    
 cwccn, cck, ccne =    2.00000000E+09  0.600000024       342431840.      0.989282310      0.346153885    
 cwccn, cck, ccne =    2.00000000E+09  0.600000024       342431840.      0.989282310      0.346153885    
 cwccn, cck, ccne =    2.00000000E+09  0.600000024       342431840.      0.989282310      0.346153885    
 cwccn, cck, ccne =    2.00000000E+09  0.600000024       342431840.      0.989282310      0.346153885    
 cwccn, cck, ccne =    2.00000000E+09  0.600000024       342431840.      0.989282310      0.346153885    
 cwccn, cck, ccne =    2.00000000E+09  0.600000024       342431840.      0.989282310      0.346153885    
 cwccn, cck, ccne =    2.00000000E+09  0.600000024       342431840.      0.989282310      0.346153885    
 cwccn, cck, ccne =    2.00000000E+09  0.600000024       342431840.      0.989282310      0.346153885    
 cwccn, cck, ccne =    2.00000000E+09  0.600000024       342431840.      0.989282310      0.346153885    
STOP 55556
STOP 55556
STOP 55556
STOP 55556
STOP 55556
STOP 55556
Note: The following floating-point exceptions are signalling: IEEE_INVALID_FLAG
STOP 55556
STOP 55556
STOP 55556
STOP 55556
STOP 55556
STOP 55556
STOP 55556
STOP 55556
STOP 55556
STOP 55556
STOP 55556
STOP 55556
STOP 55556
STOP 55556
STOP 55556
STOP 55556
STOP 55556
STOP 55556
STOP 55556
--------------------------------------------------------------------------
prterun detected that one or more processes exited with non-zero status,
thus causing the job to be terminated. The first process to do so was:

   Process name: [prterun-wof-epyc9-3927051@1,3] Exit code:    4
--------------------------------------------------------------------------

 cd /work/jessica.mcdonald/CM1_LETKF_2025/RUN_LETKF/member001 ; mpirun -n 25 cm1.exe >> cm1.out completed....

 Executing command:  cd /work/jessica.mcdonald/CM1_LETKF_2025/RUN_LETKF/member002 ; mpirun -n 25 cm1.exe >> cm1.out 
 cwccn, cck, ccne =    2.00000000E+09  0.600000024       342431840.      0.989282310      0.346153885    
 cwccn, cck, ccne =    2.00000000E+09  0.600000024       342431840.      0.989282310      0.346153885    
 cwccn, cck, ccne =    2.00000000E+09  0.600000024       342431840.      0.989282310      0.346153885    
 cwccn, cck, ccne =    2.00000000E+09  0.600000024       342431840.      0.989282310      0.346153885    
 cwccn, cck, ccne =    2.00000000E+09  0.600000024       342431840.      0.989282310      0.346153885    
 cwccn, cck, ccne =    2.00000000E+09  0.600000024       342431840.      0.989282310      0.346153885    
 cwccn, cck, ccne =    2.00000000E+09  0.600000024       342431840.      0.989282310      0.346153885    
 cwccn, cck, ccne =    2.00000000E+09  0.600000024       342431840.      0.989282310      0.346153885    
 cwccn, cck, ccne =    2.00000000E+09  0.600000024       342431840.      0.989282310      0.346153885    
 cwccn, cck, ccne =    2.00000000E+09  0.600000024       342431840.      0.989282310      0.346153885    
 cwccn, cck, ccne =    2.00000000E+09  0.600000024       342431840.      0.989282310      0.346153885    
 cwccn, cck, ccne =    2.00000000E+09  0.600000024       342431840.      0.989282310      0.346153885    
 cwccn, cck, ccne =    2.00000000E+09  0.600000024       342431840.      0.989282310      0.346153885    
 cwccn, cck, ccne =    2.00000000E+09  0.600000024       342431840.      0.989282310      0.346153885    
 cwccn, cck, ccne =    2.00000000E+09  0.600000024       342431840.      0.989282310      0.346153885    
 cwccn, cck, ccne =    2.00000000E+09  0.600000024       342431840.      0.989282310      0.346153885    
 cwccn, cck, ccne =    2.00000000E+09  0.600000024       342431840.      0.989282310      0.346153885    
 cwccn, cck, ccne =    2.00000000E+09  0.600000024       342431840.      0.989282310      0.346153885    
 cwccn, cck, ccne =    2.00000000E+09  0.600000024       342431840.      0.989282310      0.346153885    
 cwccn, cck, ccne =    2.00000000E+09  0.600000024       342431840.      0.989282310      0.346153885    
 cwccn, cck, ccne =    2.00000000E+09  0.600000024       342431840.      0.989282310      0.346153885    
 cwccn, cck, ccne =    2.00000000E+09  0.600000024       342431840.      0.989282310      0.346153885    
 cwccn, cck, ccne =    2.00000000E+09  0.600000024       342431840.      0.989282310      0.346153885    
 cwccn, cck, ccne =    2.00000000E+09  0.600000024       342431840.      0.989282310      0.346153885    
 cwccn, cck, ccne =    2.00000000E+09  0.600000024       342431840.      0.989282310      0.346153885    
Note: The following floating-point exceptions are signalling: IEEE_INVALID_FLAG
STOP 55556
STOP 55556
STOP 55556
STOP 55556
STOP 55556
STOP 55556
STOP 55556
STOP 55556
STOP 55556
STOP 55556
STOP 55556
STOP 55556
STOP 55556
STOP 55556
STOP 55556
STOP 55556
STOP 55556
STOP 55556
STOP 55556
STOP 55556
STOP 55556
STOP 55556
STOP 55556
STOP 55556
STOP 55556
--------------------------------------------------------------------------
prterun detected that one or more processes exited with non-zero status,
thus causing the job to be terminated. The first process to do so was:

   Process name: [prterun-wof-epyc9-3927107@1,3] Exit code:    4
--------------------------------------------------------------------------

 cd /work/jessica.mcdonald/CM1_LETKF_2025/RUN_LETKF/member002 ; mpirun -n 25 cm1.exe >> cm1.out completed....

 Executing command:  cd /work/jessica.mcdonald/CM1_LETKF_2025/RUN_LETKF/member003 ; mpirun -n 25 cm1.exe >> cm1.out 
 cwccn, cck, ccne =    2.00000000E+09  0.600000024       342431840.      0.989282310      0.346153885    
 cwccn, cck, ccne =    2.00000000E+09  0.600000024       342431840.      0.989282310      0.346153885    
 cwccn, cck, ccne =    2.00000000E+09  0.600000024       342431840.      0.989282310      0.346153885    
 cwccn, cck, ccne =    2.00000000E+09  0.600000024       342431840.      0.989282310      0.346153885    
 cwccn, cck, ccne =    2.00000000E+09  0.600000024       342431840.      0.989282310      0.346153885    
 cwccn, cck, ccne =    2.00000000E+09  0.600000024       342431840.      0.989282310      0.346153885    
 cwccn, cck, ccne =    2.00000000E+09  0.600000024       342431840.      0.989282310      0.346153885    
 cwccn, cck, ccne =    2.00000000E+09  0.600000024       342431840.      0.989282310      0.346153885    
 cwccn, cck, ccne =    2.00000000E+09  0.600000024       342431840.      0.989282310      0.346153885    
 cwccn, cck, ccne =    2.00000000E+09  0.600000024       342431840.      0.989282310      0.346153885    
 cwccn, cck, ccne =    2.00000000E+09  0.600000024       342431840.      0.989282310      0.346153885    
 cwccn, cck, ccne =    2.00000000E+09  0.600000024       342431840.      0.989282310      0.346153885    
 cwccn, cck, ccne =    2.00000000E+09  0.600000024       342431840.      0.989282310      0.346153885    
 cwccn, cck, ccne =    2.00000000E+09  0.600000024       342431840.      0.989282310      0.346153885    
 cwccn, cck, ccne =    2.00000000E+09  0.600000024       342431840.      0.989282310      0.346153885    
 cwccn, cck, ccne =    2.00000000E+09  0.600000024       342431840.      0.989282310      0.346153885    
 cwccn, cck, ccne =    2.00000000E+09  0.600000024       342431840.      0.989282310      0.346153885    
 cwccn, cck, ccne =    2.00000000E+09  0.600000024       342431840.      0.989282310      0.346153885    
 cwccn, cck, ccne =    2.00000000E+09  0.600000024       342431840.      0.989282310      0.346153885    
 cwccn, cck, ccne =    2.00000000E+09  0.600000024       342431840.      0.989282310      0.346153885    
 cwccn, cck, ccne =    2.00000000E+09  0.600000024       342431840.      0.989282310      0.346153885    
 cwccn, cck, ccne =    2.00000000E+09  0.600000024       342431840.      0.989282310      0.346153885    
 cwccn, cck, ccne =    2.00000000E+09  0.600000024       342431840.      0.989282310      0.346153885    
 cwccn, cck, ccne =    2.00000000E+09  0.600000024       342431840.      0.989282310      0.346153885    
 cwccn, cck, ccne =    2.00000000E+09  0.600000024       342431840.      0.989282310      0.346153885    
Note: The following floating-point exceptions are signalling: IEEE_INVALID_FLAG
STOP 55556
STOP 55556
STOP 55556
STOP 55556
STOP 55556
STOP 55556
STOP 55556
STOP 55556
STOP 55556
STOP 55556
STOP 55556
STOP 55556
STOP 55556
STOP 55556
STOP 55556
STOP 55556
STOP 55556
STOP 55556
STOP 55556
STOP 55556
STOP 55556
STOP 55556
STOP 55556
STOP 55556
STOP 55556
--------------------------------------------------------------------------
prterun detected that one or more processes exited with non-zero status,
thus causing the job to be terminated. The first process to do so was:

   Process name: [prterun-wof-epyc9-3927164@1,3] Exit code:    4
--------------------------------------------------------------------------

 cd /work/jessica.mcdonald/CM1_LETKF_2025/RUN_LETKF/member003 ; mpirun -n 25 cm1.exe >> cm1.out completed....

 Executing command:  cd /work/jessica.mcdonald/CM1_LETKF_2025/RUN_LETKF/member004 ; mpirun -n 25 cm1.exe >> cm1.out 
 cwccn, cck, ccne =    2.00000000E+09  0.600000024       342431840.      0.989282310      0.346153885    
 cwccn, cck, ccne =    2.00000000E+09  0.600000024       342431840.      0.989282310      0.346153885    
 cwccn, cck, ccne =    2.00000000E+09  0.600000024       342431840.      0.989282310      0.346153885    
 cwccn, cck, ccne =    2.00000000E+09  0.600000024       342431840.      0.989282310      0.346153885    
 cwccn, cck, ccne =    2.00000000E+09  0.600000024       342431840.      0.989282310      0.346153885    
 cwccn, cck, ccne =    2.00000000E+09  0.600000024       342431840.      0.989282310      0.346153885    
 cwccn, cck, ccne =    2.00000000E+09  0.600000024       342431840.      0.989282310      0.346153885    
 cwccn, cck, ccne =    2.00000000E+09  0.600000024       342431840.      0.989282310      0.346153885    
 cwccn, cck, ccne =    2.00000000E+09  0.600000024       342431840.      0.989282310      0.346153885    
 cwccn, cck, ccne =    2.00000000E+09  0.600000024       342431840.      0.989282310      0.346153885    
 cwccn, cck, ccne =    2.00000000E+09  0.600000024       342431840.      0.989282310      0.346153885    
 cwccn, cck, ccne =    2.00000000E+09  0.600000024       342431840.      0.989282310      0.346153885    
 cwccn, cck, ccne =    2.00000000E+09  0.600000024       342431840.      0.989282310      0.346153885    
 cwccn, cck, ccne =    2.00000000E+09  0.600000024       342431840.      0.989282310      0.346153885    
 cwccn, cck, ccne =    2.00000000E+09  0.600000024       342431840.      0.989282310      0.346153885    
 cwccn, cck, ccne =    2.00000000E+09  0.600000024       342431840.      0.989282310      0.346153885    
 cwccn, cck, ccne =    2.00000000E+09  0.600000024       342431840.      0.989282310      0.346153885    
 cwccn, cck, ccne =    2.00000000E+09  0.600000024       342431840.      0.989282310      0.346153885    
 cwccn, cck, ccne =    2.00000000E+09  0.600000024       342431840.      0.989282310      0.346153885    
 cwccn, cck, ccne =    2.00000000E+09  0.600000024       342431840.      0.989282310      0.346153885    
 cwccn, cck, ccne =    2.00000000E+09  0.600000024       342431840.      0.989282310      0.346153885    
 cwccn, cck, ccne =    2.00000000E+09  0.600000024       342431840.      0.989282310      0.346153885    
 cwccn, cck, ccne =    2.00000000E+09  0.600000024       342431840.      0.989282310      0.346153885    
 cwccn, cck, ccne =    2.00000000E+09  0.600000024       342431840.      0.989282310      0.346153885    
 cwccn, cck, ccne =    2.00000000E+09  0.600000024       342431840.      0.989282310      0.346153885    
Note: The following floating-point exceptions are signalling: IEEE_INVALID_FLAG
STOP 55556
STOP 55556
STOP 55556
STOP 55556
STOP 55556
STOP 55556
STOP 55556
STOP 55556
STOP 55556
STOP 55556
STOP 55556
STOP 55556
STOP 55556
STOP 55556
STOP 55556
STOP 55556
STOP 55556
STOP 55556
STOP 55556
STOP 55556
STOP 55556
STOP 55556
STOP 55556
STOP 55556
STOP 55556
--------------------------------------------------------------------------
prterun detected that one or more processes exited with non-zero status,
thus causing the job to be terminated. The first process to do so was:

   Process name: [prterun-wof-epyc9-3927218@1,7] Exit code:    4
--------------------------------------------------------------------------

 cd /work/jessica.mcdonald/CM1_LETKF_2025/RUN_LETKF/member004 ; mpirun -n 25 cm1.exe >> cm1.out completed....

 Executing command:  cd /work/jessica.mcdonald/CM1_LETKF_2025/RUN_LETKF/member005 ; mpirun -n 25 cm1.exe >> cm1.out 
 cwccn, cck, ccne =    2.00000000E+09  0.600000024       342431840.      0.989282310      0.346153885    
 cwccn, cck, ccne =    2.00000000E+09  0.600000024       342431840.      0.989282310      0.346153885    
 cwccn, cck, ccne =    2.00000000E+09  0.600000024       342431840.      0.989282310      0.346153885    
 cwccn, cck, ccne =    2.00000000E+09  0.600000024       342431840.      0.989282310      0.346153885    
 cwccn, cck, ccne =    2.00000000E+09  0.600000024       342431840.      0.989282310      0.346153885    
 cwccn, cck, ccne =    2.00000000E+09  0.600000024       342431840.      0.989282310      0.346153885    
 cwccn, cck, ccne =    2.00000000E+09  0.600000024       342431840.      0.989282310      0.346153885    
 cwccn, cck, ccne =    2.00000000E+09  0.600000024       342431840.      0.989282310      0.346153885    
 cwccn, cck, ccne =    2.00000000E+09  0.600000024       342431840.      0.989282310      0.346153885    
 cwccn, cck, ccne =    2.00000000E+09  0.600000024       342431840.      0.989282310      0.346153885    
 cwccn, cck, ccne =    2.00000000E+09  0.600000024       342431840.      0.989282310      0.346153885    
 cwccn, cck, ccne =    2.00000000E+09  0.600000024       342431840.      0.989282310      0.346153885    
 cwccn, cck, ccne =    2.00000000E+09  0.600000024       342431840.      0.989282310      0.346153885    
 cwccn, cck, ccne =    2.00000000E+09  0.600000024       342431840.      0.989282310      0.346153885    
 cwccn, cck, ccne =    2.00000000E+09  0.600000024       342431840.      0.989282310      0.346153885    
 cwccn, cck, ccne =    2.00000000E+09  0.600000024       342431840.      0.989282310      0.346153885    
 cwccn, cck, ccne =    2.00000000E+09  0.600000024       342431840.      0.989282310      0.346153885    
 cwccn, cck, ccne =    2.00000000E+09  0.600000024       342431840.      0.989282310      0.346153885    
 cwccn, cck, ccne =    2.00000000E+09  0.600000024       342431840.      0.989282310      0.346153885    
 cwccn, cck, ccne =    2.00000000E+09  0.600000024       342431840.      0.989282310      0.346153885    
 cwccn, cck, ccne =    2.00000000E+09  0.600000024       342431840.      0.989282310      0.346153885    
 cwccn, cck, ccne =    2.00000000E+09  0.600000024       342431840.      0.989282310      0.346153885    
 cwccn, cck, ccne =    2.00000000E+09  0.600000024       342431840.      0.989282310      0.346153885    
 cwccn, cck, ccne =    2.00000000E+09  0.600000024       342431840.      0.989282310      0.346153885    
 cwccn, cck, ccne =    2.00000000E+09  0.600000024       342431840.      0.989282310      0.346153885    
Note: The following floating-point exceptions are signalling: IEEE_INVALID_FLAG
STOP 55556
STOP 55556
STOP 55556
STOP 55556
STOP 55556
STOP 55556
STOP 55556
STOP 55556
STOP 55556
STOP 55556
STOP 55556
STOP 55556
STOP 55556
STOP 55556
STOP 55556
STOP 55556
STOP 55556
STOP 55556
STOP 55556
STOP 55556
STOP 55556
STOP 55556
STOP 55556
STOP 55556
STOP 55556
--------------------------------------------------------------------------
prterun detected that one or more processes exited with non-zero status,
thus causing the job to be terminated. The first process to do so was:

   Process name: [prterun-wof-epyc9-3927272@1,1] Exit code:    4
--------------------------------------------------------------------------

 cd /work/jessica.mcdonald/CM1_LETKF_2025/RUN_LETKF/member005 ; mpirun -n 25 cm1.exe >> cm1.out completed....

 Executing command:  cd /work/jessica.mcdonald/CM1_LETKF_2025/RUN_LETKF/member006 ; mpirun -n 25 cm1.exe >> cm1.out 
 cwccn, cck, ccne =    2.00000000E+09  0.600000024       342431840.      0.989282310      0.346153885    
 cwccn, cck, ccne =    2.00000000E+09  0.600000024       342431840.      0.989282310      0.346153885    
 cwccn, cck, ccne =    2.00000000E+09  0.600000024       342431840.      0.989282310      0.346153885    
 cwccn, cck, ccne =    2.00000000E+09  0.600000024       342431840.      0.989282310      0.346153885    
 cwccn, cck, ccne =    2.00000000E+09  0.600000024       342431840.      0.989282310      0.346153885    
 cwccn, cck, ccne =    2.00000000E+09  0.600000024       342431840.      0.989282310      0.346153885    
 cwccn, cck, ccne =    2.00000000E+09  0.600000024       342431840.      0.989282310      0.346153885    
 cwccn, cck, ccne =    2.00000000E+09  0.600000024       342431840.      0.989282310      0.346153885    
 cwccn, cck, ccne =    2.00000000E+09  0.600000024       342431840.      0.989282310      0.346153885    
 cwccn, cck, ccne =    2.00000000E+09  0.600000024       342431840.      0.989282310      0.346153885    
 cwccn, cck, ccne =    2.00000000E+09  0.600000024       342431840.      0.989282310      0.346153885    
 cwccn, cck, ccne =    2.00000000E+09  0.600000024       342431840.      0.989282310      0.346153885    
 cwccn, cck, ccne =    2.00000000E+09  0.600000024       342431840.      0.989282310      0.346153885    
 cwccn, cck, ccne =    2.00000000E+09  0.600000024       342431840.      0.989282310      0.346153885    
 cwccn, cck, ccne =    2.00000000E+09  0.600000024       342431840.      0.989282310      0.346153885    
 cwccn, cck, ccne =    2.00000000E+09  0.600000024       342431840.      0.989282310      0.346153885    
 cwccn, cck, ccne =    2.00000000E+09  0.600000024       342431840.      0.989282310      0.346153885    
 cwccn, cck, ccne =    2.00000000E+09  0.600000024       342431840.      0.989282310      0.346153885    
 cwccn, cck, ccne =    2.00000000E+09  0.600000024       342431840.      0.989282310      0.346153885    
 cwccn, cck, ccne =    2.00000000E+09  0.600000024       342431840.      0.989282310      0.346153885    
 cwccn, cck, ccne =    2.00000000E+09  0.600000024       342431840.      0.989282310      0.346153885    
 cwccn, cck, ccne =    2.00000000E+09  0.600000024       342431840.      0.989282310      0.346153885    
 cwccn, cck, ccne =    2.00000000E+09  0.600000024       342431840.      0.989282310      0.346153885    
 cwccn, cck, ccne =    2.00000000E+09  0.600000024       342431840.      0.989282310      0.346153885    
 cwccn, cck, ccne =    2.00000000E+09  0.600000024       342431840.      0.989282310      0.346153885    
Note: The following floating-point exceptions are signalling: IEEE_INVALID_FLAG
STOP 55556
STOP 55556
STOP 55556
STOP 55556
STOP 55556
STOP 55556
STOP 55556
STOP 55556
STOP 55556
STOP 55556
STOP 55556
STOP 55556
STOP 55556
STOP 55556
STOP 55556
STOP 55556
STOP 55556
STOP 55556
STOP 55556
STOP 55556
STOP 55556
STOP 55556
STOP 55556
STOP 55556
STOP 55556
--------------------------------------------------------------------------
prterun detected that one or more processes exited with non-zero status,
thus causing the job to be terminated. The first process to do so was:

   Process name: [prterun-wof-epyc9-3927326@1,1] Exit code:    4
--------------------------------------------------------------------------

 cd /work/jessica.mcdonald/CM1_LETKF_2025/RUN_LETKF/member006 ; mpirun -n 25 cm1.exe >> cm1.out completed....

 Executing command:  cd /work/jessica.mcdonald/CM1_LETKF_2025/RUN_LETKF/member007 ; mpirun -n 25 cm1.exe >> cm1.out 
 cwccn, cck, ccne =    2.00000000E+09  0.600000024       342431840.      0.989282310      0.346153885    
 cwccn, cck, ccne =    2.00000000E+09  0.600000024       342431840.      0.989282310      0.346153885    
 cwccn, cck, ccne =    2.00000000E+09  0.600000024       342431840.      0.989282310      0.346153885    
 cwccn, cck, ccne =    2.00000000E+09  0.600000024       342431840.      0.989282310      0.346153885    
 cwccn, cck, ccne =    2.00000000E+09  0.600000024       342431840.      0.989282310      0.346153885    
 cwccn, cck, ccne =    2.00000000E+09  0.600000024       342431840.      0.989282310      0.346153885    
 cwccn, cck, ccne =    2.00000000E+09  0.600000024       342431840.      0.989282310      0.346153885    
 cwccn, cck, ccne =    2.00000000E+09  0.600000024       342431840.      0.989282310      0.346153885    
 cwccn, cck, ccne =    2.00000000E+09  0.600000024       342431840.      0.989282310      0.346153885    
 cwccn, cck, ccne =    2.00000000E+09  0.600000024       342431840.      0.989282310      0.346153885    
 cwccn, cck, ccne =    2.00000000E+09  0.600000024       342431840.      0.989282310      0.346153885    
 cwccn, cck, ccne =    2.00000000E+09  0.600000024       342431840.      0.989282310      0.346153885    
 cwccn, cck, ccne =    2.00000000E+09  0.600000024       342431840.      0.989282310      0.346153885    
 cwccn, cck, ccne =    2.00000000E+09  0.600000024       342431840.      0.989282310      0.346153885    
 cwccn, cck, ccne =    2.00000000E+09  0.600000024       342431840.      0.989282310      0.346153885    
 cwccn, cck, ccne =    2.00000000E+09  0.600000024       342431840.      0.989282310      0.346153885    
 cwccn, cck, ccne =    2.00000000E+09  0.600000024       342431840.      0.989282310      0.346153885    
 cwccn, cck, ccne =    2.00000000E+09  0.600000024       342431840.      0.989282310      0.346153885    
 cwccn, cck, ccne =    2.00000000E+09  0.600000024       342431840.      0.989282310      0.346153885    
 cwccn, cck, ccne =    2.00000000E+09  0.600000024       342431840.      0.989282310      0.346153885    
 cwccn, cck, ccne =    2.00000000E+09  0.600000024       342431840.      0.989282310      0.346153885    
 cwccn, cck, ccne =    2.00000000E+09  0.600000024       342431840.      0.989282310      0.346153885    
 cwccn, cck, ccne =    2.00000000E+09  0.600000024       342431840.      0.989282310      0.346153885    
 cwccn, cck, ccne =    2.00000000E+09  0.600000024       342431840.      0.989282310      0.346153885    
 cwccn, cck, ccne =    2.00000000E+09  0.600000024       342431840.      0.989282310      0.346153885    
STOP 55556
STOP 55556
STOP 55556
STOP 55556
STOP 55556
Note: The following floating-point exceptions are signalling: IEEE_INVALID_FLAG
STOP 55556
STOP 55556
STOP 55556
STOP 55556
STOP 55556
STOP 55556
STOP 55556
STOP 55556
STOP 55556
STOP 55556
STOP 55556
STOP 55556
STOP 55556
STOP 55556
STOP 55556
STOP 55556
STOP 55556
STOP 55556
STOP 55556
STOP 55556
--------------------------------------------------------------------------
prterun detected that one or more processes exited with non-zero status,
thus causing the job to be terminated. The first process to do so was:

   Process name: [prterun-wof-epyc9-3927380@1,4] Exit code:    4
--------------------------------------------------------------------------

 cd /work/jessica.mcdonald/CM1_LETKF_2025/RUN_LETKF/member007 ; mpirun -n 25 cm1.exe >> cm1.out completed....

 Executing command:  cd /work/jessica.mcdonald/CM1_LETKF_2025/RUN_LETKF/member008 ; mpirun -n 25 cm1.exe >> cm1.out 
 cwccn, cck, ccne =    2.00000000E+09  0.600000024       342431840.      0.989282310      0.346153885    
 cwccn, cck, ccne =    2.00000000E+09  0.600000024       342431840.      0.989282310      0.346153885    
 cwccn, cck, ccne =    2.00000000E+09  0.600000024       342431840.      0.989282310      0.346153885    
 cwccn, cck, ccne =    2.00000000E+09  0.600000024       342431840.      0.989282310      0.346153885    
 cwccn, cck, ccne =    2.00000000E+09  0.600000024       342431840.      0.989282310      0.346153885    
 cwccn, cck, ccne =    2.00000000E+09  0.600000024       342431840.      0.989282310      0.346153885    
 cwccn, cck, ccne =    2.00000000E+09  0.600000024       342431840.      0.989282310      0.346153885    
 cwccn, cck, ccne =    2.00000000E+09  0.600000024       342431840.      0.989282310      0.346153885    
 cwccn, cck, ccne =    2.00000000E+09  0.600000024       342431840.      0.989282310      0.346153885    
 cwccn, cck, ccne =    2.00000000E+09  0.600000024       342431840.      0.989282310      0.346153885    
 cwccn, cck, ccne =    2.00000000E+09  0.600000024       342431840.      0.989282310      0.346153885    
 cwccn, cck, ccne =    2.00000000E+09  0.600000024       342431840.      0.989282310      0.346153885    
 cwccn, cck, ccne =    2.00000000E+09  0.600000024       342431840.      0.989282310      0.346153885    
 cwccn, cck, ccne =    2.00000000E+09  0.600000024       342431840.      0.989282310      0.346153885    
 cwccn, cck, ccne =    2.00000000E+09  0.600000024       342431840.      0.989282310      0.346153885    
 cwccn, cck, ccne =    2.00000000E+09  0.600000024       342431840.      0.989282310      0.346153885    
 cwccn, cck, ccne =    2.00000000E+09  0.600000024       342431840.      0.989282310      0.346153885    
 cwccn, cck, ccne =    2.00000000E+09  0.600000024       342431840.      0.989282310      0.346153885    
 cwccn, cck, ccne =    2.00000000E+09  0.600000024       342431840.      0.989282310      0.346153885    
 cwccn, cck, ccne =    2.00000000E+09  0.600000024       342431840.      0.989282310      0.346153885    
 cwccn, cck, ccne =    2.00000000E+09  0.600000024       342431840.      0.989282310      0.346153885    
 cwccn, cck, ccne =    2.00000000E+09  0.600000024       342431840.      0.989282310      0.346153885    
 cwccn, cck, ccne =    2.00000000E+09  0.600000024       342431840.      0.989282310      0.346153885    
 cwccn, cck, ccne =    2.00000000E+09  0.600000024       342431840.      0.989282310      0.346153885    
 cwccn, cck, ccne =    2.00000000E+09  0.600000024       342431840.      0.989282310      0.346153885    
Note: The following floating-point exceptions are signalling: IEEE_INVALID_FLAG
STOP 55556
STOP 55556
STOP 55556
STOP 55556
STOP 55556
STOP 55556
STOP 55556
STOP 55556
STOP 55556
STOP 55556
STOP 55556
STOP 55556
STOP 55556
STOP 55556
STOP 55556
STOP 55556
STOP 55556
STOP 55556
STOP 55556
STOP 55556
STOP 55556
STOP 55556
STOP 55556
STOP 55556
STOP 55556
--------------------------------------------------------------------------
prterun detected that one or more processes exited with non-zero status,
thus causing the job to be terminated. The first process to do so was:

   Process name: [prterun-wof-epyc9-3927435@1,3] Exit code:    4
--------------------------------------------------------------------------

 cd /work/jessica.mcdonald/CM1_LETKF_2025/RUN_LETKF/member008 ; mpirun -n 25 cm1.exe >> cm1.out completed....

 Executing command:  cd /work/jessica.mcdonald/CM1_LETKF_2025/RUN_LETKF/member009 ; mpirun -n 25 cm1.exe >> cm1.out 
 cwccn, cck, ccne =    2.00000000E+09  0.600000024       342431840.      0.989282310      0.346153885    
 cwccn, cck, ccne =    2.00000000E+09  0.600000024       342431840.      0.989282310      0.346153885    
 cwccn, cck, ccne =    2.00000000E+09  0.600000024       342431840.      0.989282310      0.346153885    
 cwccn, cck, ccne =    2.00000000E+09  0.600000024       342431840.      0.989282310      0.346153885    
 cwccn, cck, ccne =    2.00000000E+09  0.600000024       342431840.      0.989282310      0.346153885    
 cwccn, cck, ccne =    2.00000000E+09  0.600000024       342431840.      0.989282310      0.346153885    
 cwccn, cck, ccne =    2.00000000E+09  0.600000024       342431840.      0.989282310      0.346153885    
 cwccn, cck, ccne =    2.00000000E+09  0.600000024       342431840.      0.989282310      0.346153885    
 cwccn, cck, ccne =    2.00000000E+09  0.600000024       342431840.      0.989282310      0.346153885    
 cwccn, cck, ccne =    2.00000000E+09  0.600000024       342431840.      0.989282310      0.346153885    
 cwccn, cck, ccne =    2.00000000E+09  0.600000024       342431840.      0.989282310      0.346153885    
 cwccn, cck, ccne =    2.00000000E+09  0.600000024       342431840.      0.989282310      0.346153885    
 cwccn, cck, ccne =    2.00000000E+09  0.600000024       342431840.      0.989282310      0.346153885    
 cwccn, cck, ccne =    2.00000000E+09  0.600000024       342431840.      0.989282310      0.346153885    
 cwccn, cck, ccne =    2.00000000E+09  0.600000024       342431840.      0.989282310      0.346153885    
 cwccn, cck, ccne =    2.00000000E+09  0.600000024       342431840.      0.989282310      0.346153885    
 cwccn, cck, ccne =    2.00000000E+09  0.600000024       342431840.      0.989282310      0.346153885    
 cwccn, cck, ccne =    2.00000000E+09  0.600000024       342431840.      0.989282310      0.346153885    
 cwccn, cck, ccne =    2.00000000E+09  0.600000024       342431840.      0.989282310      0.346153885    
 cwccn, cck, ccne =    2.00000000E+09  0.600000024       342431840.      0.989282310      0.346153885    
 cwccn, cck, ccne =    2.00000000E+09  0.600000024       342431840.      0.989282310      0.346153885    
 cwccn, cck, ccne =    2.00000000E+09  0.600000024       342431840.      0.989282310      0.346153885    
 cwccn, cck, ccne =    2.00000000E+09  0.600000024       342431840.      0.989282310      0.346153885    
 cwccn, cck, ccne =    2.00000000E+09  0.600000024       342431840.      0.989282310      0.346153885    
 cwccn, cck, ccne =    2.00000000E+09  0.600000024       342431840.      0.989282310      0.346153885    
Note: The following floating-point exceptions are signalling: IEEE_INVALID_FLAG
STOP 55556
STOP 55556
STOP 55556
STOP 55556
STOP 55556
STOP 55556
STOP 55556
STOP 55556
STOP 55556
STOP 55556
STOP 55556
STOP 55556
STOP 55556
STOP 55556
STOP 55556
STOP 55556
STOP 55556
STOP 55556
STOP 55556
STOP 55556
STOP 55556
STOP 55556
STOP 55556
STOP 55556
STOP 55556
--------------------------------------------------------------------------
prterun detected that one or more processes exited with non-zero status,
thus causing the job to be terminated. The first process to do so was:

   Process name: [prterun-wof-epyc9-3927489@1,7] Exit code:    4
--------------------------------------------------------------------------

 cd /work/jessica.mcdonald/CM1_LETKF_2025/RUN_LETKF/member009 ; mpirun -n 25 cm1.exe >> cm1.out completed....

 Executing command:  cd /work/jessica.mcdonald/CM1_LETKF_2025/RUN_LETKF/member010 ; mpirun -n 25 cm1.exe >> cm1.out 
 cwccn, cck, ccne =    2.00000000E+09  0.600000024       342431840.      0.989282310      0.346153885    
 cwccn, cck, ccne =    2.00000000E+09  0.600000024       342431840.      0.989282310      0.346153885    
 cwccn, cck, ccne =    2.00000000E+09  0.600000024       342431840.      0.989282310      0.346153885    
 cwccn, cck, ccne =    2.00000000E+09  0.600000024       342431840.      0.989282310      0.346153885    
 cwccn, cck, ccne =    2.00000000E+09  0.600000024       342431840.      0.989282310      0.346153885    
 cwccn, cck, ccne =    2.00000000E+09  0.600000024       342431840.      0.989282310      0.346153885    
 cwccn, cck, ccne =    2.00000000E+09  0.600000024       342431840.      0.989282310      0.346153885    
 cwccn, cck, ccne =    2.00000000E+09  0.600000024       342431840.      0.989282310      0.346153885    
 cwccn, cck, ccne =    2.00000000E+09  0.600000024       342431840.      0.989282310      0.346153885    
 cwccn, cck, ccne =    2.00000000E+09  0.600000024       342431840.      0.989282310      0.346153885    
 cwccn, cck, ccne =    2.00000000E+09  0.600000024       342431840.      0.989282310      0.346153885    
 cwccn, cck, ccne =    2.00000000E+09  0.600000024       342431840.      0.989282310      0.346153885    
 cwccn, cck, ccne =    2.00000000E+09  0.600000024       342431840.      0.989282310      0.346153885    
 cwccn, cck, ccne =    2.00000000E+09  0.600000024       342431840.      0.989282310      0.346153885    
 cwccn, cck, ccne =    2.00000000E+09  0.600000024       342431840.      0.989282310      0.346153885    
 cwccn, cck, ccne =    2.00000000E+09  0.600000024       342431840.      0.989282310      0.346153885    
 cwccn, cck, ccne =    2.00000000E+09  0.600000024       342431840.      0.989282310      0.346153885    
 cwccn, cck, ccne =    2.00000000E+09  0.600000024       342431840.      0.989282310      0.346153885    
 cwccn, cck, ccne =    2.00000000E+09  0.600000024       342431840.      0.989282310      0.346153885    
 cwccn, cck, ccne =    2.00000000E+09  0.600000024       342431840.      0.989282310      0.346153885    
 cwccn, cck, ccne =    2.00000000E+09  0.600000024       342431840.      0.989282310      0.346153885    
 cwccn, cck, ccne =    2.00000000E+09  0.600000024       342431840.      0.989282310      0.346153885    
 cwccn, cck, ccne =    2.00000000E+09  0.600000024       342431840.      0.989282310      0.346153885    
 cwccn, cck, ccne =    2.00000000E+09  0.600000024       342431840.      0.989282310      0.346153885    
 cwccn, cck, ccne =    2.00000000E+09  0.600000024       342431840.      0.989282310      0.346153885    
Note: The following floating-point exceptions are signalling: IEEE_INVALID_FLAG
STOP 55556
STOP 55556
STOP 55556
STOP 55556
STOP 55556
STOP 55556
STOP 55556
STOP 55556
STOP 55556
STOP 55556
STOP 55556
STOP 55556
STOP 55556
STOP 55556
STOP 55556
STOP 55556
STOP 55556
STOP 55556
STOP 55556
STOP 55556
STOP 55556
STOP 55556
STOP 55556
STOP 55556
STOP 55556
--------------------------------------------------------------------------
prterun detected that one or more processes exited with non-zero status,
thus causing the job to be terminated. The first process to do so was:

   Process name: [prterun-wof-epyc9-3927543@1,5] Exit code:    4
--------------------------------------------------------------------------

 cd /work/jessica.mcdonald/CM1_LETKF_2025/RUN_LETKF/member010 ; mpirun -n 25 cm1.exe >> cm1.out completed....

Run_Fcst Script: Model runs initialized for experiment   6.859000  CPU secs


 ==> FindRestartFiles: Date and time supplied is 2003_05_08 20:40:00

 ==> FindRestartFile:  Found time 0 in file:  /work/jessica.mcdonald/CM1_LETKF_2025/RUN_LETKF/member001/cm1out_rst_000000.nc

 ==> READ_CM1_ENS:  No state_vector supplied - trying to match microphysics schemes

 ==> READ_CM1_ENS ==> Matching state_vector found !!! using zvdh

 ==> READ_CM1_ENS: reading from time INDEX:  0
 ==> READ_CM1_ENS: reading from state TIME:  2003-05-08 20:40:00 


 Wallclock time for serial read netCDF ensemble files: 0.396  sec

 Wallclock time to convert from C to A grid: 0.057  sec

 Wallclock time to create ensemble means: 0.108  sec

 Wallclock time to read arrays from netCDF ensemble files: 0.644  sec

 Wallclock time to create coordinates: 0.0  sec

 ==> ens_IC_pertUV: Max/Min  u  perturbations: 4.95651763907895 -4.953287742688404

 ==> ens_IC_pertUV: Max/Min  v  perturbations: 4.931465622112238 -4.970545790218244

 ==> ens_IC_pertUV: Mean u/v perturbations (should be close to zero): 0.047062337891175456 -0.18051469612118645

 ==> ens_IC_pertUV: StdD u/v perturbations:  2.183251  2.175975

 ==> ens_IC_pertUV: ensemble UV perturbations created - BUT NOT WRITTEN BACK OUT!!
0.0 1.0 0.0 2.0 0.0

 ==> ens_IC_pert3D: NE:  0  NegPert_Min:  -0.500000  NegPert_Max:  0.500000

 ==> ens_IC_pert3D: NE:  0  PosPert_Min:  0.000000  PosPert_Max:  1.000000

 ==> ens_IC_pert3D: NE:  1  NegPert_Min:  -0.500000  NegPert_Max:  0.500000

 ==> ens_IC_pert3D: NE:  1  PosPert_Min:  0.000000  PosPert_Max:  1.000000

 ==> ens_IC_pert3D: NE:  2  NegPert_Min:  -0.500000  NegPert_Max:  0.500000

 ==> ens_IC_pert3D: NE:  2  PosPert_Min:  0.000000  PosPert_Max:  1.000000

 ==> ens_IC_pert3D: NE:  3  NegPert_Min:  -0.500000  NegPert_Max:  0.500000

 ==> ens_IC_pert3D: NE:  3  PosPert_Min:  0.000000  PosPert_Max:  1.000000

 ==> ens_IC_pert3D: NE:  4  NegPert_Min:  -0.500000  NegPert_Max:  0.500000

 ==> ens_IC_pert3D: NE:  4  PosPert_Min:  0.000000  PosPert_Max:  1.000000

 ==> ens_IC_pert3D: NE:  5  NegPert_Min:  -0.500000  NegPert_Max:  0.500000

 ==> ens_IC_pert3D: NE:  5  PosPert_Min:  0.000000  PosPert_Max:  1.000000

 ==> ens_IC_pert3D: NE:  6  NegPert_Min:  -0.500000  NegPert_Max:  0.500000

 ==> ens_IC_pert3D: NE:  6  PosPert_Min:  0.000000  PosPert_Max:  1.000000

 ==> ens_IC_pert3D: NE:  7  NegPert_Min:  -0.500000  NegPert_Max:  0.500000

 ==> ens_IC_pert3D: NE:  7  PosPert_Min:  0.000000  PosPert_Max:  1.000000

 ==> ens_IC_pert3D: NE:  8  NegPert_Min:  -0.500000  NegPert_Max:  0.500000

 ==> ens_IC_pert3D: NE:  8  PosPert_Min:  0.000000  PosPert_Max:  1.000000

 ==> ens_IC_pert3D: NE:  9  NegPert_Min:  -0.500000  NegPert_Max:  0.500000

 ==> ens_IC_pert3D: NE:  9  PosPert_Min:  0.000000  PosPert_Max:  1.000000

  ==> Overwriting restart files with new IC's


 ==> WRITE_CM1_ENS:  Writing ensemble into time_index 0 at time 0

 ==> WRITE_CM1_ENS: WARNING:  Overwriting CM1 restart file, no fcst restart files will be saved

 Wallclock time to convert from A to C grid: 0.138  sec

 ==> WRITE_CM1_ENS:  Now writing out prior ensemble mean into /work/jessica.mcdonald/CM1_LETKF_2025/RUN_LETKF/member000/cm1out_prior_000000.nc

 ==> WRITE_CM1_ENS:  Closed file /work/jessica.mcdonald/CM1_LETKF_2025/RUN_LETKF/member000/cm1out_prior_000000.nc

 ==> Wallclock time to write out fcst/anal to files: 1.146  sec

 ==> RUN_FCST: Date&time supplied: 2003 05-08 20:40:00, which corresponds to a local model time of 0 sec

 Run_Fcst Script:  1 threads requested....

 Run_Fcst Script: Number ensemble members to run not supplied, defaulting to experiment file:  10

 Run_Fcst Script: Integrating 010 ensemble members for 1200 seconds

 Found time 0 in file:  /work/jessica.mcdonald/CM1_LETKF_2025/RUN_LETKF/member001/cm1out_rst_000000.nc
0

 Found time 0 in file:  /work/jessica.mcdonald/CM1_LETKF_2025/RUN_LETKF/member001/cm1out_rst_000000.nc

 Now setting up forecast member: /work/jessica.mcdonald/CM1_LETKF_2025/RUN_LETKF/member001
/work/jessica.mcdonald/CM1_LETKF_2025/RUN_LETKF/member001/cm1.exe is the model path
/work/jessica.mcdonald/CM1_LETKF_2025/RUN_LETKF/member001/cm1.out is the outputfile path

 Now setting up forecast member: /work/jessica.mcdonald/CM1_LETKF_2025/RUN_LETKF/member002
/work/jessica.mcdonald/CM1_LETKF_2025/RUN_LETKF/member002/cm1.exe is the model path
/work/jessica.mcdonald/CM1_LETKF_2025/RUN_LETKF/member002/cm1.out is the outputfile path

 Now setting up forecast member: /work/jessica.mcdonald/CM1_LETKF_2025/RUN_LETKF/member003
/work/jessica.mcdonald/CM1_LETKF_2025/RUN_LETKF/member003/cm1.exe is the model path
/work/jessica.mcdonald/CM1_LETKF_2025/RUN_LETKF/member003/cm1.out is the outputfile path

 Now setting up forecast member: /work/jessica.mcdonald/CM1_LETKF_2025/RUN_LETKF/member004
/work/jessica.mcdonald/CM1_LETKF_2025/RUN_LETKF/member004/cm1.exe is the model path
/work/jessica.mcdonald/CM1_LETKF_2025/RUN_LETKF/member004/cm1.out is the outputfile path

 Now setting up forecast member: /work/jessica.mcdonald/CM1_LETKF_2025/RUN_LETKF/member005
/work/jessica.mcdonald/CM1_LETKF_2025/RUN_LETKF/member005/cm1.exe is the model path
/work/jessica.mcdonald/CM1_LETKF_2025/RUN_LETKF/member005/cm1.out is the outputfile path

 Executing command:  cd /work/jessica.mcdonald/CM1_LETKF_2025/RUN_LETKF/member001 ; mpirun -n 25 cm1.exe >> cm1.out 
 Now setting up forecast member: /work/jessica.mcdonald/CM1_LETKF_2025/RUN_LETKF/member006

/work/jessica.mcdonald/CM1_LETKF_2025/RUN_LETKF/member006/cm1.exe is the model path
/work/jessica.mcdonald/CM1_LETKF_2025/RUN_LETKF/member006/cm1.out is the outputfile path

 Now setting up forecast member: /work/jessica.mcdonald/CM1_LETKF_2025/RUN_LETKF/member007
/work/jessica.mcdonald/CM1_LETKF_2025/RUN_LETKF/member007/cm1.exe is the model path
/work/jessica.mcdonald/CM1_LETKF_2025/RUN_LETKF/member007/cm1.out is the outputfile path

 Now setting up forecast member: /work/jessica.mcdonald/CM1_LETKF_2025/RUN_LETKF/member008
/work/jessica.mcdonald/CM1_LETKF_2025/RUN_LETKF/member008/cm1.exe is the model path
/work/jessica.mcdonald/CM1_LETKF_2025/RUN_LETKF/member008/cm1.out is the outputfile path

 Now setting up forecast member: /work/jessica.mcdonald/CM1_LETKF_2025/RUN_LETKF/member009
/work/jessica.mcdonald/CM1_LETKF_2025/RUN_LETKF/member009/cm1.exe is the model path
/work/jessica.mcdonald/CM1_LETKF_2025/RUN_LETKF/member009/cm1.out is the outputfile path

 Now setting up forecast member: /work/jessica.mcdonald/CM1_LETKF_2025/RUN_LETKF/member010
/work/jessica.mcdonald/CM1_LETKF_2025/RUN_LETKF/member010/cm1.exe is the model path
/work/jessica.mcdonald/CM1_LETKF_2025/RUN_LETKF/member010/cm1.out is the outputfile path
 cwccn, cck, ccne =    2.00000000E+09  0.600000024       342431840.      0.989282310      0.346153885    
 cwccn, cck, ccne =    2.00000000E+09  0.600000024       342431840.      0.989282310      0.346153885    
 cwccn, cck, ccne =    2.00000000E+09  0.600000024       342431840.      0.989282310      0.346153885    
 cwccn, cck, ccne =    2.00000000E+09  0.600000024       342431840.      0.989282310      0.346153885    
 cwccn, cck, ccne =    2.00000000E+09  0.600000024       342431840.      0.989282310      0.346153885    
 cwccn, cck, ccne =    2.00000000E+09  0.600000024       342431840.      0.989282310      0.346153885    
 cwccn, cck, ccne =    2.00000000E+09  0.600000024       342431840.      0.989282310      0.346153885    
 cwccn, cck, ccne =    2.00000000E+09  0.600000024       342431840.      0.989282310      0.346153885    
 cwccn, cck, ccne =    2.00000000E+09  0.600000024       342431840.      0.989282310      0.346153885    
 cwccn, cck, ccne =    2.00000000E+09  0.600000024       342431840.      0.989282310      0.346153885    
 cwccn, cck, ccne =    2.00000000E+09  0.600000024       342431840.      0.989282310      0.346153885    
 cwccn, cck, ccne =    2.00000000E+09  0.600000024       342431840.      0.989282310      0.346153885    
 cwccn, cck, ccne =    2.00000000E+09  0.600000024       342431840.      0.989282310      0.346153885    
 cwccn, cck, ccne =    2.00000000E+09  0.600000024       342431840.      0.989282310      0.346153885    
 cwccn, cck, ccne =    2.00000000E+09  0.600000024       342431840.      0.989282310      0.346153885    
 cwccn, cck, ccne =    2.00000000E+09  0.600000024       342431840.      0.989282310      0.346153885    
 cwccn, cck, ccne =    2.00000000E+09  0.600000024       342431840.      0.989282310      0.346153885    
 cwccn, cck, ccne =    2.00000000E+09  0.600000024       342431840.      0.989282310      0.346153885    
 cwccn, cck, ccne =    2.00000000E+09  0.600000024       342431840.      0.989282310      0.346153885    
 cwccn, cck, ccne =    2.00000000E+09  0.600000024       342431840.      0.989282310      0.346153885    
 cwccn, cck, ccne =    2.00000000E+09  0.600000024       342431840.      0.989282310      0.346153885    
 cwccn, cck, ccne =    2.00000000E+09  0.600000024       342431840.      0.989282310      0.346153885    
 cwccn, cck, ccne =    2.00000000E+09  0.600000024       342431840.      0.989282310      0.346153885    
 cwccn, cck, ccne =    2.00000000E+09  0.600000024       342431840.      0.989282310      0.346153885    
 cwccn, cck, ccne =    2.00000000E+09  0.600000024       342431840.      0.989282310      0.346153885    
Note: The following floating-point exceptions are signalling: IEEE_UNDERFLOW_FLAG IEEE_DENORMAL
Note: The following floating-point exceptions are signalling: IEEE_UNDERFLOW_FLAG IEEE_DENORMAL
Note: The following floating-point exceptions are signalling: IEEE_UNDERFLOW_FLAG IEEE_DENORMAL
Note: The following floating-point exceptions are signalling: IEEE_UNDERFLOW_FLAG IEEE_DENORMAL
Note: The following floating-point exceptions are signalling: IEEE_UNDERFLOW_FLAG IEEE_DENORMAL
Note: The following floating-point exceptions are signalling: IEEE_UNDERFLOW_FLAG IEEE_DENORMAL
Note: The following floating-point exceptions are signalling: IEEE_UNDERFLOW_FLAG IEEE_DENORMAL
Note: The following floating-point exceptions are signalling: IEEE_INVALID_FLAG IEEE_UNDERFLOW_FLAG IEEE_DENORMAL
Note: The following floating-point exceptions are signalling: IEEE_UNDERFLOW_FLAG IEEE_DENORMAL
Note: The following floating-point exceptions are signalling: IEEE_UNDERFLOW_FLAG IEEE_DENORMAL
Note: The following floating-point exceptions are signalling: IEEE_UNDERFLOW_FLAG IEEE_DENORMAL
Note: The following floating-point exceptions are signalling: IEEE_UNDERFLOW_FLAG IEEE_DENORMAL
Note: The following floating-point exceptions are signalling: IEEE_UNDERFLOW_FLAG IEEE_DENORMAL
Note: The following floating-point exceptions are signalling: IEEE_UNDERFLOW_FLAG IEEE_DENORMAL
Note: The following floating-point exceptions are signalling: IEEE_UNDERFLOW_FLAG IEEE_DENORMAL
Note: The following floating-point exceptions are signalling: IEEE_UNDERFLOW_FLAG IEEE_DENORMAL
Note: The following floating-point exceptions are signalling: IEEE_UNDERFLOW_FLAG IEEE_DENORMAL
Note: The following floating-point exceptions are signalling: IEEE_UNDERFLOW_FLAG IEEE_DENORMAL
Note: The following floating-point exceptions are signalling: IEEE_UNDERFLOW_FLAG IEEE_DENORMAL
Note: The following floating-point exceptions are signalling: IEEE_UNDERFLOW_FLAG IEEE_DENORMAL
Note: The following floating-point exceptions are signalling: IEEE_UNDERFLOW_FLAG IEEE_DENORMAL
Note: The following floating-point exceptions are signalling: IEEE_UNDERFLOW_FLAG IEEE_DENORMAL
Note: The following floating-point exceptions are signalling: IEEE_UNDERFLOW_FLAG IEEE_DENORMAL
Note: The following floating-point exceptions are signalling: IEEE_UNDERFLOW_FLAG IEEE_DENORMAL
Note: The following floating-point exceptions are signalling: IEEE_UNDERFLOW_FLAG IEEE_DENORMAL
[wof-epyc9:3927612:0:3927612] Caught signal 11 (Segmentation fault: address not mapped to object at address 0x555f2333eef7)
==== backtrace (tid:3927612) ====
 0  /lib64/libucs.so.0(ucs_handle_error+0x2dc) [0x7fd7ea38d13c]
 1  /lib64/libucs.so.0(+0x2c31c) [0x7fd7ea38d31c]
 2  /lib64/libucs.so.0(+0x2c4ea) [0x7fd7ea38d4ea]
 3  /lib64/libpthread.so.0(+0x12d70) [0x7fd7ef9e9d70]
 4  /home/jessica.mcdonald/miniconda3/envs/letkf_env/lib/./libhdf5.so.310(H5VL_object_data+0xa) [0x7fd7ef1cd56a]
 5  /home/jessica.mcdonald/miniconda3/envs/letkf_env/lib/./libhdf5.so.310(H5I_find_id+0x86) [0x7fd7ef065326]
 6  /home/jessica.mcdonald/miniconda3/envs/letkf_env/lib/./libhdf5.so.310(H5VL__native_file_close+0x91) [0x7fd7ef1d4621]
 7  /home/jessica.mcdonald/miniconda3/envs/letkf_env/lib/./libhdf5.so.310(+0x2e8be4) [0x7fd7ef1bbbe4]
 8  /home/jessica.mcdonald/miniconda3/envs/letkf_env/lib/./libhdf5.so.310(H5VL_file_close+0x39) [0x7fd7ef1c4519]
 9  /home/jessica.mcdonald/miniconda3/envs/letkf_env/lib/./libhdf5.so.310(+0x10b837) [0x7fd7eefde837]
10  /home/jessica.mcdonald/miniconda3/envs/letkf_env/lib/./libhdf5.so.310(H5I_clear_type+0x1c1) [0x7fd7ef0634b1]
11  /home/jessica.mcdonald/miniconda3/envs/letkf_env/lib/./libhdf5.so.310(H5F_term_package+0x23) [0x7fd7eefe0103]
12  /home/jessica.mcdonald/miniconda3/envs/letkf_env/lib/./libhdf5.so.310(H5_term_library+0x19f) [0x7fd7eef2460f]
13  /lib64/libc.so.6(+0x50d8c) [0x7fd7ef651d8c]
14  /lib64/libc.so.6(on_exit+0) [0x7fd7ef651ec0]
15  /home/jessica.mcdonald/miniconda3/envs/letkf_env/lib/libgfortran.so.5(_gfortran_error_stop_string+0) [0x7fd7effd5b12]
16  cm1.exe(+0x5606f) [0x555a6f4ab06f]
17  cm1.exe(+0x371f) [0x555a6f45871f]
18  /lib64/libc.so.6(__libc_start_main+0xe5) [0x7fd7ef63b8a5]
19  cm1.exe(+0x3751) [0x555a6f458751]
=================================

Program received signal SIGSEGV: Segmentation fault - invalid memory reference.

Backtrace for this error:
#0  0x7fd7ef9e9d6f in ???
#1  0x7fd7ef1cd56a in ???
#2  0x7fd7ef065325 in ???
#3  0x7fd7ef1d4620 in ???
#4  0x7fd7ef1bbbe3 in ???
#5  0x7fd7ef1c4518 in ???
#6  0x7fd7eefde836 in ???
#7  0x7fd7ef0634b0 in ???
#8  0x7fd7eefe0102 in ???
#9  0x7fd7eef2460e in ???
#10  0x7fd7ef651d8b in ???
#11  0x7fd7ef651ebf in ???
#12  0x555a6f4ab06e in ???
#13  0x555a6f45871e in ???
#14  0x7fd7ef63b8a4 in ???
#15  0x555a6f458750 in ???
--------------------------------------------------------------------------
prterun noticed that process rank 0 with PID 3927612 on node wof-epyc9 exited on
signal 11 (Segmentation fault).
--------------------------------------------------------------------------

 cd /work/jessica.mcdonald/CM1_LETKF_2025/RUN_LETKF/member001 ; mpirun -n 25 cm1.exe >> cm1.out completed....

 Executing command:  cd /work/jessica.mcdonald/CM1_LETKF_2025/RUN_LETKF/member002 ; mpirun -n 25 cm1.exe >> cm1.out 
 cwccn, cck, ccne =    2.00000000E+09  0.600000024       342431840.      0.989282310      0.346153885    
 cwccn, cck, ccne =    2.00000000E+09  0.600000024       342431840.      0.989282310      0.346153885    
 cwccn, cck, ccne =    2.00000000E+09  0.600000024       342431840.      0.989282310      0.346153885    
 cwccn, cck, ccne =    2.00000000E+09  0.600000024       342431840.      0.989282310      0.346153885    
 cwccn, cck, ccne =    2.00000000E+09  0.600000024       342431840.      0.989282310      0.346153885    
 cwccn, cck, ccne =    2.00000000E+09  0.600000024       342431840.      0.989282310      0.346153885    
 cwccn, cck, ccne =    2.00000000E+09  0.600000024       342431840.      0.989282310      0.346153885    
 cwccn, cck, ccne =    2.00000000E+09  0.600000024       342431840.      0.989282310      0.346153885    
 cwccn, cck, ccne =    2.00000000E+09  0.600000024       342431840.      0.989282310      0.346153885    
 cwccn, cck, ccne =    2.00000000E+09  0.600000024       342431840.      0.989282310      0.346153885    
 cwccn, cck, ccne =    2.00000000E+09  0.600000024       342431840.      0.989282310      0.346153885    
 cwccn, cck, ccne =    2.00000000E+09  0.600000024       342431840.      0.989282310      0.346153885    
 cwccn, cck, ccne =    2.00000000E+09  0.600000024       342431840.      0.989282310      0.346153885    
 cwccn, cck, ccne =    2.00000000E+09  0.600000024       342431840.      0.989282310      0.346153885    
 cwccn, cck, ccne =    2.00000000E+09  0.600000024       342431840.      0.989282310      0.346153885    
 cwccn, cck, ccne =    2.00000000E+09  0.600000024       342431840.      0.989282310      0.346153885    
 cwccn, cck, ccne =    2.00000000E+09  0.600000024       342431840.      0.989282310      0.346153885    
 cwccn, cck, ccne =    2.00000000E+09  0.600000024       342431840.      0.989282310      0.346153885    
 cwccn, cck, ccne =    2.00000000E+09  0.600000024       342431840.      0.989282310      0.346153885    
 cwccn, cck, ccne =    2.00000000E+09  0.600000024       342431840.      0.989282310      0.346153885    
 cwccn, cck, ccne =    2.00000000E+09  0.600000024       342431840.      0.989282310      0.346153885    
 cwccn, cck, ccne =    2.00000000E+09  0.600000024       342431840.      0.989282310      0.346153885    
 cwccn, cck, ccne =    2.00000000E+09  0.600000024       342431840.      0.989282310      0.346153885    
 cwccn, cck, ccne =    2.00000000E+09  0.600000024       342431840.      0.989282310      0.346153885    
 cwccn, cck, ccne =    2.00000000E+09  0.600000024       342431840.      0.989282310      0.346153885    
Note: The following floating-point exceptions are signalling: IEEE_UNDERFLOW_FLAG IEEE_DENORMAL
Note: The following floating-point exceptions are signalling: IEEE_UNDERFLOW_FLAG IEEE_DENORMAL
Note: The following floating-point exceptions are signalling: IEEE_UNDERFLOW_FLAG IEEE_DENORMAL
Note: The following floating-point exceptions are signalling: IEEE_UNDERFLOW_FLAG IEEE_DENORMAL
Note: The following floating-point exceptions are signalling: IEEE_UNDERFLOW_FLAG IEEE_DENORMAL
Note: The following floating-point exceptions are signalling: IEEE_UNDERFLOW_FLAG IEEE_DENORMAL
Note: The following floating-point exceptions are signalling: IEEE_UNDERFLOW_FLAG IEEE_DENORMAL
Note: The following floating-point exceptions are signalling: IEEE_UNDERFLOW_FLAG IEEE_DENORMAL
Note: The following floating-point exceptions are signalling: IEEE_UNDERFLOW_FLAG IEEE_DENORMAL
Note: The following floating-point exceptions are signalling: IEEE_UNDERFLOW_FLAG IEEE_DENORMAL
Note: The following floating-point exceptions are signalling: IEEE_UNDERFLOW_FLAG IEEE_DENORMAL
Note: The following floating-point exceptions are signalling: IEEE_UNDERFLOW_FLAG IEEE_DENORMAL
Note: The following floating-point exceptions are signalling: IEEE_UNDERFLOW_FLAG IEEE_DENORMAL
Note: The following floating-point exceptions are signalling: IEEE_UNDERFLOW_FLAG IEEE_DENORMAL
Note: The following floating-point exceptions are signalling: IEEE_UNDERFLOW_FLAG IEEE_DENORMAL
Note: The following floating-point exceptions are signalling: IEEE_UNDERFLOW_FLAG IEEE_DENORMAL
Note: The following floating-point exceptions are signalling: IEEE_UNDERFLOW_FLAG IEEE_DENORMAL
Note: The following floating-point exceptions are signalling: IEEE_UNDERFLOW_FLAG IEEE_DENORMAL
Note: The following floating-point exceptions are signalling: IEEE_UNDERFLOW_FLAG IEEE_DENORMAL
Note: The following floating-point exceptions are signalling: IEEE_UNDERFLOW_FLAG IEEE_DENORMAL
Note: The following floating-point exceptions are signalling: IEEE_INVALID_FLAG IEEE_UNDERFLOW_FLAG IEEE_DENORMAL
Note: The following floating-point exceptions are signalling: IEEE_UNDERFLOW_FLAG IEEE_DENORMAL
Note: The following floating-point exceptions are signalling: IEEE_UNDERFLOW_FLAG IEEE_DENORMAL
Note: The following floating-point exceptions are signalling: IEEE_UNDERFLOW_FLAG IEEE_DENORMAL
Note: The following floating-point exceptions are signalling: IEEE_UNDERFLOW_FLAG IEEE_DENORMAL
[wof-epyc9:3927680:0:3927680] Caught signal 11 (Segmentation fault: address not mapped to object at address 0x561940f70225)
==== backtrace (tid:3927680) ====
 0  /lib64/libucs.so.0(ucs_handle_error+0x2dc) [0x7f7f4217613c]
 1  /lib64/libucs.so.0(+0x2c31c) [0x7f7f4217631c]
 2  /lib64/libucs.so.0(+0x2c4ea) [0x7f7f421764ea]
 3  /lib64/libpthread.so.0(+0x12d70) [0x7f7f477d8d70]
 4  /home/jessica.mcdonald/miniconda3/envs/letkf_env/lib/./libhdf5.so.310(H5VL_object_data+0xa) [0x7f7f46fbc56a]
 5  /home/jessica.mcdonald/miniconda3/envs/letkf_env/lib/./libhdf5.so.310(H5I_find_id+0x86) [0x7f7f46e54326]
 6  /home/jessica.mcdonald/miniconda3/envs/letkf_env/lib/./libhdf5.so.310(H5VL__native_file_close+0x91) [0x7f7f46fc3621]
 7  /home/jessica.mcdonald/miniconda3/envs/letkf_env/lib/./libhdf5.so.310(+0x2e8be4) [0x7f7f46faabe4]
 8  /home/jessica.mcdonald/miniconda3/envs/letkf_env/lib/./libhdf5.so.310(H5VL_file_close+0x39) [0x7f7f46fb3519]
 9  /home/jessica.mcdonald/miniconda3/envs/letkf_env/lib/./libhdf5.so.310(+0x10b837) [0x7f7f46dcd837]
10  /home/jessica.mcdonald/miniconda3/envs/letkf_env/lib/./libhdf5.so.310(H5I_clear_type+0x1c1) [0x7f7f46e524b1]
11  /home/jessica.mcdonald/miniconda3/envs/letkf_env/lib/./libhdf5.so.310(H5F_term_package+0x23) [0x7f7f46dcf103]
12  /home/jessica.mcdonald/miniconda3/envs/letkf_env/lib/./libhdf5.so.310(H5_term_library+0x19f) [0x7f7f46d1360f]
13  /lib64/libc.so.6(+0x50d8c) [0x7f7f47440d8c]
14  /lib64/libc.so.6(on_exit+0) [0x7f7f47440ec0]
15  /home/jessica.mcdonald/miniconda3/envs/letkf_env/lib/libgfortran.so.5(_gfortran_error_stop_string+0) [0x7f7f47dc4b12]
16  cm1.exe(+0x5606f) [0x561c1c48706f]
17  cm1.exe(+0x371f) [0x561c1c43471f]
18  /lib64/libc.so.6(__libc_start_main+0xe5) [0x7f7f4742a8a5]
19  cm1.exe(+0x3751) [0x561c1c434751]
=================================

Program received signal SIGSEGV: Segmentation fault - invalid memory reference.

Backtrace for this error:
#0  0x7f7f477d8d6f in ???
#1  0x7f7f46fbc56a in ???
#2  0x7f7f46e54325 in ???
#3  0x7f7f46fc3620 in ???
#4  0x7f7f46faabe3 in ???
#5  0x7f7f46fb3518 in ???
#6  0x7f7f46dcd836 in ???
#7  0x7f7f46e524b0 in ???
#8  0x7f7f46dcf102 in ???
#9  0x7f7f46d1360e in ???
#10  0x7f7f47440d8b in ???
#11  0x7f7f47440ebf in ???
#12  0x561c1c48706e in ???
#13  0x561c1c43471e in ???
#14  0x7f7f4742a8a4 in ???
#15  0x561c1c434750 in ???
--------------------------------------------------------------------------
prterun noticed that process rank 0 with PID 3927680 on node wof-epyc9 exited on
signal 11 (Segmentation fault).
--------------------------------------------------------------------------

 cd /work/jessica.mcdonald/CM1_LETKF_2025/RUN_LETKF/member002 ; mpirun -n 25 cm1.exe >> cm1.out completed....

 Executing command:  cd /work/jessica.mcdonald/CM1_LETKF_2025/RUN_LETKF/member003 ; mpirun -n 25 cm1.exe >> cm1.out 
 cwccn, cck, ccne =    2.00000000E+09  0.600000024       342431840.      0.989282310      0.346153885    
 cwccn, cck, ccne =    2.00000000E+09  0.600000024       342431840.      0.989282310      0.346153885    
 cwccn, cck, ccne =    2.00000000E+09  0.600000024       342431840.      0.989282310      0.346153885    
 cwccn, cck, ccne =    2.00000000E+09  0.600000024       342431840.      0.989282310      0.346153885    
 cwccn, cck, ccne =    2.00000000E+09  0.600000024       342431840.      0.989282310      0.346153885    
 cwccn, cck, ccne =    2.00000000E+09  0.600000024       342431840.      0.989282310      0.346153885    
 cwccn, cck, ccne =    2.00000000E+09  0.600000024       342431840.      0.989282310      0.346153885    
 cwccn, cck, ccne =    2.00000000E+09  0.600000024       342431840.      0.989282310      0.346153885    
 cwccn, cck, ccne =    2.00000000E+09  0.600000024       342431840.      0.989282310      0.346153885    
 cwccn, cck, ccne =    2.00000000E+09  0.600000024       342431840.      0.989282310      0.346153885    
 cwccn, cck, ccne =    2.00000000E+09  0.600000024       342431840.      0.989282310      0.346153885    
 cwccn, cck, ccne =    2.00000000E+09  0.600000024       342431840.      0.989282310      0.346153885    
 cwccn, cck, ccne =    2.00000000E+09  0.600000024       342431840.      0.989282310      0.346153885    
 cwccn, cck, ccne =    2.00000000E+09  0.600000024       342431840.      0.989282310      0.346153885    
 cwccn, cck, ccne =    2.00000000E+09  0.600000024       342431840.      0.989282310      0.346153885    
 cwccn, cck, ccne =    2.00000000E+09  0.600000024       342431840.      0.989282310      0.346153885    
 cwccn, cck, ccne =    2.00000000E+09  0.600000024       342431840.      0.989282310      0.346153885    
 cwccn, cck, ccne =    2.00000000E+09  0.600000024       342431840.      0.989282310      0.346153885    
 cwccn, cck, ccne =    2.00000000E+09  0.600000024       342431840.      0.989282310      0.346153885    
 cwccn, cck, ccne =    2.00000000E+09  0.600000024       342431840.      0.989282310      0.346153885    
 cwccn, cck, ccne =    2.00000000E+09  0.600000024       342431840.      0.989282310      0.346153885    
 cwccn, cck, ccne =    2.00000000E+09  0.600000024       342431840.      0.989282310      0.346153885    
 cwccn, cck, ccne =    2.00000000E+09  0.600000024       342431840.      0.989282310      0.346153885    
 cwccn, cck, ccne =    2.00000000E+09  0.600000024       342431840.      0.989282310      0.346153885    
 cwccn, cck, ccne =    2.00000000E+09  0.600000024       342431840.      0.989282310      0.346153885    
Note: The following floating-point exceptions are signalling: IEEE_UNDERFLOW_FLAG IEEE_DENORMAL
Note: The following floating-point exceptions are signalling: IEEE_UNDERFLOW_FLAG IEEE_DENORMAL
Note: The following floating-point exceptions are signalling: IEEE_UNDERFLOW_FLAG IEEE_DENORMAL
Note: The following floating-point exceptions are signalling: IEEE_UNDERFLOW_FLAG IEEE_DENORMAL
Note: The following floating-point exceptions are signalling: IEEE_UNDERFLOW_FLAG IEEE_DENORMAL
Note: The following floating-point exceptions are signalling: IEEE_INVALID_FLAG IEEE_UNDERFLOW_FLAG IEEE_DENORMAL
Note: The following floating-point exceptions are signalling: IEEE_UNDERFLOW_FLAG IEEE_DENORMAL
Note: The following floating-point exceptions are signalling: IEEE_UNDERFLOW_FLAG IEEE_DENORMAL
Note: The following floating-point exceptions are signalling: IEEE_UNDERFLOW_FLAG IEEE_DENORMAL
Note: The following floating-point exceptions are signalling: IEEE_UNDERFLOW_FLAG IEEE_DENORMAL
Note: The following floating-point exceptions are signalling: IEEE_UNDERFLOW_FLAG IEEE_DENORMAL
Note: The following floating-point exceptions are signalling: IEEE_UNDERFLOW_FLAG IEEE_DENORMAL
Note: The following floating-point exceptions are signalling: IEEE_UNDERFLOW_FLAG IEEE_DENORMAL
Note: The following floating-point exceptions are signalling: IEEE_UNDERFLOW_FLAG IEEE_DENORMAL
Note: The following floating-point exceptions are signalling: IEEE_UNDERFLOW_FLAG IEEE_DENORMAL
Note: The following floating-point exceptions are signalling: IEEE_UNDERFLOW_FLAG IEEE_DENORMAL
Note: The following floating-point exceptions are signalling: IEEE_UNDERFLOW_FLAG IEEE_DENORMAL
Note: The following floating-point exceptions are signalling: IEEE_UNDERFLOW_FLAG IEEE_DENORMAL
Note: The following floating-point exceptions are signalling: IEEE_UNDERFLOW_FLAG IEEE_DENORMAL
Note: The following floating-point exceptions are signalling: IEEE_UNDERFLOW_FLAG IEEE_DENORMAL
Note: The following floating-point exceptions are signalling: IEEE_UNDERFLOW_FLAG IEEE_DENORMAL
Note: The following floating-point exceptions are signalling: IEEE_UNDERFLOW_FLAG IEEE_DENORMAL
Note: The following floating-point exceptions are signalling: IEEE_UNDERFLOW_FLAG IEEE_DENORMAL
Note: The following floating-point exceptions are signalling: IEEE_UNDERFLOW_FLAG IEEE_DENORMAL
Note: The following floating-point exceptions are signalling: IEEE_UNDERFLOW_FLAG IEEE_DENORMAL
[wof-epyc9:3927749:0:3927749] Caught signal 11 (Segmentation fault: address not mapped to object at address 0x55e4570a4092)
==== backtrace (tid:3927749) ====
 0  /lib64/libucs.so.0(ucs_handle_error+0x2dc) [0x7fc30109113c]
 1  /lib64/libucs.so.0(+0x2c31c) [0x7fc30109131c]
 2  /lib64/libucs.so.0(+0x2c4ea) [0x7fc3010914ea]
 3  /lib64/libpthread.so.0(+0x12d70) [0x7fc3066edd70]
 4  /home/jessica.mcdonald/miniconda3/envs/letkf_env/lib/./libhdf5.so.310(H5VL_object_data+0xa) [0x7fc305ed156a]
 5  /home/jessica.mcdonald/miniconda3/envs/letkf_env/lib/./libhdf5.so.310(H5I_find_id+0x86) [0x7fc305d69326]
 6  /home/jessica.mcdonald/miniconda3/envs/letkf_env/lib/./libhdf5.so.310(H5VL__native_file_close+0x91) [0x7fc305ed8621]
 7  /home/jessica.mcdonald/miniconda3/envs/letkf_env/lib/./libhdf5.so.310(+0x2e8be4) [0x7fc305ebfbe4]
 8  /home/jessica.mcdonald/miniconda3/envs/letkf_env/lib/./libhdf5.so.310(H5VL_file_close+0x39) [0x7fc305ec8519]
 9  /home/jessica.mcdonald/miniconda3/envs/letkf_env/lib/./libhdf5.so.310(+0x10b837) [0x7fc305ce2837]
10  /home/jessica.mcdonald/miniconda3/envs/letkf_env/lib/./libhdf5.so.310(H5I_clear_type+0x1c1) [0x7fc305d674b1]
11  /home/jessica.mcdonald/miniconda3/envs/letkf_env/lib/./libhdf5.so.310(H5F_term_package+0x23) [0x7fc305ce4103]
12  /home/jessica.mcdonald/miniconda3/envs/letkf_env/lib/./libhdf5.so.310(H5_term_library+0x19f) [0x7fc305c2860f]
13  /lib64/libc.so.6(+0x50d8c) [0x7fc306355d8c]
14  /lib64/libc.so.6(on_exit+0) [0x7fc306355ec0]
15  /home/jessica.mcdonald/miniconda3/envs/letkf_env/lib/libgfortran.so.5(_gfortran_error_stop_string+0) [0x7fc306cd9b12]
16  cm1.exe(+0x5606f) [0x55e10145606f]
17  cm1.exe(+0x371f) [0x55e10140371f]
18  /lib64/libc.so.6(__libc_start_main+0xe5) [0x7fc30633f8a5]
19  cm1.exe(+0x3751) [0x55e101403751]
=================================

Program received signal SIGSEGV: Segmentation fault - invalid memory reference.

Backtrace for this error:
#0  0x7fc3066edd6f in ???
#1  0x7fc305ed156a in ???
#2  0x7fc305d69325 in ???
#3  0x7fc305ed8620 in ???
#4  0x7fc305ebfbe3 in ???
#5  0x7fc305ec8518 in ???
#6  0x7fc305ce2836 in ???
#7  0x7fc305d674b0 in ???
#8  0x7fc305ce4102 in ???
#9  0x7fc305c2860e in ???
#10  0x7fc306355d8b in ???
#11  0x7fc306355ebf in ???
#12  0x55e10145606e in ???
#13  0x55e10140371e in ???
#14  0x7fc30633f8a4 in ???
#15  0x55e101403750 in ???
--------------------------------------------------------------------------
prterun noticed that process rank 0 with PID 3927749 on node wof-epyc9 exited on
signal 11 (Segmentation fault).
--------------------------------------------------------------------------

 cd /work/jessica.mcdonald/CM1_LETKF_2025/RUN_LETKF/member003 ; mpirun -n 25 cm1.exe >> cm1.out completed....

 Executing command:  cd /work/jessica.mcdonald/CM1_LETKF_2025/RUN_LETKF/member004 ; mpirun -n 25 cm1.exe >> cm1.out 
 cwccn, cck, ccne =    2.00000000E+09  0.600000024       342431840.      0.989282310      0.346153885    
 cwccn, cck, ccne =    2.00000000E+09  0.600000024       342431840.      0.989282310      0.346153885    
 cwccn, cck, ccne =    2.00000000E+09  0.600000024       342431840.      0.989282310      0.346153885    
 cwccn, cck, ccne =    2.00000000E+09  0.600000024       342431840.      0.989282310      0.346153885    
 cwccn, cck, ccne =    2.00000000E+09  0.600000024       342431840.      0.989282310      0.346153885    
 cwccn, cck, ccne =    2.00000000E+09  0.600000024       342431840.      0.989282310      0.346153885    
 cwccn, cck, ccne =    2.00000000E+09  0.600000024       342431840.      0.989282310      0.346153885    
 cwccn, cck, ccne =    2.00000000E+09  0.600000024       342431840.      0.989282310      0.346153885    
 cwccn, cck, ccne =    2.00000000E+09  0.600000024       342431840.      0.989282310      0.346153885    
 cwccn, cck, ccne =    2.00000000E+09  0.600000024       342431840.      0.989282310      0.346153885    
 cwccn, cck, ccne =    2.00000000E+09  0.600000024       342431840.      0.989282310      0.346153885    
 cwccn, cck, ccne =    2.00000000E+09  0.600000024       342431840.      0.989282310      0.346153885    
 cwccn, cck, ccne =    2.00000000E+09  0.600000024       342431840.      0.989282310      0.346153885    
 cwccn, cck, ccne =    2.00000000E+09  0.600000024       342431840.      0.989282310      0.346153885    
 cwccn, cck, ccne =    2.00000000E+09  0.600000024       342431840.      0.989282310      0.346153885    
 cwccn, cck, ccne =    2.00000000E+09  0.600000024       342431840.      0.989282310      0.346153885    
 cwccn, cck, ccne =    2.00000000E+09  0.600000024       342431840.      0.989282310      0.346153885    
 cwccn, cck, ccne =    2.00000000E+09  0.600000024       342431840.      0.989282310      0.346153885    
 cwccn, cck, ccne =    2.00000000E+09  0.600000024       342431840.      0.989282310      0.346153885    
 cwccn, cck, ccne =    2.00000000E+09  0.600000024       342431840.      0.989282310      0.346153885    
 cwccn, cck, ccne =    2.00000000E+09  0.600000024       342431840.      0.989282310      0.346153885    
 cwccn, cck, ccne =    2.00000000E+09  0.600000024       342431840.      0.989282310      0.346153885    
 cwccn, cck, ccne =    2.00000000E+09  0.600000024       342431840.      0.989282310      0.346153885    
 cwccn, cck, ccne =    2.00000000E+09  0.600000024       342431840.      0.989282310      0.346153885    
 cwccn, cck, ccne =    2.00000000E+09  0.600000024       342431840.      0.989282310      0.346153885    
Note: The following floating-point exceptions are signalling: IEEE_UNDERFLOW_FLAG IEEE_DENORMAL
Note: The following floating-point exceptions are signalling: IEEE_UNDERFLOW_FLAG IEEE_DENORMAL
Note: The following floating-point exceptions are signalling: IEEE_UNDERFLOW_FLAG IEEE_DENORMAL
Note: The following floating-point exceptions are signalling: IEEE_UNDERFLOW_FLAG IEEE_DENORMAL
Note: The following floating-point exceptions are signalling: IEEE_UNDERFLOW_FLAG IEEE_DENORMAL
Note: The following floating-point exceptions are signalling: IEEE_INVALID_FLAG IEEE_UNDERFLOW_FLAG IEEE_DENORMAL
Note: The following floating-point exceptions are signalling: IEEE_UNDERFLOW_FLAG IEEE_DENORMAL
Note: The following floating-point exceptions are signalling: IEEE_UNDERFLOW_FLAG IEEE_DENORMAL
Note: The following floating-point exceptions are signalling: IEEE_UNDERFLOW_FLAG IEEE_DENORMAL
Note: The following floating-point exceptions are signalling: IEEE_UNDERFLOW_FLAG IEEE_DENORMAL
Note: The following floating-point exceptions are signalling: IEEE_UNDERFLOW_FLAG IEEE_DENORMAL
Note: The following floating-point exceptions are signalling: IEEE_UNDERFLOW_FLAG IEEE_DENORMAL
Note: The following floating-point exceptions are signalling: IEEE_UNDERFLOW_FLAG IEEE_DENORMAL
Note: The following floating-point exceptions are signalling: IEEE_UNDERFLOW_FLAG IEEE_DENORMAL
Note: The following floating-point exceptions are signalling: IEEE_UNDERFLOW_FLAG IEEE_DENORMAL
Note: The following floating-point exceptions are signalling: IEEE_UNDERFLOW_FLAG IEEE_DENORMAL
Note: The following floating-point exceptions are signalling: IEEE_UNDERFLOW_FLAG IEEE_DENORMAL
Note: The following floating-point exceptions are signalling: IEEE_UNDERFLOW_FLAG IEEE_DENORMAL
Note: The following floating-point exceptions are signalling: IEEE_UNDERFLOW_FLAG IEEE_DENORMAL
Note: The following floating-point exceptions are signalling: IEEE_UNDERFLOW_FLAG IEEE_DENORMAL
Note: The following floating-point exceptions are signalling: IEEE_UNDERFLOW_FLAG IEEE_DENORMAL
Note: The following floating-point exceptions are signalling: IEEE_UNDERFLOW_FLAG IEEE_DENORMAL
Note: The following floating-point exceptions are signalling: IEEE_UNDERFLOW_FLAG IEEE_DENORMAL
Note: The following floating-point exceptions are signalling: IEEE_UNDERFLOW_FLAG IEEE_DENORMAL
Note: The following floating-point exceptions are signalling: IEEE_UNDERFLOW_FLAG IEEE_DENORMAL
[wof-epyc9:3927815:0:3927815] Caught signal 11 (Segmentation fault: address not mapped to object at address 0x559282ddad3a)
==== backtrace (tid:3927815) ====
 0  /lib64/libucs.so.0(ucs_handle_error+0x2dc) [0x7fec32f4513c]
 1  /lib64/libucs.so.0(+0x2c31c) [0x7fec32f4531c]
 2  /lib64/libucs.so.0(+0x2c4ea) [0x7fec32f454ea]
 3  /lib64/libpthread.so.0(+0x12d70) [0x7fec385a1d70]
 4  /home/jessica.mcdonald/miniconda3/envs/letkf_env/lib/./libhdf5.so.310(H5VL_object_data+0xa) [0x7fec37d8556a]
 5  /home/jessica.mcdonald/miniconda3/envs/letkf_env/lib/./libhdf5.so.310(H5I_find_id+0x86) [0x7fec37c1d326]
 6  /home/jessica.mcdonald/miniconda3/envs/letkf_env/lib/./libhdf5.so.310(H5VL__native_file_close+0x91) [0x7fec37d8c621]
 7  /home/jessica.mcdonald/miniconda3/envs/letkf_env/lib/./libhdf5.so.310(+0x2e8be4) [0x7fec37d73be4]
 8  /home/jessica.mcdonald/miniconda3/envs/letkf_env/lib/./libhdf5.so.310(H5VL_file_close+0x39) [0x7fec37d7c519]
 9  /home/jessica.mcdonald/miniconda3/envs/letkf_env/lib/./libhdf5.so.310(+0x10b837) [0x7fec37b96837]
10  /home/jessica.mcdonald/miniconda3/envs/letkf_env/lib/./libhdf5.so.310(H5I_clear_type+0x1c1) [0x7fec37c1b4b1]
11  /home/jessica.mcdonald/miniconda3/envs/letkf_env/lib/./libhdf5.so.310(H5F_term_package+0x23) [0x7fec37b98103]
12  /home/jessica.mcdonald/miniconda3/envs/letkf_env/lib/./libhdf5.so.310(H5_term_library+0x19f) [0x7fec37adc60f]
13  /lib64/libc.so.6(+0x50d8c) [0x7fec38209d8c]
14  /lib64/libc.so.6(on_exit+0) [0x7fec38209ec0]
15  /home/jessica.mcdonald/miniconda3/envs/letkf_env/lib/libgfortran.so.5(_gfortran_error_stop_string+0) [0x7fec38b8db12]
16  cm1.exe(+0x5606f) [0x5597d611e06f]
17  cm1.exe(+0x371f) [0x5597d60cb71f]
18  /lib64/libc.so.6(__libc_start_main+0xe5) [0x7fec381f38a5]
19  cm1.exe(+0x3751) [0x5597d60cb751]
=================================

Program received signal SIGSEGV: Segmentation fault - invalid memory reference.

Backtrace for this error:
#0  0x7fec385a1d6f in ???
#1  0x7fec37d8556a in ???
#2  0x7fec37c1d325 in ???
#3  0x7fec37d8c620 in ???
#4  0x7fec37d73be3 in ???
#5  0x7fec37d7c518 in ???
#6  0x7fec37b96836 in ???
#7  0x7fec37c1b4b0 in ???
#8  0x7fec37b98102 in ???
#9  0x7fec37adc60e in ???
#10  0x7fec38209d8b in ???
#11  0x7fec38209ebf in ???
#12  0x5597d611e06e in ???
#13  0x5597d60cb71e in ???
#14  0x7fec381f38a4 in ???
#15  0x5597d60cb750 in ???
--------------------------------------------------------------------------
prterun noticed that process rank 0 with PID 3927815 on node wof-epyc9 exited on
signal 11 (Segmentation fault).
--------------------------------------------------------------------------

 cd /work/jessica.mcdonald/CM1_LETKF_2025/RUN_LETKF/member004 ; mpirun -n 25 cm1.exe >> cm1.out completed....

 Executing command:  cd /work/jessica.mcdonald/CM1_LETKF_2025/RUN_LETKF/member005 ; mpirun -n 25 cm1.exe >> cm1.out 
 cwccn, cck, ccne =    2.00000000E+09  0.600000024       342431840.      0.989282310      0.346153885    
 cwccn, cck, ccne =    2.00000000E+09  0.600000024       342431840.      0.989282310      0.346153885    
 cwccn, cck, ccne =    2.00000000E+09  0.600000024       342431840.      0.989282310      0.346153885    
 cwccn, cck, ccne =    2.00000000E+09  0.600000024       342431840.      0.989282310      0.346153885    
 cwccn, cck, ccne =    2.00000000E+09  0.600000024       342431840.      0.989282310      0.346153885    
 cwccn, cck, ccne =    2.00000000E+09  0.600000024       342431840.      0.989282310      0.346153885    
 cwccn, cck, ccne =    2.00000000E+09  0.600000024       342431840.      0.989282310      0.346153885    
 cwccn, cck, ccne =    2.00000000E+09  0.600000024       342431840.      0.989282310      0.346153885    
 cwccn, cck, ccne =    2.00000000E+09  0.600000024       342431840.      0.989282310      0.346153885    
 cwccn, cck, ccne =    2.00000000E+09  0.600000024       342431840.      0.989282310      0.346153885    
 cwccn, cck, ccne =    2.00000000E+09  0.600000024       342431840.      0.989282310      0.346153885    
 cwccn, cck, ccne =    2.00000000E+09  0.600000024       342431840.      0.989282310      0.346153885    
 cwccn, cck, ccne =    2.00000000E+09  0.600000024       342431840.      0.989282310      0.346153885    
 cwccn, cck, ccne =    2.00000000E+09  0.600000024       342431840.      0.989282310      0.346153885    
 cwccn, cck, ccne =    2.00000000E+09  0.600000024       342431840.      0.989282310      0.346153885    
 cwccn, cck, ccne =    2.00000000E+09  0.600000024       342431840.      0.989282310      0.346153885    
 cwccn, cck, ccne =    2.00000000E+09  0.600000024       342431840.      0.989282310      0.346153885    
 cwccn, cck, ccne =    2.00000000E+09  0.600000024       342431840.      0.989282310      0.346153885    
 cwccn, cck, ccne =    2.00000000E+09  0.600000024       342431840.      0.989282310      0.346153885    
 cwccn, cck, ccne =    2.00000000E+09  0.600000024       342431840.      0.989282310      0.346153885    
 cwccn, cck, ccne =    2.00000000E+09  0.600000024       342431840.      0.989282310      0.346153885    
 cwccn, cck, ccne =    2.00000000E+09  0.600000024       342431840.      0.989282310      0.346153885    
 cwccn, cck, ccne =    2.00000000E+09  0.600000024       342431840.      0.989282310      0.346153885    
 cwccn, cck, ccne =    2.00000000E+09  0.600000024       342431840.      0.989282310      0.346153885    
 cwccn, cck, ccne =    2.00000000E+09  0.600000024       342431840.      0.989282310      0.346153885    
Note: The following floating-point exceptions are signalling: IEEE_UNDERFLOW_FLAG IEEE_DENORMAL
Note: The following floating-point exceptions are signalling: IEEE_UNDERFLOW_FLAG IEEE_DENORMAL
Note: The following floating-point exceptions are signalling: IEEE_UNDERFLOW_FLAG IEEE_DENORMAL
Note: The following floating-point exceptions are signalling: IEEE_UNDERFLOW_FLAG IEEE_DENORMAL
Note: The following floating-point exceptions are signalling: IEEE_UNDERFLOW_FLAG IEEE_DENORMAL
Note: The following floating-point exceptions are signalling: IEEE_INVALID_FLAG IEEE_UNDERFLOW_FLAG IEEE_DENORMAL
Note: The following floating-point exceptions are signalling: IEEE_UNDERFLOW_FLAG IEEE_DENORMAL
Note: The following floating-point exceptions are signalling: IEEE_UNDERFLOW_FLAG IEEE_DENORMAL
Note: The following floating-point exceptions are signalling: IEEE_UNDERFLOW_FLAG IEEE_DENORMAL
Note: The following floating-point exceptions are signalling: IEEE_UNDERFLOW_FLAG IEEE_DENORMAL
Note: The following floating-point exceptions are signalling: IEEE_UNDERFLOW_FLAG IEEE_DENORMAL
Note: The following floating-point exceptions are signalling: IEEE_UNDERFLOW_FLAG IEEE_DENORMAL
Note: The following floating-point exceptions are signalling: IEEE_UNDERFLOW_FLAG IEEE_DENORMAL
Note: The following floating-point exceptions are signalling: IEEE_UNDERFLOW_FLAG IEEE_DENORMAL
Note: The following floating-point exceptions are signalling: IEEE_UNDERFLOW_FLAG IEEE_DENORMAL
Note: The following floating-point exceptions are signalling: IEEE_UNDERFLOW_FLAG IEEE_DENORMAL
Note: The following floating-point exceptions are signalling: IEEE_UNDERFLOW_FLAG IEEE_DENORMAL
Note: The following floating-point exceptions are signalling: IEEE_UNDERFLOW_FLAG IEEE_DENORMAL
Note: The following floating-point exceptions are signalling: IEEE_UNDERFLOW_FLAG IEEE_DENORMAL
Note: The following floating-point exceptions are signalling: IEEE_UNDERFLOW_FLAG IEEE_DENORMAL
Note: The following floating-point exceptions are signalling: IEEE_UNDERFLOW_FLAG IEEE_DENORMAL
Note: The following floating-point exceptions are signalling: IEEE_UNDERFLOW_FLAG IEEE_DENORMAL
Note: The following floating-point exceptions are signalling: IEEE_UNDERFLOW_FLAG IEEE_DENORMAL
Note: The following floating-point exceptions are signalling: IEEE_UNDERFLOW_FLAG IEEE_DENORMAL
Note: The following floating-point exceptions are signalling: IEEE_UNDERFLOW_FLAG IEEE_DENORMAL
[wof-epyc9:3928255:0:3928255] Caught signal 11 (Segmentation fault: address not mapped to object at address 0x55d9e89be567)
==== backtrace (tid:3928255) ====
 0  /lib64/libucs.so.0(ucs_handle_error+0x2dc) [0x7fbe22bc513c]
 1  /lib64/libucs.so.0(+0x2c31c) [0x7fbe22bc531c]
 2  /lib64/libucs.so.0(+0x2c4ea) [0x7fbe22bc54ea]
 3  /lib64/libpthread.so.0(+0x12d70) [0x7fbe28221d70]
 4  /home/jessica.mcdonald/miniconda3/envs/letkf_env/lib/./libhdf5.so.310(H5VL_object_data+0xa) [0x7fbe27a0556a]
 5  /home/jessica.mcdonald/miniconda3/envs/letkf_env/lib/./libhdf5.so.310(H5I_find_id+0x86) [0x7fbe2789d326]
 6  /home/jessica.mcdonald/miniconda3/envs/letkf_env/lib/./libhdf5.so.310(H5VL__native_file_close+0x91) [0x7fbe27a0c621]
 7  /home/jessica.mcdonald/miniconda3/envs/letkf_env/lib/./libhdf5.so.310(+0x2e8be4) [0x7fbe279f3be4]
 8  /home/jessica.mcdonald/miniconda3/envs/letkf_env/lib/./libhdf5.so.310(H5VL_file_close+0x39) [0x7fbe279fc519]
 9  /home/jessica.mcdonald/miniconda3/envs/letkf_env/lib/./libhdf5.so.310(+0x10b837) [0x7fbe27816837]
10  /home/jessica.mcdonald/miniconda3/envs/letkf_env/lib/./libhdf5.so.310(H5I_clear_type+0x1c1) [0x7fbe2789b4b1]
11  /home/jessica.mcdonald/miniconda3/envs/letkf_env/lib/./libhdf5.so.310(H5F_term_package+0x23) [0x7fbe27818103]
12  /home/jessica.mcdonald/miniconda3/envs/letkf_env/lib/./libhdf5.so.310(H5_term_library+0x19f) [0x7fbe2775c60f]
13  /lib64/libc.so.6(+0x50d8c) [0x7fbe27e89d8c]
14  /lib64/libc.so.6(on_exit+0) [0x7fbe27e89ec0]
15  /home/jessica.mcdonald/miniconda3/envs/letkf_env/lib/libgfortran.so.5(_gfortran_error_stop_string+0) [0x7fbe2880db12]
16  cm1.exe(+0x5606f) [0x55dcb159806f]
17  cm1.exe(+0x371f) [0x55dcb154571f]
18  /lib64/libc.so.6(__libc_start_main+0xe5) [0x7fbe27e738a5]
19  cm1.exe(+0x3751) [0x55dcb1545751]
=================================

Program received signal SIGSEGV: Segmentation fault - invalid memory reference.

Backtrace for this error:
#0  0x7fbe28221d6f in ???
#1  0x7fbe27a0556a in ???
#2  0x7fbe2789d325 in ???
#3  0x7fbe27a0c620 in ???
#4  0x7fbe279f3be3 in ???
#5  0x7fbe279fc518 in ???
#6  0x7fbe27816836 in ???
#7  0x7fbe2789b4b0 in ???
#8  0x7fbe27818102 in ???
#9  0x7fbe2775c60e in ???
#10  0x7fbe27e89d8b in ???
#11  0x7fbe27e89ebf in ???
#12  0x55dcb159806e in ???
#13  0x55dcb154571e in ???
#14  0x7fbe27e738a4 in ???
#15  0x55dcb1545750 in ???
--------------------------------------------------------------------------
prterun noticed that process rank 0 with PID 3928255 on node wof-epyc9 exited on
signal 11 (Segmentation fault).
--------------------------------------------------------------------------

 cd /work/jessica.mcdonald/CM1_LETKF_2025/RUN_LETKF/member005 ; mpirun -n 25 cm1.exe >> cm1.out completed....

 Executing command:  cd /work/jessica.mcdonald/CM1_LETKF_2025/RUN_LETKF/member006 ; mpirun -n 25 cm1.exe >> cm1.out 
 cwccn, cck, ccne =    2.00000000E+09  0.600000024       342431840.      0.989282310      0.346153885    
 cwccn, cck, ccne =    2.00000000E+09  0.600000024       342431840.      0.989282310      0.346153885    
 cwccn, cck, ccne =    2.00000000E+09  0.600000024       342431840.      0.989282310      0.346153885    
 cwccn, cck, ccne =    2.00000000E+09  0.600000024       342431840.      0.989282310      0.346153885    
 cwccn, cck, ccne =    2.00000000E+09  0.600000024       342431840.      0.989282310      0.346153885    
 cwccn, cck, ccne =    2.00000000E+09  0.600000024       342431840.      0.989282310      0.346153885    
 cwccn, cck, ccne =    2.00000000E+09  0.600000024       342431840.      0.989282310      0.346153885    
 cwccn, cck, ccne =    2.00000000E+09  0.600000024       342431840.      0.989282310      0.346153885    
 cwccn, cck, ccne =    2.00000000E+09  0.600000024       342431840.      0.989282310      0.346153885    
 cwccn, cck, ccne =    2.00000000E+09  0.600000024       342431840.      0.989282310      0.346153885    
 cwccn, cck, ccne =    2.00000000E+09  0.600000024       342431840.      0.989282310      0.346153885    
 cwccn, cck, ccne =    2.00000000E+09  0.600000024       342431840.      0.989282310      0.346153885    
 cwccn, cck, ccne =    2.00000000E+09  0.600000024       342431840.      0.989282310      0.346153885    
 cwccn, cck, ccne =    2.00000000E+09  0.600000024       342431840.      0.989282310      0.346153885    
 cwccn, cck, ccne =    2.00000000E+09  0.600000024       342431840.      0.989282310      0.346153885    
 cwccn, cck, ccne =    2.00000000E+09  0.600000024       342431840.      0.989282310      0.346153885    
 cwccn, cck, ccne =    2.00000000E+09  0.600000024       342431840.      0.989282310      0.346153885    
 cwccn, cck, ccne =    2.00000000E+09  0.600000024       342431840.      0.989282310      0.346153885    
 cwccn, cck, ccne =    2.00000000E+09  0.600000024       342431840.      0.989282310      0.346153885    
 cwccn, cck, ccne =    2.00000000E+09  0.600000024       342431840.      0.989282310      0.346153885    
 cwccn, cck, ccne =    2.00000000E+09  0.600000024       342431840.      0.989282310      0.346153885    
 cwccn, cck, ccne =    2.00000000E+09  0.600000024       342431840.      0.989282310      0.346153885    
 cwccn, cck, ccne =    2.00000000E+09  0.600000024       342431840.      0.989282310      0.346153885    
 cwccn, cck, ccne =    2.00000000E+09  0.600000024       342431840.      0.989282310      0.346153885    
 cwccn, cck, ccne =    2.00000000E+09  0.600000024       342431840.      0.989282310      0.346153885    
Note: The following floating-point exceptions are signalling: IEEE_UNDERFLOW_FLAG IEEE_DENORMAL
Note: The following floating-point exceptions are signalling: IEEE_UNDERFLOW_FLAG IEEE_DENORMAL
Note: The following floating-point exceptions are signalling: IEEE_UNDERFLOW_FLAG IEEE_DENORMAL
Note: The following floating-point exceptions are signalling: IEEE_UNDERFLOW_FLAG IEEE_DENORMAL
Note: The following floating-point exceptions are signalling: IEEE_UNDERFLOW_FLAG IEEE_DENORMAL
Note: The following floating-point exceptions are signalling: IEEE_UNDERFLOW_FLAG IEEE_DENORMAL
Note: The following floating-point exceptions are signalling: IEEE_UNDERFLOW_FLAG IEEE_DENORMAL
Note: The following floating-point exceptions are signalling: IEEE_UNDERFLOW_FLAG IEEE_DENORMAL
Note: The following floating-point exceptions are signalling: IEEE_UNDERFLOW_FLAG IEEE_DENORMAL
Note: The following floating-point exceptions are signalling: IEEE_UNDERFLOW_FLAG IEEE_DENORMAL
Note: The following floating-point exceptions are signalling: IEEE_UNDERFLOW_FLAG IEEE_DENORMAL
Note: The following floating-point exceptions are signalling: IEEE_UNDERFLOW_FLAG IEEE_DENORMAL
Note: The following floating-point exceptions are signalling: IEEE_UNDERFLOW_FLAG IEEE_DENORMAL
Note: The following floating-point exceptions are signalling: IEEE_INVALID_FLAG IEEE_UNDERFLOW_FLAG IEEE_DENORMAL
Note: The following floating-point exceptions are signalling: IEEE_UNDERFLOW_FLAG IEEE_DENORMAL
Note: The following floating-point exceptions are signalling: IEEE_UNDERFLOW_FLAG IEEE_DENORMAL
Note: The following floating-point exceptions are signalling: IEEE_UNDERFLOW_FLAG IEEE_DENORMAL
Note: The following floating-point exceptions are signalling: IEEE_UNDERFLOW_FLAG IEEE_DENORMAL
Note: The following floating-point exceptions are signalling: IEEE_UNDERFLOW_FLAG IEEE_DENORMAL
Note: The following floating-point exceptions are signalling: IEEE_UNDERFLOW_FLAG IEEE_DENORMAL
Note: The following floating-point exceptions are signalling: IEEE_UNDERFLOW_FLAG IEEE_DENORMAL
Note: The following floating-point exceptions are signalling: IEEE_UNDERFLOW_FLAG IEEE_DENORMAL
Note: The following floating-point exceptions are signalling: IEEE_UNDERFLOW_FLAG IEEE_DENORMAL
Note: The following floating-point exceptions are signalling: IEEE_UNDERFLOW_FLAG IEEE_DENORMAL
Note: The following floating-point exceptions are signalling: IEEE_UNDERFLOW_FLAG IEEE_DENORMAL
[wof-epyc9:3928320:0:3928320] Caught signal 11 (Segmentation fault: address not mapped to object at address 0x561b6ca49718)
==== backtrace (tid:3928320) ====
 0  /lib64/libucs.so.0(ucs_handle_error+0x2dc) [0x7f65fa57713c]
 1  /lib64/libucs.so.0(+0x2c31c) [0x7f65fa57731c]
 2  /lib64/libucs.so.0(+0x2c4ea) [0x7f65fa5774ea]
 3  /lib64/libpthread.so.0(+0x12d70) [0x7f65ffbd3d70]
 4  /home/jessica.mcdonald/miniconda3/envs/letkf_env/lib/./libhdf5.so.310(H5VL_object_data+0xa) [0x7f65ff3b756a]
 5  /home/jessica.mcdonald/miniconda3/envs/letkf_env/lib/./libhdf5.so.310(H5I_find_id+0x86) [0x7f65ff24f326]
 6  /home/jessica.mcdonald/miniconda3/envs/letkf_env/lib/./libhdf5.so.310(H5VL__native_file_close+0x91) [0x7f65ff3be621]
 7  /home/jessica.mcdonald/miniconda3/envs/letkf_env/lib/./libhdf5.so.310(+0x2e8be4) [0x7f65ff3a5be4]
 8  /home/jessica.mcdonald/miniconda3/envs/letkf_env/lib/./libhdf5.so.310(H5VL_file_close+0x39) [0x7f65ff3ae519]
 9  /home/jessica.mcdonald/miniconda3/envs/letkf_env/lib/./libhdf5.so.310(+0x10b837) [0x7f65ff1c8837]
10  /home/jessica.mcdonald/miniconda3/envs/letkf_env/lib/./libhdf5.so.310(H5I_clear_type+0x1c1) [0x7f65ff24d4b1]
11  /home/jessica.mcdonald/miniconda3/envs/letkf_env/lib/./libhdf5.so.310(H5F_term_package+0x23) [0x7f65ff1ca103]
12  /home/jessica.mcdonald/miniconda3/envs/letkf_env/lib/./libhdf5.so.310(H5_term_library+0x19f) [0x7f65ff10e60f]
13  /lib64/libc.so.6(+0x50d8c) [0x7f65ff83bd8c]
14  /lib64/libc.so.6(on_exit+0) [0x7f65ff83bec0]
15  /home/jessica.mcdonald/miniconda3/envs/letkf_env/lib/libgfortran.so.5(_gfortran_error_stop_string+0) [0x7f66001bfb12]
16  cm1.exe(+0x5606f) [0x561e078fe06f]
17  cm1.exe(+0x371f) [0x561e078ab71f]
18  /lib64/libc.so.6(__libc_start_main+0xe5) [0x7f65ff8258a5]
19  cm1.exe(+0x3751) [0x561e078ab751]
=================================

Program received signal SIGSEGV: Segmentation fault - invalid memory reference.

Backtrace for this error:
#0  0x7f65ffbd3d6f in ???
#1  0x7f65ff3b756a in ???
#2  0x7f65ff24f325 in ???
#3  0x7f65ff3be620 in ???
#4  0x7f65ff3a5be3 in ???
#5  0x7f65ff3ae518 in ???
#6  0x7f65ff1c8836 in ???
#7  0x7f65ff24d4b0 in ???
#8  0x7f65ff1ca102 in ???
#9  0x7f65ff10e60e in ???
#10  0x7f65ff83bd8b in ???
#11  0x7f65ff83bebf in ???
#12  0x561e078fe06e in ???
#13  0x561e078ab71e in ???
#14  0x7f65ff8258a4 in ???
#15  0x561e078ab750 in ???
--------------------------------------------------------------------------
prterun noticed that process rank 0 with PID 3928320 on node wof-epyc9 exited on
signal 11 (Segmentation fault).
--------------------------------------------------------------------------

 cd /work/jessica.mcdonald/CM1_LETKF_2025/RUN_LETKF/member006 ; mpirun -n 25 cm1.exe >> cm1.out completed....

 Executing command:  cd /work/jessica.mcdonald/CM1_LETKF_2025/RUN_LETKF/member007 ; mpirun -n 25 cm1.exe >> cm1.out 
 cwccn, cck, ccne =    2.00000000E+09  0.600000024       342431840.      0.989282310      0.346153885    
 cwccn, cck, ccne =    2.00000000E+09  0.600000024       342431840.      0.989282310      0.346153885    
 cwccn, cck, ccne =    2.00000000E+09  0.600000024       342431840.      0.989282310      0.346153885    
 cwccn, cck, ccne =    2.00000000E+09  0.600000024       342431840.      0.989282310      0.346153885    
 cwccn, cck, ccne =    2.00000000E+09  0.600000024       342431840.      0.989282310      0.346153885    
 cwccn, cck, ccne =    2.00000000E+09  0.600000024       342431840.      0.989282310      0.346153885    
 cwccn, cck, ccne =    2.00000000E+09  0.600000024       342431840.      0.989282310      0.346153885    
 cwccn, cck, ccne =    2.00000000E+09  0.600000024       342431840.      0.989282310      0.346153885    
 cwccn, cck, ccne =    2.00000000E+09  0.600000024       342431840.      0.989282310      0.346153885    
 cwccn, cck, ccne =    2.00000000E+09  0.600000024       342431840.      0.989282310      0.346153885    
 cwccn, cck, ccne =    2.00000000E+09  0.600000024       342431840.      0.989282310      0.346153885    
 cwccn, cck, ccne =    2.00000000E+09  0.600000024       342431840.      0.989282310      0.346153885    
 cwccn, cck, ccne =    2.00000000E+09  0.600000024       342431840.      0.989282310      0.346153885    
 cwccn, cck, ccne =    2.00000000E+09  0.600000024       342431840.      0.989282310      0.346153885    
 cwccn, cck, ccne =    2.00000000E+09  0.600000024       342431840.      0.989282310      0.346153885    
 cwccn, cck, ccne =    2.00000000E+09  0.600000024       342431840.      0.989282310      0.346153885    
 cwccn, cck, ccne =    2.00000000E+09  0.600000024       342431840.      0.989282310      0.346153885    
 cwccn, cck, ccne =    2.00000000E+09  0.600000024       342431840.      0.989282310      0.346153885    
 cwccn, cck, ccne =    2.00000000E+09  0.600000024       342431840.      0.989282310      0.346153885    
 cwccn, cck, ccne =    2.00000000E+09  0.600000024       342431840.      0.989282310      0.346153885    
 cwccn, cck, ccne =    2.00000000E+09  0.600000024       342431840.      0.989282310      0.346153885    
 cwccn, cck, ccne =    2.00000000E+09  0.600000024       342431840.      0.989282310      0.346153885    
 cwccn, cck, ccne =    2.00000000E+09  0.600000024       342431840.      0.989282310      0.346153885    
 cwccn, cck, ccne =    2.00000000E+09  0.600000024       342431840.      0.989282310      0.346153885    
 cwccn, cck, ccne =    2.00000000E+09  0.600000024       342431840.      0.989282310      0.346153885    
Note: The following floating-point exceptions are signalling: IEEE_UNDERFLOW_FLAG IEEE_DENORMAL
Note: The following floating-point exceptions are signalling: IEEE_UNDERFLOW_FLAG IEEE_DENORMAL
Note: The following floating-point exceptions are signalling: IEEE_UNDERFLOW_FLAG IEEE_DENORMAL
Note: The following floating-point exceptions are signalling: IEEE_UNDERFLOW_FLAG IEEE_DENORMAL
Note: The following floating-point exceptions are signalling: IEEE_UNDERFLOW_FLAG IEEE_DENORMAL
Note: The following floating-point exceptions are signalling: IEEE_UNDERFLOW_FLAG IEEE_DENORMAL
Note: The following floating-point exceptions are signalling: IEEE_UNDERFLOW_FLAG IEEE_DENORMAL
Note: The following floating-point exceptions are signalling: IEEE_INVALID_FLAG IEEE_UNDERFLOW_FLAG IEEE_DENORMAL
Note: The following floating-point exceptions are signalling: IEEE_UNDERFLOW_FLAG IEEE_DENORMAL
Note: The following floating-point exceptions are signalling: IEEE_UNDERFLOW_FLAG IEEE_DENORMAL
Note: The following floating-point exceptions are signalling: IEEE_UNDERFLOW_FLAG IEEE_DENORMAL
Note: The following floating-point exceptions are signalling: IEEE_UNDERFLOW_FLAG IEEE_DENORMAL
Note: The following floating-point exceptions are signalling: IEEE_UNDERFLOW_FLAG IEEE_DENORMAL
Note: The following floating-point exceptions are signalling: IEEE_UNDERFLOW_FLAG IEEE_DENORMAL
Note: The following floating-point exceptions are signalling: IEEE_UNDERFLOW_FLAG IEEE_DENORMAL
Note: The following floating-point exceptions are signalling: IEEE_UNDERFLOW_FLAG IEEE_DENORMAL
Note: The following floating-point exceptions are signalling: IEEE_UNDERFLOW_FLAG IEEE_DENORMAL
Note: The following floating-point exceptions are signalling: IEEE_UNDERFLOW_FLAG IEEE_DENORMAL
Note: The following floating-point exceptions are signalling: IEEE_UNDERFLOW_FLAG IEEE_DENORMAL
Note: The following floating-point exceptions are signalling: IEEE_UNDERFLOW_FLAG IEEE_DENORMAL
Note: The following floating-point exceptions are signalling: IEEE_UNDERFLOW_FLAG IEEE_DENORMAL
Note: The following floating-point exceptions are signalling: IEEE_UNDERFLOW_FLAG IEEE_DENORMAL
Note: The following floating-point exceptions are signalling: IEEE_UNDERFLOW_FLAG IEEE_DENORMAL
Note: The following floating-point exceptions are signalling: IEEE_UNDERFLOW_FLAG IEEE_DENORMAL
Note: The following floating-point exceptions are signalling: IEEE_UNDERFLOW_FLAG IEEE_DENORMAL
[wof-epyc9:3928465:0:3928465] Caught signal 11 (Segmentation fault: address not mapped to object at address 0x561553f903ab)
==== backtrace (tid:3928465) ====
 0  /lib64/libucs.so.0(ucs_handle_error+0x2dc) [0x7fe52589a13c]
 1  /lib64/libucs.so.0(+0x2c31c) [0x7fe52589a31c]
 2  /lib64/libucs.so.0(+0x2c4ea) [0x7fe52589a4ea]
 3  /lib64/libpthread.so.0(+0x12d70) [0x7fe52aef6d70]
 4  /home/jessica.mcdonald/miniconda3/envs/letkf_env/lib/./libhdf5.so.310(H5VL_object_data+0xa) [0x7fe52a6da56a]
 5  /home/jessica.mcdonald/miniconda3/envs/letkf_env/lib/./libhdf5.so.310(H5I_find_id+0x86) [0x7fe52a572326]
 6  /home/jessica.mcdonald/miniconda3/envs/letkf_env/lib/./libhdf5.so.310(H5VL__native_file_close+0x91) [0x7fe52a6e1621]
 7  /home/jessica.mcdonald/miniconda3/envs/letkf_env/lib/./libhdf5.so.310(+0x2e8be4) [0x7fe52a6c8be4]
 8  /home/jessica.mcdonald/miniconda3/envs/letkf_env/lib/./libhdf5.so.310(H5VL_file_close+0x39) [0x7fe52a6d1519]
 9  /home/jessica.mcdonald/miniconda3/envs/letkf_env/lib/./libhdf5.so.310(+0x10b837) [0x7fe52a4eb837]
10  /home/jessica.mcdonald/miniconda3/envs/letkf_env/lib/./libhdf5.so.310(H5I_clear_type+0x1c1) [0x7fe52a5704b1]
11  /home/jessica.mcdonald/miniconda3/envs/letkf_env/lib/./libhdf5.so.310(H5F_term_package+0x23) [0x7fe52a4ed103]
12  /home/jessica.mcdonald/miniconda3/envs/letkf_env/lib/./libhdf5.so.310(H5_term_library+0x19f) [0x7fe52a43160f]
13  /lib64/libc.so.6(+0x50d8c) [0x7fe52ab5ed8c]
14  /lib64/libc.so.6(on_exit+0) [0x7fe52ab5eec0]
15  /home/jessica.mcdonald/miniconda3/envs/letkf_env/lib/libgfortran.so.5(_gfortran_error_stop_string+0) [0x7fe52b4e2b12]
16  cm1.exe(+0x5606f) [0x56102ef9506f]
17  cm1.exe(+0x371f) [0x56102ef4271f]
18  /lib64/libc.so.6(__libc_start_main+0xe5) [0x7fe52ab488a5]
19  cm1.exe(+0x3751) [0x56102ef42751]
=================================

Program received signal SIGSEGV: Segmentation fault - invalid memory reference.

Backtrace for this error:
#0  0x7fe52aef6d6f in ???
#1  0x7fe52a6da56a in ???
#2  0x7fe52a572325 in ???
#3  0x7fe52a6e1620 in ???
#4  0x7fe52a6c8be3 in ???
#5  0x7fe52a6d1518 in ???
#6  0x7fe52a4eb836 in ???
#7  0x7fe52a5704b0 in ???
#8  0x7fe52a4ed102 in ???
#9  0x7fe52a43160e in ???
#10  0x7fe52ab5ed8b in ???
#11  0x7fe52ab5eebf in ???
#12  0x56102ef9506e in ???
#13  0x56102ef4271e in ???
#14  0x7fe52ab488a4 in ???
#15  0x56102ef42750 in ???
--------------------------------------------------------------------------
prterun noticed that process rank 0 with PID 3928465 on node wof-epyc9 exited on
signal 11 (Segmentation fault).
--------------------------------------------------------------------------

 cd /work/jessica.mcdonald/CM1_LETKF_2025/RUN_LETKF/member007 ; mpirun -n 25 cm1.exe >> cm1.out completed....

 Executing command:  cd /work/jessica.mcdonald/CM1_LETKF_2025/RUN_LETKF/member008 ; mpirun -n 25 cm1.exe >> cm1.out 
 cwccn, cck, ccne =    2.00000000E+09  0.600000024       342431840.      0.989282310      0.346153885    
 cwccn, cck, ccne =    2.00000000E+09  0.600000024       342431840.      0.989282310      0.346153885    
 cwccn, cck, ccne =    2.00000000E+09  0.600000024       342431840.      0.989282310      0.346153885    
 cwccn, cck, ccne =    2.00000000E+09  0.600000024       342431840.      0.989282310      0.346153885    
 cwccn, cck, ccne =    2.00000000E+09  0.600000024       342431840.      0.989282310      0.346153885    
 cwccn, cck, ccne =    2.00000000E+09  0.600000024       342431840.      0.989282310      0.346153885    
 cwccn, cck, ccne =    2.00000000E+09  0.600000024       342431840.      0.989282310      0.346153885    
 cwccn, cck, ccne =    2.00000000E+09  0.600000024       342431840.      0.989282310      0.346153885    
 cwccn, cck, ccne =    2.00000000E+09  0.600000024       342431840.      0.989282310      0.346153885    
 cwccn, cck, ccne =    2.00000000E+09  0.600000024       342431840.      0.989282310      0.346153885    
 cwccn, cck, ccne =    2.00000000E+09  0.600000024       342431840.      0.989282310      0.346153885    
 cwccn, cck, ccne =    2.00000000E+09  0.600000024       342431840.      0.989282310      0.346153885    
 cwccn, cck, ccne =    2.00000000E+09  0.600000024       342431840.      0.989282310      0.346153885    
 cwccn, cck, ccne =    2.00000000E+09  0.600000024       342431840.      0.989282310      0.346153885    
 cwccn, cck, ccne =    2.00000000E+09  0.600000024       342431840.      0.989282310      0.346153885    
 cwccn, cck, ccne =    2.00000000E+09  0.600000024       342431840.      0.989282310      0.346153885    
 cwccn, cck, ccne =    2.00000000E+09  0.600000024       342431840.      0.989282310      0.346153885    
 cwccn, cck, ccne =    2.00000000E+09  0.600000024       342431840.      0.989282310      0.346153885    
 cwccn, cck, ccne =    2.00000000E+09  0.600000024       342431840.      0.989282310      0.346153885    
 cwccn, cck, ccne =    2.00000000E+09  0.600000024       342431840.      0.989282310      0.346153885    
 cwccn, cck, ccne =    2.00000000E+09  0.600000024       342431840.      0.989282310      0.346153885    
 cwccn, cck, ccne =    2.00000000E+09  0.600000024       342431840.      0.989282310      0.346153885    
 cwccn, cck, ccne =    2.00000000E+09  0.600000024       342431840.      0.989282310      0.346153885    
 cwccn, cck, ccne =    2.00000000E+09  0.600000024       342431840.      0.989282310      0.346153885    
 cwccn, cck, ccne =    2.00000000E+09  0.600000024       342431840.      0.989282310      0.346153885    
Note: The following floating-point exceptions are signalling: IEEE_UNDERFLOW_FLAG IEEE_DENORMAL
Note: The following floating-point exceptions are signalling: IEEE_UNDERFLOW_FLAG IEEE_DENORMAL
Note: The following floating-point exceptions are signalling: IEEE_UNDERFLOW_FLAG IEEE_DENORMAL
Note: The following floating-point exceptions are signalling: IEEE_UNDERFLOW_FLAG IEEE_DENORMAL
Note: The following floating-point exceptions are signalling: IEEE_UNDERFLOW_FLAG IEEE_DENORMAL
Note: The following floating-point exceptions are signalling: IEEE_UNDERFLOW_FLAG IEEE_DENORMAL
Note: The following floating-point exceptions are signalling: IEEE_UNDERFLOW_FLAG IEEE_DENORMAL
Note: The following floating-point exceptions are signalling: IEEE_UNDERFLOW_FLAG IEEE_DENORMAL
Note: The following floating-point exceptions are signalling: IEEE_UNDERFLOW_FLAG IEEE_DENORMAL
Note: The following floating-point exceptions are signalling: IEEE_UNDERFLOW_FLAG IEEE_DENORMAL
Note: The following floating-point exceptions are signalling: IEEE_UNDERFLOW_FLAG IEEE_DENORMAL
Note: The following floating-point exceptions are signalling: IEEE_UNDERFLOW_FLAG IEEE_DENORMAL
Note: The following floating-point exceptions are signalling: IEEE_UNDERFLOW_FLAG IEEE_DENORMAL
Note: The following floating-point exceptions are signalling: IEEE_UNDERFLOW_FLAG IEEE_DENORMAL
Note: The following floating-point exceptions are signalling: IEEE_INVALID_FLAG IEEE_UNDERFLOW_FLAG IEEE_DENORMAL
Note: The following floating-point exceptions are signalling: IEEE_UNDERFLOW_FLAG IEEE_DENORMAL
Note: The following floating-point exceptions are signalling: IEEE_UNDERFLOW_FLAG IEEE_DENORMAL
Note: The following floating-point exceptions are signalling: IEEE_UNDERFLOW_FLAG IEEE_DENORMAL
Note: The following floating-point exceptions are signalling: IEEE_UNDERFLOW_FLAG IEEE_DENORMAL
Note: The following floating-point exceptions are signalling: IEEE_UNDERFLOW_FLAG IEEE_DENORMAL
Note: The following floating-point exceptions are signalling: IEEE_UNDERFLOW_FLAG IEEE_DENORMAL
Note: The following floating-point exceptions are signalling: IEEE_UNDERFLOW_FLAG IEEE_DENORMAL
Note: The following floating-point exceptions are signalling: IEEE_UNDERFLOW_FLAG IEEE_DENORMAL
Note: The following floating-point exceptions are signalling: IEEE_UNDERFLOW_FLAG IEEE_DENORMAL
Note: The following floating-point exceptions are signalling: IEEE_UNDERFLOW_FLAG IEEE_DENORMAL
[wof-epyc9:3928532:0:3928532] Caught signal 11 (Segmentation fault: address not mapped to object at address 0x55cf0bc7c34d)
==== backtrace (tid:3928532) ====
 0  /lib64/libucs.so.0(ucs_handle_error+0x2dc) [0x7f483ec2f13c]
 1  /lib64/libucs.so.0(+0x2c31c) [0x7f483ec2f31c]
 2  /lib64/libucs.so.0(+0x2c4ea) [0x7f483ec2f4ea]
 3  /lib64/libpthread.so.0(+0x12d70) [0x7f484428bd70]
 4  /home/jessica.mcdonald/miniconda3/envs/letkf_env/lib/./libhdf5.so.310(H5VL_object_data+0xa) [0x7f4843a6f56a]
 5  /home/jessica.mcdonald/miniconda3/envs/letkf_env/lib/./libhdf5.so.310(H5I_find_id+0x86) [0x7f4843907326]
 6  /home/jessica.mcdonald/miniconda3/envs/letkf_env/lib/./libhdf5.so.310(H5VL__native_file_close+0x91) [0x7f4843a76621]
 7  /home/jessica.mcdonald/miniconda3/envs/letkf_env/lib/./libhdf5.so.310(+0x2e8be4) [0x7f4843a5dbe4]
 8  /home/jessica.mcdonald/miniconda3/envs/letkf_env/lib/./libhdf5.so.310(H5VL_file_close+0x39) [0x7f4843a66519]
 9  /home/jessica.mcdonald/miniconda3/envs/letkf_env/lib/./libhdf5.so.310(+0x10b837) [0x7f4843880837]
10  /home/jessica.mcdonald/miniconda3/envs/letkf_env/lib/./libhdf5.so.310(H5I_clear_type+0x1c1) [0x7f48439054b1]
11  /home/jessica.mcdonald/miniconda3/envs/letkf_env/lib/./libhdf5.so.310(H5F_term_package+0x23) [0x7f4843882103]
12  /home/jessica.mcdonald/miniconda3/envs/letkf_env/lib/./libhdf5.so.310(H5_term_library+0x19f) [0x7f48437c660f]
13  /lib64/libc.so.6(+0x50d8c) [0x7f4843ef3d8c]
14  /lib64/libc.so.6(on_exit+0) [0x7f4843ef3ec0]
15  /home/jessica.mcdonald/miniconda3/envs/letkf_env/lib/libgfortran.so.5(_gfortran_error_stop_string+0) [0x7f4844877b12]
16  cm1.exe(+0x5606f) [0x55ca5377906f]
17  cm1.exe(+0x371f) [0x55ca5372671f]
18  /lib64/libc.so.6(__libc_start_main+0xe5) [0x7f4843edd8a5]
19  cm1.exe(+0x3751) [0x55ca53726751]
=================================

Program received signal SIGSEGV: Segmentation fault - invalid memory reference.

Backtrace for this error:
#0  0x7f484428bd6f in ???
#1  0x7f4843a6f56a in ???
#2  0x7f4843907325 in ???
#3  0x7f4843a76620 in ???
#4  0x7f4843a5dbe3 in ???
#5  0x7f4843a66518 in ???
#6  0x7f4843880836 in ???
#7  0x7f48439054b0 in ???
#8  0x7f4843882102 in ???
#9  0x7f48437c660e in ???
#10  0x7f4843ef3d8b in ???
#11  0x7f4843ef3ebf in ???
#12  0x55ca5377906e in ???
#13  0x55ca5372671e in ???
#14  0x7f4843edd8a4 in ???
#15  0x55ca53726750 in ???
--------------------------------------------------------------------------
prterun noticed that process rank 0 with PID 3928532 on node wof-epyc9 exited on
signal 11 (Segmentation fault).
--------------------------------------------------------------------------

 cd /work/jessica.mcdonald/CM1_LETKF_2025/RUN_LETKF/member008 ; mpirun -n 25 cm1.exe >> cm1.out completed....

 Executing command:  cd /work/jessica.mcdonald/CM1_LETKF_2025/RUN_LETKF/member009 ; mpirun -n 25 cm1.exe >> cm1.out 
 cwccn, cck, ccne =    2.00000000E+09  0.600000024       342431840.      0.989282310      0.346153885    
 cwccn, cck, ccne =    2.00000000E+09  0.600000024       342431840.      0.989282310      0.346153885    
 cwccn, cck, ccne =    2.00000000E+09  0.600000024       342431840.      0.989282310      0.346153885    
 cwccn, cck, ccne =    2.00000000E+09  0.600000024       342431840.      0.989282310      0.346153885    
 cwccn, cck, ccne =    2.00000000E+09  0.600000024       342431840.      0.989282310      0.346153885    
 cwccn, cck, ccne =    2.00000000E+09  0.600000024       342431840.      0.989282310      0.346153885    
 cwccn, cck, ccne =    2.00000000E+09  0.600000024       342431840.      0.989282310      0.346153885    
 cwccn, cck, ccne =    2.00000000E+09  0.600000024       342431840.      0.989282310      0.346153885    
 cwccn, cck, ccne =    2.00000000E+09  0.600000024       342431840.      0.989282310      0.346153885    
 cwccn, cck, ccne =    2.00000000E+09  0.600000024       342431840.      0.989282310      0.346153885    
 cwccn, cck, ccne =    2.00000000E+09  0.600000024       342431840.      0.989282310      0.346153885    
 cwccn, cck, ccne =    2.00000000E+09  0.600000024       342431840.      0.989282310      0.346153885    
 cwccn, cck, ccne =    2.00000000E+09  0.600000024       342431840.      0.989282310      0.346153885    
 cwccn, cck, ccne =    2.00000000E+09  0.600000024       342431840.      0.989282310      0.346153885    
 cwccn, cck, ccne =    2.00000000E+09  0.600000024       342431840.      0.989282310      0.346153885    
 cwccn, cck, ccne =    2.00000000E+09  0.600000024       342431840.      0.989282310      0.346153885    
 cwccn, cck, ccne =    2.00000000E+09  0.600000024       342431840.      0.989282310      0.346153885    
 cwccn, cck, ccne =    2.00000000E+09  0.600000024       342431840.      0.989282310      0.346153885    
 cwccn, cck, ccne =    2.00000000E+09  0.600000024       342431840.      0.989282310      0.346153885    
 cwccn, cck, ccne =    2.00000000E+09  0.600000024       342431840.      0.989282310      0.346153885    
 cwccn, cck, ccne =    2.00000000E+09  0.600000024       342431840.      0.989282310      0.346153885    
 cwccn, cck, ccne =    2.00000000E+09  0.600000024       342431840.      0.989282310      0.346153885    
 cwccn, cck, ccne =    2.00000000E+09  0.600000024       342431840.      0.989282310      0.346153885    
 cwccn, cck, ccne =    2.00000000E+09  0.600000024       342431840.      0.989282310      0.346153885    
 cwccn, cck, ccne =    2.00000000E+09  0.600000024       342431840.      0.989282310      0.346153885    
Note: The following floating-point exceptions are signalling: IEEE_UNDERFLOW_FLAG IEEE_DENORMAL
Note: The following floating-point exceptions are signalling: IEEE_UNDERFLOW_FLAG IEEE_DENORMAL
Note: The following floating-point exceptions are signalling: IEEE_UNDERFLOW_FLAG IEEE_DENORMAL
Note: The following floating-point exceptions are signalling: IEEE_UNDERFLOW_FLAG IEEE_DENORMAL
Note: The following floating-point exceptions are signalling: IEEE_UNDERFLOW_FLAG IEEE_DENORMAL
Note: The following floating-point exceptions are signalling: IEEE_UNDERFLOW_FLAG IEEE_DENORMAL
Note: The following floating-point exceptions are signalling: IEEE_INVALID_FLAG IEEE_UNDERFLOW_FLAG IEEE_DENORMAL
Note: The following floating-point exceptions are signalling: IEEE_UNDERFLOW_FLAG IEEE_DENORMAL
Note: The following floating-point exceptions are signalling: IEEE_UNDERFLOW_FLAG IEEE_DENORMAL
Note: The following floating-point exceptions are signalling: IEEE_UNDERFLOW_FLAG IEEE_DENORMAL
Note: The following floating-point exceptions are signalling: IEEE_UNDERFLOW_FLAG IEEE_DENORMAL
Note: The following floating-point exceptions are signalling: IEEE_UNDERFLOW_FLAG IEEE_DENORMAL
Note: The following floating-point exceptions are signalling: IEEE_UNDERFLOW_FLAG IEEE_DENORMAL
Note: The following floating-point exceptions are signalling: IEEE_UNDERFLOW_FLAG IEEE_DENORMAL
Note: The following floating-point exceptions are signalling: IEEE_UNDERFLOW_FLAG IEEE_DENORMAL
Note: The following floating-point exceptions are signalling: IEEE_UNDERFLOW_FLAG IEEE_DENORMAL
Note: The following floating-point exceptions are signalling: IEEE_UNDERFLOW_FLAG IEEE_DENORMAL
Note: The following floating-point exceptions are signalling: IEEE_UNDERFLOW_FLAG IEEE_DENORMAL
Note: The following floating-point exceptions are signalling: IEEE_UNDERFLOW_FLAG IEEE_DENORMAL
Note: The following floating-point exceptions are signalling: IEEE_UNDERFLOW_FLAG IEEE_DENORMAL
Note: The following floating-point exceptions are signalling: IEEE_UNDERFLOW_FLAG IEEE_DENORMAL
Note: The following floating-point exceptions are signalling: IEEE_UNDERFLOW_FLAG IEEE_DENORMAL
Note: The following floating-point exceptions are signalling: IEEE_UNDERFLOW_FLAG IEEE_DENORMAL
Note: The following floating-point exceptions are signalling: IEEE_UNDERFLOW_FLAG IEEE_DENORMAL
Note: The following floating-point exceptions are signalling: IEEE_UNDERFLOW_FLAG IEEE_DENORMAL
[wof-epyc9:3928619:0:3928619] Caught signal 11 (Segmentation fault: address not mapped to object at address 0x564c5a8f7829)
==== backtrace (tid:3928619) ====
 0  /lib64/libucs.so.0(ucs_handle_error+0x2dc) [0x7fb55673913c]
 1  /lib64/libucs.so.0(+0x2c31c) [0x7fb55673931c]
 2  /lib64/libucs.so.0(+0x2c4ea) [0x7fb5567394ea]
 3  /lib64/libpthread.so.0(+0x12d70) [0x7fb55bd95d70]
 4  /home/jessica.mcdonald/miniconda3/envs/letkf_env/lib/./libhdf5.so.310(H5VL_object_data+0xa) [0x7fb55b57956a]
 5  /home/jessica.mcdonald/miniconda3/envs/letkf_env/lib/./libhdf5.so.310(H5I_find_id+0x86) [0x7fb55b411326]
 6  /home/jessica.mcdonald/miniconda3/envs/letkf_env/lib/./libhdf5.so.310(H5VL__native_file_close+0x91) [0x7fb55b580621]
 7  /home/jessica.mcdonald/miniconda3/envs/letkf_env/lib/./libhdf5.so.310(+0x2e8be4) [0x7fb55b567be4]
 8  /home/jessica.mcdonald/miniconda3/envs/letkf_env/lib/./libhdf5.so.310(H5VL_file_close+0x39) [0x7fb55b570519]
 9  /home/jessica.mcdonald/miniconda3/envs/letkf_env/lib/./libhdf5.so.310(+0x10b837) [0x7fb55b38a837]
10  /home/jessica.mcdonald/miniconda3/envs/letkf_env/lib/./libhdf5.so.310(H5I_clear_type+0x1c1) [0x7fb55b40f4b1]
11  /home/jessica.mcdonald/miniconda3/envs/letkf_env/lib/./libhdf5.so.310(H5F_term_package+0x23) [0x7fb55b38c103]
12  /home/jessica.mcdonald/miniconda3/envs/letkf_env/lib/./libhdf5.so.310(H5_term_library+0x19f) [0x7fb55b2d060f]
13  /lib64/libc.so.6(+0x50d8c) [0x7fb55b9fdd8c]
14  /lib64/libc.so.6(on_exit+0) [0x7fb55b9fdec0]
15  /home/jessica.mcdonald/miniconda3/envs/letkf_env/lib/libgfortran.so.5(_gfortran_error_stop_string+0) [0x7fb55c381b12]
16  cm1.exe(+0x5606f) [0x56493b8c906f]
17  cm1.exe(+0x371f) [0x56493b87671f]
18  /lib64/libc.so.6(__libc_start_main+0xe5) [0x7fb55b9e78a5]
19  cm1.exe(+0x3751) [0x56493b876751]
=================================

Program received signal SIGSEGV: Segmentation fault - invalid memory reference.

Backtrace for this error:
#0  0x7fb55bd95d6f in ???
#1  0x7fb55b57956a in ???
#2  0x7fb55b411325 in ???
#3  0x7fb55b580620 in ???
#4  0x7fb55b567be3 in ???
#5  0x7fb55b570518 in ???
#6  0x7fb55b38a836 in ???
#7  0x7fb55b40f4b0 in ???
#8  0x7fb55b38c102 in ???
#9  0x7fb55b2d060e in ???
#10  0x7fb55b9fdd8b in ???
#11  0x7fb55b9fdebf in ???
#12  0x56493b8c906e in ???
#13  0x56493b87671e in ???
#14  0x7fb55b9e78a4 in ???
#15  0x56493b876750 in ???
--------------------------------------------------------------------------
prterun noticed that process rank 0 with PID 3928619 on node wof-epyc9 exited on
signal 11 (Segmentation fault).
--------------------------------------------------------------------------

 cd /work/jessica.mcdonald/CM1_LETKF_2025/RUN_LETKF/member009 ; mpirun -n 25 cm1.exe >> cm1.out completed....

 Executing command:  cd /work/jessica.mcdonald/CM1_LETKF_2025/RUN_LETKF/member010 ; mpirun -n 25 cm1.exe >> cm1.out 
 cwccn, cck, ccne =    2.00000000E+09  0.600000024       342431840.      0.989282310      0.346153885    
 cwccn, cck, ccne =    2.00000000E+09  0.600000024       342431840.      0.989282310      0.346153885    
 cwccn, cck, ccne =    2.00000000E+09  0.600000024       342431840.      0.989282310      0.346153885    
 cwccn, cck, ccne =    2.00000000E+09  0.600000024       342431840.      0.989282310      0.346153885    
 cwccn, cck, ccne =    2.00000000E+09  0.600000024       342431840.      0.989282310      0.346153885    
 cwccn, cck, ccne =    2.00000000E+09  0.600000024       342431840.      0.989282310      0.346153885    
 cwccn, cck, ccne =    2.00000000E+09  0.600000024       342431840.      0.989282310      0.346153885    
 cwccn, cck, ccne =    2.00000000E+09  0.600000024       342431840.      0.989282310      0.346153885    
 cwccn, cck, ccne =    2.00000000E+09  0.600000024       342431840.      0.989282310      0.346153885    
 cwccn, cck, ccne =    2.00000000E+09  0.600000024       342431840.      0.989282310      0.346153885    
 cwccn, cck, ccne =    2.00000000E+09  0.600000024       342431840.      0.989282310      0.346153885    
 cwccn, cck, ccne =    2.00000000E+09  0.600000024       342431840.      0.989282310      0.346153885    
 cwccn, cck, ccne =    2.00000000E+09  0.600000024       342431840.      0.989282310      0.346153885    
 cwccn, cck, ccne =    2.00000000E+09  0.600000024       342431840.      0.989282310      0.346153885    
 cwccn, cck, ccne =    2.00000000E+09  0.600000024       342431840.      0.989282310      0.346153885    
 cwccn, cck, ccne =    2.00000000E+09  0.600000024       342431840.      0.989282310      0.346153885    
 cwccn, cck, ccne =    2.00000000E+09  0.600000024       342431840.      0.989282310      0.346153885    
 cwccn, cck, ccne =    2.00000000E+09  0.600000024       342431840.      0.989282310      0.346153885    
 cwccn, cck, ccne =    2.00000000E+09  0.600000024       342431840.      0.989282310      0.346153885    
 cwccn, cck, ccne =    2.00000000E+09  0.600000024       342431840.      0.989282310      0.346153885    
 cwccn, cck, ccne =    2.00000000E+09  0.600000024       342431840.      0.989282310      0.346153885    
 cwccn, cck, ccne =    2.00000000E+09  0.600000024       342431840.      0.989282310      0.346153885    
 cwccn, cck, ccne =    2.00000000E+09  0.600000024       342431840.      0.989282310      0.346153885    
 cwccn, cck, ccne =    2.00000000E+09  0.600000024       342431840.      0.989282310      0.346153885    
 cwccn, cck, ccne =    2.00000000E+09  0.600000024       342431840.      0.989282310      0.346153885    
Note: The following floating-point exceptions are signalling: IEEE_UNDERFLOW_FLAG IEEE_DENORMAL
Note: The following floating-point exceptions are signalling: IEEE_UNDERFLOW_FLAG IEEE_DENORMAL
Note: The following floating-point exceptions are signalling: IEEE_UNDERFLOW_FLAG IEEE_DENORMAL
Note: The following floating-point exceptions are signalling: IEEE_UNDERFLOW_FLAG IEEE_DENORMAL
Note: The following floating-point exceptions are signalling: IEEE_UNDERFLOW_FLAG IEEE_DENORMAL
Note: The following floating-point exceptions are signalling: IEEE_UNDERFLOW_FLAG IEEE_DENORMAL
Note: The following floating-point exceptions are signalling: IEEE_UNDERFLOW_FLAG IEEE_DENORMAL
Note: The following floating-point exceptions are signalling: IEEE_UNDERFLOW_FLAG IEEE_DENORMAL
Note: The following floating-point exceptions are signalling: IEEE_UNDERFLOW_FLAG IEEE_DENORMAL
Note: The following floating-point exceptions are signalling: IEEE_UNDERFLOW_FLAG IEEE_DENORMAL
Note: The following floating-point exceptions are signalling: IEEE_UNDERFLOW_FLAG IEEE_DENORMAL
Note: The following floating-point exceptions are signalling: IEEE_INVALID_FLAG IEEE_UNDERFLOW_FLAG IEEE_DENORMAL
Note: The following floating-point exceptions are signalling: IEEE_UNDERFLOW_FLAG IEEE_DENORMAL
Note: The following floating-point exceptions are signalling: IEEE_UNDERFLOW_FLAG IEEE_DENORMAL
Note: The following floating-point exceptions are signalling: IEEE_UNDERFLOW_FLAG IEEE_DENORMAL
Note: The following floating-point exceptions are signalling: IEEE_UNDERFLOW_FLAG IEEE_DENORMAL
Note: The following floating-point exceptions are signalling: IEEE_UNDERFLOW_FLAG IEEE_DENORMAL
Note: The following floating-point exceptions are signalling: IEEE_UNDERFLOW_FLAG IEEE_DENORMAL
Note: The following floating-point exceptions are signalling: IEEE_UNDERFLOW_FLAG IEEE_DENORMAL
Note: The following floating-point exceptions are signalling: IEEE_UNDERFLOW_FLAG IEEE_DENORMAL
Note: The following floating-point exceptions are signalling: IEEE_UNDERFLOW_FLAG IEEE_DENORMAL
Note: The following floating-point exceptions are signalling: IEEE_UNDERFLOW_FLAG IEEE_DENORMAL
Note: The following floating-point exceptions are signalling: IEEE_UNDERFLOW_FLAG IEEE_DENORMAL
Note: The following floating-point exceptions are signalling: IEEE_UNDERFLOW_FLAG IEEE_DENORMAL
Note: The following floating-point exceptions are signalling: IEEE_UNDERFLOW_FLAG IEEE_DENORMAL
[wof-epyc9:3928689:0:3928689] Caught signal 11 (Segmentation fault: address not mapped to object at address 0x560de66a99ee)
==== backtrace (tid:3928689) ====
 0  /lib64/libucs.so.0(ucs_handle_error+0x2dc) [0x7f2bb142813c]
 1  /lib64/libucs.so.0(+0x2c31c) [0x7f2bb142831c]
 2  /lib64/libucs.so.0(+0x2c4ea) [0x7f2bb14284ea]
 3  /lib64/libpthread.so.0(+0x12d70) [0x7f2bb6a84d70]
 4  /home/jessica.mcdonald/miniconda3/envs/letkf_env/lib/./libhdf5.so.310(H5VL_object_data+0xa) [0x7f2bb626856a]
 5  /home/jessica.mcdonald/miniconda3/envs/letkf_env/lib/./libhdf5.so.310(H5I_find_id+0x86) [0x7f2bb6100326]
 6  /home/jessica.mcdonald/miniconda3/envs/letkf_env/lib/./libhdf5.so.310(H5VL__native_file_close+0x91) [0x7f2bb626f621]
 7  /home/jessica.mcdonald/miniconda3/envs/letkf_env/lib/./libhdf5.so.310(+0x2e8be4) [0x7f2bb6256be4]
 8  /home/jessica.mcdonald/miniconda3/envs/letkf_env/lib/./libhdf5.so.310(H5VL_file_close+0x39) [0x7f2bb625f519]
 9  /home/jessica.mcdonald/miniconda3/envs/letkf_env/lib/./libhdf5.so.310(+0x10b837) [0x7f2bb6079837]
10  /home/jessica.mcdonald/miniconda3/envs/letkf_env/lib/./libhdf5.so.310(H5I_clear_type+0x1c1) [0x7f2bb60fe4b1]
11  /home/jessica.mcdonald/miniconda3/envs/letkf_env/lib/./libhdf5.so.310(H5F_term_package+0x23) [0x7f2bb607b103]
12  /home/jessica.mcdonald/miniconda3/envs/letkf_env/lib/./libhdf5.so.310(H5_term_library+0x19f) [0x7f2bb5fbf60f]
13  /lib64/libc.so.6(+0x50d8c) [0x7f2bb66ecd8c]
14  /lib64/libc.so.6(on_exit+0) [0x7f2bb66ecec0]
15  /home/jessica.mcdonald/miniconda3/envs/letkf_env/lib/libgfortran.so.5(_gfortran_error_stop_string+0) [0x7f2bb7070b12]
16  cm1.exe(+0x5606f) [0x560881c9c06f]
17  cm1.exe(+0x371f) [0x560881c4971f]
18  /lib64/libc.so.6(__libc_start_main+0xe5) [0x7f2bb66d68a5]
19  cm1.exe(+0x3751) [0x560881c49751]
=================================

Program received signal SIGSEGV: Segmentation fault - invalid memory reference.

Backtrace for this error:
#0  0x7f2bb6a84d6f in ???
#1  0x7f2bb626856a in ???
#2  0x7f2bb6100325 in ???
#3  0x7f2bb626f620 in ???
#4  0x7f2bb6256be3 in ???
#5  0x7f2bb625f518 in ???
#6  0x7f2bb6079836 in ???
#7  0x7f2bb60fe4b0 in ???
#8  0x7f2bb607b102 in ???
#9  0x7f2bb5fbf60e in ???
#10  0x7f2bb66ecd8b in ???
#11  0x7f2bb66ecebf in ???
#12  0x560881c9c06e in ???
#13  0x560881c4971e in ???
#14  0x7f2bb66d68a4 in ???
#15  0x560881c49750 in ???
--------------------------------------------------------------------------
prterun noticed that process rank 0 with PID 3928689 on node wof-epyc9 exited on
signal 11 (Segmentation fault).
--------------------------------------------------------------------------

 cd /work/jessica.mcdonald/CM1_LETKF_2025/RUN_LETKF/member010 ; mpirun -n 25 cm1.exe >> cm1.out completed....

Run_Fcst Script: Model runs integrated out 1200 seconds, used   90.654000  CPU secs


  ----------------------------------------------------------------------

               BEGIN PROGRAM RUN_FILTER                                 

  This script sets the parameters to create Hx's and runs the letkf code

  ----------------------------------------------------------------------


 --> Run_Filter:  using the window from the EXPER file:  +/- 150 secs

 --> Run_Filter:  using Synchronous DA with freq from command line:  -300 secs

 --> Run_Filter:  using the observation file from the EXPER file:  Obs/obs_seq_8may03_2km.h5

 --> Run_Filter:  Number of threads requested is from EXPER file:  1

 --> Run_Filter:  using the inflation method from EXPER file:  1

  >=======================  Run_Filter:  Now creating Priors =============================<  


  -->  Run_Filter calling computeHx for time 2003,05,08,21,00,00  


  python computeHx.py --exper RUN_LETKF/RUN_LETKF.exp --time 2003,05,08,21,00,00 -o Obs/obs_seq_8may03_2km.h5 --window 300 --init


  ----------------------------------------------------------------------

                BEGIN PROGRAM ComputeHx                                 

    WALLCLOCK START TIME:  2025-03-05 15:46 


  ----------------------------------------------------------------------

 --> ComputeHx:  using the obs errors from the EXPER file:  {'11': ['VR', 2.0], '12': ['DBZ', 5.0]}

 --> ComputeHx:  using the window from the command line:  +/- 150 secs

 --> ComputeHx:  using the observation file from the command line:  Obs/obs_seq_8may03_2km.h5

 --> ComputeHx: obs outlier is from EXPER file:  3

 --> ComputeHx:  Reading in model state for HxF at 2003-05-08 21:00:00 


 ==> FindRestartFiles: Date and time supplied is 2003_05_08 21:00:00

 ==> FindRestartFile:  Found time 1200 in file:  /work/jessica.mcdonald/CM1_LETKF_2025/RUN_LETKF/member001/cm1out_rst_000004.nc

 ==> READ_CM1_ENS: reading from time INDEX:  0
 ==> READ_CM1_ENS: reading from state TIME:  2003-05-08 21:00:00 


 Wallclock time for serial read netCDF ensemble files: 0.296  sec

 Wallclock time to convert from C to A grid: 0.034  sec

 Wallclock time to read arrays from netCDF ensemble files: 0.36  sec

 Wallclock time to convert from C to A grid: 0.032  sec

 Wallclock time to create coordinates: 0.0  sec

 --> ComputeHx:  Using pyDart to search with condition: ( 34.335943398784124 < lat < 35.68577330060794 )  & ( -98.56368330339824 < lon < -96.91106834830089 ) 

 --> ComputeHx:  Using pyDart to search with begin time of:  (2003, 5, 8, 20, 57, 30)

 --> ComputeHx:  Using pyDart to search with end   time of:  (2003, 5, 8, 21, 2, 30)
  pyDART.search:  no variable supplied....all vars dumped
  pyDART.search:  Start datetime:  2003-05-08 20:57:30
  pyDART.search:  End datetime:  2003-05-08 20:57:30

  pyDART file is version:  pyDART_file_version_2.3 
  \/\/\/\/\/\/\/\/\/\/\/\/\/\/\/\/\/\/\/\/\/\/\/\/\/\/\/\/\/

  PyDART SEARCH START TIME  2003-05-08 20:57:30  /  UTIME_START: 1052427450
  PyDART SEARCH END   TIME  2003-05-08 21:02:30  /  UTIME_END:   1052427750
  PyDART converted utimes: 2003-05-08 20:57:30

  PyDART SEARCH CONDITION IS: (1052427450 <= utime) & (utime < 1052427750)

 --> ComputeHx:  Total number of obs found at search time: 16306 


  pyDART file is version:  pyDART_file_version_2.3 
  \/\/\/\/\/\/\/\/\/\/\/\/\/\/\/\/\/\/\/\/\/\/\/\/\/\/\/\/\/

 calcHx:  OBS   LAT MIN/MAX:   34.2821332934523 36.0279125698343
 calcHx:  MODEL LAT MIN/MAX:   34.344942279737324 35.67677441965474
 calcHx:  OBS   LON MIN/MAX:   -98.66811726033694 -96.73412870628039
 calcHx:  MODEL LON MIN/MAX:   -98.55266587036425 -96.92208578133487
 calcHx:  OBS   HGT MIN/MAX:   414.662789553404 11261.8197202683
 calcHx:  MODEL HGT MIN/MAX:   450.69254 20073.0

 --> ComputeHx:  Total number of obs found is: 15671 


 --> ComputeHx:  Changing VR observational error to:  2.0

 --> ComputeHx:  Changing DBZ observational error to:  5.0
 write_prior:  Prior obs file found, opening Prior.nc 

 write_prior:  Previous number of obs 0 

 write_prior:  Adding 15671 to netcdf file 

 write_prior:  Total number of obs in Prior.nc file is 15671 


  ---------------------------------------

  --> ComputeHx:  Total time for ensemble I/O ... Time in seconds for I/O: 0.442000 

  ---------------------------------------


  ---------------------------------------

  --> ComputeHx:  Time for searching ob table and computing priors ... Time in seconds for HxF: 6.539000 

  ---------------------------------------


  ---------------------------------------

  --> ComputeHx:  Total time in minutes ... Time in minutes for MAIN Program: 0.109000

  ---------------------------------------


  ----------------------------------------------------------------------

                END PROGRAM ComputeHx                                   

      WALLCLOCK END TIME:  2025-03-05 15:46 

  ----------------------------------------------------------------------


  --> Moved Prior.nc file to /work/jessica.mcdonald/CM1_LETKF_2025/RUN_LETKF/Prior_2003-05-08_21:00:00.nc


  >================ Run_Filter:  Running LETKF at time: 2003-05-08_21:00:00 ===================<  


  python letkf.py --exper RUN_LETKF/RUN_LETKF.exp --time 2003,05,08,21,00,00 --nthreads 1  --aInflate 1

----------------------------------------------------------------------

              BEGIN PROGRAM LETKF                                     
 
  WALLCLOCK START TIME:  2025-03-05 15:46 

  --------------------------------------------------------------------


 --> LETKF:  Number of threads requested is from command line:  1

 --> LETKF:  No netCDF Priors file specified, using default priors file

 --> LETKF:  Using prior file:  /work/jessica.mcdonald/CM1_LETKF_2025/RUN_LETKF/Prior_2003-05-08_21:00:00.nc


 --> LETKF:  Trying to find inflation file: /work/jessica.mcdonald/CM1_LETKF_2025/RUN_LETKF/Inflation_2003-05-08_20:55:00.nc

 --> LETKF:  Could not find inflation file....none will be used.

 --> LETKF: saveWeights is from EXPER file:  False

 --> LETKF: readWeights is from EXPER file:  False

 --> LETKF: obs outlier is from EXPER file:  3

 ==> FindRestartFiles: Date and time supplied is 2003_05_08 21:00:00

 ==> FindRestartFile:  Found time 1200 in file:  /work/jessica.mcdonald/CM1_LETKF_2025/RUN_LETKF/member001/cm1out_rst_000004.nc

  ---->LETKF:  Reading in model state for analysis at 2003 05-08 21:00:00 


 ==> READ_CM1_ENS:  No state_vector supplied - trying to match microphysics schemes

 ==> READ_CM1_ENS ==> Matching state_vector found !!! using zvdh

 ==> READ_CM1_ENS: reading from time INDEX:  0
 ==> READ_CM1_ENS: reading from state TIME:  2003-05-08 21:00:00 


 Wallclock time for serial read netCDF ensemble files: 0.541  sec

 Wallclock time to convert from C to A grid: 0.062  sec

 Wallclock time to create ensemble means: 0.109  sec

 Wallclock time to read arrays from netCDF ensemble files: 0.796  sec

 Wallclock time to create coordinates: 0.0  sec

 Wallclock time to create ensemble means: 0.108  sec

  ---->Analysis state read in for time 2003 05-08 21:00:00 

  ---->Analysis state universal time 1052427600.000000

 ==> WRITE_CM1_ENS:  Now writing out prior ensemble mean into /work/jessica.mcdonald/CM1_LETKF_2025/RUN_LETKF/member000/cm1out_prior_000004.nc

 ==> WRITE_CM1_ENS:  Closed file /work/jessica.mcdonald/CM1_LETKF_2025/RUN_LETKF/member000/cm1out_prior_000004.nc

 ==> Wallclock time to write out fcst/anal to files: 0.052  sec

  ----> LETKF:  Reading in Prior file:  /work/jessica.mcdonald/CM1_LETKF_2025/RUN_LETKF/Prior_2003-05-08_21:00:00.nc 

Prior obs file found, opening /work/jessica.mcdonald/CM1_LETKF_2025/RUN_LETKF/Prior_2003-05-08_21:00:00.nc 

Total number of obs in /work/jessica.mcdonald/CM1_LETKF_2025/RUN_LETKF/Prior_2003-05-08_21:00:00.nc file is 15671 


  ----> LETKF:  Prior file has 15671 obs at analysis time 2003 05-08 21:00:00 


  --> LETKF called with an outlier threshold of 3 standard deviations
('Mask before Vr mask:  ', 15671)
('Mask after Vr mask:  ', 15671)

  >=====================================================================<

  --> LETKF:  Number of total    obs = 15671

  --> LETKF:  Number of rejected obs = 0

  --> LETKF:  Max outlier: 3.000000  Min outlier:  3.000000


  >==============================================================================================<

  LETKF:  2003-05-08_21:00:00  Total number of observations:  15671

  <==============================================================================================<

  LETKF:  Obs Space Diagnostic for forecast computed via Dowell and Wicker, MWR 2009, Additive Noise


  LETKF:  Obs Std  |  Root-Mean-Sq-Error  |    Bias    |  Spread (obsErr^2+Hxf_var^2)  |   Consistency Ratio

  >==============================================================================================<


 -->  LETKF:  2003-05-08_21:00:00  NOBS: 08030     VR: 2.0  RMSI:  3.986  M-Innov:   1.827  Spread:  2.556  CRatio:  0.4113 

 -->  LETKF:  2003-05-08_21:00:00  NOBS: 04387  DBZ>0: 5.0  RMSI:  9.663  M-Innov:   8.640  Spread:  5.122  CRatio:  0.2810 

 --> LETKF:2003-05-08_21:00:00  NOBS: 03254  DBZ<0: 5.0  RMSI:  3.906  M-Innov:  -4.620  Spread:  5.004  CRatio:  1.6412 

  >============================================================================================<


 -->  LETKF:  Adaptive inflation is turned on....


 -->  LETKF: Adaptive inflation cannot find the previous inflation file, initializing inflation array to 1.0 


  >=======================  >>BEGIN FILTER<< ===========================================<


 -->  LETKF:ALL OBS TYPES BEING ASSIMULATED SIMULTANEOUSLY: MULTIPASS==False

 COMPUTE_LETKF:  NX/NY/NZ/NE:             75          75          51          11
 COMPUTE_LETKF:  NOBS:                 15671
 COMPUTE_LETKF:  X_OB Max/Min:     148991.62270955232        1888.9768674089439     
 COMPUTE_LETKF:  Y_OB Max/Min:     148020.29432127354        2020.2643997397427     
 COMPUTE_LETKF:  Z_OB Max/Min:     11261.819720268300        451.38171315193199     
 COMPUTE_LETKF:  T_OB Max/Min:     138.00000000000000       -149.00000000000000     
 COMPUTE_LETKF:  T_Analysis:       1052427600.0000000     
 COMPUTE_LETKF:  X_GD Max/Min:     149000.000       1000.00000    
 COMPUTE_LETKF:  Y_GD Max/Min:     149000.000       1000.00000    
 COMPUTE_LETKF:  Z_GD Max/Min:     19700.0000       77.6925354    
 COMPUTE_LETKF:  RHORIZ:           9000.0000000000000     
 COMPUTE_LETKF:  RVERT:            4500.0000000000000     
 COMPUTE_LETKF:  RTIME:           -600.00000000000000     
 COMPUTE_LETKF:  Hx shape              15671          10
 COMPUTE_LETKF:  UPDATE THETA FLAG:             1
 COMPUTE_LETKF, NTHREADS:             1
 COMPUTE_LETKF, MULTIPLICATIVE ADAPTIVE INFLATION IS ON
 Min value of AI:     1.0000000000000000     
 Max value of AI:     1.0000000000000000     
 Max value of limited AI:     1.0000000000000000     

 COMPUTE_LETKF, POSITIVE DEFINITE SCHEME IS:             1
 COMPUTE_LETKF, POSITIVE DEFINITE FLOOR VALUE:     1.00000001E-07

 COMPUTE_LETKF, MAXIMUM NUMBER OF THREADS AVAILABLE:             1
 COMPUTE_LETKF, NUMBER OF THREADS TO USE IS:                     1


 COMPUTE_LETKF:  Fortran WALLCLOCK CPU FOR ALL  :     31.541214497992769       secs
 COMPUTE_LETKF:  Fortran WALLCLOCK CPU for CORE :     2.9203338695224375       secs
 COMPUTE_LETKF:  Fortran WALLCLOCK CPU for LOCAL:     28.080756850773469       secs
 COMPUTE_LETKF:  Number of grid points updated is:       134559
 COMPUTE_LETKF:  Number of observations used is:     17443596


 -->  LETKF:  Adaptive Inflation stats:  Max AI:  2.7  Min AI 0.9  Mean AI: 1.0  StdDev:  0.075


 -->  Writing ./Inflation_2003-05-08_21:00:00.nc as the adaptive inflation file...

 -->  LETKF:  Moved ./Inflation_2003-05-08_21:00:00.nc file to directory /work/jessica.mcdonald/CM1_LETKF_2025/RUN_LETKF

  >=======================  >>END FILTER<< ===========================================<

          Z |           UA                    VA                  WA                  TH                  DBZ                QR
                    mean  std             mean  std           mean  std           mean  std           mean   std         mean  std
 Prior       |  -2.53452   1.42752     9.68872   1.43292  -0.00050   0.02781  305.33359   0.05555   0.00000   0.00000   0.00000   0.00000
        77.69|  -2.56446   1.60670     9.40574   1.38461   0.00003   0.03111  305.34714   0.08545   0.00000   0.00000   0.00000   0.00000 

 Prior       |  -1.58475   1.29348    12.68213   1.35937  -0.00152   0.08143  305.35696   0.06139   0.00000   0.00000   0.00000   0.00000
       235.87|  -1.64890   1.40185    12.42604   1.30922   0.00019   0.09003  305.36929   0.08929   0.00000   0.00000   0.00000   0.00000 

 Prior       |  -0.86214   1.32268    14.27093   1.31604  -0.00264   0.13211  305.38687   0.09399   0.00000   0.00000   0.00000   0.00000
       399.72|  -0.96879   1.35692    14.01387   1.25292  -0.00014   0.14191  305.39487   0.11090   0.00000   0.00000   0.00000   0.00000 

 Prior       |  -0.02745   1.50765    15.39266   1.32454  -0.00380   0.18311  305.44418   0.18416   0.00000   0.00000   0.00000   0.00000
       569.45|  -0.30526   1.36768    15.04700   1.27655  -0.00135   0.19176  305.42932   0.17503   0.00000   0.00000   0.00000   0.00000 

 Prior       |   1.73348   1.88704    16.46242   1.32723  -0.00487   0.23531  305.68756   0.43968   0.00000   0.00000   0.00000   0.00000
       745.28|   1.24507   1.47053    16.12541   1.30034  -0.00248   0.24191  305.60162   0.37413   0.00000   0.00000   0.00000   0.00000 

 Prior       |   7.23769   1.79060    15.95607   1.51726  -0.00599   0.28822  307.50189   0.52280   0.00000   0.00000   0.00000   0.00000
       927.42|   6.70900   1.84491    15.57706   1.49215  -0.00315   0.29237  307.39130   0.50614   0.00000   0.00000   0.00000   0.00000 

 Prior       |  10.64511   1.77127    13.97318   1.55464  -0.00729   0.34322  309.39993   0.36071   0.00000   0.00000   0.00000   0.00000
      1116.10|   9.93418   2.04715    13.86662   1.41366  -0.00331   0.34721  309.30945   0.49764   0.00000   0.00000   0.00000   0.00000 

 Prior       |  12.51047   1.80187    12.86304   1.58903  -0.00867   0.40106  310.16934   0.34043   0.00000   0.00000   0.00000   0.00000
      1311.56|  11.88950   1.97900    12.78408   1.42980  -0.00251   0.40906  310.08340   0.45327   0.00000   0.00000   0.00000   0.00000 

 Prior       |  14.50102   1.79411    12.28896   1.62568  -0.01011   0.45991  310.92599   0.32682   0.00000   0.00000   0.00000   0.00001
      1514.03|  13.77161   1.94129    12.20363   1.56259  -0.00065   0.47619  310.85071   0.40973   0.00000   0.00000   0.00000   0.00001 

 Prior       |  16.60403   1.82916    12.00986   1.72229  -0.01164   0.51842  311.69324   0.26756   0.00000   0.00000   0.00000   0.00001
      1723.77|  16.00849   2.07953    11.78899   1.64684   0.00262   0.54656  311.64160   0.35577   0.00000   0.00000   0.00000   0.00001 

 Prior       |  17.66871   1.83300    12.18083   1.66350  -0.01325   0.57625  312.36203   0.18471   0.00000   0.00000   0.00000   0.00002
      1941.04|  17.09895   2.00161    11.77252   1.64228   0.00634   0.61836  312.32654   0.29584   0.00000   0.00000   0.00000   0.00002 

 Prior       |  19.12390   1.85227    12.98887   1.64504  -0.01489   0.63322  312.41132   0.15165   0.00000   0.00000   0.00000   0.00004
      2166.11|  18.78137   1.99647    12.79329   1.77775   0.01004   0.68791  312.37842   0.21115   0.00000   0.00000   0.00000   0.00003 

 Prior       |  20.58208   1.69567    13.75601   1.37105  -0.01671   0.68820  312.49631   0.23599   0.00000   0.00000   0.00000   0.00007
      2399.26|  20.08858   1.87579    13.57760   1.35004   0.01376   0.74940  312.44247   0.24437   0.00000   0.00000   0.00000   0.00006 

 Prior       |  20.94170   1.94377    14.63186   1.36858  -0.01881   0.73749  312.85144   0.36695   0.00006   0.01506   0.00001   0.00012
      2640.78|  20.59026   2.00717    14.52859   1.51913   0.01701   0.79691  312.80112   0.34630   0.00023   0.02016   0.00001   0.00010 

 Prior       |  22.72431   2.11899    15.19952   1.47885  -0.02058   0.77772  313.32028   0.57721   0.00007   0.01776   0.00001   0.00019
      2890.97|  22.34985   2.20753    15.16215   1.67419   0.01971   0.82803  313.28687   0.53335   0.00026   0.02327   0.00001   0.00018 

 Prior       |  26.06432   1.95654    15.73514   1.63631  -0.02227   0.81062  315.06155   0.51763   0.00015   0.02570   0.00001   0.00028
      3150.14|  25.55921   2.08140    15.49931   1.82565   0.02157   0.84832  315.01212   0.49118   0.00026   0.02596   0.00002   0.00028 

 Prior       |  28.46087   2.14688    15.96982   1.74716  -0.02425   0.84202  316.67752   0.42513   0.00054   0.06718   0.00002   0.00039
      3418.61|  28.09366   2.37661    15.90028   1.77796   0.02494   0.87040  316.63092   0.42367   0.00123   0.07034   0.00003   0.00041 

 Prior       |  30.14699   1.69570    18.42141   1.80198  -0.02623   0.87756  318.19476   0.30455   0.00147   0.09614   0.00002   0.00053
      3696.73|  29.84245   2.05771    18.33871   2.06126   0.02634   0.90202  318.16235   0.35091   0.00484   0.12737   0.00004   0.00058 

 Prior       |  30.63663   1.70319    21.03523   1.81177  -0.02844   0.91888  318.99152   0.24989   0.00426   0.15487   0.00003   0.00073
      3984.83|  30.32366   1.97780    20.46891   2.57139   0.02596   0.94387  318.97174   0.28868   0.01232   0.21972   0.00006   0.00077 

 Prior       |  31.13094   1.80166    21.27871   1.60843  -0.03061   0.96536  319.33942   0.32754   0.01284   0.26550   0.00005   0.00100
      4283.27|  30.63033   2.36814    21.29506   2.06432   0.02612   0.99655  319.33148   0.34756   0.02968   0.36044   0.00008   0.00101 

 Prior       |  31.93912   1.80973    21.54650   1.69805  -0.03300   1.01898  319.87589   0.56183   0.03139   0.44928   0.00007   0.00137
      4592.43|  31.68972   2.08686    21.26211   2.04191   0.02627   1.05894  319.85876   0.56686   0.06200   0.56956   0.00012   0.00133 

 Prior       |  29.55205   1.71219    20.82573   1.89075  -0.03552   1.08343  322.24619   0.47420   0.05825   0.67287   0.00010   0.00186
      4912.68|  29.23343   2.11132    21.02891   2.37541   0.02816   1.13555  322.21902   0.47710   0.10451   0.80911   0.00017   0.00180 

 Prior       |  28.24175   1.76780    19.57905   1.82068  -0.03822   1.16075  324.19650   0.33505   0.09039   0.90739   0.00013   0.00252
      5244.43|  27.98509   2.02258    19.66773   2.10619   0.02918   1.22985  324.17896   0.35045   0.15379   1.06615   0.00023   0.00248 

 Prior       |  24.81910   1.80455    18.33575   1.96785  -0.04096   1.25058  325.27850   0.33585   0.12451   1.13614   0.00018   0.00337
      5588.10|  24.78703   1.79521    18.29255   1.97749   0.02804   1.33195  325.26663   0.34483   0.20499   1.31927   0.00033   0.00344 

 Prior       |  25.72071   2.13679    18.40923   1.98513  -0.04318   1.35073  326.56668   0.30292   0.15982   1.35461   0.00024   0.00440
      5944.10|  25.47342   2.22541    18.30625   2.01302   0.02653   1.42887  326.55774   0.30995   0.25699   1.56258   0.00045   0.00462 

 Prior       |  29.32051   2.28899    18.59938   1.87170  -0.04540   1.46164  327.39636   0.30306   0.19758   1.56511   0.00032   0.00567
      6312.88|  29.12177   2.31354    18.63744   1.92615   0.02352   1.51659  327.39783   0.31165   0.31235   1.80239   0.00060   0.00600 

 Prior       |  29.58686   2.03160    20.62360   1.86420  -0.04745   1.58425  327.85800   0.36555   0.23481   1.76101   0.00042   0.00806
      6694.90|  29.47926   2.00356    20.64003   1.94450   0.01851   1.59922  327.86707   0.37718   0.36174   2.00198   0.00077   0.00802 

 Prior       |  30.56855   2.26756    21.57925   2.66247  -0.04949   1.71462  328.34509   0.45009   0.27053   1.94857   0.00054   0.01170
      7090.63|  30.56129   2.17199    21.47369   2.70088   0.01224   1.68180  328.35754   0.46388   0.40663   2.18372   0.00095   0.01069 

 Prior       |  30.95189   2.36120    21.47722   2.09429  -0.05129   1.84827  329.00430   0.53494   0.30255   2.12177   0.00065   0.01406
      7500.58|  30.86796   2.25178    21.38535   2.04290   0.00560   1.76303  329.02087   0.55098   0.44190   2.33114   0.00111   0.01251 

 Prior       |  33.14475   2.17742    22.72886   2.54386  -0.05283   1.98259  329.74814   0.63254   0.33139   2.27878   0.00074   0.01793
      7925.23|  33.06141   2.08409    22.61529   2.51707  -0.00019   1.83760  329.76981   0.65179   0.46609   2.44230   0.00124   0.01562 

 Prior       |  34.97879   2.50248    23.12781   2.30589  -0.05395   2.11466  330.51813   0.76791   0.35867   2.42327   0.00069   0.01901
      8365.14|  34.88545   2.39721    23.08696   2.23824  -0.00322   1.90912  330.54526   0.78645   0.48289   2.52813   0.00115   0.01725 

 Prior       |  35.90397   2.92670    25.34783   2.72673  -0.05516   2.23984  331.32635   0.96336   0.38864   2.57834   0.00034   0.01272
      8820.84|  35.79089   2.89896    25.36922   2.74389  -0.00277   1.98858  331.35455   0.97867   0.49922   2.61421   0.00060   0.01246 

 Prior       |  37.41902   3.65031    22.20889   2.91772  -0.05524   2.35492  332.59030   1.17132   0.41391   2.71293   0.00008   0.00397
      9292.89|  37.34996   3.54143    22.18990   2.84909  -0.00044   2.08070  332.60950   1.17483   0.50381   2.67058   0.00013   0.00385 

 Prior       |  45.57848   3.19958    20.09969   3.08338  -0.05495   2.45634  335.44086   1.09815   0.43504   2.81613   0.00002   0.00079
      9781.90|  45.57220   3.13677    20.09974   3.01039   0.00042   2.17349  335.45020   1.08168   0.49924   2.70050   0.00003   0.00074 

 Prior       |  42.54544   3.19354    15.04291   2.69633  -0.05574   2.53294  338.39093   0.92793   0.44992   2.88616   0.00000   0.00020
     10288.46|  42.48598   3.12525    15.06842   2.63777  -0.00463   2.24888  338.39557   0.89173   0.48877   2.71590   0.00000   0.00021 

 Prior       |  39.80447   2.95025    11.97078   2.86290  -0.05513   2.57983  340.44186   0.93218   0.45590   2.93179   0.00000   0.00000
     10813.20|  39.76655   2.87215    11.99244   2.82771  -0.01333   2.31385  340.44168   0.87352   0.47457   2.73472   0.00000   0.00000 

 Prior       |  41.29052   3.11648    15.00528   3.07166  -0.05477   2.59928  342.19418   1.06776   0.45381   2.95391   0.00000   0.00000
     11356.79|  41.27022   3.06670    14.98655   3.02817  -0.02203   2.38846  342.19144   1.01134   0.46350   2.78334   0.00000   0.00000 

 Prior       |  39.68171   3.36517     9.94160   3.32963  -0.05467   2.59007  344.86157   1.19276   0.44591   2.95114   0.00000   0.00000
     11919.88|  39.67673   3.34612     9.93797   3.29890  -0.03093   2.46219  344.85992   1.16499   0.45529   2.85282   0.00000   0.00000 

 Prior       |  36.39470   3.27188     6.27287   3.27578  -0.05341   2.54393  351.42313   0.80219   0.43001   2.91971   0.00000   0.00000
     12503.20|  36.39241   3.26836     6.27657   3.26093  -0.04066   2.48918  351.42191   0.78279   0.43713   2.88493   0.00000   0.00000 

 Prior       |  31.76046   4.03420     8.08667   2.80164  -0.05195   2.44839  355.48849   0.82078   0.40625   2.85400   0.00000   0.00000
     13100.00|  31.76106   4.03367     8.08716   2.79925  -0.04799   2.43447  355.48792   0.81653   0.40865   2.84699   0.00000   0.00000 

 Prior       |  30.26860   3.51996     8.51087   3.29983  -0.05015   2.29397  359.28845   0.94158   0.37595   2.75419   0.00000   0.00000
     13700.00|  30.26859   3.51994     8.51075   3.29976  -0.04983   2.29309  359.28839   0.94141   0.37616   2.75382   0.00000   0.00000 

 Prior       |  27.09251   3.65731    12.77279   3.97757  -0.04761   2.07680  362.88861   1.08459   0.33553   2.59936   0.00000   0.00000
     14300.00|  27.09251   3.65731    12.77279   3.97757  -0.04761   2.07680  362.88861   1.08459   0.33553   2.59936   0.00000   0.00000 

 Prior       |  27.51501   3.77194    14.44057   4.13058  -0.04496   1.80967  372.75003   1.74417   0.27812   2.33948   0.00000   0.00000
     14900.00|  27.51501   3.77194    14.44057   4.13058  -0.04496   1.80967  372.75003   1.74417   0.27812   2.33948   0.00000   0.00000 

 Prior       |  27.74839   3.37534    12.15026   3.38021  -0.04176   1.48644  384.95148   2.32302   0.20052   1.95376   0.00000   0.00000
     15500.00|  27.74839   3.37534    12.15026   3.38021  -0.04176   1.48644  384.95148   2.32302   0.20052   1.95376   0.00000   0.00000 

 Prior       |  27.43144   2.57945    12.88746   2.57614  -0.03779   1.11210  397.32758   2.47206   0.12126   1.47842   0.00000   0.00000
     16100.00|  27.43144   2.57945    12.88746   2.57614  -0.03779   1.11210  397.32758   2.47206   0.12126   1.47842   0.00000   0.00000 

 Prior       |  27.71261   1.40945    12.98998   1.51734  -0.03332   0.78498  410.05930   2.07271   0.05390   0.93675   0.00000   0.00000
     16700.00|  27.71261   1.40945    12.98998   1.51734  -0.03332   0.78498  410.05930   2.07271   0.05390   0.93675   0.00000   0.00000 

 Prior       |  28.08028   1.07119    13.09081   0.97225  -0.02893   0.58004  414.60541   1.08736   0.01377   0.43424   0.00000   0.00000
     17300.00|  28.08028   1.07119    13.09081   0.97225  -0.02893   0.58004  414.60541   1.08736   0.01377   0.43424   0.00000   0.00000 

 Prior       |  28.01122   0.80140    13.05121   0.73892  -0.02353   0.44597  434.51663   0.99243   0.00144   0.12090   0.00000   0.00000
     17900.00|  28.01122   0.80140    13.05121   0.73892  -0.02353   0.44597  434.51663   0.99243   0.00144   0.12090   0.00000   0.00000 

 Prior       |  27.97646   0.75031    13.07681   0.66302  -0.01706   0.32150  445.36996   0.50007   0.00000   0.00000   0.00000   0.00000
     18500.00|  27.97646   0.75031    13.07681   0.66302  -0.01706   0.32150  445.36996   0.50007   0.00000   0.00000   0.00000   0.00000 

 Prior       |  27.98622   0.73418    13.07985   0.64540  -0.01070   0.19688  466.41251   0.46279   0.00000   0.00000   0.00000   0.00000
     19100.00|  27.98622   0.73418    13.07985   0.64540  -0.01070   0.19688  466.41251   0.46279   0.00000   0.00000   0.00000   0.00000 

 Prior       |  28.03699   0.74600    13.07290   0.65349  -0.00362   0.06689  488.46762   0.16719   0.00000   0.00000   0.00000   0.00000
     19700.00|  28.03699   0.74600    13.07290   0.65349  -0.00362   0.06689  488.46762   0.16719   0.00000   0.00000   0.00000   0.00000 


 -->  LETKF:  state data now written back out!

 ==> WRITE_CM1_ENS:  Writing ensemble into time_index 0 at time 1200

 ==> WRITE_CM1_ENS:  CM1 prior files creation completed

 Wallclock time to convert from A to C grid: 0.123  sec

 ==> WRITE_CM1_ENS:  Now writing out posterior ensemble mean into /work/jessica.mcdonald/CM1_LETKF_2025/RUN_LETKF/member000/cm1out_post_000004.nc

 ==> WRITE_CM1_ENS:  Closed file /work/jessica.mcdonald/CM1_LETKF_2025/RUN_LETKF/member000/cm1out_post_000004.nc

 ==> Wallclock time to write out fcst/anal to files: 6.36  sec

  ---------------------------------------

   ... Time in seconds for HxF: 0.260000 

  ---------------------------------------


  ---------------------------------------

   ... Time in seconds for Filter: 31.574000 

  ---------------------------------------


  ---------------------------------------

   ... Time in seconds for I/O: 7.364000 

  ---------------------------------------


  ---------------------------------------

   ... Time in seconds for Program: 39.351000 

  ---------------------------------------


  ----------------------------------------------------------------------

                END PROGRAM LETKF                                        

  WALLCLOCK END TIME:  2025-03-05 15:47 


  -----------------------------------------------------------------------


  ----------------------------------------------------------------------

                 END PROGRAM RUN_FILTER                                 

  ----------------------------------------------------------------------

 ==> RUN_FCST: Date&time supplied: 2003 05-08 21:00:00, which corresponds to a local model time of 1200 sec

 Run_Fcst Script:  1 threads requested....

 Run_Fcst Script: Number ensemble members to run not supplied, defaulting to experiment file:  10

 Run_Fcst Script: Integrating 010 ensemble members for 0300 seconds

 Found time 1200 in file:  /work/jessica.mcdonald/CM1_LETKF_2025/RUN_LETKF/member001/cm1out_rst_000004.nc
4

 Found time 1200 in file:  /work/jessica.mcdonald/CM1_LETKF_2025/RUN_LETKF/member001/cm1out_rst_000004.nc

 Now setting up forecast member: /work/jessica.mcdonald/CM1_LETKF_2025/RUN_LETKF/member001
/work/jessica.mcdonald/CM1_LETKF_2025/RUN_LETKF/member001/cm1.exe is the model path
/work/jessica.mcdonald/CM1_LETKF_2025/RUN_LETKF/member001/cm1.out is the outputfile path

 Now setting up forecast member: /work/jessica.mcdonald/CM1_LETKF_2025/RUN_LETKF/member002
/work/jessica.mcdonald/CM1_LETKF_2025/RUN_LETKF/member002/cm1.exe is the model path
/work/jessica.mcdonald/CM1_LETKF_2025/RUN_LETKF/member002/cm1.out is the outputfile path

 Now setting up forecast member: /work/jessica.mcdonald/CM1_LETKF_2025/RUN_LETKF/member003
/work/jessica.mcdonald/CM1_LETKF_2025/RUN_LETKF/member003/cm1.exe is the model path
/work/jessica.mcdonald/CM1_LETKF_2025/RUN_LETKF/member003/cm1.out is the outputfile path

 Now setting up forecast member: /work/jessica.mcdonald/CM1_LETKF_2025/RUN_LETKF/member004
/work/jessica.mcdonald/CM1_LETKF_2025/RUN_LETKF/member004/cm1.exe is the model path
/work/jessica.mcdonald/CM1_LETKF_2025/RUN_LETKF/member004/cm1.out is the outputfile path

 Now setting up forecast member: /work/jessica.mcdonald/CM1_LETKF_2025/RUN_LETKF/member005
 Executing command:  cd /work/jessica.mcdonald/CM1_LETKF_2025/RUN_LETKF/member001 ; mpirun -n 25 cm1.exe >> cm1.out 

/work/jessica.mcdonald/CM1_LETKF_2025/RUN_LETKF/member005/cm1.exe is the model path
/work/jessica.mcdonald/CM1_LETKF_2025/RUN_LETKF/member005/cm1.out is the outputfile path

 Now setting up forecast member: /work/jessica.mcdonald/CM1_LETKF_2025/RUN_LETKF/member006
/work/jessica.mcdonald/CM1_LETKF_2025/RUN_LETKF/member006/cm1.exe is the model path
/work/jessica.mcdonald/CM1_LETKF_2025/RUN_LETKF/member006/cm1.out is the outputfile path

 Now setting up forecast member: /work/jessica.mcdonald/CM1_LETKF_2025/RUN_LETKF/member007
/work/jessica.mcdonald/CM1_LETKF_2025/RUN_LETKF/member007/cm1.exe is the model path
/work/jessica.mcdonald/CM1_LETKF_2025/RUN_LETKF/member007/cm1.out is the outputfile path

 Now setting up forecast member: /work/jessica.mcdonald/CM1_LETKF_2025/RUN_LETKF/member008
/work/jessica.mcdonald/CM1_LETKF_2025/RUN_LETKF/member008/cm1.exe is the model path
/work/jessica.mcdonald/CM1_LETKF_2025/RUN_LETKF/member008/cm1.out is the outputfile path

 Now setting up forecast member: /work/jessica.mcdonald/CM1_LETKF_2025/RUN_LETKF/member009
/work/jessica.mcdonald/CM1_LETKF_2025/RUN_LETKF/member009/cm1.exe is the model path
/work/jessica.mcdonald/CM1_LETKF_2025/RUN_LETKF/member009/cm1.out is the outputfile path

 Now setting up forecast member: /work/jessica.mcdonald/CM1_LETKF_2025/RUN_LETKF/member010
/work/jessica.mcdonald/CM1_LETKF_2025/RUN_LETKF/member010/cm1.exe is the model path
/work/jessica.mcdonald/CM1_LETKF_2025/RUN_LETKF/member010/cm1.out is the outputfile path
 cwccn, cck, ccne =    2.00000000E+09  0.600000024       342431840.      0.989282310      0.346153885    
 cwccn, cck, ccne =    2.00000000E+09  0.600000024       342431840.      0.989282310      0.346153885    
 cwccn, cck, ccne =    2.00000000E+09  0.600000024       342431840.      0.989282310      0.346153885    
 cwccn, cck, ccne =    2.00000000E+09  0.600000024       342431840.      0.989282310      0.346153885    
 cwccn, cck, ccne =    2.00000000E+09  0.600000024       342431840.      0.989282310      0.346153885    
 cwccn, cck, ccne =    2.00000000E+09  0.600000024       342431840.      0.989282310      0.346153885    
 cwccn, cck, ccne =    2.00000000E+09  0.600000024       342431840.      0.989282310      0.346153885    
 cwccn, cck, ccne =    2.00000000E+09  0.600000024       342431840.      0.989282310      0.346153885    
 cwccn, cck, ccne =    2.00000000E+09  0.600000024       342431840.      0.989282310      0.346153885    
 cwccn, cck, ccne =    2.00000000E+09  0.600000024       342431840.      0.989282310      0.346153885    
 cwccn, cck, ccne =    2.00000000E+09  0.600000024       342431840.      0.989282310      0.346153885    
 cwccn, cck, ccne =    2.00000000E+09  0.600000024       342431840.      0.989282310      0.346153885    
 cwccn, cck, ccne =    2.00000000E+09  0.600000024       342431840.      0.989282310      0.346153885    
 cwccn, cck, ccne =    2.00000000E+09  0.600000024       342431840.      0.989282310      0.346153885    
 cwccn, cck, ccne =    2.00000000E+09  0.600000024       342431840.      0.989282310      0.346153885    
 cwccn, cck, ccne =    2.00000000E+09  0.600000024       342431840.      0.989282310      0.346153885    
 cwccn, cck, ccne =    2.00000000E+09  0.600000024       342431840.      0.989282310      0.346153885    
 cwccn, cck, ccne =    2.00000000E+09  0.600000024       342431840.      0.989282310      0.346153885    
 cwccn, cck, ccne =    2.00000000E+09  0.600000024       342431840.      0.989282310      0.346153885    
 cwccn, cck, ccne =    2.00000000E+09  0.600000024       342431840.      0.989282310      0.346153885    
 cwccn, cck, ccne =    2.00000000E+09  0.600000024       342431840.      0.989282310      0.346153885    
 cwccn, cck, ccne =    2.00000000E+09  0.600000024       342431840.      0.989282310      0.346153885    
 cwccn, cck, ccne =    2.00000000E+09  0.600000024       342431840.      0.989282310      0.346153885    
 cwccn, cck, ccne =    2.00000000E+09  0.600000024       342431840.      0.989282310      0.346153885    
 cwccn, cck, ccne =    2.00000000E+09  0.600000024       342431840.      0.989282310      0.346153885    
Note: The following floating-point exceptions are signalling: IEEE_INVALID_FLAG IEEE_UNDERFLOW_FLAG IEEE_DENORMAL
Note: The following floating-point exceptions are signalling: IEEE_UNDERFLOW_FLAG IEEE_DENORMAL
Note: The following floating-point exceptions are signalling: IEEE_UNDERFLOW_FLAG IEEE_DENORMAL
Note: The following floating-point exceptions are signalling: IEEE_UNDERFLOW_FLAG IEEE_DENORMAL
Note: The following floating-point exceptions are signalling: IEEE_UNDERFLOW_FLAG IEEE_DENORMAL
Note: The following floating-point exceptions are signalling: IEEE_UNDERFLOW_FLAG IEEE_DENORMAL
Note: The following floating-point exceptions are signalling: IEEE_UNDERFLOW_FLAG IEEE_DENORMAL
Note: The following floating-point exceptions are signalling: IEEE_UNDERFLOW_FLAG IEEE_DENORMAL
Note: The following floating-point exceptions are signalling: IEEE_UNDERFLOW_FLAG IEEE_DENORMAL
Note: The following floating-point exceptions are signalling: IEEE_UNDERFLOW_FLAG IEEE_DENORMAL
Note: The following floating-point exceptions are signalling: IEEE_UNDERFLOW_FLAG IEEE_DENORMAL
Note: The following floating-point exceptions are signalling: IEEE_UNDERFLOW_FLAG IEEE_DENORMAL
Note: The following floating-point exceptions are signalling: IEEE_UNDERFLOW_FLAG IEEE_DENORMAL
Note: The following floating-point exceptions are signalling: IEEE_UNDERFLOW_FLAG IEEE_DENORMAL
Note: The following floating-point exceptions are signalling: IEEE_UNDERFLOW_FLAG IEEE_DENORMAL
Note: The following floating-point exceptions are signalling: IEEE_UNDERFLOW_FLAG IEEE_DENORMAL
Note: The following floating-point exceptions are signalling: IEEE_UNDERFLOW_FLAG IEEE_DENORMAL
Note: The following floating-point exceptions are signalling: IEEE_UNDERFLOW_FLAG IEEE_DENORMAL
Note: The following floating-point exceptions are signalling: IEEE_UNDERFLOW_FLAG IEEE_DENORMAL
Note: The following floating-point exceptions are signalling: IEEE_UNDERFLOW_FLAG IEEE_DENORMAL
Note: The following floating-point exceptions are signalling: IEEE_UNDERFLOW_FLAG IEEE_DENORMAL
Note: The following floating-point exceptions are signalling: IEEE_UNDERFLOW_FLAG IEEE_DENORMAL
Note: The following floating-point exceptions are signalling: IEEE_UNDERFLOW_FLAG IEEE_DENORMAL
Note: The following floating-point exceptions are signalling: IEEE_UNDERFLOW_FLAG IEEE_DENORMAL
Note: The following floating-point exceptions are signalling: IEEE_UNDERFLOW_FLAG IEEE_DENORMAL
[wof-epyc9:3929228:0:3929228] Caught signal 11 (Segmentation fault: address not mapped to object at address 0x560ab8c2f439)
==== backtrace (tid:3929228) ====
 0  /lib64/libucs.so.0(ucs_handle_error+0x2dc) [0x7fe3b927013c]
 1  /lib64/libucs.so.0(+0x2c31c) [0x7fe3b927031c]
 2  /lib64/libucs.so.0(+0x2c4ea) [0x7fe3b92704ea]
 3  /lib64/libpthread.so.0(+0x12d70) [0x7fe3be8ccd70]
 4  /home/jessica.mcdonald/miniconda3/envs/letkf_env/lib/./libhdf5.so.310(H5VL_object_data+0xa) [0x7fe3be0b056a]
 5  /home/jessica.mcdonald/miniconda3/envs/letkf_env/lib/./libhdf5.so.310(H5I_find_id+0x86) [0x7fe3bdf48326]
 6  /home/jessica.mcdonald/miniconda3/envs/letkf_env/lib/./libhdf5.so.310(H5VL__native_file_close+0x91) [0x7fe3be0b7621]
 7  /home/jessica.mcdonald/miniconda3/envs/letkf_env/lib/./libhdf5.so.310(+0x2e8be4) [0x7fe3be09ebe4]
 8  /home/jessica.mcdonald/miniconda3/envs/letkf_env/lib/./libhdf5.so.310(H5VL_file_close+0x39) [0x7fe3be0a7519]
 9  /home/jessica.mcdonald/miniconda3/envs/letkf_env/lib/./libhdf5.so.310(+0x10b837) [0x7fe3bdec1837]
10  /home/jessica.mcdonald/miniconda3/envs/letkf_env/lib/./libhdf5.so.310(H5I_clear_type+0x1c1) [0x7fe3bdf464b1]
11  /home/jessica.mcdonald/miniconda3/envs/letkf_env/lib/./libhdf5.so.310(H5F_term_package+0x23) [0x7fe3bdec3103]
12  /home/jessica.mcdonald/miniconda3/envs/letkf_env/lib/./libhdf5.so.310(H5_term_library+0x19f) [0x7fe3bde0760f]
13  /lib64/libc.so.6(+0x50d8c) [0x7fe3be534d8c]
14  /lib64/libc.so.6(on_exit+0) [0x7fe3be534ec0]
15  /home/jessica.mcdonald/miniconda3/envs/letkf_env/lib/libgfortran.so.5(_gfortran_error_stop_string+0) [0x7fe3beeb8b12]
16  cm1.exe(+0x5606f) [0x560fd40e206f]
17  cm1.exe(+0x371f) [0x560fd408f71f]
18  /lib64/libc.so.6(__libc_start_main+0xe5) [0x7fe3be51e8a5]
19  cm1.exe(+0x3751) [0x560fd408f751]
=================================

Program received signal SIGSEGV: Segmentation fault - invalid memory reference.

Backtrace for this error:
#0  0x7fe3be8ccd6f in ???
#1  0x7fe3be0b056a in ???
#2  0x7fe3bdf48325 in ???
#3  0x7fe3be0b7620 in ???
#4  0x7fe3be09ebe3 in ???
#5  0x7fe3be0a7518 in ???
#6  0x7fe3bdec1836 in ???
#7  0x7fe3bdf464b0 in ???
#8  0x7fe3bdec3102 in ???
#9  0x7fe3bde0760e in ???
#10  0x7fe3be534d8b in ???
#11  0x7fe3be534ebf in ???
#12  0x560fd40e206e in ???
#13  0x560fd408f71e in ???
#14  0x7fe3be51e8a4 in ???
#15  0x560fd408f750 in ???
--------------------------------------------------------------------------
prterun noticed that process rank 0 with PID 3929228 on node wof-epyc9 exited on
signal 11 (Segmentation fault).
--------------------------------------------------------------------------

 cd /work/jessica.mcdonald/CM1_LETKF_2025/RUN_LETKF/member001 ; mpirun -n 25 cm1.exe >> cm1.out completed....

 Executing command:  cd /work/jessica.mcdonald/CM1_LETKF_2025/RUN_LETKF/member002 ; mpirun -n 25 cm1.exe >> cm1.out 
 cwccn, cck, ccne =    2.00000000E+09  0.600000024       342431840.      0.989282310      0.346153885    
 cwccn, cck, ccne =    2.00000000E+09  0.600000024       342431840.      0.989282310      0.346153885    
 cwccn, cck, ccne =    2.00000000E+09  0.600000024       342431840.      0.989282310      0.346153885    
 cwccn, cck, ccne =    2.00000000E+09  0.600000024       342431840.      0.989282310      0.346153885    
 cwccn, cck, ccne =    2.00000000E+09  0.600000024       342431840.      0.989282310      0.346153885    
 cwccn, cck, ccne =    2.00000000E+09  0.600000024       342431840.      0.989282310      0.346153885    
 cwccn, cck, ccne =    2.00000000E+09  0.600000024       342431840.      0.989282310      0.346153885    
 cwccn, cck, ccne =    2.00000000E+09  0.600000024       342431840.      0.989282310      0.346153885    
 cwccn, cck, ccne =    2.00000000E+09  0.600000024       342431840.      0.989282310      0.346153885    
 cwccn, cck, ccne =    2.00000000E+09  0.600000024       342431840.      0.989282310      0.346153885    
 cwccn, cck, ccne =    2.00000000E+09  0.600000024       342431840.      0.989282310      0.346153885    
 cwccn, cck, ccne =    2.00000000E+09  0.600000024       342431840.      0.989282310      0.346153885    
 cwccn, cck, ccne =    2.00000000E+09  0.600000024       342431840.      0.989282310      0.346153885    
 cwccn, cck, ccne =    2.00000000E+09  0.600000024       342431840.      0.989282310      0.346153885    
 cwccn, cck, ccne =    2.00000000E+09  0.600000024       342431840.      0.989282310      0.346153885    
 cwccn, cck, ccne =    2.00000000E+09  0.600000024       342431840.      0.989282310      0.346153885    
 cwccn, cck, ccne =    2.00000000E+09  0.600000024       342431840.      0.989282310      0.346153885    
 cwccn, cck, ccne =    2.00000000E+09  0.600000024       342431840.      0.989282310      0.346153885    
 cwccn, cck, ccne =    2.00000000E+09  0.600000024       342431840.      0.989282310      0.346153885    
 cwccn, cck, ccne =    2.00000000E+09  0.600000024       342431840.      0.989282310      0.346153885    
 cwccn, cck, ccne =    2.00000000E+09  0.600000024       342431840.      0.989282310      0.346153885    
 cwccn, cck, ccne =    2.00000000E+09  0.600000024       342431840.      0.989282310      0.346153885    
 cwccn, cck, ccne =    2.00000000E+09  0.600000024       342431840.      0.989282310      0.346153885    
 cwccn, cck, ccne =    2.00000000E+09  0.600000024       342431840.      0.989282310      0.346153885    
 cwccn, cck, ccne =    2.00000000E+09  0.600000024       342431840.      0.989282310      0.346153885    
Note: The following floating-point exceptions are signalling: IEEE_UNDERFLOW_FLAG IEEE_DENORMAL
Note: The following floating-point exceptions are signalling: IEEE_UNDERFLOW_FLAG IEEE_DENORMAL
Note: The following floating-point exceptions are signalling: IEEE_UNDERFLOW_FLAG IEEE_DENORMAL
Note: The following floating-point exceptions are signalling: IEEE_UNDERFLOW_FLAG IEEE_DENORMAL
Note: The following floating-point exceptions are signalling: IEEE_UNDERFLOW_FLAG IEEE_DENORMAL
Note: The following floating-point exceptions are signalling: IEEE_UNDERFLOW_FLAG IEEE_DENORMAL
Note: The following floating-point exceptions are signalling: IEEE_UNDERFLOW_FLAG IEEE_DENORMAL
Note: The following floating-point exceptions are signalling: IEEE_UNDERFLOW_FLAG IEEE_DENORMAL
Note: The following floating-point exceptions are signalling: IEEE_UNDERFLOW_FLAG IEEE_DENORMAL
Note: The following floating-point exceptions are signalling: IEEE_UNDERFLOW_FLAG IEEE_DENORMAL
Note: The following floating-point exceptions are signalling: IEEE_UNDERFLOW_FLAG IEEE_DENORMAL
Note: The following floating-point exceptions are signalling: IEEE_UNDERFLOW_FLAG IEEE_DENORMAL
Note: The following floating-point exceptions are signalling: IEEE_UNDERFLOW_FLAG IEEE_DENORMAL
Note: The following floating-point exceptions are signalling: IEEE_UNDERFLOW_FLAG IEEE_DENORMAL
Note: The following floating-point exceptions are signalling: IEEE_UNDERFLOW_FLAG IEEE_DENORMAL
Note: The following floating-point exceptions are signalling: IEEE_UNDERFLOW_FLAG IEEE_DENORMAL
Note: The following floating-point exceptions are signalling: IEEE_UNDERFLOW_FLAG IEEE_DENORMAL
Note: The following floating-point exceptions are signalling: IEEE_UNDERFLOW_FLAG IEEE_DENORMAL
Note: The following floating-point exceptions are signalling: IEEE_UNDERFLOW_FLAG IEEE_DENORMAL
Note: The following floating-point exceptions are signalling: IEEE_INVALID_FLAG IEEE_UNDERFLOW_FLAG IEEE_DENORMAL
Note: The following floating-point exceptions are signalling: IEEE_UNDERFLOW_FLAG IEEE_DENORMAL
Note: The following floating-point exceptions are signalling: IEEE_UNDERFLOW_FLAG IEEE_DENORMAL
Note: The following floating-point exceptions are signalling: IEEE_UNDERFLOW_FLAG IEEE_DENORMAL
Note: The following floating-point exceptions are signalling: IEEE_UNDERFLOW_FLAG IEEE_DENORMAL
Note: The following floating-point exceptions are signalling: IEEE_UNDERFLOW_FLAG IEEE_DENORMAL
[wof-epyc9:3929290:0:3929290] Caught signal 11 (Segmentation fault: address not mapped to object at address 0x55b3b073a08d)
==== backtrace (tid:3929290) ====
 0  /lib64/libucs.so.0(ucs_handle_error+0x2dc) [0x7f4cfa0d413c]
 1  /lib64/libucs.so.0(+0x2c31c) [0x7f4cfa0d431c]
 2  /lib64/libucs.so.0(+0x2c4ea) [0x7f4cfa0d44ea]
 3  /lib64/libpthread.so.0(+0x12d70) [0x7f4cff730d70]
 4  /home/jessica.mcdonald/miniconda3/envs/letkf_env/lib/./libhdf5.so.310(H5VL_object_data+0xa) [0x7f4cfef1456a]
 5  /home/jessica.mcdonald/miniconda3/envs/letkf_env/lib/./libhdf5.so.310(H5I_find_id+0x86) [0x7f4cfedac326]
 6  /home/jessica.mcdonald/miniconda3/envs/letkf_env/lib/./libhdf5.so.310(H5VL__native_file_close+0x91) [0x7f4cfef1b621]
 7  /home/jessica.mcdonald/miniconda3/envs/letkf_env/lib/./libhdf5.so.310(+0x2e8be4) [0x7f4cfef02be4]
 8  /home/jessica.mcdonald/miniconda3/envs/letkf_env/lib/./libhdf5.so.310(H5VL_file_close+0x39) [0x7f4cfef0b519]
 9  /home/jessica.mcdonald/miniconda3/envs/letkf_env/lib/./libhdf5.so.310(+0x10b837) [0x7f4cfed25837]
10  /home/jessica.mcdonald/miniconda3/envs/letkf_env/lib/./libhdf5.so.310(H5I_clear_type+0x1c1) [0x7f4cfedaa4b1]
11  /home/jessica.mcdonald/miniconda3/envs/letkf_env/lib/./libhdf5.so.310(H5F_term_package+0x23) [0x7f4cfed27103]
12  /home/jessica.mcdonald/miniconda3/envs/letkf_env/lib/./libhdf5.so.310(H5_term_library+0x19f) [0x7f4cfec6b60f]
13  /lib64/libc.so.6(+0x50d8c) [0x7f4cff398d8c]
14  /lib64/libc.so.6(on_exit+0) [0x7f4cff398ec0]
15  /home/jessica.mcdonald/miniconda3/envs/letkf_env/lib/libgfortran.so.5(_gfortran_error_stop_string+0) [0x7f4cffd1cb12]
16  cm1.exe(+0x5606f) [0x55b6e5ed406f]
17  cm1.exe(+0x371f) [0x55b6e5e8171f]
18  /lib64/libc.so.6(__libc_start_main+0xe5) [0x7f4cff3828a5]
19  cm1.exe(+0x3751) [0x55b6e5e81751]
=================================

Program received signal SIGSEGV: Segmentation fault - invalid memory reference.

Backtrace for this error:
#0  0x7f4cff730d6f in ???
#1  0x7f4cfef1456a in ???
#2  0x7f4cfedac325 in ???
#3  0x7f4cfef1b620 in ???
#4  0x7f4cfef02be3 in ???
#5  0x7f4cfef0b518 in ???
#6  0x7f4cfed25836 in ???
#7  0x7f4cfedaa4b0 in ???
#8  0x7f4cfed27102 in ???
#9  0x7f4cfec6b60e in ???
#10  0x7f4cff398d8b in ???
#11  0x7f4cff398ebf in ???
#12  0x55b6e5ed406e in ???
#13  0x55b6e5e8171e in ???
#14  0x7f4cff3828a4 in ???
#15  0x55b6e5e81750 in ???
--------------------------------------------------------------------------
prterun noticed that process rank 0 with PID 3929290 on node wof-epyc9 exited on
signal 11 (Segmentation fault).
--------------------------------------------------------------------------

 cd /work/jessica.mcdonald/CM1_LETKF_2025/RUN_LETKF/member002 ; mpirun -n 25 cm1.exe >> cm1.out completed....

 Executing command:  cd /work/jessica.mcdonald/CM1_LETKF_2025/RUN_LETKF/member003 ; mpirun -n 25 cm1.exe >> cm1.out 
 cwccn, cck, ccne =    2.00000000E+09  0.600000024       342431840.      0.989282310      0.346153885    
 cwccn, cck, ccne =    2.00000000E+09  0.600000024       342431840.      0.989282310      0.346153885    
 cwccn, cck, ccne =    2.00000000E+09  0.600000024       342431840.      0.989282310      0.346153885    
 cwccn, cck, ccne =    2.00000000E+09  0.600000024       342431840.      0.989282310      0.346153885    
 cwccn, cck, ccne =    2.00000000E+09  0.600000024       342431840.      0.989282310      0.346153885    
 cwccn, cck, ccne =    2.00000000E+09  0.600000024       342431840.      0.989282310      0.346153885    
 cwccn, cck, ccne =    2.00000000E+09  0.600000024       342431840.      0.989282310      0.346153885    
 cwccn, cck, ccne =    2.00000000E+09  0.600000024       342431840.      0.989282310      0.346153885    
 cwccn, cck, ccne =    2.00000000E+09  0.600000024       342431840.      0.989282310      0.346153885    
 cwccn, cck, ccne =    2.00000000E+09  0.600000024       342431840.      0.989282310      0.346153885    
 cwccn, cck, ccne =    2.00000000E+09  0.600000024       342431840.      0.989282310      0.346153885    
 cwccn, cck, ccne =    2.00000000E+09  0.600000024       342431840.      0.989282310      0.346153885    
 cwccn, cck, ccne =    2.00000000E+09  0.600000024       342431840.      0.989282310      0.346153885    
 cwccn, cck, ccne =    2.00000000E+09  0.600000024       342431840.      0.989282310      0.346153885    
 cwccn, cck, ccne =    2.00000000E+09  0.600000024       342431840.      0.989282310      0.346153885    
 cwccn, cck, ccne =    2.00000000E+09  0.600000024       342431840.      0.989282310      0.346153885    
 cwccn, cck, ccne =    2.00000000E+09  0.600000024       342431840.      0.989282310      0.346153885    
 cwccn, cck, ccne =    2.00000000E+09  0.600000024       342431840.      0.989282310      0.346153885    
 cwccn, cck, ccne =    2.00000000E+09  0.600000024       342431840.      0.989282310      0.346153885    
 cwccn, cck, ccne =    2.00000000E+09  0.600000024       342431840.      0.989282310      0.346153885    
 cwccn, cck, ccne =    2.00000000E+09  0.600000024       342431840.      0.989282310      0.346153885    
 cwccn, cck, ccne =    2.00000000E+09  0.600000024       342431840.      0.989282310      0.346153885    
 cwccn, cck, ccne =    2.00000000E+09  0.600000024       342431840.      0.989282310      0.346153885    
 cwccn, cck, ccne =    2.00000000E+09  0.600000024       342431840.      0.989282310      0.346153885    
 cwccn, cck, ccne =    2.00000000E+09  0.600000024       342431840.      0.989282310      0.346153885    
Note: The following floating-point exceptions are signalling: IEEE_UNDERFLOW_FLAG IEEE_DENORMAL
Note: The following floating-point exceptions are signalling: IEEE_UNDERFLOW_FLAG IEEE_DENORMAL
Note: The following floating-point exceptions are signalling: IEEE_UNDERFLOW_FLAG IEEE_DENORMAL
Note: The following floating-point exceptions are signalling: IEEE_UNDERFLOW_FLAG IEEE_DENORMAL
Note: The following floating-point exceptions are signalling: IEEE_UNDERFLOW_FLAG IEEE_DENORMAL
Note: The following floating-point exceptions are signalling: IEEE_UNDERFLOW_FLAG IEEE_DENORMAL
Note: The following floating-point exceptions are signalling: IEEE_UNDERFLOW_FLAG IEEE_DENORMAL
Note: The following floating-point exceptions are signalling: IEEE_UNDERFLOW_FLAG IEEE_DENORMAL
Note: The following floating-point exceptions are signalling: IEEE_INVALID_FLAG IEEE_UNDERFLOW_FLAG IEEE_DENORMAL
Note: The following floating-point exceptions are signalling: IEEE_UNDERFLOW_FLAG IEEE_DENORMAL
Note: The following floating-point exceptions are signalling: IEEE_UNDERFLOW_FLAG IEEE_DENORMAL
Note: The following floating-point exceptions are signalling: IEEE_UNDERFLOW_FLAG IEEE_DENORMAL
Note: The following floating-point exceptions are signalling: IEEE_UNDERFLOW_FLAG IEEE_DENORMAL
Note: The following floating-point exceptions are signalling: IEEE_UNDERFLOW_FLAG IEEE_DENORMAL
Note: The following floating-point exceptions are signalling: IEEE_UNDERFLOW_FLAG IEEE_DENORMAL
Note: The following floating-point exceptions are signalling: IEEE_UNDERFLOW_FLAG IEEE_DENORMAL
Note: The following floating-point exceptions are signalling: IEEE_UNDERFLOW_FLAG IEEE_DENORMAL
Note: The following floating-point exceptions are signalling: IEEE_UNDERFLOW_FLAG IEEE_DENORMAL
Note: The following floating-point exceptions are signalling: IEEE_UNDERFLOW_FLAG IEEE_DENORMAL
Note: The following floating-point exceptions are signalling: IEEE_UNDERFLOW_FLAG IEEE_DENORMAL
Note: The following floating-point exceptions are signalling: IEEE_UNDERFLOW_FLAG IEEE_DENORMAL
Note: The following floating-point exceptions are signalling: IEEE_UNDERFLOW_FLAG IEEE_DENORMAL
Note: The following floating-point exceptions are signalling: IEEE_UNDERFLOW_FLAG IEEE_DENORMAL
Note: The following floating-point exceptions are signalling: IEEE_UNDERFLOW_FLAG IEEE_DENORMAL
Note: The following floating-point exceptions are signalling: IEEE_UNDERFLOW_FLAG IEEE_DENORMAL
[wof-epyc9:3929355:0:3929355] Caught signal 11 (Segmentation fault: address not mapped to object at address 0x55f2d24f442d)
==== backtrace (tid:3929355) ====
 0  /lib64/libucs.so.0(ucs_handle_error+0x2dc) [0x7f63489a313c]
 1  /lib64/libucs.so.0(+0x2c31c) [0x7f63489a331c]
 2  /lib64/libucs.so.0(+0x2c4ea) [0x7f63489a34ea]
 3  /lib64/libpthread.so.0(+0x12d70) [0x7f634dfffd70]
 4  /home/jessica.mcdonald/miniconda3/envs/letkf_env/lib/./libhdf5.so.310(H5VL_object_data+0xa) [0x7f634d7e356a]
 5  /home/jessica.mcdonald/miniconda3/envs/letkf_env/lib/./libhdf5.so.310(H5I_find_id+0x86) [0x7f634d67b326]
 6  /home/jessica.mcdonald/miniconda3/envs/letkf_env/lib/./libhdf5.so.310(H5VL__native_file_close+0x91) [0x7f634d7ea621]
 7  /home/jessica.mcdonald/miniconda3/envs/letkf_env/lib/./libhdf5.so.310(+0x2e8be4) [0x7f634d7d1be4]
 8  /home/jessica.mcdonald/miniconda3/envs/letkf_env/lib/./libhdf5.so.310(H5VL_file_close+0x39) [0x7f634d7da519]
 9  /home/jessica.mcdonald/miniconda3/envs/letkf_env/lib/./libhdf5.so.310(+0x10b837) [0x7f634d5f4837]
10  /home/jessica.mcdonald/miniconda3/envs/letkf_env/lib/./libhdf5.so.310(H5I_clear_type+0x1c1) [0x7f634d6794b1]
11  /home/jessica.mcdonald/miniconda3/envs/letkf_env/lib/./libhdf5.so.310(H5F_term_package+0x23) [0x7f634d5f6103]
12  /home/jessica.mcdonald/miniconda3/envs/letkf_env/lib/./libhdf5.so.310(H5_term_library+0x19f) [0x7f634d53a60f]
13  /lib64/libc.so.6(+0x50d8c) [0x7f634dc67d8c]
14  /lib64/libc.so.6(on_exit+0) [0x7f634dc67ec0]
15  /home/jessica.mcdonald/miniconda3/envs/letkf_env/lib/libgfortran.so.5(_gfortran_error_stop_string+0) [0x7f634e5ebb12]
16  cm1.exe(+0x5606f) [0x55f7882a806f]
17  cm1.exe(+0x371f) [0x55f78825571f]
18  /lib64/libc.so.6(__libc_start_main+0xe5) [0x7f634dc518a5]
19  cm1.exe(+0x3751) [0x55f788255751]
=================================

Program received signal SIGSEGV: Segmentation fault - invalid memory reference.

Backtrace for this error:
#0  0x7f634dfffd6f in ???
#1  0x7f634d7e356a in ???
#2  0x7f634d67b325 in ???
#3  0x7f634d7ea620 in ???
#4  0x7f634d7d1be3 in ???
#5  0x7f634d7da518 in ???
#6  0x7f634d5f4836 in ???
#7  0x7f634d6794b0 in ???
#8  0x7f634d5f6102 in ???
#9  0x7f634d53a60e in ???
#10  0x7f634dc67d8b in ???
#11  0x7f634dc67ebf in ???
#12  0x55f7882a806e in ???
#13  0x55f78825571e in ???
#14  0x7f634dc518a4 in ???
#15  0x55f788255750 in ???
--------------------------------------------------------------------------
prterun noticed that process rank 0 with PID 3929355 on node wof-epyc9 exited on
signal 11 (Segmentation fault).
--------------------------------------------------------------------------

 cd /work/jessica.mcdonald/CM1_LETKF_2025/RUN_LETKF/member003 ; mpirun -n 25 cm1.exe >> cm1.out completed....

 Executing command:  cd /work/jessica.mcdonald/CM1_LETKF_2025/RUN_LETKF/member004 ; mpirun -n 25 cm1.exe >> cm1.out 
 cwccn, cck, ccne =    2.00000000E+09  0.600000024       342431840.      0.989282310      0.346153885    
 cwccn, cck, ccne =    2.00000000E+09  0.600000024       342431840.      0.989282310      0.346153885    
 cwccn, cck, ccne =    2.00000000E+09  0.600000024       342431840.      0.989282310      0.346153885    
 cwccn, cck, ccne =    2.00000000E+09  0.600000024       342431840.      0.989282310      0.346153885    
 cwccn, cck, ccne =    2.00000000E+09  0.600000024       342431840.      0.989282310      0.346153885    
 cwccn, cck, ccne =    2.00000000E+09  0.600000024       342431840.      0.989282310      0.346153885    
 cwccn, cck, ccne =    2.00000000E+09  0.600000024       342431840.      0.989282310      0.346153885    
 cwccn, cck, ccne =    2.00000000E+09  0.600000024       342431840.      0.989282310      0.346153885    
 cwccn, cck, ccne =    2.00000000E+09  0.600000024       342431840.      0.989282310      0.346153885    
 cwccn, cck, ccne =    2.00000000E+09  0.600000024       342431840.      0.989282310      0.346153885    
 cwccn, cck, ccne =    2.00000000E+09  0.600000024       342431840.      0.989282310      0.346153885    
 cwccn, cck, ccne =    2.00000000E+09  0.600000024       342431840.      0.989282310      0.346153885    
 cwccn, cck, ccne =    2.00000000E+09  0.600000024       342431840.      0.989282310      0.346153885    
 cwccn, cck, ccne =    2.00000000E+09  0.600000024       342431840.      0.989282310      0.346153885    
 cwccn, cck, ccne =    2.00000000E+09  0.600000024       342431840.      0.989282310      0.346153885    
 cwccn, cck, ccne =    2.00000000E+09  0.600000024       342431840.      0.989282310      0.346153885    
 cwccn, cck, ccne =    2.00000000E+09  0.600000024       342431840.      0.989282310      0.346153885    
 cwccn, cck, ccne =    2.00000000E+09  0.600000024       342431840.      0.989282310      0.346153885    
 cwccn, cck, ccne =    2.00000000E+09  0.600000024       342431840.      0.989282310      0.346153885    
 cwccn, cck, ccne =    2.00000000E+09  0.600000024       342431840.      0.989282310      0.346153885    
 cwccn, cck, ccne =    2.00000000E+09  0.600000024       342431840.      0.989282310      0.346153885    
 cwccn, cck, ccne =    2.00000000E+09  0.600000024       342431840.      0.989282310      0.346153885    
 cwccn, cck, ccne =    2.00000000E+09  0.600000024       342431840.      0.989282310      0.346153885    
 cwccn, cck, ccne =    2.00000000E+09  0.600000024       342431840.      0.989282310      0.346153885    
 cwccn, cck, ccne =    2.00000000E+09  0.600000024       342431840.      0.989282310      0.346153885    
Note: The following floating-point exceptions are signalling: IEEE_INVALID_FLAG IEEE_UNDERFLOW_FLAG IEEE_DENORMAL
Note: The following floating-point exceptions are signalling: IEEE_UNDERFLOW_FLAG IEEE_DENORMAL
Note: The following floating-point exceptions are signalling: IEEE_UNDERFLOW_FLAG IEEE_DENORMAL
Note: The following floating-point exceptions are signalling: IEEE_UNDERFLOW_FLAG IEEE_DENORMAL
Note: The following floating-point exceptions are signalling: IEEE_UNDERFLOW_FLAG IEEE_DENORMAL
Note: The following floating-point exceptions are signalling: IEEE_UNDERFLOW_FLAG IEEE_DENORMAL
Note: The following floating-point exceptions are signalling: IEEE_UNDERFLOW_FLAG IEEE_DENORMAL
Note: The following floating-point exceptions are signalling: IEEE_UNDERFLOW_FLAG IEEE_DENORMAL
Note: The following floating-point exceptions are signalling: IEEE_UNDERFLOW_FLAG IEEE_DENORMAL
Note: The following floating-point exceptions are signalling: IEEE_UNDERFLOW_FLAG IEEE_DENORMAL
Note: The following floating-point exceptions are signalling: IEEE_UNDERFLOW_FLAG IEEE_DENORMAL
Note: The following floating-point exceptions are signalling: IEEE_UNDERFLOW_FLAG IEEE_DENORMAL
Note: The following floating-point exceptions are signalling: IEEE_UNDERFLOW_FLAG IEEE_DENORMAL
Note: The following floating-point exceptions are signalling: IEEE_UNDERFLOW_FLAG IEEE_DENORMAL
Note: The following floating-point exceptions are signalling: IEEE_UNDERFLOW_FLAG IEEE_DENORMAL
Note: The following floating-point exceptions are signalling: IEEE_UNDERFLOW_FLAG IEEE_DENORMAL
Note: The following floating-point exceptions are signalling: IEEE_UNDERFLOW_FLAG IEEE_DENORMAL
Note: The following floating-point exceptions are signalling: IEEE_UNDERFLOW_FLAG IEEE_DENORMAL
Note: The following floating-point exceptions are signalling: IEEE_UNDERFLOW_FLAG IEEE_DENORMAL
Note: The following floating-point exceptions are signalling: IEEE_UNDERFLOW_FLAG IEEE_DENORMAL
Note: The following floating-point exceptions are signalling: IEEE_UNDERFLOW_FLAG IEEE_DENORMAL
Note: The following floating-point exceptions are signalling: IEEE_UNDERFLOW_FLAG IEEE_DENORMAL
Note: The following floating-point exceptions are signalling: IEEE_UNDERFLOW_FLAG IEEE_DENORMAL
Note: The following floating-point exceptions are signalling: IEEE_UNDERFLOW_FLAG IEEE_DENORMAL
Note: The following floating-point exceptions are signalling: IEEE_UNDERFLOW_FLAG IEEE_DENORMAL
[wof-epyc9:3929435:0:3929435] Caught signal 11 (Segmentation fault: address not mapped to object at address 0x55df6a7d6992)
==== backtrace (tid:3929435) ====
 0  /lib64/libucs.so.0(ucs_handle_error+0x2dc) [0x7f4701b6e13c]
 1  /lib64/libucs.so.0(+0x2c31c) [0x7f4701b6e31c]
 2  /lib64/libucs.so.0(+0x2c4ea) [0x7f4701b6e4ea]
 3  /lib64/libpthread.so.0(+0x12d70) [0x7f47071cad70]
 4  /home/jessica.mcdonald/miniconda3/envs/letkf_env/lib/./libhdf5.so.310(H5VL_object_data+0xa) [0x7f47069ae56a]
 5  /home/jessica.mcdonald/miniconda3/envs/letkf_env/lib/./libhdf5.so.310(H5I_find_id+0x86) [0x7f4706846326]
 6  /home/jessica.mcdonald/miniconda3/envs/letkf_env/lib/./libhdf5.so.310(H5VL__native_file_close+0x91) [0x7f47069b5621]
 7  /home/jessica.mcdonald/miniconda3/envs/letkf_env/lib/./libhdf5.so.310(+0x2e8be4) [0x7f470699cbe4]
 8  /home/jessica.mcdonald/miniconda3/envs/letkf_env/lib/./libhdf5.so.310(H5VL_file_close+0x39) [0x7f47069a5519]
 9  /home/jessica.mcdonald/miniconda3/envs/letkf_env/lib/./libhdf5.so.310(+0x10b837) [0x7f47067bf837]
10  /home/jessica.mcdonald/miniconda3/envs/letkf_env/lib/./libhdf5.so.310(H5I_clear_type+0x1c1) [0x7f47068444b1]
11  /home/jessica.mcdonald/miniconda3/envs/letkf_env/lib/./libhdf5.so.310(H5F_term_package+0x23) [0x7f47067c1103]
12  /home/jessica.mcdonald/miniconda3/envs/letkf_env/lib/./libhdf5.so.310(H5_term_library+0x19f) [0x7f470670560f]
13  /lib64/libc.so.6(+0x50d8c) [0x7f4706e32d8c]
14  /lib64/libc.so.6(on_exit+0) [0x7f4706e32ec0]
15  /home/jessica.mcdonald/miniconda3/envs/letkf_env/lib/libgfortran.so.5(_gfortran_error_stop_string+0) [0x7f47077b6b12]
16  cm1.exe(+0x5606f) [0x55da3377006f]
17  cm1.exe(+0x371f) [0x55da3371d71f]
18  /lib64/libc.so.6(__libc_start_main+0xe5) [0x7f4706e1c8a5]
19  cm1.exe(+0x3751) [0x55da3371d751]
=================================

Program received signal SIGSEGV: Segmentation fault - invalid memory reference.

Backtrace for this error:
#0  0x7f47071cad6f in ???
#1  0x7f47069ae56a in ???
#2  0x7f4706846325 in ???
#3  0x7f47069b5620 in ???
#4  0x7f470699cbe3 in ???
#5  0x7f47069a5518 in ???
#6  0x7f47067bf836 in ???
#7  0x7f47068444b0 in ???
#8  0x7f47067c1102 in ???
#9  0x7f470670560e in ???
#10  0x7f4706e32d8b in ???
#11  0x7f4706e32ebf in ???
#12  0x55da3377006e in ???
#13  0x55da3371d71e in ???
#14  0x7f4706e1c8a4 in ???
#15  0x55da3371d750 in ???
--------------------------------------------------------------------------
prterun noticed that process rank 0 with PID 3929435 on node wof-epyc9 exited on
signal 11 (Segmentation fault).
--------------------------------------------------------------------------

 cd /work/jessica.mcdonald/CM1_LETKF_2025/RUN_LETKF/member004 ; mpirun -n 25 cm1.exe >> cm1.out completed....

 Executing command:  cd /work/jessica.mcdonald/CM1_LETKF_2025/RUN_LETKF/member005 ; mpirun -n 25 cm1.exe >> cm1.out 
 cwccn, cck, ccne =    2.00000000E+09  0.600000024       342431840.      0.989282310      0.346153885    
 cwccn, cck, ccne =    2.00000000E+09  0.600000024       342431840.      0.989282310      0.346153885    
 cwccn, cck, ccne =    2.00000000E+09  0.600000024       342431840.      0.989282310      0.346153885    
 cwccn, cck, ccne =    2.00000000E+09  0.600000024       342431840.      0.989282310      0.346153885    
 cwccn, cck, ccne =    2.00000000E+09  0.600000024       342431840.      0.989282310      0.346153885    
 cwccn, cck, ccne =    2.00000000E+09  0.600000024       342431840.      0.989282310      0.346153885    
 cwccn, cck, ccne =    2.00000000E+09  0.600000024       342431840.      0.989282310      0.346153885    
 cwccn, cck, ccne =    2.00000000E+09  0.600000024       342431840.      0.989282310      0.346153885    
 cwccn, cck, ccne =    2.00000000E+09  0.600000024       342431840.      0.989282310      0.346153885    
 cwccn, cck, ccne =    2.00000000E+09  0.600000024       342431840.      0.989282310      0.346153885    
 cwccn, cck, ccne =    2.00000000E+09  0.600000024       342431840.      0.989282310      0.346153885    
 cwccn, cck, ccne =    2.00000000E+09  0.600000024       342431840.      0.989282310      0.346153885    
 cwccn, cck, ccne =    2.00000000E+09  0.600000024       342431840.      0.989282310      0.346153885    
 cwccn, cck, ccne =    2.00000000E+09  0.600000024       342431840.      0.989282310      0.346153885    
 cwccn, cck, ccne =    2.00000000E+09  0.600000024       342431840.      0.989282310      0.346153885    
 cwccn, cck, ccne =    2.00000000E+09  0.600000024       342431840.      0.989282310      0.346153885    
 cwccn, cck, ccne =    2.00000000E+09  0.600000024       342431840.      0.989282310      0.346153885    
 cwccn, cck, ccne =    2.00000000E+09  0.600000024       342431840.      0.989282310      0.346153885    
 cwccn, cck, ccne =    2.00000000E+09  0.600000024       342431840.      0.989282310      0.346153885    
 cwccn, cck, ccne =    2.00000000E+09  0.600000024       342431840.      0.989282310      0.346153885    
 cwccn, cck, ccne =    2.00000000E+09  0.600000024       342431840.      0.989282310      0.346153885    
 cwccn, cck, ccne =    2.00000000E+09  0.600000024       342431840.      0.989282310      0.346153885    
 cwccn, cck, ccne =    2.00000000E+09  0.600000024       342431840.      0.989282310      0.346153885    
 cwccn, cck, ccne =    2.00000000E+09  0.600000024       342431840.      0.989282310      0.346153885    
 cwccn, cck, ccne =    2.00000000E+09  0.600000024       342431840.      0.989282310      0.346153885    
Note: The following floating-point exceptions are signalling: IEEE_UNDERFLOW_FLAG IEEE_DENORMAL
Note: The following floating-point exceptions are signalling: IEEE_UNDERFLOW_FLAG IEEE_DENORMAL
Note: The following floating-point exceptions are signalling: IEEE_UNDERFLOW_FLAG IEEE_DENORMAL
Note: The following floating-point exceptions are signalling: IEEE_UNDERFLOW_FLAG IEEE_DENORMAL
Note: The following floating-point exceptions are signalling: IEEE_UNDERFLOW_FLAG IEEE_DENORMAL
Note: The following floating-point exceptions are signalling: IEEE_UNDERFLOW_FLAG IEEE_DENORMAL
Note: The following floating-point exceptions are signalling: IEEE_UNDERFLOW_FLAG IEEE_DENORMAL
Note: The following floating-point exceptions are signalling: IEEE_UNDERFLOW_FLAG IEEE_DENORMAL
Note: The following floating-point exceptions are signalling: IEEE_UNDERFLOW_FLAG IEEE_DENORMAL
Note: The following floating-point exceptions are signalling: IEEE_UNDERFLOW_FLAG IEEE_DENORMAL
Note: The following floating-point exceptions are signalling: IEEE_UNDERFLOW_FLAG IEEE_DENORMAL
Note: The following floating-point exceptions are signalling: IEEE_UNDERFLOW_FLAG IEEE_DENORMAL
Note: The following floating-point exceptions are signalling: IEEE_UNDERFLOW_FLAG IEEE_DENORMAL
Note: The following floating-point exceptions are signalling: IEEE_UNDERFLOW_FLAG IEEE_DENORMAL
Note: The following floating-point exceptions are signalling: IEEE_UNDERFLOW_FLAG IEEE_DENORMAL
Note: The following floating-point exceptions are signalling: IEEE_UNDERFLOW_FLAG IEEE_DENORMAL
Note: The following floating-point exceptions are signalling: IEEE_UNDERFLOW_FLAG IEEE_DENORMAL
Note: The following floating-point exceptions are signalling: IEEE_UNDERFLOW_FLAG IEEE_DENORMAL
Note: The following floating-point exceptions are signalling: IEEE_INVALID_FLAG IEEE_UNDERFLOW_FLAG IEEE_DENORMAL
Note: The following floating-point exceptions are signalling: IEEE_UNDERFLOW_FLAG IEEE_DENORMAL
Note: The following floating-point exceptions are signalling: IEEE_UNDERFLOW_FLAG IEEE_DENORMAL
Note: The following floating-point exceptions are signalling: IEEE_UNDERFLOW_FLAG IEEE_DENORMAL
Note: The following floating-point exceptions are signalling: IEEE_UNDERFLOW_FLAG IEEE_DENORMAL
Note: The following floating-point exceptions are signalling: IEEE_UNDERFLOW_FLAG IEEE_DENORMAL
Note: The following floating-point exceptions are signalling: IEEE_UNDERFLOW_FLAG IEEE_DENORMAL
[wof-epyc9:3929499:0:3929499] Caught signal 11 (Segmentation fault: address not mapped to object at address 0x563a2e7fc65e)
==== backtrace (tid:3929499) ====
 0  /lib64/libucs.so.0(ucs_handle_error+0x2dc) [0x7f13831ca13c]
 1  /lib64/libucs.so.0(+0x2c31c) [0x7f13831ca31c]
 2  /lib64/libucs.so.0(+0x2c4ea) [0x7f13831ca4ea]
 3  /lib64/libpthread.so.0(+0x12d70) [0x7f1388826d70]
 4  /home/jessica.mcdonald/miniconda3/envs/letkf_env/lib/./libhdf5.so.310(H5VL_object_data+0xa) [0x7f138800a56a]
 5  /home/jessica.mcdonald/miniconda3/envs/letkf_env/lib/./libhdf5.so.310(H5I_find_id+0x86) [0x7f1387ea2326]
 6  /home/jessica.mcdonald/miniconda3/envs/letkf_env/lib/./libhdf5.so.310(H5VL__native_file_close+0x91) [0x7f1388011621]
 7  /home/jessica.mcdonald/miniconda3/envs/letkf_env/lib/./libhdf5.so.310(+0x2e8be4) [0x7f1387ff8be4]
 8  /home/jessica.mcdonald/miniconda3/envs/letkf_env/lib/./libhdf5.so.310(H5VL_file_close+0x39) [0x7f1388001519]
 9  /home/jessica.mcdonald/miniconda3/envs/letkf_env/lib/./libhdf5.so.310(+0x10b837) [0x7f1387e1b837]
10  /home/jessica.mcdonald/miniconda3/envs/letkf_env/lib/./libhdf5.so.310(H5I_clear_type+0x1c1) [0x7f1387ea04b1]
11  /home/jessica.mcdonald/miniconda3/envs/letkf_env/lib/./libhdf5.so.310(H5F_term_package+0x23) [0x7f1387e1d103]
12  /home/jessica.mcdonald/miniconda3/envs/letkf_env/lib/./libhdf5.so.310(H5_term_library+0x19f) [0x7f1387d6160f]
13  /lib64/libc.so.6(+0x50d8c) [0x7f138848ed8c]
14  /lib64/libc.so.6(on_exit+0) [0x7f138848eec0]
15  /home/jessica.mcdonald/miniconda3/envs/letkf_env/lib/libgfortran.so.5(_gfortran_error_stop_string+0) [0x7f1388e12b12]
16  cm1.exe(+0x5606f) [0x563f494c306f]
17  cm1.exe(+0x371f) [0x563f4947071f]
18  /lib64/libc.so.6(__libc_start_main+0xe5) [0x7f13884788a5]
19  cm1.exe(+0x3751) [0x563f49470751]
=================================

Program received signal SIGSEGV: Segmentation fault - invalid memory reference.

Backtrace for this error:
#0  0x7f1388826d6f in ???
#1  0x7f138800a56a in ???
#2  0x7f1387ea2325 in ???
#3  0x7f1388011620 in ???
#4  0x7f1387ff8be3 in ???
#5  0x7f1388001518 in ???
#6  0x7f1387e1b836 in ???
#7  0x7f1387ea04b0 in ???
#8  0x7f1387e1d102 in ???
#9  0x7f1387d6160e in ???
#10  0x7f138848ed8b in ???
#11  0x7f138848eebf in ???
#12  0x563f494c306e in ???
#13  0x563f4947071e in ???
#14  0x7f13884788a4 in ???
#15  0x563f49470750 in ???
--------------------------------------------------------------------------
prterun noticed that process rank 0 with PID 3929499 on node wof-epyc9 exited on
signal 11 (Segmentation fault).
--------------------------------------------------------------------------

 cd /work/jessica.mcdonald/CM1_LETKF_2025/RUN_LETKF/member005 ; mpirun -n 25 cm1.exe >> cm1.out completed....

 Executing command:  cd /work/jessica.mcdonald/CM1_LETKF_2025/RUN_LETKF/member006 ; mpirun -n 25 cm1.exe >> cm1.out 
 cwccn, cck, ccne =    2.00000000E+09  0.600000024       342431840.      0.989282310      0.346153885    
 cwccn, cck, ccne =    2.00000000E+09  0.600000024       342431840.      0.989282310      0.346153885    
 cwccn, cck, ccne =    2.00000000E+09  0.600000024       342431840.      0.989282310      0.346153885    
 cwccn, cck, ccne =    2.00000000E+09  0.600000024       342431840.      0.989282310      0.346153885    
 cwccn, cck, ccne =    2.00000000E+09  0.600000024       342431840.      0.989282310      0.346153885    
 cwccn, cck, ccne =    2.00000000E+09  0.600000024       342431840.      0.989282310      0.346153885    
 cwccn, cck, ccne =    2.00000000E+09  0.600000024       342431840.      0.989282310      0.346153885    
 cwccn, cck, ccne =    2.00000000E+09  0.600000024       342431840.      0.989282310      0.346153885    
 cwccn, cck, ccne =    2.00000000E+09  0.600000024       342431840.      0.989282310      0.346153885    
 cwccn, cck, ccne =    2.00000000E+09  0.600000024       342431840.      0.989282310      0.346153885    
 cwccn, cck, ccne =    2.00000000E+09  0.600000024       342431840.      0.989282310      0.346153885    
 cwccn, cck, ccne =    2.00000000E+09  0.600000024       342431840.      0.989282310      0.346153885    
 cwccn, cck, ccne =    2.00000000E+09  0.600000024       342431840.      0.989282310      0.346153885    
 cwccn, cck, ccne =    2.00000000E+09  0.600000024       342431840.      0.989282310      0.346153885    
 cwccn, cck, ccne =    2.00000000E+09  0.600000024       342431840.      0.989282310      0.346153885    
 cwccn, cck, ccne =    2.00000000E+09  0.600000024       342431840.      0.989282310      0.346153885    
 cwccn, cck, ccne =    2.00000000E+09  0.600000024       342431840.      0.989282310      0.346153885    
 cwccn, cck, ccne =    2.00000000E+09  0.600000024       342431840.      0.989282310      0.346153885    
 cwccn, cck, ccne =    2.00000000E+09  0.600000024       342431840.      0.989282310      0.346153885    
 cwccn, cck, ccne =    2.00000000E+09  0.600000024       342431840.      0.989282310      0.346153885    
 cwccn, cck, ccne =    2.00000000E+09  0.600000024       342431840.      0.989282310      0.346153885    
 cwccn, cck, ccne =    2.00000000E+09  0.600000024       342431840.      0.989282310      0.346153885    
 cwccn, cck, ccne =    2.00000000E+09  0.600000024       342431840.      0.989282310      0.346153885    
 cwccn, cck, ccne =    2.00000000E+09  0.600000024       342431840.      0.989282310      0.346153885    
 cwccn, cck, ccne =    2.00000000E+09  0.600000024       342431840.      0.989282310      0.346153885    
Note: The following floating-point exceptions are signalling: IEEE_UNDERFLOW_FLAG IEEE_DENORMAL
Note: The following floating-point exceptions are signalling: IEEE_UNDERFLOW_FLAG IEEE_DENORMAL
Note: The following floating-point exceptions are signalling: IEEE_INVALID_FLAG IEEE_UNDERFLOW_FLAG IEEE_DENORMAL
Note: The following floating-point exceptions are signalling: IEEE_UNDERFLOW_FLAG IEEE_DENORMAL
Note: The following floating-point exceptions are signalling: IEEE_UNDERFLOW_FLAG IEEE_DENORMAL
Note: The following floating-point exceptions are signalling: IEEE_UNDERFLOW_FLAG IEEE_DENORMAL
Note: The following floating-point exceptions are signalling: IEEE_UNDERFLOW_FLAG IEEE_DENORMAL
Note: The following floating-point exceptions are signalling: IEEE_UNDERFLOW_FLAG IEEE_DENORMAL
Note: The following floating-point exceptions are signalling: IEEE_UNDERFLOW_FLAG IEEE_DENORMAL
Note: The following floating-point exceptions are signalling: IEEE_UNDERFLOW_FLAG IEEE_DENORMAL
Note: The following floating-point exceptions are signalling: IEEE_UNDERFLOW_FLAG IEEE_DENORMAL
Note: The following floating-point exceptions are signalling: IEEE_UNDERFLOW_FLAG IEEE_DENORMAL
Note: The following floating-point exceptions are signalling: IEEE_UNDERFLOW_FLAG IEEE_DENORMAL
Note: The following floating-point exceptions are signalling: IEEE_UNDERFLOW_FLAG IEEE_DENORMAL
Note: The following floating-point exceptions are signalling: IEEE_UNDERFLOW_FLAG IEEE_DENORMAL
Note: The following floating-point exceptions are signalling: IEEE_UNDERFLOW_FLAG IEEE_DENORMAL
Note: The following floating-point exceptions are signalling: IEEE_UNDERFLOW_FLAG IEEE_DENORMAL
Note: The following floating-point exceptions are signalling: IEEE_UNDERFLOW_FLAG IEEE_DENORMAL
Note: The following floating-point exceptions are signalling: IEEE_UNDERFLOW_FLAG IEEE_DENORMAL
Note: The following floating-point exceptions are signalling: IEEE_UNDERFLOW_FLAG IEEE_DENORMAL
Note: The following floating-point exceptions are signalling: IEEE_UNDERFLOW_FLAG IEEE_DENORMAL
Note: The following floating-point exceptions are signalling: IEEE_UNDERFLOW_FLAG IEEE_DENORMAL
Note: The following floating-point exceptions are signalling: IEEE_UNDERFLOW_FLAG IEEE_DENORMAL
Note: The following floating-point exceptions are signalling: IEEE_UNDERFLOW_FLAG IEEE_DENORMAL
Note: The following floating-point exceptions are signalling: IEEE_UNDERFLOW_FLAG IEEE_DENORMAL
[wof-epyc9:3929937:0:3929937] Caught signal 11 (Segmentation fault: address not mapped to object at address 0x563b90835ebc)
==== backtrace (tid:3929937) ====
 0  /lib64/libucs.so.0(ucs_handle_error+0x2dc) [0x7f1c1eb2413c]
 1  /lib64/libucs.so.0(+0x2c31c) [0x7f1c1eb2431c]
 2  /lib64/libucs.so.0(+0x2c4ea) [0x7f1c1eb244ea]
 3  /lib64/libpthread.so.0(+0x12d70) [0x7f1c24180d70]
 4  /home/jessica.mcdonald/miniconda3/envs/letkf_env/lib/./libhdf5.so.310(H5VL_object_data+0xa) [0x7f1c2396456a]
 5  /home/jessica.mcdonald/miniconda3/envs/letkf_env/lib/./libhdf5.so.310(H5I_find_id+0x86) [0x7f1c237fc326]
 6  /home/jessica.mcdonald/miniconda3/envs/letkf_env/lib/./libhdf5.so.310(H5VL__native_file_close+0x91) [0x7f1c2396b621]
 7  /home/jessica.mcdonald/miniconda3/envs/letkf_env/lib/./libhdf5.so.310(+0x2e8be4) [0x7f1c23952be4]
 8  /home/jessica.mcdonald/miniconda3/envs/letkf_env/lib/./libhdf5.so.310(H5VL_file_close+0x39) [0x7f1c2395b519]
 9  /home/jessica.mcdonald/miniconda3/envs/letkf_env/lib/./libhdf5.so.310(+0x10b837) [0x7f1c23775837]
10  /home/jessica.mcdonald/miniconda3/envs/letkf_env/lib/./libhdf5.so.310(H5I_clear_type+0x1c1) [0x7f1c237fa4b1]
11  /home/jessica.mcdonald/miniconda3/envs/letkf_env/lib/./libhdf5.so.310(H5F_term_package+0x23) [0x7f1c23777103]
12  /home/jessica.mcdonald/miniconda3/envs/letkf_env/lib/./libhdf5.so.310(H5_term_library+0x19f) [0x7f1c236bb60f]
13  /lib64/libc.so.6(+0x50d8c) [0x7f1c23de8d8c]
14  /lib64/libc.so.6(on_exit+0) [0x7f1c23de8ec0]
15  /home/jessica.mcdonald/miniconda3/envs/letkf_env/lib/libgfortran.so.5(_gfortran_error_stop_string+0) [0x7f1c2476cb12]
16  cm1.exe(+0x5606f) [0x563ef0e8606f]
17  cm1.exe(+0x371f) [0x563ef0e3371f]
18  /lib64/libc.so.6(__libc_start_main+0xe5) [0x7f1c23dd28a5]
19  cm1.exe(+0x3751) [0x563ef0e33751]
=================================

Program received signal SIGSEGV: Segmentation fault - invalid memory reference.

Backtrace for this error:
#0  0x7f1c24180d6f in ???
#1  0x7f1c2396456a in ???
#2  0x7f1c237fc325 in ???
#3  0x7f1c2396b620 in ???
#4  0x7f1c23952be3 in ???
#5  0x7f1c2395b518 in ???
#6  0x7f1c23775836 in ???
#7  0x7f1c237fa4b0 in ???
#8  0x7f1c23777102 in ???
#9  0x7f1c236bb60e in ???
#10  0x7f1c23de8d8b in ???
#11  0x7f1c23de8ebf in ???
#12  0x563ef0e8606e in ???
#13  0x563ef0e3371e in ???
#14  0x7f1c23dd28a4 in ???
#15  0x563ef0e33750 in ???
--------------------------------------------------------------------------
prterun noticed that process rank 0 with PID 3929937 on node wof-epyc9 exited on
signal 11 (Segmentation fault).
--------------------------------------------------------------------------

 cd /work/jessica.mcdonald/CM1_LETKF_2025/RUN_LETKF/member006 ; mpirun -n 25 cm1.exe >> cm1.out completed....

 Executing command:  cd /work/jessica.mcdonald/CM1_LETKF_2025/RUN_LETKF/member007 ; mpirun -n 25 cm1.exe >> cm1.out 
 cwccn, cck, ccne =    2.00000000E+09  0.600000024       342431840.      0.989282310      0.346153885    
 cwccn, cck, ccne =    2.00000000E+09  0.600000024       342431840.      0.989282310      0.346153885    
 cwccn, cck, ccne =    2.00000000E+09  0.600000024       342431840.      0.989282310      0.346153885    
 cwccn, cck, ccne =    2.00000000E+09  0.600000024       342431840.      0.989282310      0.346153885    
 cwccn, cck, ccne =    2.00000000E+09  0.600000024       342431840.      0.989282310      0.346153885    
 cwccn, cck, ccne =    2.00000000E+09  0.600000024       342431840.      0.989282310      0.346153885    
 cwccn, cck, ccne =    2.00000000E+09  0.600000024       342431840.      0.989282310      0.346153885    
 cwccn, cck, ccne =    2.00000000E+09  0.600000024       342431840.      0.989282310      0.346153885    
 cwccn, cck, ccne =    2.00000000E+09  0.600000024       342431840.      0.989282310      0.346153885    
 cwccn, cck, ccne =    2.00000000E+09  0.600000024       342431840.      0.989282310      0.346153885    
 cwccn, cck, ccne =    2.00000000E+09  0.600000024       342431840.      0.989282310      0.346153885    
 cwccn, cck, ccne =    2.00000000E+09  0.600000024       342431840.      0.989282310      0.346153885    
 cwccn, cck, ccne =    2.00000000E+09  0.600000024       342431840.      0.989282310      0.346153885    
 cwccn, cck, ccne =    2.00000000E+09  0.600000024       342431840.      0.989282310      0.346153885    
 cwccn, cck, ccne =    2.00000000E+09  0.600000024       342431840.      0.989282310      0.346153885    
 cwccn, cck, ccne =    2.00000000E+09  0.600000024       342431840.      0.989282310      0.346153885    
 cwccn, cck, ccne =    2.00000000E+09  0.600000024       342431840.      0.989282310      0.346153885    
 cwccn, cck, ccne =    2.00000000E+09  0.600000024       342431840.      0.989282310      0.346153885    
 cwccn, cck, ccne =    2.00000000E+09  0.600000024       342431840.      0.989282310      0.346153885    
 cwccn, cck, ccne =    2.00000000E+09  0.600000024       342431840.      0.989282310      0.346153885    
 cwccn, cck, ccne =    2.00000000E+09  0.600000024       342431840.      0.989282310      0.346153885    
 cwccn, cck, ccne =    2.00000000E+09  0.600000024       342431840.      0.989282310      0.346153885    
 cwccn, cck, ccne =    2.00000000E+09  0.600000024       342431840.      0.989282310      0.346153885    
 cwccn, cck, ccne =    2.00000000E+09  0.600000024       342431840.      0.989282310      0.346153885    
 cwccn, cck, ccne =    2.00000000E+09  0.600000024       342431840.      0.989282310      0.346153885    
Note: The following floating-point exceptions are signalling: IEEE_UNDERFLOW_FLAG IEEE_DENORMAL
Note: The following floating-point exceptions are signalling: IEEE_UNDERFLOW_FLAG IEEE_DENORMAL
Note: The following floating-point exceptions are signalling: IEEE_UNDERFLOW_FLAG IEEE_DENORMAL
Note: The following floating-point exceptions are signalling: IEEE_UNDERFLOW_FLAG IEEE_DENORMAL
Note: The following floating-point exceptions are signalling: IEEE_UNDERFLOW_FLAG IEEE_DENORMAL
Note: The following floating-point exceptions are signalling: IEEE_INVALID_FLAG IEEE_UNDERFLOW_FLAG IEEE_DENORMAL
Note: The following floating-point exceptions are signalling: IEEE_UNDERFLOW_FLAG IEEE_DENORMAL
Note: The following floating-point exceptions are signalling: IEEE_UNDERFLOW_FLAG IEEE_DENORMAL
Note: The following floating-point exceptions are signalling: IEEE_UNDERFLOW_FLAG IEEE_DENORMAL
Note: The following floating-point exceptions are signalling: IEEE_UNDERFLOW_FLAG IEEE_DENORMAL
Note: The following floating-point exceptions are signalling: IEEE_UNDERFLOW_FLAG IEEE_DENORMAL
Note: The following floating-point exceptions are signalling: IEEE_UNDERFLOW_FLAG IEEE_DENORMAL
Note: The following floating-point exceptions are signalling: IEEE_UNDERFLOW_FLAG IEEE_DENORMAL
Note: The following floating-point exceptions are signalling: IEEE_UNDERFLOW_FLAG IEEE_DENORMAL
Note: The following floating-point exceptions are signalling: IEEE_UNDERFLOW_FLAG IEEE_DENORMAL
Note: The following floating-point exceptions are signalling: IEEE_UNDERFLOW_FLAG IEEE_DENORMAL
Note: The following floating-point exceptions are signalling: IEEE_UNDERFLOW_FLAG IEEE_DENORMAL
Note: The following floating-point exceptions are signalling: IEEE_UNDERFLOW_FLAG IEEE_DENORMAL
Note: The following floating-point exceptions are signalling: IEEE_UNDERFLOW_FLAG IEEE_DENORMAL
Note: The following floating-point exceptions are signalling: IEEE_UNDERFLOW_FLAG IEEE_DENORMAL
Note: The following floating-point exceptions are signalling: IEEE_UNDERFLOW_FLAG IEEE_DENORMAL
Note: The following floating-point exceptions are signalling: IEEE_UNDERFLOW_FLAG IEEE_DENORMAL
Note: The following floating-point exceptions are signalling: IEEE_UNDERFLOW_FLAG IEEE_DENORMAL
Note: The following floating-point exceptions are signalling: IEEE_UNDERFLOW_FLAG IEEE_DENORMAL
Note: The following floating-point exceptions are signalling: IEEE_UNDERFLOW_FLAG IEEE_DENORMAL
[wof-epyc9:3929999:0:3929999] Caught signal 11 (Segmentation fault: address not mapped to object at address 0x55e4ae476158)
==== backtrace (tid:3929999) ====
 0  /lib64/libucs.so.0(ucs_handle_error+0x2dc) [0x7fb2063f513c]
 1  /lib64/libucs.so.0(+0x2c31c) [0x7fb2063f531c]
 2  /lib64/libucs.so.0(+0x2c4ea) [0x7fb2063f54ea]
 3  /lib64/libpthread.so.0(+0x12d70) [0x7fb20ba51d70]
 4  /home/jessica.mcdonald/miniconda3/envs/letkf_env/lib/./libhdf5.so.310(H5VL_object_data+0xa) [0x7fb20b23556a]
 5  /home/jessica.mcdonald/miniconda3/envs/letkf_env/lib/./libhdf5.so.310(H5I_find_id+0x86) [0x7fb20b0cd326]
 6  /home/jessica.mcdonald/miniconda3/envs/letkf_env/lib/./libhdf5.so.310(H5VL__native_file_close+0x91) [0x7fb20b23c621]
 7  /home/jessica.mcdonald/miniconda3/envs/letkf_env/lib/./libhdf5.so.310(+0x2e8be4) [0x7fb20b223be4]
 8  /home/jessica.mcdonald/miniconda3/envs/letkf_env/lib/./libhdf5.so.310(H5VL_file_close+0x39) [0x7fb20b22c519]
 9  /home/jessica.mcdonald/miniconda3/envs/letkf_env/lib/./libhdf5.so.310(+0x10b837) [0x7fb20b046837]
10  /home/jessica.mcdonald/miniconda3/envs/letkf_env/lib/./libhdf5.so.310(H5I_clear_type+0x1c1) [0x7fb20b0cb4b1]
11  /home/jessica.mcdonald/miniconda3/envs/letkf_env/lib/./libhdf5.so.310(H5F_term_package+0x23) [0x7fb20b048103]
12  /home/jessica.mcdonald/miniconda3/envs/letkf_env/lib/./libhdf5.so.310(H5_term_library+0x19f) [0x7fb20af8c60f]
13  /lib64/libc.so.6(+0x50d8c) [0x7fb20b6b9d8c]
14  /lib64/libc.so.6(on_exit+0) [0x7fb20b6b9ec0]
15  /home/jessica.mcdonald/miniconda3/envs/letkf_env/lib/libgfortran.so.5(_gfortran_error_stop_string+0) [0x7fb20c03db12]
16  cm1.exe(+0x5606f) [0x55e1ec3aa06f]
17  cm1.exe(+0x371f) [0x55e1ec35771f]
18  /lib64/libc.so.6(__libc_start_main+0xe5) [0x7fb20b6a38a5]
19  cm1.exe(+0x3751) [0x55e1ec357751]
=================================

Program received signal SIGSEGV: Segmentation fault - invalid memory reference.

Backtrace for this error:
#0  0x7fb20ba51d6f in ???
#1  0x7fb20b23556a in ???
#2  0x7fb20b0cd325 in ???
#3  0x7fb20b23c620 in ???
#4  0x7fb20b223be3 in ???
#5  0x7fb20b22c518 in ???
#6  0x7fb20b046836 in ???
#7  0x7fb20b0cb4b0 in ???
#8  0x7fb20b048102 in ???
#9  0x7fb20af8c60e in ???
#10  0x7fb20b6b9d8b in ???
#11  0x7fb20b6b9ebf in ???
#12  0x55e1ec3aa06e in ???
#13  0x55e1ec35771e in ???
#14  0x7fb20b6a38a4 in ???
#15  0x55e1ec357750 in ???
--------------------------------------------------------------------------
prterun noticed that process rank 0 with PID 3929999 on node wof-epyc9 exited on
signal 11 (Segmentation fault).
--------------------------------------------------------------------------

 cd /work/jessica.mcdonald/CM1_LETKF_2025/RUN_LETKF/member007 ; mpirun -n 25 cm1.exe >> cm1.out completed....

 Executing command:  cd /work/jessica.mcdonald/CM1_LETKF_2025/RUN_LETKF/member008 ; mpirun -n 25 cm1.exe >> cm1.out 
 cwccn, cck, ccne =    2.00000000E+09  0.600000024       342431840.      0.989282310      0.346153885    
 cwccn, cck, ccne =    2.00000000E+09  0.600000024       342431840.      0.989282310      0.346153885    
 cwccn, cck, ccne =    2.00000000E+09  0.600000024       342431840.      0.989282310      0.346153885    
 cwccn, cck, ccne =    2.00000000E+09  0.600000024       342431840.      0.989282310      0.346153885    
 cwccn, cck, ccne =    2.00000000E+09  0.600000024       342431840.      0.989282310      0.346153885    
 cwccn, cck, ccne =    2.00000000E+09  0.600000024       342431840.      0.989282310      0.346153885    
 cwccn, cck, ccne =    2.00000000E+09  0.600000024       342431840.      0.989282310      0.346153885    
 cwccn, cck, ccne =    2.00000000E+09  0.600000024       342431840.      0.989282310      0.346153885    
 cwccn, cck, ccne =    2.00000000E+09  0.600000024       342431840.      0.989282310      0.346153885    
 cwccn, cck, ccne =    2.00000000E+09  0.600000024       342431840.      0.989282310      0.346153885    
 cwccn, cck, ccne =    2.00000000E+09  0.600000024       342431840.      0.989282310      0.346153885    
 cwccn, cck, ccne =    2.00000000E+09  0.600000024       342431840.      0.989282310      0.346153885    
 cwccn, cck, ccne =    2.00000000E+09  0.600000024       342431840.      0.989282310      0.346153885    
 cwccn, cck, ccne =    2.00000000E+09  0.600000024       342431840.      0.989282310      0.346153885    
 cwccn, cck, ccne =    2.00000000E+09  0.600000024       342431840.      0.989282310      0.346153885    
 cwccn, cck, ccne =    2.00000000E+09  0.600000024       342431840.      0.989282310      0.346153885    
 cwccn, cck, ccne =    2.00000000E+09  0.600000024       342431840.      0.989282310      0.346153885    
 cwccn, cck, ccne =    2.00000000E+09  0.600000024       342431840.      0.989282310      0.346153885    
 cwccn, cck, ccne =    2.00000000E+09  0.600000024       342431840.      0.989282310      0.346153885    
 cwccn, cck, ccne =    2.00000000E+09  0.600000024       342431840.      0.989282310      0.346153885    
 cwccn, cck, ccne =    2.00000000E+09  0.600000024       342431840.      0.989282310      0.346153885    
 cwccn, cck, ccne =    2.00000000E+09  0.600000024       342431840.      0.989282310      0.346153885    
 cwccn, cck, ccne =    2.00000000E+09  0.600000024       342431840.      0.989282310      0.346153885    
 cwccn, cck, ccne =    2.00000000E+09  0.600000024       342431840.      0.989282310      0.346153885    
 cwccn, cck, ccne =    2.00000000E+09  0.600000024       342431840.      0.989282310      0.346153885    
Note: The following floating-point exceptions are signalling: IEEE_UNDERFLOW_FLAG IEEE_DENORMAL
Note: The following floating-point exceptions are signalling: IEEE_UNDERFLOW_FLAG IEEE_DENORMAL
Note: The following floating-point exceptions are signalling: IEEE_UNDERFLOW_FLAG IEEE_DENORMAL
Note: The following floating-point exceptions are signalling: IEEE_UNDERFLOW_FLAG IEEE_DENORMAL
Note: The following floating-point exceptions are signalling: IEEE_UNDERFLOW_FLAG IEEE_DENORMAL
Note: The following floating-point exceptions are signalling: IEEE_UNDERFLOW_FLAG IEEE_DENORMAL
Note: The following floating-point exceptions are signalling: IEEE_UNDERFLOW_FLAG IEEE_DENORMAL
Note: The following floating-point exceptions are signalling: IEEE_UNDERFLOW_FLAG IEEE_DENORMAL
Note: The following floating-point exceptions are signalling: IEEE_UNDERFLOW_FLAG IEEE_DENORMAL
Note: The following floating-point exceptions are signalling: IEEE_UNDERFLOW_FLAG IEEE_DENORMAL
Note: The following floating-point exceptions are signalling: IEEE_UNDERFLOW_FLAG IEEE_DENORMAL
Note: The following floating-point exceptions are signalling: IEEE_UNDERFLOW_FLAG IEEE_DENORMAL
Note: The following floating-point exceptions are signalling: IEEE_UNDERFLOW_FLAG IEEE_DENORMAL
Note: The following floating-point exceptions are signalling: IEEE_UNDERFLOW_FLAG IEEE_DENORMAL
Note: The following floating-point exceptions are signalling: IEEE_UNDERFLOW_FLAG IEEE_DENORMAL
Note: The following floating-point exceptions are signalling: IEEE_UNDERFLOW_FLAG IEEE_DENORMAL
Note: The following floating-point exceptions are signalling: IEEE_UNDERFLOW_FLAG IEEE_DENORMAL
Note: The following floating-point exceptions are signalling: IEEE_UNDERFLOW_FLAG IEEE_DENORMAL
Note: The following floating-point exceptions are signalling: IEEE_UNDERFLOW_FLAG IEEE_DENORMAL
Note: The following floating-point exceptions are signalling: IEEE_UNDERFLOW_FLAG IEEE_DENORMAL
Note: The following floating-point exceptions are signalling: IEEE_UNDERFLOW_FLAG IEEE_DENORMAL
Note: The following floating-point exceptions are signalling: IEEE_UNDERFLOW_FLAG IEEE_DENORMAL
Note: The following floating-point exceptions are signalling: IEEE_UNDERFLOW_FLAG IEEE_DENORMAL
Note: The following floating-point exceptions are signalling: IEEE_UNDERFLOW_FLAG IEEE_DENORMAL
Note: The following floating-point exceptions are signalling: IEEE_INVALID_FLAG IEEE_UNDERFLOW_FLAG IEEE_DENORMAL
[wof-epyc9:3930062:0:3930062] Caught signal 11 (Segmentation fault: address not mapped to object at address 0x5606f6832301)
==== backtrace (tid:3930062) ====
 0  /lib64/libucs.so.0(ucs_handle_error+0x2dc) [0x7ff7e807413c]
 1  /lib64/libucs.so.0(+0x2c31c) [0x7ff7e807431c]
 2  /lib64/libucs.so.0(+0x2c4ea) [0x7ff7e80744ea]
 3  /lib64/libpthread.so.0(+0x12d70) [0x7ff7ed3f6d70]
 4  /home/jessica.mcdonald/miniconda3/envs/letkf_env/lib/./libhdf5.so.310(H5VL_object_data+0xa) [0x7ff7ecbda56a]
 5  /home/jessica.mcdonald/miniconda3/envs/letkf_env/lib/./libhdf5.so.310(H5I_find_id+0x86) [0x7ff7eca72326]
 6  /home/jessica.mcdonald/miniconda3/envs/letkf_env/lib/./libhdf5.so.310(H5VL__native_file_close+0x91) [0x7ff7ecbe1621]
 7  /home/jessica.mcdonald/miniconda3/envs/letkf_env/lib/./libhdf5.so.310(+0x2e8be4) [0x7ff7ecbc8be4]
 8  /home/jessica.mcdonald/miniconda3/envs/letkf_env/lib/./libhdf5.so.310(H5VL_file_close+0x39) [0x7ff7ecbd1519]
 9  /home/jessica.mcdonald/miniconda3/envs/letkf_env/lib/./libhdf5.so.310(+0x10b837) [0x7ff7ec9eb837]
10  /home/jessica.mcdonald/miniconda3/envs/letkf_env/lib/./libhdf5.so.310(H5I_clear_type+0x1c1) [0x7ff7eca704b1]
11  /home/jessica.mcdonald/miniconda3/envs/letkf_env/lib/./libhdf5.so.310(H5F_term_package+0x23) [0x7ff7ec9ed103]
12  /home/jessica.mcdonald/miniconda3/envs/letkf_env/lib/./libhdf5.so.310(H5_term_library+0x19f) [0x7ff7ec93160f]
13  /lib64/libc.so.6(+0x50d8c) [0x7ff7ed05ed8c]
14  /lib64/libc.so.6(on_exit+0) [0x7ff7ed05eec0]
15  /home/jessica.mcdonald/miniconda3/envs/letkf_env/lib/libgfortran.so.5(_gfortran_error_stop_string+0) [0x7ff7ed9e2b12]
16  cm1.exe(+0x5606f) [0x5603939ac06f]
17  cm1.exe(+0x371f) [0x56039395971f]
18  /lib64/libc.so.6(__libc_start_main+0xe5) [0x7ff7ed0488a5]
19  cm1.exe(+0x3751) [0x560393959751]
=================================

Program received signal SIGSEGV: Segmentation fault - invalid memory reference.

Backtrace for this error:
#0  0x7ff7ed3f6d6f in ???
#1  0x7ff7ecbda56a in ???
#2  0x7ff7eca72325 in ???
#3  0x7ff7ecbe1620 in ???
#4  0x7ff7ecbc8be3 in ???
#5  0x7ff7ecbd1518 in ???
#6  0x7ff7ec9eb836 in ???
#7  0x7ff7eca704b0 in ???
#8  0x7ff7ec9ed102 in ???
#9  0x7ff7ec93160e in ???
#10  0x7ff7ed05ed8b in ???
#11  0x7ff7ed05eebf in ???
#12  0x5603939ac06e in ???
#13  0x56039395971e in ???
#14  0x7ff7ed0488a4 in ???
#15  0x560393959750 in ???
--------------------------------------------------------------------------
prterun noticed that process rank 0 with PID 3930062 on node wof-epyc9 exited on
signal 11 (Segmentation fault).
--------------------------------------------------------------------------

 cd /work/jessica.mcdonald/CM1_LETKF_2025/RUN_LETKF/member008 ; mpirun -n 25 cm1.exe >> cm1.out completed....

 Executing command:  cd /work/jessica.mcdonald/CM1_LETKF_2025/RUN_LETKF/member009 ; mpirun -n 25 cm1.exe >> cm1.out 
 cwccn, cck, ccne =    2.00000000E+09  0.600000024       342431840.      0.989282310      0.346153885    
 cwccn, cck, ccne =    2.00000000E+09  0.600000024       342431840.      0.989282310      0.346153885    
 cwccn, cck, ccne =    2.00000000E+09  0.600000024       342431840.      0.989282310      0.346153885    
 cwccn, cck, ccne =    2.00000000E+09  0.600000024       342431840.      0.989282310      0.346153885    
 cwccn, cck, ccne =    2.00000000E+09  0.600000024       342431840.      0.989282310      0.346153885    
 cwccn, cck, ccne =    2.00000000E+09  0.600000024       342431840.      0.989282310      0.346153885    
 cwccn, cck, ccne =    2.00000000E+09  0.600000024       342431840.      0.989282310      0.346153885    
 cwccn, cck, ccne =    2.00000000E+09  0.600000024       342431840.      0.989282310      0.346153885    
 cwccn, cck, ccne =    2.00000000E+09  0.600000024       342431840.      0.989282310      0.346153885    
 cwccn, cck, ccne =    2.00000000E+09  0.600000024       342431840.      0.989282310      0.346153885    
 cwccn, cck, ccne =    2.00000000E+09  0.600000024       342431840.      0.989282310      0.346153885    
 cwccn, cck, ccne =    2.00000000E+09  0.600000024       342431840.      0.989282310      0.346153885    
 cwccn, cck, ccne =    2.00000000E+09  0.600000024       342431840.      0.989282310      0.346153885    
 cwccn, cck, ccne =    2.00000000E+09  0.600000024       342431840.      0.989282310      0.346153885    
 cwccn, cck, ccne =    2.00000000E+09  0.600000024       342431840.      0.989282310      0.346153885    
 cwccn, cck, ccne =    2.00000000E+09  0.600000024       342431840.      0.989282310      0.346153885    
 cwccn, cck, ccne =    2.00000000E+09  0.600000024       342431840.      0.989282310      0.346153885    
 cwccn, cck, ccne =    2.00000000E+09  0.600000024       342431840.      0.989282310      0.346153885    
 cwccn, cck, ccne =    2.00000000E+09  0.600000024       342431840.      0.989282310      0.346153885    
 cwccn, cck, ccne =    2.00000000E+09  0.600000024       342431840.      0.989282310      0.346153885    
 cwccn, cck, ccne =    2.00000000E+09  0.600000024       342431840.      0.989282310      0.346153885    
 cwccn, cck, ccne =    2.00000000E+09  0.600000024       342431840.      0.989282310      0.346153885    
 cwccn, cck, ccne =    2.00000000E+09  0.600000024       342431840.      0.989282310      0.346153885    
 cwccn, cck, ccne =    2.00000000E+09  0.600000024       342431840.      0.989282310      0.346153885    
 cwccn, cck, ccne =    2.00000000E+09  0.600000024       342431840.      0.989282310      0.346153885    
Note: The following floating-point exceptions are signalling: IEEE_UNDERFLOW_FLAG IEEE_DENORMAL
Note: The following floating-point exceptions are signalling: IEEE_UNDERFLOW_FLAG IEEE_DENORMAL
Note: The following floating-point exceptions are signalling: IEEE_UNDERFLOW_FLAG IEEE_DENORMAL
Note: The following floating-point exceptions are signalling: IEEE_UNDERFLOW_FLAG IEEE_DENORMAL
Note: The following floating-point exceptions are signalling: IEEE_UNDERFLOW_FLAG IEEE_DENORMAL
Note: The following floating-point exceptions are signalling: IEEE_UNDERFLOW_FLAG IEEE_DENORMAL
Note: The following floating-point exceptions are signalling: IEEE_UNDERFLOW_FLAG IEEE_DENORMAL
Note: The following floating-point exceptions are signalling: IEEE_UNDERFLOW_FLAG IEEE_DENORMAL
Note: The following floating-point exceptions are signalling: IEEE_UNDERFLOW_FLAG IEEE_DENORMAL
Note: The following floating-point exceptions are signalling: IEEE_UNDERFLOW_FLAG IEEE_DENORMAL
Note: The following floating-point exceptions are signalling: IEEE_UNDERFLOW_FLAG IEEE_DENORMAL
Note: The following floating-point exceptions are signalling: IEEE_UNDERFLOW_FLAG IEEE_DENORMAL
Note: The following floating-point exceptions are signalling: IEEE_UNDERFLOW_FLAG IEEE_DENORMAL
Note: The following floating-point exceptions are signalling: IEEE_UNDERFLOW_FLAG IEEE_DENORMAL
Note: The following floating-point exceptions are signalling: IEEE_INVALID_FLAG IEEE_UNDERFLOW_FLAG IEEE_DENORMAL
Note: The following floating-point exceptions are signalling: IEEE_UNDERFLOW_FLAG IEEE_DENORMAL
Note: The following floating-point exceptions are signalling: IEEE_UNDERFLOW_FLAG IEEE_DENORMAL
Note: The following floating-point exceptions are signalling: IEEE_UNDERFLOW_FLAG IEEE_DENORMAL
Note: The following floating-point exceptions are signalling: IEEE_UNDERFLOW_FLAG IEEE_DENORMAL
Note: The following floating-point exceptions are signalling: IEEE_UNDERFLOW_FLAG IEEE_DENORMAL
Note: The following floating-point exceptions are signalling: IEEE_UNDERFLOW_FLAG IEEE_DENORMAL
Note: The following floating-point exceptions are signalling: IEEE_UNDERFLOW_FLAG IEEE_DENORMAL
Note: The following floating-point exceptions are signalling: IEEE_UNDERFLOW_FLAG IEEE_DENORMAL
Note: The following floating-point exceptions are signalling: IEEE_UNDERFLOW_FLAG IEEE_DENORMAL
Note: The following floating-point exceptions are signalling: IEEE_UNDERFLOW_FLAG IEEE_DENORMAL
[wof-epyc9:3930306:0:3930306] Caught signal 11 (Segmentation fault: address not mapped to object at address 0x55a2c2936562)
==== backtrace (tid:3930306) ====
 0  /lib64/libucs.so.0(ucs_handle_error+0x2dc) [0x7f03e582813c]
 1  /lib64/libucs.so.0(+0x2c31c) [0x7f03e582831c]
 2  /lib64/libucs.so.0(+0x2c4ea) [0x7f03e58284ea]
 3  /lib64/libpthread.so.0(+0x12d70) [0x7f03eae84d70]
 4  /home/jessica.mcdonald/miniconda3/envs/letkf_env/lib/./libhdf5.so.310(H5VL_object_data+0xa) [0x7f03ea66856a]
 5  /home/jessica.mcdonald/miniconda3/envs/letkf_env/lib/./libhdf5.so.310(H5I_find_id+0x86) [0x7f03ea500326]
 6  /home/jessica.mcdonald/miniconda3/envs/letkf_env/lib/./libhdf5.so.310(H5VL__native_file_close+0x91) [0x7f03ea66f621]
 7  /home/jessica.mcdonald/miniconda3/envs/letkf_env/lib/./libhdf5.so.310(+0x2e8be4) [0x7f03ea656be4]
 8  /home/jessica.mcdonald/miniconda3/envs/letkf_env/lib/./libhdf5.so.310(H5VL_file_close+0x39) [0x7f03ea65f519]
 9  /home/jessica.mcdonald/miniconda3/envs/letkf_env/lib/./libhdf5.so.310(+0x10b837) [0x7f03ea479837]
10  /home/jessica.mcdonald/miniconda3/envs/letkf_env/lib/./libhdf5.so.310(H5I_clear_type+0x1c1) [0x7f03ea4fe4b1]
11  /home/jessica.mcdonald/miniconda3/envs/letkf_env/lib/./libhdf5.so.310(H5F_term_package+0x23) [0x7f03ea47b103]
12  /home/jessica.mcdonald/miniconda3/envs/letkf_env/lib/./libhdf5.so.310(H5_term_library+0x19f) [0x7f03ea3bf60f]
13  /lib64/libc.so.6(+0x50d8c) [0x7f03eaaecd8c]
14  /lib64/libc.so.6(on_exit+0) [0x7f03eaaecec0]
15  /home/jessica.mcdonald/miniconda3/envs/letkf_env/lib/libgfortran.so.5(_gfortran_error_stop_string+0) [0x7f03eb470b12]
16  cm1.exe(+0x5606f) [0x55a7951c906f]
17  cm1.exe(+0x371f) [0x55a79517671f]
18  /lib64/libc.so.6(__libc_start_main+0xe5) [0x7f03eaad68a5]
19  cm1.exe(+0x3751) [0x55a795176751]
=================================

Program received signal SIGSEGV: Segmentation fault - invalid memory reference.

Backtrace for this error:
#0  0x7f03eae84d6f in ???
#1  0x7f03ea66856a in ???
#2  0x7f03ea500325 in ???
#3  0x7f03ea66f620 in ???
#4  0x7f03ea656be3 in ???
#5  0x7f03ea65f518 in ???
#6  0x7f03ea479836 in ???
#7  0x7f03ea4fe4b0 in ???
#8  0x7f03ea47b102 in ???
#9  0x7f03ea3bf60e in ???
#10  0x7f03eaaecd8b in ???
#11  0x7f03eaaecebf in ???
#12  0x55a7951c906e in ???
#13  0x55a79517671e in ???
#14  0x7f03eaad68a4 in ???
#15  0x55a795176750 in ???
--------------------------------------------------------------------------
prterun noticed that process rank 0 with PID 3930306 on node wof-epyc9 exited on
signal 11 (Segmentation fault).
--------------------------------------------------------------------------

 cd /work/jessica.mcdonald/CM1_LETKF_2025/RUN_LETKF/member009 ; mpirun -n 25 cm1.exe >> cm1.out completed....

 Executing command:  cd /work/jessica.mcdonald/CM1_LETKF_2025/RUN_LETKF/member010 ; mpirun -n 25 cm1.exe >> cm1.out 
 cwccn, cck, ccne =    2.00000000E+09  0.600000024       342431840.      0.989282310      0.346153885    
 cwccn, cck, ccne =    2.00000000E+09  0.600000024       342431840.      0.989282310      0.346153885    
 cwccn, cck, ccne =    2.00000000E+09  0.600000024       342431840.      0.989282310      0.346153885    
 cwccn, cck, ccne =    2.00000000E+09  0.600000024       342431840.      0.989282310      0.346153885    
 cwccn, cck, ccne =    2.00000000E+09  0.600000024       342431840.      0.989282310      0.346153885    
 cwccn, cck, ccne =    2.00000000E+09  0.600000024       342431840.      0.989282310      0.346153885    
 cwccn, cck, ccne =    2.00000000E+09  0.600000024       342431840.      0.989282310      0.346153885    
 cwccn, cck, ccne =    2.00000000E+09  0.600000024       342431840.      0.989282310      0.346153885    
 cwccn, cck, ccne =    2.00000000E+09  0.600000024       342431840.      0.989282310      0.346153885    
 cwccn, cck, ccne =    2.00000000E+09  0.600000024       342431840.      0.989282310      0.346153885    
 cwccn, cck, ccne =    2.00000000E+09  0.600000024       342431840.      0.989282310      0.346153885    
 cwccn, cck, ccne =    2.00000000E+09  0.600000024       342431840.      0.989282310      0.346153885    
 cwccn, cck, ccne =    2.00000000E+09  0.600000024       342431840.      0.989282310      0.346153885    
 cwccn, cck, ccne =    2.00000000E+09  0.600000024       342431840.      0.989282310      0.346153885    
 cwccn, cck, ccne =    2.00000000E+09  0.600000024       342431840.      0.989282310      0.346153885    
 cwccn, cck, ccne =    2.00000000E+09  0.600000024       342431840.      0.989282310      0.346153885    
 cwccn, cck, ccne =    2.00000000E+09  0.600000024       342431840.      0.989282310      0.346153885    
 cwccn, cck, ccne =    2.00000000E+09  0.600000024       342431840.      0.989282310      0.346153885    
 cwccn, cck, ccne =    2.00000000E+09  0.600000024       342431840.      0.989282310      0.346153885    
 cwccn, cck, ccne =    2.00000000E+09  0.600000024       342431840.      0.989282310      0.346153885    
 cwccn, cck, ccne =    2.00000000E+09  0.600000024       342431840.      0.989282310      0.346153885    
 cwccn, cck, ccne =    2.00000000E+09  0.600000024       342431840.      0.989282310      0.346153885    
 cwccn, cck, ccne =    2.00000000E+09  0.600000024       342431840.      0.989282310      0.346153885    
 cwccn, cck, ccne =    2.00000000E+09  0.600000024       342431840.      0.989282310      0.346153885    
 cwccn, cck, ccne =    2.00000000E+09  0.600000024       342431840.      0.989282310      0.346153885    
Note: The following floating-point exceptions are signalling: IEEE_UNDERFLOW_FLAG IEEE_DENORMAL
Note: The following floating-point exceptions are signalling: IEEE_UNDERFLOW_FLAG IEEE_DENORMAL
Note: The following floating-point exceptions are signalling: IEEE_UNDERFLOW_FLAG IEEE_DENORMAL
Note: The following floating-point exceptions are signalling: IEEE_UNDERFLOW_FLAG IEEE_DENORMAL
Note: The following floating-point exceptions are signalling: IEEE_UNDERFLOW_FLAG IEEE_DENORMAL
Note: The following floating-point exceptions are signalling: IEEE_UNDERFLOW_FLAG IEEE_DENORMAL
Note: The following floating-point exceptions are signalling: IEEE_UNDERFLOW_FLAG IEEE_DENORMAL
Note: The following floating-point exceptions are signalling: IEEE_UNDERFLOW_FLAG IEEE_DENORMAL
Note: The following floating-point exceptions are signalling: IEEE_INVALID_FLAG IEEE_UNDERFLOW_FLAG IEEE_DENORMAL
Note: The following floating-point exceptions are signalling: IEEE_UNDERFLOW_FLAG IEEE_DENORMAL
Note: The following floating-point exceptions are signalling: IEEE_UNDERFLOW_FLAG IEEE_DENORMAL
Note: The following floating-point exceptions are signalling: IEEE_UNDERFLOW_FLAG IEEE_DENORMAL
Note: The following floating-point exceptions are signalling: IEEE_UNDERFLOW_FLAG IEEE_DENORMAL
Note: The following floating-point exceptions are signalling: IEEE_UNDERFLOW_FLAG IEEE_DENORMAL
Note: The following floating-point exceptions are signalling: IEEE_UNDERFLOW_FLAG IEEE_DENORMAL
Note: The following floating-point exceptions are signalling: IEEE_UNDERFLOW_FLAG IEEE_DENORMAL
Note: The following floating-point exceptions are signalling: IEEE_UNDERFLOW_FLAG IEEE_DENORMAL
Note: The following floating-point exceptions are signalling: IEEE_UNDERFLOW_FLAG IEEE_DENORMAL
Note: The following floating-point exceptions are signalling: IEEE_UNDERFLOW_FLAG IEEE_DENORMAL
Note: The following floating-point exceptions are signalling: IEEE_UNDERFLOW_FLAG IEEE_DENORMAL
Note: The following floating-point exceptions are signalling: IEEE_UNDERFLOW_FLAG IEEE_DENORMAL
Note: The following floating-point exceptions are signalling: IEEE_UNDERFLOW_FLAG IEEE_DENORMAL
Note: The following floating-point exceptions are signalling: IEEE_UNDERFLOW_FLAG IEEE_DENORMAL
Note: The following floating-point exceptions are signalling: IEEE_UNDERFLOW_FLAG IEEE_DENORMAL
Note: The following floating-point exceptions are signalling: IEEE_UNDERFLOW_FLAG IEEE_DENORMAL
[wof-epyc9:3930368:0:3930368] Caught signal 11 (Segmentation fault: address not mapped to object at address 0x55612ed84e88)
==== backtrace (tid:3930368) ====
 0  /lib64/libucs.so.0(ucs_handle_error+0x2dc) [0x7f3afd41913c]
 1  /lib64/libucs.so.0(+0x2c31c) [0x7f3afd41931c]
 2  /lib64/libucs.so.0(+0x2c4ea) [0x7f3afd4194ea]
 3  /lib64/libpthread.so.0(+0x12d70) [0x7f3b02a75d70]
 4  /home/jessica.mcdonald/miniconda3/envs/letkf_env/lib/./libhdf5.so.310(H5VL_object_data+0xa) [0x7f3b0225956a]
 5  /home/jessica.mcdonald/miniconda3/envs/letkf_env/lib/./libhdf5.so.310(H5I_find_id+0x86) [0x7f3b020f1326]
 6  /home/jessica.mcdonald/miniconda3/envs/letkf_env/lib/./libhdf5.so.310(H5VL__native_file_close+0x91) [0x7f3b02260621]
 7  /home/jessica.mcdonald/miniconda3/envs/letkf_env/lib/./libhdf5.so.310(+0x2e8be4) [0x7f3b02247be4]
 8  /home/jessica.mcdonald/miniconda3/envs/letkf_env/lib/./libhdf5.so.310(H5VL_file_close+0x39) [0x7f3b02250519]
 9  /home/jessica.mcdonald/miniconda3/envs/letkf_env/lib/./libhdf5.so.310(+0x10b837) [0x7f3b0206a837]
10  /home/jessica.mcdonald/miniconda3/envs/letkf_env/lib/./libhdf5.so.310(H5I_clear_type+0x1c1) [0x7f3b020ef4b1]
11  /home/jessica.mcdonald/miniconda3/envs/letkf_env/lib/./libhdf5.so.310(H5F_term_package+0x23) [0x7f3b0206c103]
12  /home/jessica.mcdonald/miniconda3/envs/letkf_env/lib/./libhdf5.so.310(H5_term_library+0x19f) [0x7f3b01fb060f]
13  /lib64/libc.so.6(+0x50d8c) [0x7f3b026ddd8c]
14  /lib64/libc.so.6(on_exit+0) [0x7f3b026ddec0]
15  /home/jessica.mcdonald/miniconda3/envs/letkf_env/lib/libgfortran.so.5(_gfortran_error_stop_string+0) [0x7f3b03061b12]
16  cm1.exe(+0x5606f) [0x5564744ff06f]
17  cm1.exe(+0x371f) [0x5564744ac71f]
18  /lib64/libc.so.6(__libc_start_main+0xe5) [0x7f3b026c78a5]
19  cm1.exe(+0x3751) [0x5564744ac751]
=================================

Program received signal SIGSEGV: Segmentation fault - invalid memory reference.

Backtrace for this error:
#0  0x7f3b02a75d6f in ???
#1  0x7f3b0225956a in ???
#2  0x7f3b020f1325 in ???
#3  0x7f3b02260620 in ???
#4  0x7f3b02247be3 in ???
#5  0x7f3b02250518 in ???
#6  0x7f3b0206a836 in ???
#7  0x7f3b020ef4b0 in ???
#8  0x7f3b0206c102 in ???
#9  0x7f3b01fb060e in ???
#10  0x7f3b026ddd8b in ???
#11  0x7f3b026ddebf in ???
#12  0x5564744ff06e in ???
#13  0x5564744ac71e in ???
#14  0x7f3b026c78a4 in ???
#15  0x5564744ac750 in ???
--------------------------------------------------------------------------
prterun noticed that process rank 0 with PID 3930368 on node wof-epyc9 exited on
signal 11 (Segmentation fault).
--------------------------------------------------------------------------

 cd /work/jessica.mcdonald/CM1_LETKF_2025/RUN_LETKF/member010 ; mpirun -n 25 cm1.exe >> cm1.out completed....

Run_Fcst Script: Model runs integrated out 300 seconds, used   36.048000  CPU secs


 ==> RUN_FCST: Date&time supplied: 2003 05-08 22:00:00, which corresponds to a local model time of 4800 sec

 Run_Fcst Script:  1 threads requested....

 Run_Fcst Script: Number ensemble members to run not supplied, defaulting to experiment file:  10

 Run_Fcst Script: Integrating 010 ensemble members for 1800 seconds


ERROR!!!

FindRestartFile: A file with the restart time of 4800 cannot be found, exiting!!!


ERROR!!!

  ----------------------------------------------------------------------

               BEGIN PROGRAM RUN_FILTER                                 

  This script sets the parameters to create Hx's and runs the letkf code

  ----------------------------------------------------------------------


 --> Run_Filter:  using the window from the EXPER file:  +/- 150 secs

 --> Run_Filter:  using Synchronous DA with freq from command line:  -300 secs

 --> Run_Filter:  using the observation file from the EXPER file:  Obs/obs_seq_8may03_2km.h5

 --> Run_Filter:  Number of threads requested is from EXPER file:  1

 --> Run_Filter:  using the inflation method from EXPER file:  1

  >=======================  Run_Filter:  Now creating Priors =============================<  


  -->  Run_Filter calling computeHx for time 2003,05,08,21,05,00  


  python computeHx.py --exper RUN_LETKF/RUN_LETKF.exp --time 2003,05,08,21,05,00 -o Obs/obs_seq_8may03_2km.h5 --window 300 --init


  ----------------------------------------------------------------------

                BEGIN PROGRAM ComputeHx                                 

    WALLCLOCK START TIME:  2025-03-05 15:48 


  ----------------------------------------------------------------------

 --> ComputeHx:  using the obs errors from the EXPER file:  {'11': ['VR', 2.0], '12': ['DBZ', 5.0]}

 --> ComputeHx:  using the window from the command line:  +/- 150 secs

 --> ComputeHx:  using the observation file from the command line:  Obs/obs_seq_8may03_2km.h5

 --> ComputeHx: obs outlier is from EXPER file:  3

 --> ComputeHx:  Reading in model state for HxF at 2003-05-08 21:05:00 


 ==> FindRestartFiles: Date and time supplied is 2003_05_08 21:05:00

 ==> FindRestartFile:  Found time 1500 in file:  /work/jessica.mcdonald/CM1_LETKF_2025/RUN_LETKF/member001/cm1out_rst_000005.nc

 ==> READ_CM1_ENS: reading from time INDEX:  0
 ==> READ_CM1_ENS: reading from state TIME:  2003-05-08 21:05:00 


 Wallclock time for serial read netCDF ensemble files: 0.653  sec

 Wallclock time to convert from C to A grid: 0.036  sec

 Wallclock time to read arrays from netCDF ensemble files: 0.717  sec

 Wallclock time to convert from C to A grid: 0.033  sec

 Wallclock time to create coordinates: 0.0  sec

 --> ComputeHx:  Using pyDart to search with condition: ( 34.335943398784124 < lat < 35.68577330060794 )  & ( -98.56368330339824 < lon < -96.91106834830089 ) 

 --> ComputeHx:  Using pyDart to search with begin time of:  (2003, 5, 8, 21, 2, 30)

 --> ComputeHx:  Using pyDart to search with end   time of:  (2003, 5, 8, 21, 7, 30)
  pyDART.search:  no variable supplied....all vars dumped
  pyDART.search:  Start datetime:  2003-05-08 21:02:30
  pyDART.search:  End datetime:  2003-05-08 21:02:30

  pyDART file is version:  pyDART_file_version_2.3 
  \/\/\/\/\/\/\/\/\/\/\/\/\/\/\/\/\/\/\/\/\/\/\/\/\/\/\/\/\/

  PyDART SEARCH START TIME  2003-05-08 21:02:30  /  UTIME_START: 1052427750
  PyDART SEARCH END   TIME  2003-05-08 21:07:30  /  UTIME_END:   1052428050
  PyDART converted utimes: 2003-05-08 21:02:30

  PyDART SEARCH CONDITION IS: (1052427750 <= utime) & (utime < 1052428050)

 --> ComputeHx:  Total number of obs found at search time: 14872 


  pyDART file is version:  pyDART_file_version_2.3 
  \/\/\/\/\/\/\/\/\/\/\/\/\/\/\/\/\/\/\/\/\/\/\/\/\/\/\/\/\/

 calcHx:  OBS   LAT MIN/MAX:   34.2821332934523 36.04591011829749
 calcHx:  MODEL LAT MIN/MAX:   34.344942279737324 35.67677441965474
 calcHx:  OBS   LON MIN/MAX:   -98.54067959080271 -96.73621874416631
 calcHx:  MODEL LON MIN/MAX:   -98.55266587036425 -96.92208578133487
 calcHx:  OBS   HGT MIN/MAX:   413.00555318594 13890.8556699753
 calcHx:  MODEL HGT MIN/MAX:   450.69254 20073.0

 --> ComputeHx:  Total number of obs found is: 14308 


 --> ComputeHx:  Changing VR observational error to:  2.0

 --> ComputeHx:  Changing DBZ observational error to:  5.0
 write_prior:  Prior obs file found, opening Prior.nc 

 write_prior:  Previous number of obs 0 

 write_prior:  Adding 14308 to netcdf file 

 write_prior:  Total number of obs in Prior.nc file is 14308 


  ---------------------------------------

  --> ComputeHx:  Total time for ensemble I/O ... Time in seconds for I/O: 0.845000 

  ---------------------------------------


  ---------------------------------------

  --> ComputeHx:  Time for searching ob table and computing priors ... Time in seconds for HxF: 5.527000 

  ---------------------------------------


  ---------------------------------------

  --> ComputeHx:  Total time in minutes ... Time in minutes for MAIN Program: 0.092000

  ---------------------------------------


  ----------------------------------------------------------------------

                END PROGRAM ComputeHx                                   

      WALLCLOCK END TIME:  2025-03-05 15:48 

  ----------------------------------------------------------------------


  --> Moved Prior.nc file to /work/jessica.mcdonald/CM1_LETKF_2025/RUN_LETKF/Prior_2003-05-08_21:05:00.nc


  >================ Run_Filter:  Running LETKF at time: 2003-05-08_21:05:00 ===================<  


  python letkf.py --exper RUN_LETKF/RUN_LETKF.exp --time 2003,05,08,21,05,00 --nthreads 1  --aInflate 1

----------------------------------------------------------------------

              BEGIN PROGRAM LETKF                                     
 
  WALLCLOCK START TIME:  2025-03-05 15:48 

  --------------------------------------------------------------------


 --> LETKF:  Number of threads requested is from command line:  1

 --> LETKF:  No netCDF Priors file specified, using default priors file

 --> LETKF:  Using prior file:  /work/jessica.mcdonald/CM1_LETKF_2025/RUN_LETKF/Prior_2003-05-08_21:05:00.nc


 --> LETKF:  Trying to find inflation file: /work/jessica.mcdonald/CM1_LETKF_2025/RUN_LETKF/Inflation_2003-05-08_21:00:00.nc

 --> LETKF:  Using inflation file: /work/jessica.mcdonald/CM1_LETKF_2025/RUN_LETKF/Inflation_2003-05-08_21:00:00.nc

 --> LETKF: saveWeights is from EXPER file:  False

 --> LETKF: readWeights is from EXPER file:  False

 --> LETKF: obs outlier is from EXPER file:  3

 ==> FindRestartFiles: Date and time supplied is 2003_05_08 21:05:00

 ==> FindRestartFile:  Found time 1500 in file:  /work/jessica.mcdonald/CM1_LETKF_2025/RUN_LETKF/member001/cm1out_rst_000005.nc

  ---->LETKF:  Reading in model state for analysis at 2003 05-08 21:05:00 


 ==> READ_CM1_ENS:  No state_vector supplied - trying to match microphysics schemes

 ==> READ_CM1_ENS ==> Matching state_vector found !!! using zvdh

 ==> READ_CM1_ENS: reading from time INDEX:  0
 ==> READ_CM1_ENS: reading from state TIME:  2003-05-08 21:05:00 


 Wallclock time for serial read netCDF ensemble files: 1.006  sec

 Wallclock time to convert from C to A grid: 0.062  sec

 Wallclock time to create ensemble means: 0.111  sec

 Wallclock time to read arrays from netCDF ensemble files: 1.265  sec

 Wallclock time to create coordinates: 0.0  sec

 Wallclock time to create ensemble means: 0.111  sec

  ---->Analysis state read in for time 2003 05-08 21:05:00 

  ---->Analysis state universal time 1052427900.000000

 ==> WRITE_CM1_ENS:  Now writing out prior ensemble mean into /work/jessica.mcdonald/CM1_LETKF_2025/RUN_LETKF/member000/cm1out_prior_000005.nc

 ==> WRITE_CM1_ENS:  Closed file /work/jessica.mcdonald/CM1_LETKF_2025/RUN_LETKF/member000/cm1out_prior_000005.nc

 ==> Wallclock time to write out fcst/anal to files: 0.263  sec

  ----> LETKF:  Reading in Prior file:  /work/jessica.mcdonald/CM1_LETKF_2025/RUN_LETKF/Prior_2003-05-08_21:05:00.nc 

Prior obs file found, opening /work/jessica.mcdonald/CM1_LETKF_2025/RUN_LETKF/Prior_2003-05-08_21:05:00.nc 

Total number of obs in /work/jessica.mcdonald/CM1_LETKF_2025/RUN_LETKF/Prior_2003-05-08_21:05:00.nc file is 14308 


  ----> LETKF:  Prior file has 14308 obs at analysis time 2003 05-08 21:05:00 


  --> LETKF called with an outlier threshold of 3 standard deviations
('Mask before Vr mask:  ', 14308)
('Mask after Vr mask:  ', 14308)

  >=====================================================================<

  --> LETKF:  Number of total    obs = 14308

  --> LETKF:  Number of rejected obs = 0

  --> LETKF:  Max outlier: 3.000000  Min outlier:  3.000000


  >==============================================================================================<

  LETKF:  2003-05-08_21:05:00  Total number of observations:  14308

  <==============================================================================================<

  LETKF:  Obs Space Diagnostic for forecast computed via Dowell and Wicker, MWR 2009, Additive Noise


  LETKF:  Obs Std  |  Root-Mean-Sq-Error  |    Bias    |  Spread (obsErr^2+Hxf_var^2)  |   Consistency Ratio

  >==============================================================================================<


 -->  LETKF:  2003-05-08_21:05:00  NOBS: 07175     VR: 2.0  RMSI:  3.579  M-Innov:   1.084  Spread:  2.227  CRatio:  0.3872 

 -->  LETKF:  2003-05-08_21:05:00  NOBS: 04206  DBZ>0: 5.0  RMSI: 10.939  M-Innov:   6.851  Spread:  6.129  CRatio:  0.3140 

 --> LETKF:2003-05-08_21:05:00  NOBS: 02927  DBZ<0: 5.0  RMSI:  4.823  M-Innov:  -5.402  Spread:  5.271  CRatio:  1.1941 

  >============================================================================================<


 -->  LETKF:  Adaptive inflation is turned on....


 -->  LETKF:  Adaptive inflation is using prior file:  /work/jessica.mcdonald/CM1_LETKF_2025/RUN_LETKF/Inflation_2003-05-08_21:00:00.nc


  >=======================  >>BEGIN FILTER<< ===========================================<


 -->  LETKF:ALL OBS TYPES BEING ASSIMULATED SIMULTANEOUSLY: MULTIPASS==False

 COMPUTE_LETKF:  NX/NY/NZ/NE:             75          75          51          11
 COMPUTE_LETKF:  NOBS:                 14308
 COMPUTE_LETKF:  X_OB Max/Min:     148980.44776610198        2101.2833836736381     
 COMPUTE_LETKF:  Y_OB Max/Min:     148020.29432127354        2020.2643997397427     
 COMPUTE_LETKF:  Z_OB Max/Min:     13890.855669975301        451.38183236122097     
 COMPUTE_LETKF:  T_OB Max/Min:     139.00000000000000       -145.00000000000000     
 COMPUTE_LETKF:  T_Analysis:       1052427900.0000000     
 COMPUTE_LETKF:  X_GD Max/Min:     149000.000       1000.00000    
 COMPUTE_LETKF:  Y_GD Max/Min:     149000.000       1000.00000    
 COMPUTE_LETKF:  Z_GD Max/Min:     19700.0000       77.6925354    
 COMPUTE_LETKF:  RHORIZ:           9000.0000000000000     
 COMPUTE_LETKF:  RVERT:            4500.0000000000000     
 COMPUTE_LETKF:  RTIME:           -600.00000000000000     
 COMPUTE_LETKF:  Hx shape              14308          10
 COMPUTE_LETKF:  UPDATE THETA FLAG:             1
 COMPUTE_LETKF, NTHREADS:             1
 COMPUTE_LETKF, MULTIPLICATIVE ADAPTIVE INFLATION IS ON
 Min value of AI:    0.94572541317001546     
 Max value of AI:     2.7120503170565109     
 Max value of limited AI:     2.7120503170565109     

 COMPUTE_LETKF, POSITIVE DEFINITE SCHEME IS:             1
 COMPUTE_LETKF, POSITIVE DEFINITE FLOOR VALUE:     1.00000001E-07

 COMPUTE_LETKF, MAXIMUM NUMBER OF THREADS AVAILABLE:             1
 COMPUTE_LETKF, NUMBER OF THREADS TO USE IS:                     1


 COMPUTE_LETKF:  Fortran WALLCLOCK CPU FOR ALL  :     28.895836079958826       secs
 COMPUTE_LETKF:  Fortran WALLCLOCK CPU for CORE :     2.6768722061533481       secs
 COMPUTE_LETKF:  Fortran WALLCLOCK CPU for LOCAL:     25.693644365528598       secs
 COMPUTE_LETKF:  Number of grid points updated is:       133467
 COMPUTE_LETKF:  Number of observations used is:     15562763


 -->  LETKF:  Adaptive Inflation stats:  Max AI:  3.1  Min AI 0.9  Mean AI: 1.0  StdDev:  0.101


 -->  Writing ./Inflation_2003-05-08_21:05:00.nc as the adaptive inflation file...

 -->  LETKF:  Moved ./Inflation_2003-05-08_21:05:00.nc file to directory /work/jessica.mcdonald/CM1_LETKF_2025/RUN_LETKF

  >=======================  >>END FILTER<< ===========================================<

          Z |           UA                    VA                  WA                  TH                  DBZ                QR
                    mean  std             mean  std           mean  std           mean  std           mean   std         mean  std
 Prior       |  -2.38160   1.94797     9.50306   1.64997   0.00062   0.03655  305.37964   0.07699   0.82575   4.66871   0.00008   0.00145
        77.69|  -2.35981   1.98051     9.42833   1.61985   0.00017   0.03876  305.38055   0.08244   0.63099   3.17557   0.00009   0.00126 

 Prior       |  -1.41476   1.73554    12.20031   1.58057   0.00184   0.10595  305.39746   0.08936   0.84268   4.69751   0.00012   0.00210
       235.87|  -1.43407   1.70783    12.12850   1.54590   0.00058   0.11201  305.39896   0.09708   0.63886   3.18442   0.00014   0.00188 

 Prior       |  -0.78291   1.67605    13.62929   1.51673   0.00303   0.16867  305.42358   0.13056   0.86135   4.72626   0.00018   0.00295
       399.72|  -0.82747   1.61623    13.55602   1.47138   0.00104   0.17737  305.42673   0.14930   0.64498   3.19015   0.00020   0.00273 

 Prior       |  -0.17611   1.67865    14.57520   1.49617   0.00427   0.22886  305.47342   0.22225   0.87691   4.75352   0.00024   0.00374
       569.45|  -0.25168   1.56277    14.48972   1.44037   0.00122   0.24039  305.47861   0.25794   0.64711   3.18939   0.00028   0.00372 

 Prior       |   1.43525   1.83142    15.73786   1.57428   0.00569   0.28743  305.72281   0.41863   0.88976   4.77746   0.00027   0.00404
       745.28|   1.32711   1.71962    15.62302   1.58293   0.00154   0.30261  305.72800   0.45115   0.64657   3.18417   0.00031   0.00399 

 Prior       |   6.63658   1.88599    15.59542   1.75960   0.00744   0.34523  307.36392   0.51733   0.89859   4.79297   0.00027   0.00392
       927.42|   6.46428   1.91429    15.44951   1.83712   0.00319   0.36498  307.34158   0.57302   0.64511   3.18131   0.00031   0.00388 

 Prior       |  10.16295   1.94706    13.91035   1.75893   0.00892   0.40457  309.32950   0.41076   0.90790   4.80710   0.00029   0.00410
      1116.10|   9.88619   2.11641    13.84885   1.76433   0.00581   0.43041  309.30969   0.47011   0.65134   3.19776   0.00036   0.00424 

 Prior       |  12.08682   1.90971    12.84630   1.74616   0.00981   0.46507  310.12003   0.37136   0.91832   4.81727   0.00032   0.00457
      1311.56|  11.76182   2.06835    12.84086   1.64641   0.00914   0.49963  310.10104   0.41914   0.66045   3.22262   0.00045   0.00533 

 Prior       |  13.95726   1.96765    12.26672   1.85196   0.01067   0.52848  310.88718   0.35451   0.92982   4.82631   0.00037   0.00628
      1514.03|  13.65295   2.12151    12.30109   1.79813   0.01360   0.57281  310.87054   0.39291   0.66944   3.24949   0.00061   0.00845 

 Prior       |  16.16237   2.01677    11.88679   2.02257   0.01202   0.59493  311.68399   0.32781   0.94057   4.82909   0.00045   0.00910
      1723.77|  15.89250   2.23897    11.83692   1.99591   0.01832   0.64927  311.66882   0.37393   0.67863   3.27185   0.00080   0.01255 

 Prior       |  17.28916   1.95479    11.97418   2.03637   0.01374   0.66254  312.32135   0.26987   0.95364   4.83021   0.00052   0.01193
      1941.04|  16.98708   2.20785    11.84312   2.05484   0.02196   0.72828  312.31281   0.31505   0.68824   3.30094   0.00094   0.01585 

 Prior       |  18.87591   1.99305    12.95532   2.08114   0.01588   0.72935  312.39328   0.21514   0.96832   4.82664   0.00061   0.01458
      2166.11|  18.63150   2.13452    12.80960   2.14918   0.02710   0.80618  312.38791   0.26363   0.70328   3.34385   0.00108   0.01833 

 Prior       |  20.25253   1.82616    13.73979   1.75627   0.01785   0.79609  312.48914   0.26473   0.97976   4.80096   0.00069   0.01696
      2399.26|  19.99990   1.94595    13.66179   1.81969   0.03308   0.88229  312.47128   0.31835   0.71377   3.35458   0.00118   0.02024 

 Prior       |  20.80855   1.97513    14.65392   1.76318   0.01910   0.86217  312.83380   0.36340   0.98643   4.75220   0.00077   0.01905
      2640.78|  20.61625   2.03887    14.63882   1.85408   0.03707   0.95678  312.82043   0.41057   0.71953   3.34916   0.00124   0.02178 

 Prior       |  22.50474   2.07855    15.24043   1.83083   0.02109   0.92560  313.35812   0.56636   1.00048   4.72783   0.00084   0.02055
      2890.97|  22.22414   2.27006    15.25575   1.94841   0.04097   1.02502  313.35712   0.60634   0.73172   3.37105   0.00127   0.02269 

 Prior       |  25.74571   2.17021    15.60342   2.02057   0.02339   0.98526  315.08267   0.56780   1.03303   4.75832   0.00092   0.02139
      3150.14|  25.45326   2.31708    15.54836   2.05819   0.04548   1.08330  315.06918   0.61434   0.76810   3.47624   0.00132   0.02305 

 Prior       |  28.25860   2.36274    16.05182   1.96227   0.02513   1.03909  316.72235   0.51721   1.06990   4.80204   0.00102   0.02134
      3418.61|  28.07056   2.51097    16.04259   2.01808   0.05098   1.12941  316.70749   0.55615   0.81695   3.61109   0.00145   0.02328 

 Prior       |  29.94992   1.99739    18.50463   2.08809   0.02709   1.08822  318.20972   0.43648   1.11152   4.86655   0.00115   0.02099
      3696.73|  29.75419   2.26549    18.43950   2.14106   0.05550   1.17284  318.20349   0.46873   0.87615   3.78976   0.00174   0.02513 

 Prior       |  30.40376   1.98405    20.66381   2.45488   0.02975   1.13258  318.97766   0.39856   1.15475   4.95540   0.00132   0.02172
      3984.83|  30.21342   2.11915    20.50502   2.63357   0.06056   1.21881  318.98199   0.43947   0.94739   4.04325   0.00226   0.03144 

 Prior       |  30.89038   2.12776    21.26723   1.95694   0.03263   1.17100  319.34604   0.44139   1.18975   5.04449   0.00155   0.02551
      4283.27|  30.68240   2.28552    21.24356   2.12557   0.06499   1.26255  319.34702   0.50908   1.01666   4.32355   0.00303   0.04468 

 Prior       |  31.68188   1.98585    21.35873   2.00455   0.03497   1.20190  319.98822   0.64559   1.21588   5.12390   0.00184   0.03367
      4592.43|  31.58372   2.05158    21.28857   2.11559   0.06901   1.30364  319.97150   0.70829   1.06579   4.52926   0.00394   0.06412 

 Prior       |  29.36727   1.94744    20.98780   2.21408   0.03702   1.22706  322.30273   0.62332   1.23190   5.18753   0.00214   0.04417
      4912.68|  29.26781   2.06879    21.10018   2.38994   0.07359   1.34369  322.27057   0.70710   1.09243   4.65042   0.00480   0.08550 

 Prior       |  27.95709   1.97749    19.65411   1.97671   0.03853   1.25191  324.21509   0.50586   1.23844   5.22758   0.00236   0.05392
      5244.43|  27.85225   2.15628    19.72983   2.09598   0.07418   1.38583  324.20044   0.56679   1.10388   4.72961   0.00529   0.10242 

 Prior       |  24.95088   2.05879    18.35925   2.00729   0.04039   1.27585  325.32062   0.49612   1.23798   5.24709   0.00242   0.05971
      5588.10|  24.92987   2.09621    18.34488   2.08369   0.07526   1.42293  325.31470   0.54265   1.11010   4.79067   0.00517   0.10792 

 Prior       |  25.87643   2.41105    18.37842   2.03555   0.04335   1.29903  326.58536   0.47152   1.23406   5.25151   0.00235   0.06115
      5944.10|  25.81341   2.45015    18.36496   2.03409   0.07945   1.44480  326.58649   0.51002   1.11579   4.84065   0.00456   0.10000 

 Prior       |  29.28876   2.38645    18.82705   1.89097   0.04614   1.32746  327.40033   0.44404   1.22570   5.23952   0.00219   0.05893
      6312.88|  29.24630   2.41813    18.85377   1.92484   0.08073   1.45599  327.40665   0.47740   1.12313   4.88827   0.00365   0.08105 

 Prior       |  29.72554   2.01200    20.70523   1.87357   0.04888   1.36302  327.87567   0.46793   1.21280   5.21637   0.00197   0.05457
      6694.90|  29.70737   2.01757    20.71344   1.87347   0.07712   1.45489  327.88098   0.49284   1.13044   4.92445   0.00279   0.06324 

 Prior       |  30.66167   2.29086    21.56718   2.58005   0.05166   1.40154  328.37949   0.53298   1.19567   5.17774   0.00171   0.05020
      7090.63|  30.66111   2.28660    21.51839   2.60132   0.06860   1.42720  328.37906   0.53651   1.12695   4.92253   0.00224   0.05486 

 Prior       |  31.12176   2.30890    21.52324   2.14083   0.05465   1.43750  329.05728   0.60674   1.17130   5.11803   0.00133   0.04293
      7500.58|  31.05996   2.30150    21.39878   2.25299   0.05414   1.36591  329.04883   0.57042   1.10017   4.83457   0.00168   0.04633 

 Prior       |  33.27859   2.13805    22.69814   2.49243   0.05774   1.46960  329.81073   0.68962   1.13984   5.02929   0.00083   0.03117
      7925.23|  33.20951   2.14388    22.64742   2.53380   0.03705   1.29977  329.79102   0.60434   1.04853   4.63815   0.00080   0.03024 

 Prior       |  35.02444   2.40394    23.31200   2.37520   0.06113   1.49890  330.59058   0.80456   1.10363   4.91788   0.00040   0.01742
      8365.14|  34.96059   2.40843    23.45441   2.56648   0.02256   1.27318  330.55588   0.67650   0.98501   4.38567   0.00026   0.01409 

 Prior       |  35.99603   2.97463    25.17010   2.66620   0.06407   1.52322  331.43671   0.98732   1.06526   4.79601   0.00018   0.01112
      8820.84|  35.85201   2.95420    25.29415   2.90567   0.00617   1.29132  331.38596   0.84431   0.92141   4.13587   0.00006   0.00529 

 Prior       |  38.07329   3.77150    22.14062   2.81106   0.06787   1.53963  332.80054   1.21736   1.03727   4.65677   0.00005   0.00479
      9292.89|  37.81129   3.73032    21.84660   3.11338  -0.00545   1.32614  332.73062   1.09344   0.87275   3.90028   0.00002   0.00189 

 Prior       |  45.39707   3.20867    19.88011   3.04009   0.07104   1.54849  335.63336   1.06649   1.02928   4.52873   0.00001   0.00046
      9781.90|  45.11121   3.37386    19.89797   3.12361  -0.00846   1.35473  335.56189   0.99776   0.84941   3.71278   0.00000   0.00016 

 Prior       |  42.34815   3.13919    14.96270   2.76787   0.07198   1.53795  338.49313   0.74280   1.02963   4.45412   0.00000   0.00008
     10288.46|  42.08101   3.39483    14.83887   2.74811  -0.00784   1.36220  338.43106   0.78270   0.84438   3.64901   0.00000   0.00002 

 Prior       |  39.97907   2.97232    12.40482   3.02865   0.07408   1.50056  340.49533   0.63797   1.01529   4.39044   0.00000   0.00000
     10813.20|  39.93023   3.04812    12.37516   2.93300  -0.00587   1.34484  340.45166   0.74227   0.84247   3.66538   0.00000   0.00000 

 Prior       |  41.34953   3.09659    14.89784   3.12609   0.07496   1.45010  342.27057   0.79248   1.00892   4.36002   0.00000   0.00000
     11356.79|  41.36111   3.08277    14.65751   3.25867   0.00038   1.30489  342.23837   0.87907   0.85796   3.75436   0.00000   0.00000 

 Prior       |  39.75949   3.47919     9.92589   3.55017   0.07431   1.38560  345.13464   1.13738   0.99873   4.31751   0.00000   0.00000
     11919.88|  39.82370   3.46742     9.96246   3.57049   0.01806   1.24134  345.11615   1.17390   0.88577   3.87974   0.00000   0.00000 

 Prior       |  36.44403   3.50454     6.53571   3.71576   0.07358   1.28509  351.42575   1.06945   0.93791   4.15616   0.00000   0.00000
     12503.20|  36.52790   3.51725     6.60186   3.75191   0.03655   1.16102  351.42706   1.05304   0.86981   3.88880   0.00000   0.00000 

 Prior       |  32.03058   4.43775     8.19929   3.29558   0.07180   1.15254  355.47876   1.18171   0.83115   3.88258   0.00000   0.00000
     13100.00|  32.12590   4.47005     8.15239   3.21560   0.05244   1.07596  355.48712   1.16078   0.79966   3.75551   0.00000   0.00000 

 Prior       |  30.45695   4.12300     8.79751   3.65570   0.06918   1.02585  359.22467   1.31399   0.68296   3.46860   0.00000   0.00000
     13700.00|  30.49652   4.10833     8.72991   3.56933   0.06270   1.00529  359.23489   1.31225   0.67194   3.42634   0.00000   0.00000 

 Prior       |  27.41668   4.08856    12.87247   4.13349   0.06623   0.94586  362.99554   1.42668   0.47967   2.82276   0.00000   0.00000
     14300.00|  27.41668   4.08856    12.87247   4.13349   0.06623   0.94586  362.99554   1.42668   0.47967   2.82276   0.00000   0.00000 

 Prior       |  27.57649   3.70605    14.51843   3.98946   0.06225   0.92490  372.62067   2.43117   0.25234   1.94722   0.00000   0.00000
     14900.00|  27.57649   3.70605    14.51843   3.98946   0.06225   0.92490  372.62067   2.43117   0.25234   1.94722   0.00000   0.00000 

 Prior       |  27.76984   3.09772    12.47444   3.11281   0.05760   0.93863  384.76019   2.93306   0.08884   1.10690   0.00000   0.00000
     15500.00|  27.76984   3.09772    12.47444   3.11281   0.05760   0.93863  384.76019   2.93306   0.08884   1.10690   0.00000   0.00000 

 Prior       |  27.59874   2.35592    13.01945   2.24863   0.05260   0.98410  397.27194   2.63687   0.01980   0.48976   0.00000   0.00000
     16100.00|  27.59874   2.35592    13.01945   2.24863   0.05260   0.98410  397.27194   2.63687   0.01980   0.48976   0.00000   0.00000 

 Prior       |  27.90078   1.71995    13.12901   1.53144   0.04704   0.99129  409.94061   1.88119   0.00172   0.10250   0.00000   0.00000
     16700.00|  27.90078   1.71995    13.12901   1.53144   0.04704   0.99129  409.94061   1.88119   0.00172   0.10250   0.00000   0.00000 

 Prior       |  28.17988   1.54260    13.19625   1.30844   0.03974   0.92729  414.96561   1.74748   0.00000   0.00000   0.00000   0.00000
     17300.00|  28.17988   1.54260    13.19625   1.30844   0.03974   0.92729  414.96561   1.74748   0.00000   0.00000   0.00000   0.00000 

 Prior       |  28.14884   1.43422    13.17113   1.26609   0.03267   0.80237  434.09619   2.03040   0.00000   0.00000   0.00000   0.00000
     17900.00|  28.14884   1.43422    13.17113   1.26609   0.03267   0.80237  434.09619   2.03040   0.00000   0.00000   0.00000   0.00000 

 Prior       |  28.12631   1.45818    13.17170   1.28489   0.02556   0.62607  445.35938   1.43085   0.00000   0.00000   0.00000   0.00000
     18500.00|  28.12631   1.45818    13.17170   1.28489   0.02556   0.62607  445.35938   1.43085   0.00000   0.00000   0.00000   0.00000 

 Prior       |  28.13708   1.52129    13.16928   1.33136   0.01613   0.40770  466.31036   1.22866   0.00000   0.00000   0.00000   0.00000
     19100.00|  28.13708   1.52129    13.16928   1.33136   0.01613   0.40770  466.31036   1.22866   0.00000   0.00000   0.00000   0.00000 

 Prior       |  28.16399   1.60811    13.16622   1.40109   0.00561   0.14227  488.42303   0.49312   0.00000   0.00000   0.00000   0.00000
     19700.00|  28.16399   1.60811    13.16622   1.40109   0.00561   0.14227  488.42303   0.49312   0.00000   0.00000   0.00000   0.00000 


 -->  LETKF:  state data now written back out!

 ==> WRITE_CM1_ENS:  Writing ensemble into time_index 0 at time 1500

 ==> WRITE_CM1_ENS:  CM1 prior files creation completed

 Wallclock time to convert from A to C grid: 0.128  sec

 ==> WRITE_CM1_ENS:  Now writing out posterior ensemble mean into /work/jessica.mcdonald/CM1_LETKF_2025/RUN_LETKF/member000/cm1out_post_000005.nc

 ==> WRITE_CM1_ENS:  Closed file /work/jessica.mcdonald/CM1_LETKF_2025/RUN_LETKF/member000/cm1out_post_000005.nc

 ==> Wallclock time to write out fcst/anal to files: 9.011  sec

  ---------------------------------------

   ... Time in seconds for HxF: 0.254000 

  ---------------------------------------


  ---------------------------------------

   ... Time in seconds for Filter: 28.929000 

  ---------------------------------------


  ---------------------------------------

   ... Time in seconds for I/O: 10.708000 

  ---------------------------------------


  ---------------------------------------

   ... Time in seconds for Program: 40.066000 

  ---------------------------------------


  ----------------------------------------------------------------------

                END PROGRAM LETKF                                        

  WALLCLOCK END TIME:  2025-03-05 15:48 


  -----------------------------------------------------------------------


  ----------------------------------------------------------------------

                 END PROGRAM RUN_FILTER                                 

  ----------------------------------------------------------------------

 ==> RUN_FCST: Date&time supplied: 2003 05-08 22:00:00, which corresponds to a local model time of 4800 sec

 Run_Fcst Script:  1 threads requested....

 Run_Fcst Script: Number ensemble members to run not supplied, defaulting to experiment file:  10

 Run_Fcst Script: Integrating 010 ensemble members for 1800 seconds


ERROR!!!

FindRestartFile: A file with the restart time of 4800 cannot be found, exiting!!!


ERROR!!!

 ==> FindRestartFiles: Date and time supplied is 2003_05_08 21:00:00

 ==> FindRestartFile:  Found time 1200 in file:  /work/jessica.mcdonald/CM1_LETKF_2025/RUN_LETKF/member001/cm1out_rst_000004.nc

 ==> READ_CM1_ENS:  No state_vector supplied - trying to match microphysics schemes

 ==> READ_CM1_ENS ==> Matching state_vector found !!! using zvdh

 ==> READ_CM1_ENS: reading from time INDEX:  0
 ==> READ_CM1_ENS: reading from state TIME:  2003-05-08 21:00:00 


 Wallclock time for serial read netCDF ensemble files: 0.668  sec

 Wallclock time to convert from C to A grid: 0.062  sec

 Wallclock time to create ensemble means: 0.109  sec

 Wallclock time to read arrays from netCDF ensemble files: 0.926  sec

 Wallclock time to create coordinates: 0.0  sec
  --> PLOT9 saving to file None_zvdh_W_0.7KM_2100.pdf

 Plotting member 1

 Plotting member 2

 Plotting member 3

 Plotting member 4

 Plotting member 5

 Plotting member 6

 Plotting member 7

 Plotting member 8

 Plotting member 9

 ==> FindRestartFiles: Date and time supplied is 2003_05_08 21:00:00

 ==> FindRestartFile:  Found time 1200 in file:  /work/jessica.mcdonald/CM1_LETKF_2025/RUN_LETKF/member001/cm1out_rst_000004.nc

 ==> READ_CM1_ENS:  No state_vector supplied - trying to match microphysics schemes

 ==> READ_CM1_ENS ==> Matching state_vector found !!! using zvdh

 ==> READ_CM1_ENS: reading from time INDEX:  0
 ==> READ_CM1_ENS: reading from state TIME:  2003-05-08 21:00:00 


 Wallclock time for serial read netCDF ensemble files: 0.561  sec

 Wallclock time to convert from C to A grid: 0.063  sec

 Wallclock time to create ensemble means: 0.108  sec

 Wallclock time to read arrays from netCDF ensemble files: 0.818  sec

 Wallclock time to create coordinates: 0.0  sec
  --> PLOT9 saving to file None_zvdh_WZ_0.7KM_2100.pdf

 Plotting member 1

 Plotting member 2

 Plotting member 3

 Plotting member 4

 Plotting member 5

 Plotting member 6

 Plotting member 7

 Plotting member 8

 Plotting member 9

 ==> FindRestartFiles: Date and time supplied is 2003_05_08 21:00:00

 ==> FindRestartFile:  Found time 1200 in file:  /work/jessica.mcdonald/CM1_LETKF_2025/RUN_LETKF/member001/cm1out_rst_000004.nc

 ==> READ_CM1_ENS:  No state_vector supplied - trying to match microphysics schemes

 ==> READ_CM1_ENS ==> Matching state_vector found !!! using zvdh

 ==> READ_CM1_ENS: reading from time INDEX:  0
 ==> READ_CM1_ENS: reading from state TIME:  2003-05-08 21:00:00 


 Wallclock time for serial read netCDF ensemble files: 0.565  sec

 Wallclock time to convert from C to A grid: 0.063  sec

 Wallclock time to create ensemble means: 0.109  sec

 Wallclock time to read arrays from netCDF ensemble files: 0.823  sec

 Wallclock time to create coordinates: 0.0  sec
  --> PLOT8 saving to file None_zvdh_DBZ_OBS_0.7KM_2100.pdf

 ==> ens_GRID_REFL: Using pyDart to search with begin time of:  2003-05-08 20:57:30

 ==> ens_GRID_REFL: Using pyDart to search with end   time of:  2003-05-08 21:02:30
  pyDART.search:  no variable supplied....all vars dumped
  pyDART.search:  Start datetime:  2003-05-08 20:57:30
  pyDART.search:  End datetime:  2003-05-08 20:57:30

  pyDART file is version:  pyDART_file_version_2.3 
  \/\/\/\/\/\/\/\/\/\/\/\/\/\/\/\/\/\/\/\/\/\/\/\/\/\/\/\/\/

  PyDART SEARCH START TIME  2003-05-08 20:57:30  /  UTIME_START: 1052427450
  PyDART SEARCH END   TIME  2003-05-08 21:02:30  /  UTIME_END:   1052427750
  PyDART converted utimes: 2003-05-08 20:57:30

  PyDART SEARCH CONDITION IS: (1052427450 <= utime) & (utime < 1052427750) & (kind == 12) & (value > 0.) & (z < 10000.)

  ==> ens_GRID_REFL:  Total number of obs found at search time: 4576 


  pyDART file is version:  pyDART_file_version_2.3 
  \/\/\/\/\/\/\/\/\/\/\/\/\/\/\/\/\/\/\/\/\/\/\/\/\/\/\/\/\/


 ==> ens_GRID_REFL: Number of points found from initial search:      4576
 Information about where the obs are relative to the grid...
X-GRID MIN: -99.0  X-OB MIN:  -111.3  X-OB MAX:  65.0  X-GRID MAX:  49.0
Y-GRID MIN: -99.0  Y-OB MIN:  -86.6  Y-OB MAX:  65.2  Y-GRID MAX:  49.0
Z-GRID MIN:  0.5  Z-OB MIN:   0.4  Z-OB MAX:  10.3  Z-GRID MAX:  20.1

 ==> ens_GRID_REFL: 3D gridded DBZ:   Max:  44.7   Min:   0.0

 --> PLOT_9PANEL:  Interpolated reflectivity

 Plotting member 1
/work/jessica.mcdonald/CM1_LETKF_2025/ens.py:854: UserWarning: Warning: converting a masked element to nan.
  at = AnchoredText("Max: %4.1f \n Min: %4.1f" % (mfld.max(),mfld.min()), loc=4, prop=dict(size=10), frameon=True,)

 Plotting member 2

 Plotting member 3

 Plotting member 4

 Plotting member 6

 Plotting member 7

 Plotting member 8

 Plotting member 9
 FORTRAN OBS_2_GRID3D:  dims            75          75          51        4576
 FORTRAN OBS_2_GRID3D:  dx, hscale   2000.00000       4000.00000    
 FORTRAN OBS_2_GRID3D:  dy, hscale   2000.00000       4000.00000    
 FORTRAN OBS_2_GRID3D:  vscale     2000.00000    
 FORTRAN OBS_2_GRID3D:    obs    4.97565418E-03   52.5284691    
 FORTRAN OBS_2_GRID3D:  x-obs   -111333.266       64955.2656    
 FORTRAN OBS_2_GRID3D:  y-obs   -86621.0391       65164.3086    
 FORTRAN OBS_2_GRID3D:  z-obs    414.662781       10345.3047    
 FORTRAN OBS_2_GRID3D:  x-grid  -99000.0000       49000.0000    
 FORTRAN OBS_2_GRID3D:  y-grid  -99000.0000       49000.0000    
 FORTRAN OBS_2_GRID3D:  z-grid   450.692535       20073.0000    

 
 <<<<<======================================================================>>>>>> 
 

     CONSISTENCY RATIO PLOT       

 
['RUN_LETKF/Prior_2003-05-08_21:00:00.nc', 'RUN_LETKF/Prior_2003-05-08_21:05:00.nc']

First file:  RUN_LETKF/Prior_2003-05-08_21:00:00.nc
Last file:   RUN_LETKF/Prior_2003-05-08_21:05:00.nc


 2D CONSISTENCY RATIO CALCULATIONS......

45.45445 10.0
2003-05-08_21:00:00  NOBS: 00436     VR: 5.0  ZBIN:  0.000000  2000.000000  RMSI:  8.947  M-Innov:  17.783  Spread:  5.000  CRatio:  0.3123 
47.67596 10.05459
2003-05-08_21:00:00  NOBS: 00292     VR: 5.0  ZBIN:  2000.000000  4000.000000  RMSI:  8.990  M-Innov:  24.184  Spread:  5.000  CRatio:  0.3094 
52.52847 10.02338
2003-05-08_21:00:00  NOBS: 00311     VR: 5.0  ZBIN:  4000.000000  6000.000000  RMSI:  9.882  M-Innov:  22.297  Spread:  5.193  CRatio:  0.2762 
51.53987 10.03569
2003-05-08_21:00:00  NOBS: 00186     VR: 5.0  ZBIN:  6000.000000  8000.000000  RMSI: 11.152  M-Innov:  20.357  Spread:  5.828  CRatio:  0.2731 
47.26712 10.36246
2003-05-08_21:00:00  NOBS: 00043     VR: 5.0  ZBIN:  8000.000000  10000.000000  RMSI: 12.570  M-Innov:  14.300  Spread:  7.418  CRatio:  0.3482 
50.38235 10.0
2003-05-08_21:05:00  NOBS: 00748     VR: 5.0  ZBIN:  0.000000  2000.000000  RMSI: 10.204  M-Innov:  16.863  Spread:  6.241  CRatio:  0.3741 
55.61563 10.14729
2003-05-08_21:05:00  NOBS: 00277     VR: 5.0  ZBIN:  2000.000000  4000.000000  RMSI: 16.110  M-Innov:  21.330  Spread:  7.588  CRatio:  0.2218 
39.08262 10.33646
2003-05-08_21:05:00  NOBS: 00028     VR: 5.0  ZBIN:  4000.000000  6000.000000  RMSI: 13.507  M-Innov:  10.515  Spread:  6.071  CRatio:  0.2020 
40.43602 10.02982
2003-05-08_21:05:00  NOBS: 00080     VR: 5.0  ZBIN:  6000.000000  8000.000000  RMSI: 13.680  M-Innov:  11.356  Spread:  5.247  CRatio:  0.1471 
45.4121 10.05344
2003-05-08_21:05:00  NOBS: 00131     VR: 5.0  ZBIN:  8000.000000  10000.000000  RMSI: 15.823  M-Innov:  12.569  Spread:  5.193  CRatio:  0.1077 
/work/jessica.mcdonald/CM1_LETKF_2025/DBZ_CR.py:197: MatplotlibDeprecationWarning: The get_cmap function was deprecated in Matplotlib 3.7 and will be removed in 3.11. Use ``matplotlib.colormaps[name]`` or ``matplotlib.colormaps.get_cmap()`` or ``pyplot.get_cmap()`` instead.
  cs1=axC.contourf(datebins, zbins/1000., CR_TZ, clevels, cmap=cm.get_cmap('YlOrRd'))

 TIME-SERIES CONSISTENCY RATIO CALCULATIONS......

2003-05-08_21:00:00  NOBS: 01268     VR: 5.0  ZBIN:  0.000000  10000.000000  RMSI: 10.071  M-Innov:  20.624  Spread:  5.274  CRatio:  0.2742 
2003-05-08_21:05:00  NOBS: 01318     VR: 5.0  ZBIN:  0.000000  10000.000000  RMSI: 12.939  M-Innov:  17.014  Spread:  6.356  CRatio:  0.2413 

 ZBIN-D CONSISTENCY RATIO CALCULATIONS......

2003-05-08_21:05:00  NOBS: 01184     VR: 5.0  ZBIN:  00000  2000.00000  RMSI:  9.770  M-Innov:  17.202  Spread:  5.815  CRatio:  0.3542 
2003-05-08_21:05:00  NOBS: 00569     VR: 5.0  ZBIN:  02000  4000.00000  RMSI: 13.032  M-Innov:  22.795  Spread:  6.392  CRatio:  0.2406 
2003-05-08_21:05:00  NOBS: 00339     VR: 5.0  ZBIN:  04000  6000.00000  RMSI: 10.732  M-Innov:  21.324  Spread:  5.271  CRatio:  0.2413 
2003-05-08_21:05:00  NOBS: 00266     VR: 5.0  ZBIN:  06000  8000.00000  RMSI: 12.660  M-Innov:  17.650  Spread:  5.660  CRatio:  0.1998 
2003-05-08_21:05:00  NOBS: 00174     VR: 5.0  ZBIN:  08000  10000.00000  RMSI: 15.103  M-Innov:  12.996  Spread:  5.823  CRatio:  0.1486 


<<<<<===========================================================================================>>>>>>


     INNOVATION PLOTS     

   
['RUN_LETKF/Prior_2003-05-08_21:00:00.nc', 'RUN_LETKF/Prior_2003-05-08_21:05:00.nc']

First file:  RUN_LETKF/Prior_2003-05-08_21:00:00.nc
Last file:   RUN_LETKF/Prior_2003-05-08_21:05:00.nc


 2D INNOVATION CALCULATIONS......

2003-05-08_21:00:00  NOBS: 05996    DBZ: 5.0  ZBIN:  0.000000  2000.000000  RMSI:  7.155  M-Innov:   0.999  Spread:  5.000  CRatio:  0.4883 
2003-05-08_21:00:00  NOBS: 00769    DBZ: 5.0  ZBIN:  2000.000000  4000.000000  RMSI: 15.798  M-Innov:   6.856  Spread:  5.000  CRatio:  0.1002 
2003-05-08_21:00:00  NOBS: 00551    DBZ: 5.0  ZBIN:  4000.000000  6000.000000  RMSI: 13.420  M-Innov:  13.229  Spread:  5.023  CRatio:  0.1401 
2003-05-08_21:00:00  NOBS: 00262    DBZ: 5.0  ZBIN:  6000.000000  8000.000000  RMSI: 13.501  M-Innov:  14.480  Spread:  5.369  CRatio:  0.1581 
2003-05-08_21:00:00  NOBS: 00062    DBZ: 5.0  ZBIN:  8000.000000  10000.000000  RMSI: 14.062  M-Innov:   8.560  Spread:  6.679  CRatio:  0.2256 
2003-05-08_21:05:00  NOBS: 05412    DBZ: 5.0  ZBIN:  0.000000  2000.000000  RMSI:  8.710  M-Innov:   1.872  Spread:  5.051  CRatio:  0.3363 
2003-05-08_21:05:00  NOBS: 00932    DBZ: 5.0  ZBIN:  2000.000000  4000.000000  RMSI: 16.777  M-Innov:   0.833  Spread:  5.314  CRatio:  0.1003 
2003-05-08_21:05:00  NOBS: 00155    DBZ: 5.0  ZBIN:  4000.000000  6000.000000  RMSI: 11.016  M-Innov:  -2.996  Spread:  5.107  CRatio:  0.2149 
2003-05-08_21:05:00  NOBS: 00177    DBZ: 5.0  ZBIN:  6000.000000  8000.000000  RMSI: 12.500  M-Innov:   3.924  Spread:  5.080  CRatio:  0.1652 
2003-05-08_21:05:00  NOBS: 00280    DBZ: 5.0  ZBIN:  8000.000000  10000.000000  RMSI: 15.360  M-Innov:   3.916  Spread:  5.087  CRatio:  0.1097 
/work/jessica.mcdonald/CM1_LETKF_2025/Plotting/cbook2.py:288: RuntimeWarning: divide by zero encountered in log10
  return N.log10(avg / difference) >= sig_digit
/work/jessica.mcdonald/CM1_LETKF_2025/DBZ_INV.py:189: MatplotlibDeprecationWarning: The get_cmap function was deprecated in Matplotlib 3.7 and will be removed in 3.11. Use ``matplotlib.colormaps[name]`` or ``matplotlib.colormaps.get_cmap()`` or ``pyplot.get_cmap()`` instead.
  cs1=axC.contourf(datebins, zbins/1000., IN_TZ, clevels, cmap=cm.get_cmap('YlOrRd'))

 TIME-SERIES INNOVATIONS CALCULATIONS......

2003-05-08_21:00:00  NOBS: 07641    DBZ: 5.0  ZBIN:  0.000000  10000.000000  RMSI: 10.153  M-Innov:   2.993  Spread:  5.002  CRatio:  0.2427 
2003-05-08_21:05:00  NOBS: 07133    DBZ: 5.0  ZBIN:  0.000000  10000.000000  RMSI: 10.790  M-Innov:   1.823  Spread:  5.078  CRatio:  0.2215 

 ZBIN-D INNOVATIONS CALCULATIONS......

2003-05-08_21:05:00  NOBS: 11408    DBZ: 5.0  ZBIN:  00000  2000.00000  RMSI:  7.943  M-Innov:   1.413  Spread:  5.012  CRatio:  0.3981 
2003-05-08_21:05:00  NOBS: 01701    DBZ: 5.0  ZBIN:  02000  4000.00000  RMSI: 16.614  M-Innov:   3.556  Spread:  5.097  CRatio:  0.0941 
2003-05-08_21:05:00  NOBS: 00706    DBZ: 5.0  ZBIN:  04000  6000.00000  RMSI: 14.571  M-Innov:   9.667  Spread:  5.036  CRatio:  0.1195 
2003-05-08_21:05:00  NOBS: 00439    DBZ: 5.0  ZBIN:  06000  8000.00000  RMSI: 14.092  M-Innov:  10.224  Spread:  5.229  CRatio:  0.1377 
2003-05-08_21:05:00  NOBS: 00342    DBZ: 5.0  ZBIN:  08000  10000.00000  RMSI: 15.238  M-Innov:   4.758  Spread:  5.240  CRatio:  0.1183 

<<<<<===========================================================================================>>>>>>


    CONSISTENCY RATIO PLOT       


['RUN_LETKF/Prior_2003-05-08_21:00:00.nc', 'RUN_LETKF/Prior_2003-05-08_21:05:00.nc']

First file:  RUN_LETKF/Prior_2003-05-08_21:00:00.nc
Last file:   RUN_LETKF/Prior_2003-05-08_21:05:00.nc


 2D CONSISTENCY RATIO CALCULATIONS......

2003-05-08_21:00:00  NOBS: 06422     VR: 2.0  ZBIN:  0.000000  2000.000000  RMSI:  3.067  M-Innov:   0.962  Spread:  2.191  CRatio:  0.5104 
2003-05-08_21:00:00  NOBS: 00719     VR: 2.0  ZBIN:  2000.000000  4000.000000  RMSI:  4.990  M-Innov:   5.799  Spread:  3.208  CRatio:  0.4132 
2003-05-08_21:00:00  NOBS: 00550     VR: 2.0  ZBIN:  4000.000000  6000.000000  RMSI:  5.319  M-Innov:   5.230  Spread:  3.271  CRatio:  0.3781 
2003-05-08_21:00:00  NOBS: 00262     VR: 2.0  ZBIN:  6000.000000  8000.000000  RMSI:  5.058  M-Innov:   3.908  Spread:  4.457  CRatio:  0.7764 
2003-05-08_21:00:00  NOBS: 00074     VR: 2.0  ZBIN:  8000.000000  10000.000000  RMSI:  5.563  M-Innov:   5.481  Spread:  6.481  CRatio:  1.3569 
2003-05-08_21:05:00  NOBS: 05746     VR: 2.0  ZBIN:  0.000000  2000.000000  RMSI:  2.580  M-Innov:   0.538  Spread:  2.093  CRatio:  0.6583 
2003-05-08_21:05:00  NOBS: 00658     VR: 2.0  ZBIN:  2000.000000  4000.000000  RMSI:  5.474  M-Innov:   3.537  Spread:  2.541  CRatio:  0.2155 
2003-05-08_21:05:00  NOBS: 00091     VR: 2.0  ZBIN:  4000.000000  6000.000000  RMSI:  7.198  M-Innov:   5.707  Spread:  2.558  CRatio:  0.1263 
2003-05-08_21:05:00  NOBS: 00182     VR: 2.0  ZBIN:  6000.000000  8000.000000  RMSI:  3.164  M-Innov:   1.154  Spread:  2.393  CRatio:  0.5720 
2003-05-08_21:05:00  NOBS: 00295     VR: 2.0  ZBIN:  8000.000000  10000.000000  RMSI:  5.227  M-Innov:   4.617  Spread:  2.935  CRatio:  0.3154 
/work/jessica.mcdonald/CM1_LETKF_2025/VR_CR.py:190: MatplotlibDeprecationWarning: The get_cmap function was deprecated in Matplotlib 3.7 and will be removed in 3.11. Use ``matplotlib.colormaps[name]`` or ``matplotlib.colormaps.get_cmap()`` or ``pyplot.get_cmap()`` instead.
  cs1=axC.contourf(datebins, zbins/1000., CR_TZ, clevels, cmap=cm.get_cmap('YlOrRd'))

 TIME-SERIES CONSISTENCY RATIO CALCULATIONS......

2003-05-08_21:00:00  NOBS: 08030     VR: 2.0  ZBIN:  0.000000  10000.000000  RMSI:  3.986  M-Innov:   1.827  Spread:  2.556  CRatio:  0.4113 
2003-05-08_21:05:00  NOBS: 07175     VR: 2.0  ZBIN:  0.000000  10000.000000  RMSI:  3.579  M-Innov:   1.084  Spread:  2.227  CRatio:  0.3872 

 ZBIN-D CONSISTENCY RATIO CALCULATIONS......

2003-05-08_21:05:00  NOBS: 12168     VR: 2.0  ZBIN:  00000  2000.00000  RMSI:  2.856  M-Innov:   0.762  Spread:  2.146  CRatio:  0.5646 
2003-05-08_21:05:00  NOBS: 01377     VR: 2.0  ZBIN:  02000  4000.00000  RMSI:  5.347  M-Innov:   4.718  Spread:  2.908  CRatio:  0.2958 
2003-05-08_21:05:00  NOBS: 00641     VR: 2.0  ZBIN:  04000  6000.00000  RMSI:  5.626  M-Innov:   5.298  Spread:  3.179  CRatio:  0.3193 
2003-05-08_21:05:00  NOBS: 00444     VR: 2.0  ZBIN:  06000  8000.00000  RMSI:  4.586  M-Innov:   2.779  Spread:  3.751  CRatio:  0.6688 
2003-05-08_21:05:00  NOBS: 00369     VR: 2.0  ZBIN:  08000  10000.00000  RMSI:  5.308  M-Innov:   4.791  Spread:  3.913  CRatio:  0.5435 

<<<<<===========================================================================================>>>>>>


    INNOVATION PLOTS       

 
['RUN_LETKF/Prior_2003-05-08_21:00:00.nc', 'RUN_LETKF/Prior_2003-05-08_21:05:00.nc']

First file:  RUN_LETKF/Prior_2003-05-08_21:00:00.nc
Last file:   RUN_LETKF/Prior_2003-05-08_21:05:00.nc


 2D INNOVATION CALCULATIONS......

2003-05-08_21:00:00  NOBS: 06422     VR: 2.0  ZBIN:  0.000000  2000.000000  RMSI:  3.067  M-Innov:   0.962  Spread:  2.104  CRatio:  0.4704 
2003-05-08_21:00:00  NOBS: 00719     VR: 2.0  ZBIN:  2000.000000  4000.000000  RMSI:  4.990  M-Innov:   5.799  Spread:  2.683  CRatio:  0.2891 
2003-05-08_21:00:00  NOBS: 00550     VR: 2.0  ZBIN:  4000.000000  6000.000000  RMSI:  5.319  M-Innov:   5.230  Spread:  2.820  CRatio:  0.2810 
2003-05-08_21:00:00  NOBS: 00262     VR: 2.0  ZBIN:  6000.000000  8000.000000  RMSI:  5.058  M-Innov:   3.908  Spread:  3.789  CRatio:  0.5611 
2003-05-08_21:00:00  NOBS: 00074     VR: 2.0  ZBIN:  8000.000000  10000.000000  RMSI:  5.563  M-Innov:   5.481  Spread:  5.782  CRatio:  1.0800 
2003-05-08_21:05:00  NOBS: 05746     VR: 2.0  ZBIN:  0.000000  2000.000000  RMSI:  2.580  M-Innov:   0.538  Spread:  2.067  CRatio:  0.6420 
2003-05-08_21:05:00  NOBS: 00658     VR: 2.0  ZBIN:  2000.000000  4000.000000  RMSI:  5.474  M-Innov:   3.537  Spread:  2.334  CRatio:  0.1818 
2003-05-08_21:05:00  NOBS: 00091     VR: 2.0  ZBIN:  4000.000000  6000.000000  RMSI:  7.198  M-Innov:   5.707  Spread:  2.434  CRatio:  0.1144 
2003-05-08_21:05:00  NOBS: 00182     VR: 2.0  ZBIN:  6000.000000  8000.000000  RMSI:  3.164  M-Innov:   1.154  Spread:  2.355  CRatio:  0.5538 
2003-05-08_21:05:00  NOBS: 00295     VR: 2.0  ZBIN:  8000.000000  10000.000000  RMSI:  5.227  M-Innov:   4.617  Spread:  2.865  CRatio:  0.3005 
/work/jessica.mcdonald/CM1_LETKF_2025/Plotting/cbook2.py:288: RuntimeWarning: divide by zero encountered in log10
  return N.log10(avg / difference) >= sig_digit
/work/jessica.mcdonald/CM1_LETKF_2025/VR_INV.py:191: MatplotlibDeprecationWarning: The get_cmap function was deprecated in Matplotlib 3.7 and will be removed in 3.11. Use ``matplotlib.colormaps[name]`` or ``matplotlib.colormaps.get_cmap()`` or ``pyplot.get_cmap()`` instead.
  cs1=axC.contourf(datebins, zbins/1000., IN_TZ, clevels, cmap=cm.get_cmap('YlOrRd'))

 TIME-SERIES INNOVATION CALCULATIONS......

2003-05-08_21:00:00  NOBS: 08030     VR: 2.0  ZBIN:  0.000000  10000.000000  RMSI:  3.986  M-Innov:   1.827  Spread:  2.225  CRatio:  0.3115 
2003-05-08_21:05:00  NOBS: 07175     VR: 2.0  ZBIN:  0.000000  10000.000000  RMSI:  3.579  M-Innov:   1.084  Spread:  2.129  CRatio:  0.3537 

 ZBIN-D INNOVATION CALCULATIONS......

2003-05-08_21:05:00  NOBS: 12168     VR: 2.0  ZBIN:  00000  2000.00000  RMSI:  2.856  M-Innov:   0.762  Spread:  2.086  CRatio:  0.5334 
2003-05-08_21:05:00  NOBS: 01377     VR: 2.0  ZBIN:  02000  4000.00000  RMSI:  5.347  M-Innov:   4.718  Spread:  2.505  CRatio:  0.2195 
2003-05-08_21:05:00  NOBS: 00641     VR: 2.0  ZBIN:  04000  6000.00000  RMSI:  5.626  M-Innov:   5.298  Spread:  2.760  CRatio:  0.2407 
2003-05-08_21:05:00  NOBS: 00444     VR: 2.0  ZBIN:  06000  8000.00000  RMSI:  4.586  M-Innov:   2.779  Spread:  3.130  CRatio:  0.4658 
2003-05-08_21:05:00  NOBS: 00369     VR: 2.0  ZBIN:  08000  10000.00000  RMSI:  5.308  M-Innov:   4.791  Spread:  3.383  CRatio:  0.4062 
