 Inside PARAM

   Everything is cool!
   ni,nj=          15          15


 dx        =   2000.00000    
 dy        =   2000.00000    
 dz        =   392.156860    
 dtl       =   7.50000000    
 timax     =   5400.00000    
 run_time  =   0.00000000    
 tapfrq    =   900.000000    
 rstfrq    =   0.00000000    
 statfrq   =   60.0000000    
 prclfrq   =   60.0000000    

 adapt_dt  =           0
 irst      =           0
 rstnum    =           0
 iconly    =           0
 hadvordrs =           5
 vadvordrs =           5
 hadvordrv =           5
 vadvordrv =           5
 pdscheme  =           1
 apmasscon =           1
 advwenos  =           2
 advwenov  =           0
 idiff     =           0
 mdiff     =           0
 difforder =           6
 imoist    =           1
 iturb     =           1
 tconfig   =           1
 bcturbs   =           1
 dns       =           0
 irdamp    =           1
 hrdamp    =           0
 psolver   =           3
 nsound    =           6
 ptype     =          27
 ihail     =           1
 iautoc    =           1
 icor      =           0
 pertcor   =           0
 eqtset    =           2
 idiss     =           1
 efall     =           0
 rterm     =           0
 wbc       =           2
 ebc       =           2
 sbc       =           2
 nbc       =           2
 bbc       =           1
 tbc       =           1
 irbc      =           4
 roflux    =           0
 isnd      =           7
 iwnd      =           2
 itern     =           0
 iinit     =           0
 irandp    =           0
 ibalance  =           0
 iorigin   =           1
 axisymm   =           0
 imove     =           0
 iptra     =           0
 npt       =           1
 pdtra     =           1
 iprcl     =           0
 nparcels  =           1

 kdiff2    =   75.0000000    
 kdiff6    =   3.99999991E-02
 fcor      =   0.00000000    
 kdiv      =  0.100000001    
 alph      =  0.600000024    
 rdalpha   =   3.33333341E-03
 zd        =   15000.0000    
 xhd       =   100000.000    
 umove     =   0.00000000    
 vmove     =   0.00000000    
 v_t       =   7.00000000    
 l_h       =   100.000000    
 lhref1    =   100.000000    
 lhref2    =   1000.00000    
 l_inf     =   100.000000    
 ndcnst    =   250.000000    

 radopt    =           0
 dtrad     =   300.000000    
 ctrlat    =   35.2358284    
 ctrlon    =  -97.4619370    
 year      =        2003
 month     =           5
 day       =           8
 hour      =          20
 minute    =          40
 second    =           0

 isfcflx   =           0
 sfcmodel  =           0
 oceanmodel=           0
 ipbl      =           0
 initsfc   =           1
 tsk0      =   299.279999    
 tmn0      =   297.279999    
 xland0    =   2.00000000    
 lu0       =          16
 season    =           1
 cecd      =           3
 pertflx   =           0
 cnstce    =   1.00000005E-03
 cnstcd    =   1.00000005E-03
 isftcflx  =           0
 iz0tlnd   =           0
 oml_hml0  =   50.0000000    
 oml_gamma =  0.140000001    

 stretch_x =           0
 dx_inner  =   1000.00000    
 dx_outer  =   7000.00000    
 nos_x_len =   40000.0000    
 tot_x_len =   120000.000    

 stretch_y =           0
 dy_inner  =   1000.00000    
 dy_outer  =   7000.00000    
 nos_y_len =   40000.0000    
 tot_y_len =   120000.000    

 stretch_z =           2
 ztop      =   20000.0000    
 str_bot   =   0.00000000    
 str_top   =   8625.00000    
 dz_bot    =   150.000000    
 dz_top    =   600.000000    

 bc_temp   =           1
 ptc_top   =   250.000000    
 ptc_bot   =   300.000000    
 viscosity =   25.0000000    
 pr_num    =  0.720000029    

 var1      =   0.00000000    
 var2      =   0.00000000    
 var3      =   0.00000000    
 var4      =   0.00000000    
 var5      =   0.00000000    
 var6      =   0.00000000    
 var7      =   0.00000000    
 var8      =   0.00000000    
 var9      =   0.00000000    
 var10     =   0.00000000    

&NSSL2MOM_PARAMS
 RHO_QR=  1000.00000    ,
 CNOR=  8000000.00    ,
 RHO_QS=  100.000000    ,
 CNOS=  3000000.00    ,
 RHO_QH=  500.000000    ,
 CNOH=  40000.0000    ,
 CCN=  2.00000000E+09,
 INFALL=4          ,
 ALPHAH=  0.00000000    ,
 ALPHAHL= 0.500000000    ,
 IMURAIN=1          ,
 ICDX=3          ,
 ICDXHL=3          ,
 DFRZ=  1.50000007E-04,
 HLDNMN=  500.000000    ,
 IFERWISVENTR=2          ,
 IEHW=1          ,
 IEHLW=1          ,
 EHW0= 0.750000000    ,
 EHLW0= 0.750000000    ,
 DMRAUTO=0          ,
 IOLDLIMITER=0          ,
 /

 ZGRID:  STRETCH FAC  =    1.0359004512429237     
 ZGRID:  DOMAIN  HGT  =    20000.0000    

 ZGRID:  STRETCH FAC  =    1.0359004512429237     
 ZGRID:  DOMAIN  HGT  =    20000.0000    

 ZGRID:  STRETCH FAC  =    1.0359004512429237     
 ZGRID:  DOMAIN  HGT  =    20000.0000    

 ZGRID:  STRETCH FAC  =    1.0359004512429237     
 ZGRID:  DOMAIN  HGT  =    20000.0000    

 ZGRID:  STRETCH FAC  =    1.0359004512429237     
 ZGRID:  DOMAIN  HGT  =    20000.0000    

 ZGRID:  STRETCH FAC  =    1.0359004512429237     
 ZGRID:  DOMAIN  HGT  =    20000.0000    

 ZGRID:  STRETCH FAC  =    1.0359004512429237     
 ZGRID:  DOMAIN  HGT  =    20000.0000    

 ZGRID:  STRETCH FAC  =    1.0359004512429237     
 ZGRID:  DOMAIN  HGT  =    20000.0000    

 ZGRID:  STRETCH FAC  =    1.0359004512429237     
 ZGRID:  DOMAIN  HGT  =    20000.0000    

 ZGRID:  STRETCH FAC  =    1.0359004512429237     
 ZGRID:  DOMAIN  HGT  =    20000.0000    

 ZGRID:  STRETCH FAC  =    1.0359004512429237     
 ZGRID:  DOMAIN  HGT  =    20000.0000    

 ZGRID:  STRETCH FAC  =    1.0359004512429237     
 ZGRID:  DOMAIN  HGT  =    20000.0000    

 ZGRID:  STRETCH FAC  =    1.0359004512429237     
 ZGRID:  DOMAIN  HGT  =    20000.0000    

 ZGRID:  STRETCH FAC  =    1.0359004512429237     
 ZGRID:  DOMAIN  HGT  =    20000.0000    

 ZGRID:  STRETCH FAC  =    1.0359004512429237     
 ZGRID:  DOMAIN  HGT  =    20000.0000    

 ZGRID:  STRETCH FAC  =    1.0359004512429237     
 ZGRID:  DOMAIN  HGT  =    20000.0000    

 ZGRID:  STRETCH FAC  =    1.0359004512429237     
 ZGRID:  DOMAIN  HGT  =    20000.0000    

 ZGRID:  STRETCH FAC  =    1.0359004512429237     
 ZGRID:  DOMAIN  HGT  =    20000.0000    

 ZGRID:  STRETCH FAC  =    1.0359004512429237     
 ZGRID:  DOMAIN  HGT  =    20000.0000    

 ZGRID:  STRETCH FAC  =    1.0359004512429237     
 ZGRID:  DOMAIN  HGT  =    20000.0000    

 ZGRID:  STRETCH FAC  =    1.0359004512429237     
 ZGRID:  DOMAIN  HGT  =    20000.0000    

 ZGRID:  STRETCH FAC  =    1.0359004512429237     
 ZGRID:  DOMAIN  HGT  =    20000.0000    

 ZGRID:  STRETCH FAC  =    1.0359004512429237     
 ZGRID:  DOMAIN  HGT  =    20000.0000    

 ZGRID:  STRETCH FAC  =    1.0359004512429237     
 ZGRID:  DOMAIN  HGT  =    20000.0000    

 iice      =           1
 idm       =           1
 idmplus   =           1
 numq      =          16
 nqv       =           1
 nqc       =           2
 nqr       =           3
 nqi       =           4
 nqs       =           5
 nqg       =           6
 nql1      =           2
 nql2      =           3
 nqs1      =           4
 nqs2      =           7
 nnc1      =           8
 nnc2      =          14
 nvl1      =          15
 nvl2      =          16
 nzl1      =           1
 nzl2      =           1

 nrain     =           1


 output_path      = ./                                                                    
 output_basename  = cm1out                                                                
 output_format    =           2
 output_filetype  =           1
 output_interp    =           0
 output_rain      =           1
 output_sws       =           1
 output_svs       =           1
 output_sps       =           1
 output_srs       =           1
 output_sgs       =           1
 output_sus       =           1
 output_shs       =           1
 output_coldpool  =           0
 output_sfcflx    =           0
 output_sfcparams =           0
 output_sfcdiags  =           0
 output_psfc      =           0
 output_zs        =           0
 output_zh        =           0
 output_basestate =           0
 output_th        =           1
 output_thpert    =           0
 output_prs       =           1
 output_prspert   =           0
 output_pi        =           0
 output_pipert    =           0
 output_rho       =           1
 output_rhopert   =           1
 output_tke       =           1
 output_km        =           1
 output_kh        =           1
 output_qv        =           1
 output_qvpert    =           0
 output_q         =           1
 output_dbz       =           1
 output_buoyancy  =           0
 output_u         =           1
 output_upert     =           0
 output_uinterp   =           1
 output_v         =           1
 output_vpert     =           0
 output_vinterp   =           1
 output_w         =           1
 output_winterp   =           1
 output_vort      =           0
 output_pv        =           0
 output_uh        =           0
 output_pblten    =           0
 output_dissten   =           0
 output_dissheat  =           0
 output_mptend    =           0
 output_fallvel   =           0
 output_nm        =           0
 output_def       =           0
 output_turbten   =           0
 output_impdiften =           0
 output_radten    =           0


 restart_format       =            2
 restart_filetype     =            1
 restart_file_theta   =  T
 restart_file_dbz     =  T
 restart_file_th0     =  T
 restart_file_prs0    =  T
 restart_file_pi0     =  T
 restart_file_rho0    =  T
 restart_file_qv0     =  T
 restart_file_u0      =  T
 restart_file_v0      =  T
 restart_file_zs      =  F
 restart_file_zh      =  F
 restart_file_zf      =  F
 restart_file_diags   =  F
 restart_use_theta    =  T
 restart_reset_frqtim =  T

   maxk =           51


   myid,mynode             =            0           0
   nodemaster,nodes,ppnode =            0           1          25
   nodex,nodey             =            5           5

   d2i   =           80
   d2is  =           75
   d2iu  =           76
   d2iv  =           75

   d2j   =           80
   d2js  =           75
   d2ju  =           75
   d2jv  =           76

   d3i   =           16
   d3is  =           15
   d3iu  =           16
   d3iv  =           15

   d3j   =           16
   d3js  =           15
   d3ju  =           15
   d3jv  =           16

   d3n   =           25
   d3t   =           24


 stat_w       =            1
 stat_u       =            1
 stat_v       =            1
 stat_rmw     =            0
 stat_pipert  =            1
 stat_prspert =            1
 stat_thpert  =            1
 stat_q       =            1
 stat_tke     =            1
 stat_km      =            1
 stat_kh      =            1
 stat_div     =            1
 stat_rh      =            1
 stat_rhi     =            1
 stat_the     =            1
 stat_cloud   =            1
 stat_sfcprs  =            1
 stat_wsp     =            1
 stat_cfl     =            1
 stat_vort    =            1
 stat_tmass   =            1
 stat_tmois   =            1
 stat_qmass   =            1
 stat_tenerg  =            1
 stat_mo      =            1
 stat_tmf     =            1
 stat_pcn     =            1
 stat_qsrc    =            1

 stat_out =          150


 prcl_th      =            0
 prcl_t       =            0
 prcl_prs     =            0
 prcl_ptra    =            0
 prcl_q       =            0
 prcl_nc      =            0
 prcl_km      =            0
 prcl_kh      =            0
 prcl_tke     =            0
 prcl_dbz     =            0
 prcl_b       =            0
 prcl_vpg     =            0
 prcl_vort    =            0
 prcl_rho     =            0
 prcl_qsat    =            0
 prcl_sfc     =            0


   c_m,c_l,ri_c  =   0.100000001      0.816500008      0.250000000    
   c_e1,c_e2,sum =   0.200001687      0.786958814      0.986960530    
   c_s,rcs       =   0.178412408       5.60499144    

   nparcels =            1
   npvals   =            1
     prx      =            0
     pry      =            0
     prz      =            0
     pru      =            0
     prv      =            0
     prw      =            0
     prth     =            0
     prt      =            0
     prprs    =            0
     prpt1    =            0
     prpt2    =            0
     prqv     =            0
     prq1     =            0
     prq2     =            0
     prnc1    =            0
     prnc2    =            0
     prkm     =            0
     prkh     =            0
     prtke    =            0
     prdbz    =            0
     prb      =            0
     prvpg    =            0
     przv     =            0
     prrho    =            0
     prqsl    =            0
     prqsi    =            0
     prznt    =            0
     prust    =            0

   myi,myj=           1           1

   mywest  =           4
   myeast  =           1
   mysouth =          20
   mynorth =           5

   mysw    =          24
   mynw    =           9
   myne    =           6
   myse    =          21

   cs1we   =         765
   cs1sn   =         765
   ct1we   =         780
   ct1sn   =         780
   cv1we   =         816
   cu1sn   =         816
   cw1we   =         750
   cw1sn   =         750
   cs2we   =        1530
   cs2sn   =        1530
   cs3we   =        2295
   cs3sn   =        2295
   ct3we   =        2340
   ct3sn   =        2340
   cv3we   =        2448
   cu3sn   =        2448
   cw3we   =        2250
   cw3sn   =        2250


 g     =   9.81000042    
 to    =   273.149994    
 rd    =   287.040009    
 rv    =   461.500000    
 cp    =   1005.70001    
 cv    =   718.660034    
 cpv   =   1870.00000    
 cvv   =   1408.50000    
 p00   =   100000.000    
 rp00  =   9.99999975E-06
 th0r  =   300.000000    
 rcp   =   9.94332251E-04
 pi    =   3.14159274    

 cpdcv =   1.39941001    
 rovcp =  0.285413146    
 rddcv =  0.399410009    
 cvdrd =   2.50369287    
 cpdrd =   3.50369287    
 eps   =  0.621971846    
 reps  =   1.60778975    
 repsm1=  0.607789755    
 cpt   =  0.859401345    
 cvt   =  0.959897518    
 pnum  =  -72634.2500    
 xlv   =   2501000.00    
 xls   =   2834000.00    
 lvdcp =   2486.82495    
 condc =   13476814.0    
 cpl   =   4190.00000    
 cpi   =   2106.00000    
 lv1   =   3134708.00    
 lv2   =   2320.00000    
 ls1   =   2898463.50    
 ls2   =   236.000000    
 karman=  0.400000006    

 timeformat   =           2
 timestats    =           1
 terrain_flag = F
 procfiles    = F

 nx    =          75
 ny    =          75
 nz    =          51

 nodex    =           5
 nodey    =           5
 numprocs =          25
 ppnode   =          25

 ni    =          15
 nj    =          15
 nk    =          51
 nkp1  =          52

 ib,ibm,ibi,ibc,ibt=       -2       -2       -2       -2       -2
 ie,iem,iei,iec,iet=       18       18       18       18       18
 jb,jbm,jbi,jbc,jbt=       -2       -2       -2       -2       -2
 je,jem,jei,jec,jet=       18       18       18       18       18
 kb,kbm,kbi,kbc,kbt=        0        0        0        0        0
 ke,kem,kei,kec,ket=       52       52       52       53       53

 imirror,jmirror =            0           0

 ibp,itb,ipb,ibr,ibb=        1        1        1        1        1
 iep,ite,ipe,ier,ieb=        1        1        1        1        1
 jbp,jtb,jpb,jbr,jbb=        1        1        1        1        1
 jep,jte,jpe,jer,jeb=        1        1        1        1        1
 kbp,ktb,kpb,kbr,kbb=        1        1        1        1        1
 kep,kte,kpe,ker,keb=        1        1        1        1        1

 ibd               =        1
 ied               =        1
 jbd               =        1
 jed               =        1
 kbd               =        1
 ked               =        1

 ibl               =        1
 iel               =        1
 jbl               =        1
 jel               =        1

 imp,jmp,kmp,kmt,rmp,cmp =     15     15     51     52      8      3

 rdx    =   5.00000024E-04
 rdy    =   5.00000024E-04
 rdz    =   2.55000009E-03
 rdx2   =   2.50000012E-04
 rdy2   =   2.50000012E-04
 rdz2   =   1.27500005E-03
 rdx4   =   1.25000006E-04
 rdy4   =   1.25000006E-04
 rdz4   =   6.37500023E-04
 govtwo =   4.90500021    
 clwsat =   9.99999997E-07
 smeps  =   1.00000000E-30
 tsmall =   9.99999975E-05
 qsmall =   9.99999982E-15
 cstar  =   30.0000000    
 csmax  =   350.000000    
 epsilon=   1.00000005E-18


 x:
      i         xf           xh         dx         uf         uh
 ---------------------------------------------------------------
      -2      -6000.00      -5000.00     2000.00     1.0000     1.0000   x
      -1      -4000.00      -3000.00     2000.00     1.0000     1.0000   x
       0      -2000.00      -1000.00     2000.00     1.0000     1.0000   x
       1          0.00       1000.00     2000.00     1.0000     1.0000    
       2       2000.00       3000.00     2000.00     1.0000     1.0000    
       3       4000.00       5000.00     2000.00     1.0000     1.0000    
       4       6000.00       7000.00     2000.00     1.0000     1.0000    
       5       8000.00       9000.00     2000.00     1.0000     1.0000    
       6      10000.00      11000.00     2000.00     1.0000     1.0000    
       7      12000.00      13000.00     2000.00     1.0000     1.0000    
       8      14000.00      15000.00     2000.00     1.0000     1.0000    
       9      16000.00      17000.00     2000.00     1.0000     1.0000    
      10      18000.00      19000.00     2000.00     1.0000     1.0000    
      11      20000.00      21000.00     2000.00     1.0000     1.0000    
      12      22000.00      23000.00     2000.00     1.0000     1.0000    
      13      24000.00      25000.00     2000.00     1.0000     1.0000    
      14      26000.00      27000.00     2000.00     1.0000     1.0000    
      15      28000.00      29000.00     2000.00     1.0000     1.0000    
      16      30000.00      31000.00     2000.00     1.0000     1.0000    
      17      32000.00      33000.00     2000.00     1.0000     1.0000    
      18      34000.00      35000.00     2000.00     1.0000     1.0000    
      19      36000.00      37000.00     2000.00     1.0000     1.0000    
      20      38000.00      39000.00     2000.00     1.0000     1.0000    
      21      40000.00      41000.00     2000.00     1.0000     1.0000    
      22      42000.00      43000.00     2000.00     1.0000     1.0000    
      23      44000.00      45000.00     2000.00     1.0000     1.0000    
      24      46000.00      47000.00     2000.00     1.0000     1.0000    
      25      48000.00      49000.00     2000.00     1.0000     1.0000    
      26      50000.00      51000.00     2000.00     1.0000     1.0000    
      27      52000.00      53000.00     2000.00     1.0000     1.0000    
      28      54000.00      55000.00     2000.00     1.0000     1.0000    
      29      56000.00      57000.00     2000.00     1.0000     1.0000    
      30      58000.00      59000.00     2000.00     1.0000     1.0000    
      31      60000.00      61000.00     2000.00     1.0000     1.0000    
      32      62000.00      63000.00     2000.00     1.0000     1.0000    
      33      64000.00      65000.00     2000.00     1.0000     1.0000    
      34      66000.00      67000.00     2000.00     1.0000     1.0000    
      35      68000.00      69000.00     2000.00     1.0000     1.0000    
      36      70000.00      71000.00     2000.00     1.0000     1.0000    
      37      72000.00      73000.00     2000.00     1.0000     1.0000    
      38      74000.00      75000.00     2000.00     1.0000     1.0000    
      39      76000.00      77000.00     2000.00     1.0000     1.0000    
      40      78000.00      79000.00     2000.00     1.0000     1.0000    
      41      80000.00      81000.00     2000.00     1.0000     1.0000    
      42      82000.00      83000.00     2000.00     1.0000     1.0000    
      43      84000.00      85000.00     2000.00     1.0000     1.0000    
      44      86000.00      87000.00     2000.00     1.0000     1.0000    
      45      88000.00      89000.00     2000.00     1.0000     1.0000    
      46      90000.00      91000.00     2000.00     1.0000     1.0000    
      47      92000.00      93000.00     2000.00     1.0000     1.0000    
      48      94000.00      95000.00     2000.00     1.0000     1.0000    
      49      96000.00      97000.00     2000.00     1.0000     1.0000    
      50      98000.00      99000.00     2000.00     1.0000     1.0000    
      51     100000.00     101000.00     2000.00     1.0000     1.0000    
      52     102000.00     103000.00     2000.00     1.0000     1.0000    
      53     104000.00     105000.00     2000.00     1.0000     1.0000    
      54     106000.00     107000.00     2000.00     1.0000     1.0000    
      55     108000.00     109000.00     2000.00     1.0000     1.0000    
      56     110000.00     111000.00     2000.00     1.0000     1.0000    
      57     112000.00     113000.00     2000.00     1.0000     1.0000    
      58     114000.00     115000.00     2000.00     1.0000     1.0000    
      59     116000.00     117000.00     2000.00     1.0000     1.0000    
      60     118000.00     119000.00     2000.00     1.0000     1.0000    
      61     120000.00     121000.00     2000.00     1.0000     1.0000    
      62     122000.00     123000.00     2000.00     1.0000     1.0000    
      63     124000.00     125000.00     2000.00     1.0000     1.0000    
      64     126000.00     127000.00     2000.00     1.0000     1.0000    
      65     128000.00     129000.00     2000.00     1.0000     1.0000    
      66     130000.00     131000.00     2000.00     1.0000     1.0000    
      67     132000.00     133000.00     2000.00     1.0000     1.0000    
      68     134000.00     135000.00     2000.00     1.0000     1.0000    
      69     136000.00     137000.00     2000.00     1.0000     1.0000    
      70     138000.00     139000.00     2000.00     1.0000     1.0000    
      71     140000.00     141000.00     2000.00     1.0000     1.0000    
      72     142000.00     143000.00     2000.00     1.0000     1.0000    
      73     144000.00     145000.00     2000.00     1.0000     1.0000    
      74     146000.00     147000.00     2000.00     1.0000     1.0000    
      75     148000.00     149000.00     2000.00     1.0000     1.0000    
      76     150000.00     151000.00     2000.00     1.0000     1.0000   x
      77     152000.00     153000.00     2000.00     1.0000     1.0000   x
      78     154000.00     155000.00     2000.00     1.0000     1.0000   x
      79     156000.00                               1.0000


 y:
      j         yf           yh         dy         vf         vh
 ---------------------------------------------------------------
      -2      -6000.00      -5000.00     2000.00     1.0000     1.0000   x
      -1      -4000.00      -3000.00     2000.00     1.0000     1.0000   x
       0      -2000.00      -1000.00     2000.00     1.0000     1.0000   x
       1          0.00       1000.00     2000.00     1.0000     1.0000    
       2       2000.00       3000.00     2000.00     1.0000     1.0000    
       3       4000.00       5000.00     2000.00     1.0000     1.0000    
       4       6000.00       7000.00     2000.00     1.0000     1.0000    
       5       8000.00       9000.00     2000.00     1.0000     1.0000    
       6      10000.00      11000.00     2000.00     1.0000     1.0000    
       7      12000.00      13000.00     2000.00     1.0000     1.0000    
       8      14000.00      15000.00     2000.00     1.0000     1.0000    
       9      16000.00      17000.00     2000.00     1.0000     1.0000    
      10      18000.00      19000.00     2000.00     1.0000     1.0000    
      11      20000.00      21000.00     2000.00     1.0000     1.0000    
      12      22000.00      23000.00     2000.00     1.0000     1.0000    
      13      24000.00      25000.00     2000.00     1.0000     1.0000    
      14      26000.00      27000.00     2000.00     1.0000     1.0000    
      15      28000.00      29000.00     2000.00     1.0000     1.0000    
      16      30000.00      31000.00     2000.00     1.0000     1.0000    
      17      32000.00      33000.00     2000.00     1.0000     1.0000    
      18      34000.00      35000.00     2000.00     1.0000     1.0000    
      19      36000.00      37000.00     2000.00     1.0000     1.0000    
      20      38000.00      39000.00     2000.00     1.0000     1.0000    
      21      40000.00      41000.00     2000.00     1.0000     1.0000    
      22      42000.00      43000.00     2000.00     1.0000     1.0000    
      23      44000.00      45000.00     2000.00     1.0000     1.0000    
      24      46000.00      47000.00     2000.00     1.0000     1.0000    
      25      48000.00      49000.00     2000.00     1.0000     1.0000    
      26      50000.00      51000.00     2000.00     1.0000     1.0000    
      27      52000.00      53000.00     2000.00     1.0000     1.0000    
      28      54000.00      55000.00     2000.00     1.0000     1.0000    
      29      56000.00      57000.00     2000.00     1.0000     1.0000    
      30      58000.00      59000.00     2000.00     1.0000     1.0000    
      31      60000.00      61000.00     2000.00     1.0000     1.0000    
      32      62000.00      63000.00     2000.00     1.0000     1.0000    
      33      64000.00      65000.00     2000.00     1.0000     1.0000    
      34      66000.00      67000.00     2000.00     1.0000     1.0000    
      35      68000.00      69000.00     2000.00     1.0000     1.0000    
      36      70000.00      71000.00     2000.00     1.0000     1.0000    
      37      72000.00      73000.00     2000.00     1.0000     1.0000    
      38      74000.00      75000.00     2000.00     1.0000     1.0000    
      39      76000.00      77000.00     2000.00     1.0000     1.0000    
      40      78000.00      79000.00     2000.00     1.0000     1.0000    
      41      80000.00      81000.00     2000.00     1.0000     1.0000    
      42      82000.00      83000.00     2000.00     1.0000     1.0000    
      43      84000.00      85000.00     2000.00     1.0000     1.0000    
      44      86000.00      87000.00     2000.00     1.0000     1.0000    
      45      88000.00      89000.00     2000.00     1.0000     1.0000    
      46      90000.00      91000.00     2000.00     1.0000     1.0000    
      47      92000.00      93000.00     2000.00     1.0000     1.0000    
      48      94000.00      95000.00     2000.00     1.0000     1.0000    
      49      96000.00      97000.00     2000.00     1.0000     1.0000    
      50      98000.00      99000.00     2000.00     1.0000     1.0000    
      51     100000.00     101000.00     2000.00     1.0000     1.0000    
      52     102000.00     103000.00     2000.00     1.0000     1.0000    
      53     104000.00     105000.00     2000.00     1.0000     1.0000    
      54     106000.00     107000.00     2000.00     1.0000     1.0000    
      55     108000.00     109000.00     2000.00     1.0000     1.0000    
      56     110000.00     111000.00     2000.00     1.0000     1.0000    
      57     112000.00     113000.00     2000.00     1.0000     1.0000    
      58     114000.00     115000.00     2000.00     1.0000     1.0000    
      59     116000.00     117000.00     2000.00     1.0000     1.0000    
      60     118000.00     119000.00     2000.00     1.0000     1.0000    
      61     120000.00     121000.00     2000.00     1.0000     1.0000    
      62     122000.00     123000.00     2000.00     1.0000     1.0000    
      63     124000.00     125000.00     2000.00     1.0000     1.0000    
      64     126000.00     127000.00     2000.00     1.0000     1.0000    
      65     128000.00     129000.00     2000.00     1.0000     1.0000    
      66     130000.00     131000.00     2000.00     1.0000     1.0000    
      67     132000.00     133000.00     2000.00     1.0000     1.0000    
      68     134000.00     135000.00     2000.00     1.0000     1.0000    
      69     136000.00     137000.00     2000.00     1.0000     1.0000    
      70     138000.00     139000.00     2000.00     1.0000     1.0000    
      71     140000.00     141000.00     2000.00     1.0000     1.0000    
      72     142000.00     143000.00     2000.00     1.0000     1.0000    
      73     144000.00     145000.00     2000.00     1.0000     1.0000    
      74     146000.00     147000.00     2000.00     1.0000     1.0000    
      75     148000.00     149000.00     2000.00     1.0000     1.0000    
      76     150000.00     151000.00     2000.00     1.0000     1.0000   x
      77     152000.00     153000.00     2000.00     1.0000     1.0000   x
      78     154000.00     155000.00     2000.00     1.0000     1.0000   x
      79     156000.00                               1.0000


 ZGRID:  STRETCH FAC  =    1.0359004512429237     
 ZGRID:  DOMAIN  HGT  =    20000.0000    
 k,gzc,gze =            1   77.692535400390625        0.0000000000000000     
 k,gzc,gze =            2   235.86680603027344        155.38507080078125     
 k,gzc,gze =            3   399.71958923339844        316.34854125976562     
 k,gzc,gze =            4   569.45477294921875        483.09063720703125     
 k,gzc,gze =            5   745.28353881835938        655.81890869140625     
 k,gzc,gze =            6   927.42462158203125        834.74816894531250     
 k,gzc,gze =            7   1116.1046142578125        1020.1010742187500     
 k,gzc,gze =            8   1311.5583496093750        1212.1081542968750     
 k,gzc,gze =            9   1514.0289916992188        1411.0085449218750     
 k,gzc,gze =           10   1723.7683715820312        1617.0494384765625     
 k,gzc,gze =           11   1941.0374755859375        1830.4873046875000     
 k,gzc,gze =           12   2166.1066894531250        2051.5876464843750     
 k,gzc,gze =           13   2399.2559814453125        2280.6257324218750     
 k,gzc,gze =           14   2640.7753906250000        2517.8862304687500     
 k,gzc,gze =           15   2890.9654541015625        2763.6645507812500     
 k,gzc,gze =           16   3150.1374511718750        3018.2663574218750     
 k,gzc,gze =           17   3418.6138916015625        3282.0085449218750     
 k,gzc,gze =           18   3696.7287597656250        3555.2192382812500     
 k,gzc,gze =           19   3984.8281250000000        3838.2382812500000     
 k,gzc,gze =           20   4283.2702636718750        4131.4179687500000     
 k,gzc,gze =           21   4592.4265136718750        4435.1225585937500     
 k,gzc,gze =           22   4912.6818847656250        4749.7304687500000     
 k,gzc,gze =           23   5244.4345703125000        5075.6333007812500     
 k,gzc,gze =           24   5588.0971679687500        5413.2358398437500     
 k,gzc,gze =           25   5944.0974121093750        5762.9584960937500     
 k,gzc,gze =           26   6312.8781738281250        6125.2363281250000     
 k,gzc,gze =           27   6694.8984375000000        6500.5200195312500     
 k,gzc,gze =           28   7090.6335449218750        6889.2768554687500     
 k,gzc,gze =           29   7500.5754394531250        7291.9902343750000     
 k,gzc,gze =           30   7925.2343750000000        7709.1606445312500     
 k,gzc,gze =           31   8365.1389160156250        8141.3081054687500     
 k,gzc,gze =           32   8820.8364257812500        8588.9697265625000     
 k,gzc,gze =           33   9292.8935546875000        9052.7031250000000     
 k,gzc,gze =           34   9781.8974609375000        9533.0839843750000     
 k,gzc,gze =           35   10288.457031250000        10030.710937500000     
 k,gzc,gze =           36   10813.202636718750        10546.203125000000     
 k,gzc,gze =           37   11356.786621093750        11080.202148437500     
 k,gzc,gze =           38   11919.885253906250        11633.371093750000     
 k,gzc,gze =           39   12503.199707031250        12206.399414062500     
 k,gzc,gze =           40   13100.000000000000        12800.000000000000     
 k,gzc,gze =           41   13700.000000000000        13400.000000000000     
 k,gzc,gze =           42   14300.000000000000        14000.000000000000     
 k,gzc,gze =           43   14900.000000000000        14600.000000000000     
 k,gzc,gze =           44   15500.000000000000        15200.000000000000     
 k,gzc,gze =           45   16100.000000000000        15800.000000000000     
 k,gzc,gze =           46   16700.000000000000        16400.000000000000     
 k,gzc,gze =           47   17300.000000000000        17000.000000000000     
 k,gzc,gze =           48   17900.000000000000        17600.000000000000     
 k,gzc,gze =           49   18500.000000000000        18200.000000000000     
 k,gzc,gze =           50   19100.000000000000        18800.000000000000     
 k,gzc,gze =           51   19700.000000000000        19400.000000000000     
 k,gzc,gze =           52   20300.000000000000        20000.000000000000     

 model heights:
     k       zf         zh         dz         mf         mh
 ---------------------------------------------------------------
      1       0.00      77.69     155.39     2.5238     2.5238
      2     155.39     235.87     160.96     2.4793     2.4363
      3     316.35     399.72     166.74     2.3933     2.3519
      4     483.09     569.45     172.73     2.3104     2.2704
      5     655.82     745.28     178.93     2.2303     2.1917
      6     834.75     927.42     185.35     2.1530     2.1157
      7    1020.10    1116.10     192.01     2.0784     2.0424
      8    1212.11    1311.56     198.90     2.0064     1.9716
      9    1411.01    1514.03     206.04     1.9369     1.9033
     10    1617.05    1723.77     213.44     1.8697     1.8373
     11    1830.49    1941.04     221.10     1.8049     1.7737
     12    2051.59    2166.11     229.04     1.7424     1.7122
     13    2280.63    2399.26     237.26     1.6820     1.6529
     14    2517.89    2640.78     245.78     1.6237     1.5956
     15    2763.66    2890.97     254.60     1.5674     1.5403
     16    3018.27    3150.14     263.74     1.5131     1.4869
     17    3282.01    3418.61     273.21     1.4607     1.4354
     18    3555.22    3696.73     283.02     1.4101     1.3856
     19    3838.24    3984.83     293.18     1.3612     1.3376
     20    4131.42    4283.27     303.70     1.3140     1.2912
     21    4435.12    4592.43     314.61     1.2685     1.2465
     22    4749.73    4912.68     325.90     1.2245     1.2033
     23    5075.63    5244.43     337.60     1.1821     1.1616
     24    5413.24    5588.10     349.72     1.1411     1.1213
     25    5762.96    5944.10     362.28     1.1016     1.0825
     26    6125.24    6312.88     375.28     1.0634     1.0450
     27    6500.52    6694.90     388.76     1.0265     1.0087
     28    6889.28    7090.63     402.71     0.9910     0.9738
     29    7291.99    7500.58     417.17     0.9566     0.9400
     30    7709.16    7925.23     432.15     0.9235     0.9075
     31    8141.31    8365.14     447.66     0.8915     0.8760
     32    8588.97    8820.84     463.73     0.8606     0.8457
     33    9052.70    9292.89     480.38     0.8307     0.8163
     34    9533.08    9781.90     497.63     0.8020     0.7881
     35   10030.71   10288.46     515.49     0.7742     0.7607
     36   10546.20   10813.20     534.00     0.7473     0.7344
     37   11080.20   11356.79     553.17     0.7214     0.7089
     38   11633.37   11919.88     573.03     0.6964     0.6844
     39   12206.40   12503.20     593.60     0.6723     0.6606
     40   12800.00   13100.00     600.00     0.6571     0.6536
     41   13400.00   13700.00     600.00     0.6536     0.6536
     42   14000.00   14300.00     600.00     0.6536     0.6536
     43   14600.00   14900.00     600.00     0.6536     0.6536
     44   15200.00   15500.00     600.00     0.6536     0.6536
     45   15800.00   16100.00     600.00     0.6536     0.6536
     46   16400.00   16700.00     600.00     0.6536     0.6536
     47   17000.00   17300.00     600.00     0.6536     0.6536
     48   17600.00   17900.00     600.00     0.6536     0.6536
     49   18200.00   18500.00     600.00     0.6536     0.6536
     50   18800.00   19100.00     600.00     0.6536     0.6536
     51   19400.00   19700.00     600.00     0.6536     0.6536
     52   20000.00                           0.6536

   patchsww = F
   patchnww = T
   patchsee = F
   patchnee = F
   patchsws = F
   patchses = T
   patchnwn = F
   patchnen = F

   p2tchsww = T
   p2tchnww = F
   p2tchsee = F
   p2tchnee = F
   p2tchsws = T
   p2tchses = F
   p2tchnwn = F
   p2tchnen = F

   minx =    0.00000000    
   maxx =    150000.000    
   miny =    0.00000000    
   maxy =    150000.000    
   maxz =    20000.0000    

   ibw =           1
   ibe =           0
   ibs =           1
   ibn =           0

   min_dx =    2000.00000    
   max_dx =    2000.00000    
   min_dy =    2000.00000    
   max_dy =    2000.00000    
   min_dz =    155.385071    
   max_dz =    600.000000    


   k,c1,c2,zhm1,zf,zh:
      1    0.5000    0.5000     -77.69       0.00      77.69
      2    0.5088    0.4912      77.69     155.39     235.87
      3    0.5088    0.4912     235.87     316.35     399.72
      4    0.5088    0.4912     399.72     483.09     569.45
      5    0.5088    0.4912     569.45     655.82     745.28
      6    0.5088    0.4912     745.28     834.75     927.42
      7    0.5088    0.4912     927.42    1020.10    1116.10
      8    0.5088    0.4912    1116.10    1212.11    1311.56
      9    0.5088    0.4912    1311.56    1411.01    1514.03
     10    0.5088    0.4912    1514.03    1617.05    1723.77
     11    0.5088    0.4912    1723.77    1830.49    1941.04
     12    0.5088    0.4912    1941.04    2051.59    2166.11
     13    0.5088    0.4912    2166.11    2280.63    2399.26
     14    0.5088    0.4912    2399.26    2517.89    2640.78
     15    0.5088    0.4912    2640.78    2763.66    2890.97
     16    0.5088    0.4912    2890.97    3018.27    3150.14
     17    0.5088    0.4912    3150.14    3282.01    3418.61
     18    0.5088    0.4912    3418.61    3555.22    3696.73
     19    0.5088    0.4912    3696.73    3838.24    3984.83
     20    0.5088    0.4912    3984.83    4131.42    4283.27
     21    0.5088    0.4912    4283.27    4435.12    4592.43
     22    0.5088    0.4912    4592.43    4749.73    4912.68
     23    0.5088    0.4912    4912.68    5075.63    5244.43
     24    0.5088    0.4912    5244.43    5413.24    5588.10
     25    0.5088    0.4912    5588.10    5762.96    5944.10
     26    0.5088    0.4912    5944.10    6125.24    6312.88
     27    0.5088    0.4912    6312.88    6500.52    6694.90
     28    0.5088    0.4912    6694.90    6889.28    7090.63
     29    0.5088    0.4912    7090.63    7291.99    7500.58
     30    0.5088    0.4912    7500.58    7709.16    7925.23
     31    0.5088    0.4912    7925.23    8141.31    8365.14
     32    0.5088    0.4912    8365.14    8588.97    8820.84
     33    0.5088    0.4912    8820.84    9052.70    9292.89
     34    0.5088    0.4912    9292.89    9533.08    9781.90
     35    0.5088    0.4912    9781.90   10030.71   10288.46
     36    0.5088    0.4912   10288.46   10546.20   10813.20
     37    0.5088    0.4912   10813.20   11080.20   11356.79
     38    0.5088    0.4912   11356.79   11633.37   11919.88
     39    0.5088    0.4912   11919.88   12206.40   12503.20
     40    0.5027    0.4973   12503.20   12800.00   13100.00
     41    0.5000    0.5000   13100.00   13400.00   13700.00
     42    0.5000    0.5000   13700.00   14000.00   14300.00
     43    0.5000    0.5000   14300.00   14600.00   14900.00
     44    0.5000    0.5000   14900.00   15200.00   15500.00
     45    0.5000    0.5000   15500.00   15800.00   16100.00
     46    0.5000    0.5000   16100.00   16400.00   16700.00
     47    0.5000    0.5000   16700.00   17000.00   17300.00
     48    0.5000    0.5000   17300.00   17600.00   17900.00
     49    0.5000    0.5000   17900.00   18200.00   18500.00
     50    0.5000    0.5000   18500.00   18800.00   19100.00
     51    0.5000    0.5000   19100.00   19400.00   19700.00
     52    0.5000    0.5000   19700.00   20000.00   20300.00


   ------ tauf, tauh -----
           1   0.00000000       0.00000000    
           2   0.00000000       0.00000000    
           3   0.00000000       0.00000000    
           4   0.00000000       0.00000000    
           5   0.00000000       0.00000000    
           6   0.00000000       0.00000000    
           7   0.00000000       0.00000000    
           8   0.00000000       0.00000000    
           9   0.00000000       0.00000000    
          10   0.00000000       0.00000000    
          11   0.00000000       0.00000000    
          12   0.00000000       0.00000000    
          13   0.00000000       0.00000000    
          14   0.00000000       0.00000000    
          15   0.00000000       0.00000000    
          16   0.00000000       0.00000000    
          17   0.00000000       0.00000000    
          18   0.00000000       0.00000000    
          19   0.00000000       0.00000000    
          20   0.00000000       0.00000000    
          21   0.00000000       0.00000000    
          22   0.00000000       0.00000000    
          23   0.00000000       0.00000000    
          24   0.00000000       0.00000000    
          25   0.00000000       0.00000000    
          26   0.00000000       0.00000000    
          27   0.00000000       0.00000000    
          28   0.00000000       0.00000000    
          29   0.00000000       0.00000000    
          30   0.00000000       0.00000000    
          31   0.00000000       0.00000000    
          32   0.00000000       0.00000000    
          33   0.00000000       0.00000000    
          34   0.00000000       0.00000000    
          35   0.00000000       0.00000000    
          36   0.00000000       0.00000000    
          37   0.00000000       0.00000000    
          38   0.00000000       0.00000000    
          39   0.00000000       0.00000000    
          40   0.00000000       0.00000000    
          41   0.00000000       0.00000000    
          42   0.00000000       0.00000000    
          43   0.00000000       0.00000000    
          44   3.94263864E-03   2.44717300E-02
          45   6.18466735E-02  0.114743382    
          46  0.181288034      0.259123147    
          47  0.345491529      0.437333375    
          48  0.531395316      0.624345005    
          49  0.712889671      0.793892622    
          50  0.864484310      0.922163963    
          51  0.964888215      0.991143644    
          52   1.00000000    


   vialpha,vibeta =   0.500000000      0.500000000    


   x0,alpha,delta,sum,predict,maxz:
   0.00000000    
  0.500000000       1.51795030       2.57244539       3.66479731    
   1.85094726      -1.19824338      0.347296089       0.00000000    
   1.00000000       1.52587891E-05   20000.0000    


   cgs1,cgs2,cgs3 =    1.85094726      -1.19824338      0.347296089    
   sum            =    1.00000000    

   dgs1,dgs2,dgs3 =   -1.93890107       2.86228609     -0.923384964    
   sum            =    5.96046448E-08


   x0,alpha,delta,sum,predict,maxz:
   33.3333321    
   32.8333321       31.8333340       30.8333340       29.8333340    
   1.87500155      -1.25000143      0.374999881       0.00000000    
   1.00000000       20000.0020       20000.0000    


   cgt1,cgt2,cgt3 =    1.87500155      -1.25000143      0.374999881    
   sum            =    1.00000000    

   dgt1,dgt2,dgt3 =    2.00000381      -3.00000381       1.00000000    
   sum            =    0.00000000    

 Leaving PARAM
 Inside BASE

  Reading sounding from external file, input_sounding

  p_sfc, th_sfc, qv_sfc =    960.000000       304.899994       19.0599995    
   Found           68   levels (including surface)


     k,z,th,qv:
           1   0.00000000       304.899994       19.0599995    
           2   0.00000000       304.899994       19.0599995    
           3   253.000000       305.200012       17.9099998    
           4   329.000000       305.299988       17.5799999    
           5   557.000000       305.500000       17.2199993    
           6   757.000000       305.600006       16.9099998    
           7   862.000000       306.799988       15.3999996    
           8   1069.00000       309.200012       12.7700005    
           9   1472.00000       310.700012       8.30000019    
          10   1777.00000       311.799988       5.88999987    
          11   1942.00000       312.399994       4.86000013    
          12   2081.00000       312.399994       5.42000008    
          13   2386.00000       312.399994       6.84999990    
          14   2475.00000       312.399994       7.32000017    
          15   2721.00000       312.899994       4.53999996    
          16   2876.00000       313.000000       3.85999990    
          17   3070.00000       314.399994       1.21000004    
          18   3301.00000       315.799988       1.08000004    
          19   3605.00000       317.600006      0.920000017    
          20   3807.00000       318.700012      0.819999993    
          21   3910.00000       318.899994      0.829999983    
          22   4520.00000       319.500000      0.829999983    
          23   4718.00000       319.700012      0.839999974    
          24   5026.00000       323.500000      0.230000004    
          25   5423.00000       324.600006      0.189999998    
          26   5434.00000       324.600006      0.189999998    
          27   5739.00000       325.700012      0.209999993    
          28   6102.00000       327.100006      0.219999999    
          29   7123.00000       328.299988      0.119999997    
          30   7263.00000       328.500000      0.119999997    
          31   8787.00000       331.100006      0.170000002    
          32   9092.00000       331.399994      0.180000007    
          33   9160.00000       331.500000      0.189999998    
          34   9183.00000       331.600006       1.00000005E-03
          35   9701.00000       334.700012       1.00000005E-03
          36   9844.00000       335.500000       1.00000005E-03
          37   10311.0000       338.299988       1.00000005E-03
          38   10413.0000       338.899994       1.00000005E-03
          39   10921.0000       340.600006       1.00000005E-03
          40   11530.0000       342.500000       1.00000005E-03
          41   11863.0000       343.399994       1.00000005E-03
          42   12140.0000       347.799988       1.00000005E-03
          43   12290.0000       350.100006       1.00000005E-03
          44   13664.0000       359.100006       1.00000005E-03
          45   13663.0000       359.100006       1.00000005E-03
          46   14273.0000       362.500000       1.00000005E-03
          47   14391.0000       363.100006       1.00000005E-03
          48   14811.0000       371.299988       1.00000005E-03
          49   14883.0000       372.700012       1.00000005E-03
          50   15797.0000       391.100006       1.00000005E-03
          51   16103.0000       397.399994       1.00000005E-03
          52   16481.0000       399.899994       1.00000005E-03
          53   16637.0000       410.000000       1.00000005E-03
          54   17281.0000       413.000000       1.00000005E-03
          55   17321.0000       415.399994       1.00000005E-03
          56   17527.0000       427.799988       1.00000005E-03
          57   18236.0000       441.399994       1.00000005E-03
          58   18253.0000       441.799988       1.00000005E-03
          59   18517.0000       445.600006       1.00000005E-03
          60   18845.0000       457.100006       1.00000005E-03
          61   19981.0000       498.799988       1.00000005E-03
          62   20323.0000       504.700012       1.00000005E-03
          63   22954.0000       573.599976       1.00000005E-03
          64   23563.0000       595.500000       1.00000005E-03
          65   24663.0000       636.000000       1.00000005E-03
          66   26193.0000       679.000000       1.00000005E-03
          67   26846.0000       706.799988       1.00000005E-03
          68   27739.0000       734.200012       1.00000005E-03

     k,u,v:
           1  -1.68008852      -2.17436504    
           2  -2.28714967       6.28391504    
           3  -3.03701520       17.2238979    
           4  -2.85836720       16.2107277    
           5   0.00000000       18.0039997    
           6   4.05004406       17.5425529    
           7   6.15775585       16.9182167    
           8   10.3266935       14.7479963    
           9   14.1859379       11.9033737    
          10   16.8548927       11.8018789    
          11   17.6976376       12.3919735    
          12   18.5403824       12.9820671    
          13   19.8044987       13.8672075    
          14   20.2258720       14.1622553    
          15   21.0686169       14.7523489    
          16   22.6022434       15.2453480    
          17   24.8654766       15.5376129    
          18   27.1745205       15.6891508    
          19   30.2929077       17.4895458    
          20   30.1988850       19.6113091    
          21   29.9174347       20.9483356    
          22   32.0242958       22.4235706    
          23   30.7601795       21.5384293    
          24   29.0746899       20.3582420    
          25   26.9678288       18.8830070    
          26   26.1250839       18.2929134    
          27   26.1250839       18.2929134    
          28   27.3892021       19.1780529    
          29   30.7601795       21.5384293    
          30   30.3388081       21.2433815    
          31   36.2380219       25.3740406    
          32   34.1311569       23.8988056    
          33   34.1311569       23.8988056    
          34   34.1311569       23.8988056    
          35   44.7556915       20.8698215    
          36   44.7556915       20.8698215    
          37   43.0206604       15.6581488    
          38   41.0871468       14.9544115    
          39   38.2591820       10.2514391    
          40   41.4922562       19.3480644    
          41   40.2466736       10.7839813    
          42   39.5136528       6.96724367    
          43   38.5004807       6.78859663    
          44   27.0691795       9.85231876    
          45   28.8186054       7.72186279    
          46   27.0398979       12.6088505    
          47   29.8371277       13.9132147    
          48   27.9723072       13.0436392    
          49   27.9723072       13.0436392    
          50   27.9723072       13.0436392    
          51   27.9723072       13.0436392    
          52   27.9723072       13.0436392    
          53   27.9723072       13.0436392    
          54   27.9723072       13.0436392    
          55   27.9723072       13.0436392    
          56   27.9723072       13.0436392    
          57   27.9723072       13.0436392    
          58   27.9723072       13.0436392    
          59   27.9723072       13.0436392    
          60   27.9723072       13.0436392    
          61   27.9723072       13.0436392    
          62   27.9723072       13.0436392    
          63   27.9723072       13.0436392    
          64   27.9723072       13.0436392    
          65   27.9723072       13.0436392    
          66   27.9723072       13.0436392    
          67   27.9723072       13.0436392    
          68   27.9723072       13.0436392    


 interpolating sounding to grid: 

           0.00000000       77.6925354       253.000000      0.307085127    
           0.00000000       235.866806       253.000000      0.932279885    
           329.000000       399.719604       557.000000      0.310173690    
           557.000000       569.454773       757.000000       6.22738637E-02
           557.000000       745.283569       757.000000      0.941417873    
           862.000000       927.424622       1069.00000      0.316060960    
           1069.00000       1116.10461       1472.00000      0.116884902    
           1069.00000       1311.55835       1472.00000      0.601881742    
           1472.00000       1514.02905       1777.00000      0.137800172    
           1472.00000       1723.76831       1777.00000      0.825469851    
           1777.00000       1941.03748       1942.00000      0.994166493    
           2081.00000       2166.10669       2386.00000      0.279038340    
           2386.00000       2399.25586       2475.00000      0.148942247    
           2475.00000       2640.77539       2721.00000      0.673883677    
           2876.00000       2890.96533       3070.00000       7.71408901E-02
           3070.00000       3150.13745       3301.00000      0.346915364    
           3301.00000       3418.61377       3605.00000      0.386887401    
           3605.00000       3696.72876       3807.00000      0.454102784    
           3910.00000       3984.82812       4520.00000      0.122669056    
           3910.00000       4283.27051       4520.00000      0.611918867    
           4520.00000       4592.42676       4718.00000      0.365791708    
           4718.00000       4912.68164       5026.00000      0.632083237    
           5026.00000       5244.43457       5423.00000      0.550213039    
           5434.00000       5588.09717       5739.00000      0.505236626    
           5739.00000       5944.09766       6102.00000      0.565007329    
           6102.00000       6312.87793       7123.00000      0.206540585    
           6102.00000       6694.89844       7123.00000      0.580703676    
           6102.00000       7090.63379       7123.00000      0.968299508    
           7263.00000       7500.57520       8787.00000      0.155889243    
           7263.00000       7925.23438       8787.00000      0.434536994    
           7263.00000       8365.13867       8787.00000      0.723188102    
           8787.00000       8820.83594       9092.00000      0.110937499    
           9183.00000       9292.89355       9701.00000      0.212149724    
           9701.00000       9781.89746       9844.00000      0.565716505    
           9844.00000       10288.4570       10311.0000      0.951728106    
           10413.0000       10813.2031       10921.0000      0.787801445    
           10921.0000       11356.7871       11530.0000      0.715578198    
           11863.0000       11919.8848       12140.0000      0.205360159    
           12290.0000       12503.1992       13664.0000      0.155166820    
           12290.0000       13100.0000       13664.0000      0.589519680    
           13663.0000       13700.0000       14273.0000       6.06557392E-02
           14273.0000       14300.0000       14391.0000      0.228813559    
           14883.0000       14900.0000       15797.0000       1.85995623E-02
           14883.0000       15500.0000       15797.0000      0.675054729    
           15797.0000       16100.0000       16103.0000      0.990196049    
           16637.0000       16700.0000       17281.0000       9.78260860E-02
           17281.0000       17300.0000       17321.0000      0.474999994    
           17527.0000       17900.0000       18236.0000      0.526093066    
           18253.0000       18500.0000       18517.0000      0.935606062    
           18845.0000       19100.0000       19981.0000      0.224471837    
           18845.0000       19700.0000       19981.0000      0.752640843    


       k    prs0 (Pa)        pi0        rho0 (kg/m^3)
    ---------------------------------------------------------------------
       1     95166.33     0.9859590     1.0703498
       2     93485.29     0.9809565     1.0573388
       3     91766.82     0.9757757     1.0436164
       4     90011.12     0.9704106     1.0292686
       5     88218.23     0.9648541     1.0147177
       6     86392.74     0.9591130     0.9969282
       7     84539.13     0.9531941     0.9795130
       8     82654.29     0.9470795     0.9649808
       9     80735.77     0.9407526     0.9496903
      10     78784.72     0.9342071     0.9334296
      11     76802.45     0.9274372     0.9163421
      12     74789.16     0.9204324     0.8976445
      13     72744.92     0.9131806     0.8785866
      14     70670.52     0.9056714     0.8617814
      15     68566.91     0.8978937     0.8447158
      16     66439.88     0.8898542     0.8245230
      17     64296.38     0.8815641     0.8015164
      18     62139.18     0.8730192     0.7784428
      19     59967.84     0.8642015     0.7568735
      20     57780.22     0.8550838     0.7363547
      21     55576.87     0.8456476     0.7154992
      22     53367.82     0.8359147     0.6900161
      23     51161.31     0.8259013     0.6656416
      24     48955.23     0.8155763     0.6429248
      25     46750.48     0.8049198     0.6195389
      26     44549.63     0.7939177     0.5970089
      27     42353.16     0.7825432     0.5750714
      28     40163.54     0.7707765     0.5529107
      29     37985.48     0.7586079     0.5302529
      30     35824.05     0.7460288     0.5073733
      31     33683.91     0.7330273     0.4844181
      32     31569.63     0.7195897     0.4614443
      33     29486.92     0.7057083     0.4381128
      34     27446.87     0.6914145     0.4126375
      35     25459.17     0.6767374     0.3875721
      36     23525.05     0.6616473     0.3640629
      37     21644.84     0.6461025     0.3412990
      38     19823.50     0.6300950     0.3183388
      39     18078.52     0.6137401     0.2919538
      40     16435.03     0.5972698     0.2697319
      41     14909.51     0.5808922     0.2488627
      42     13501.69     0.5646787     0.2297055
      43     12215.12     0.5487678     0.2078778
      44     11052.86     0.5333288     0.1874732
      45     10004.23     0.5183693     0.1692158
      46      9058.02     0.5038759     0.1526413
      47      8194.87     0.4896780     0.1407800
      48      7414.63     0.4758924     0.1247940
      49      6713.81     0.4625956     0.1135318
      50      6083.39     0.4497583     0.1010202
      51      5522.05     0.4375008     0.0900174


       k    th0 (K)     thv0 (K)     t0 (K)     l.r. (K/km)     N^2
    ---------------------------------------------------------------------
       1    304.9921    308.3957    300.7097       4.2116      0.0406
       2    305.1797    308.4570    299.3680       8.3355      0.1212
       3    305.3620    308.5506    297.9648       8.4152      0.1784
       4    305.5062    308.6466    296.4665       8.6748      0.1767
       5    305.5941    308.6865    294.8538       9.0131      0.0708
       6    307.5585    310.2476    294.9834      -0.6994      2.6698
       7    309.3753    311.6422    294.8947       0.4617      2.2916
       8    310.1028    311.9650    293.6920       6.0467      0.5105
       9    310.8516    312.3410    292.4344       6.1036      0.5735
      10    311.6080    312.7908    291.1064       6.2221      0.6615
      11    312.3965    313.3159    289.7281       6.2337      0.7441
      12    312.4000    313.5106    287.5431       9.5403      0.2661
      13    312.4000    313.7057    285.2776       9.5483      0.2572
      14    312.7369    313.7564    283.2369       8.3032      0.0645
      15    313.1080    313.8004    281.1377       8.2450      0.0541
      16    314.8857    315.1082    280.2023       3.5465      1.5469
      17    316.4964    316.6917    279.0119       4.3573      1.7999
      18    318.0995    318.2682    277.7070       4.6105      1.7213
      19    318.9736    319.1355    275.6575       6.9907      0.9105
      20    319.2672    319.4302    273.0002       8.7497      0.2982
      21    319.5732    319.7352    270.2462       8.7535      0.2976
      22    322.1019    322.1924    269.2498       3.0576      2.3044
      23    324.1052    324.1460    267.6789       4.6529      1.7566
      24    325.1558    325.1955    265.1893       7.1188      0.9068
      25    326.4910    326.5340    262.7991       6.5979      1.1122
      26    327.3478    327.3865    259.8872       7.7590      0.6816
      27    327.7968    327.8278    256.5152       8.6739      0.3399
      28    328.2620    328.2864    253.0166       8.6876      0.3405
      29    328.9053    328.9351    249.5101       8.4053      0.4642
      30    329.6298    329.6649    245.9133       8.3232      0.5032
      31    330.3803    330.4164    242.1778       8.3446      0.4989
      32    331.1333    331.1679    238.2801       8.4050      0.4806
      33    332.2577    332.2579    234.4770       7.9169      0.6711
      34    335.1526    335.1528    231.7294       5.5215      1.7102
      35    338.1648    338.1650    228.8488       5.5880      1.7027
      36    340.2393    340.2395    225.1184       6.9857      1.1235
      37    341.9596    341.9598    220.9409       7.5518      0.8944
      38    344.3036    344.3038    216.9440       6.9752      1.1695
      39    351.4965    351.4967    215.7275       2.0493      3.4170
      40    355.4057    355.4059    212.2731       5.7574      1.8083
      41    359.3062    359.3065    208.7182       5.9248      1.7846
      42    362.6373    362.6375    204.7735       6.5744      1.5088
      43    373.0422    373.0424    204.7136       0.1000      4.6252
      44    385.1210    385.1213    205.3961      -1.1376      5.2101
      45    397.3382    397.3385    205.9679      -0.9530      5.1061
      46    410.2935    410.2937    206.7370      -1.2818      5.2459
      47    414.1400    414.1403    202.7952       6.5696      1.5257
      48    434.9549    434.9551    206.9917      -6.9941      8.0177
      49    445.3553    445.3556    206.0194       1.6205      3.8635
      50    466.4605    466.4608    209.7945      -6.2918      7.5702
      51    488.4851    488.4855    213.7126      -6.5303      7.5432


   Richardson number:  NOTE!!!  Ri should be > 0.25 for most applications!

   k,z,Ri:           2   156.779663       6.56792847E-03 <---- NOTE!  Ri < 0.25
   k,z,Ri:           3   317.793213      0.439205140    
   k,z,Ri:           4   484.587189       8.08897913E-02 <---- NOTE!  Ri < 0.25
   k,z,Ri:           5   657.369141       1.73391774E-02 <---- NOTE!  Ri < 0.25
   k,z,Ri:           6   836.354126      0.592872560    
   k,z,Ri:           7   1021.76465      0.584386945    
   k,z,Ri:           8   1213.83154      0.367057145    
   k,z,Ri:           9   1412.79370      0.484290212    
   k,z,Ri:          10   1618.89868      0.877767026    
   k,z,Ri:          11   1832.40283       1.76677966    
   k,z,Ri:          12   2053.57202      0.638745427    
   k,z,Ri:          13   2282.68115       1.00608993    
   k,z,Ri:          14   2520.01562      0.299344897    
   k,z,Ri:          15   2765.87036       7.77312294E-02 <---- NOTE!  Ri < 0.25
   k,z,Ri:          16   3020.55127       1.25069678    
   k,z,Ri:          17   3284.37549       1.65002930    
   k,z,Ri:          18   3557.67139       1.74417806    
   k,z,Ri:          19   3840.77832       1.07290030    
   k,z,Ri:          20   4134.04932       1.70674646    
   k,z,Ri:          21   4437.84863       15.3919201    
   k,z,Ri:          22   4752.55420       4.62953997    
   k,z,Ri:          23   5078.55811       4.16976404    
   k,z,Ri:          24   5416.26562       2.28135395    
   k,z,Ri:          25   5766.09766       18.8682423    
   k,z,Ri:          26   6128.48779       4.07634592    
   k,z,Ri:          27   6503.88818       2.12920070    
   k,z,Ri:          28   6892.76611       2.13297796    
   k,z,Ri:          29   7295.60449       14.5481768    
   k,z,Ri:          30   7712.90479       2.29302764    
   k,z,Ri:          31   8145.18652       2.27365947    
   k,z,Ri:          32   8592.98730       3.48084259    
   k,z,Ri:          33   9056.86523       3.83905840    
   k,z,Ri:          34   9537.39551      0.549297452    
   k,z,Ri:          35   10035.1777       1.62694931    
   k,z,Ri:          36   10550.8301      0.792215824    
   k,z,Ri:          37   11084.9951      0.807363927    
   k,z,Ri:          38   11638.3359      0.821527362    
   k,z,Ri:          39   12211.5420       6.28008318    
   k,z,Ri:          40   12801.5996       2.45053101    
   k,z,Ri:          41   13400.0000       6.66491270    
   k,z,Ri:          42   14000.0000       2.17567515    
   k,z,Ri:          43   14600.0000       1600.02026    
   k,z,Ri:          44   15200.0000       521010880.    
   k,z,Ri:          45   15800.0000       510614496.    
   k,z,Ri:          46   16400.0000       524586304.    
   k,z,Ri:          47   17000.0000       152568752.    
   k,z,Ri:          48   17600.0000       801772096.    
   k,z,Ri:          49   18200.0000       386353664.    
   k,z,Ri:          50   18800.0000       757021440.    
   k,z,Ri:          51   19400.0000       754319168.    


       k  theta-e (K)       rh0          qv0          qc0          qi0
    ---------------------------------------------------------------------
       1    361.2180     0.746565     0.018704     0.000000     0.000000
       2    359.2769     0.765035     0.017987     0.000000     0.000000
       3    357.9687     0.795197     0.017480     0.000000     0.000000
       4    357.3099     0.842005     0.017204     0.000000     0.000000
       5    356.5935     0.898027     0.016931     0.000000     0.000000
       6    351.9169     0.751467     0.014595     0.000000     0.000000
       7    346.8395     0.617836     0.012203     0.000000     0.000000
       8    340.9742     0.532665     0.009978     0.000000     0.000000
       9    335.6923     0.448644     0.007946     0.000000     0.000000
      10    331.4999     0.376910     0.006285     0.000000     0.000000
      11    328.0279     0.310897     0.004866     0.000000     0.000000
      12    331.1370     0.422303     0.005884     0.000000     0.000000
      13    334.2994     0.561836     0.006924     0.000000     0.000000
      14    330.0004     0.487704     0.005392     0.000000     0.000000
      15    325.0440     0.369899     0.003652     0.000000     0.000000
      16    318.9708     0.121831     0.001164     0.000000     0.000000
      17    320.1140     0.111821     0.001016     0.000000     0.000000
      18    321.2564     0.101819     0.000874     0.000000     0.000000
      19    322.0104     0.108726     0.000835     0.000000     0.000000
      20    322.3262     0.127866     0.000841     0.000000     0.000000
      21    322.6159     0.149776     0.000835     0.000000     0.000000
      22    323.8599     0.085740     0.000462     0.000000     0.000000
      23    324.9351     0.041509     0.000207     0.000000     0.000000
      24    325.9660     0.046739     0.000201     0.000000     0.000000
      25    327.3644     0.058020     0.000217     0.000000     0.000000
      26    328.1400     0.062841     0.000195     0.000000     0.000000
      27    328.4380     0.063032     0.000155     0.000000     0.000000
      28    328.7739     0.063391     0.000122     0.000000     0.000000
      29    329.5230     0.099196     0.000149     0.000000     0.000000
      30    330.3536     0.152810     0.000175     0.000000     0.000000
      31    331.1224     0.208787     0.000180     0.000000     0.000000
      32    331.8469     0.273358     0.000172     0.000000     0.000000
      33    332.2629     0.002189     0.000001     0.000000     0.000000
      34    335.1579     0.002701     0.000001     0.000000     0.000000
      35    338.1702     0.003410     0.000001     0.000000     0.000000
      36    340.2447     0.004804     0.000001     0.000000     0.000000
      37    341.9651     0.007228     0.000001     0.000000     0.000000
      38    344.3091     0.010474     0.000001     0.000000     0.000000
      39    351.5024     0.011706     0.000001     0.000000     0.000000
      40    355.4118     0.016890     0.000001     0.000000     0.000000
      41    359.3120     0.022788     0.000001     0.000000     0.000000
      42    362.6431     0.035243     0.000001     0.000000     0.000000
      43    373.0482     0.032143     0.000001     0.000000     0.000000
      44    385.1273     0.026608     0.000001     0.000000     0.000000
      45    397.3446     0.022091     0.000001     0.000000     0.000000
      46    410.3002     0.018306     0.000001     0.000000     0.000000
      47    414.1467     0.028352     0.000001     0.000000     0.000000
      48    434.9620     0.014202     0.000001     0.000000     0.000000
      49    445.3626     0.014721     0.000001     0.000000     0.000000
      50    466.4689     0.008796     0.000001     0.000000     0.000000
      51    488.4944     0.005053     0.000001     0.000000     0.000000


   Thermodynamic properties of base-state sounding:

     for surface parcel:
        source p(mb),T(K),qv(g/kg) =      960.0     301.4      19.1
        LCL,LFC,EL (m AGL)         =      647.6     650.9     844.1
        CAPE,CIN (J/kg)            =     4784.3       6.6

     for most-unstable parcel:
        source p(mb),T(K),qv(g/kg) =      960.0     301.4      19.1
        LCL,LFC,EL (m AGL)         =      647.6     650.9     844.1
        CAPE,CIN (J/kg)            =     4784.3       6.6

     for mixed-layer parcel:
        source p(mb),T(K),qv(g/kg) =      960.0     301.7      18.0
        LCL,LFC,EL (m AGL)         =      793.2    1463.4   13694.8
        CAPE,CIN (J/kg)            =     4180.8      18.9



       k     u0 (m/s)     v0 (m/s)
    ---------------------------------------------------------------------
       1      -2.5174       9.6434
       2      -2.9862      16.4830
       3      -1.9718      16.7670
       4       0.2522      17.9753
       5       3.8128      17.5696
       6       7.4754      16.2323
       7      10.7778      14.4155
       8      12.6495      13.0359
       9      14.5537      11.8894
      10      16.3891      11.8196
      11      17.6927      12.3885
      12      18.8931      13.2291
      13      19.8673      13.9112
      14      20.7938      14.5599
      15      22.7768      15.2679
      16      25.6665      15.5902
      17      28.3810      16.3857
      18      30.2502      18.4530
      19      30.1759      21.1293
      20      31.2067      21.8511
      21      31.5619      22.0998
      22      29.6948      20.7925
      23      27.9155      19.5465
      24      26.1251      18.2929
      25      26.8393      18.7930
      26      28.0854      19.6656
      27      29.3467      20.5487
      28      30.6533      21.4636
      29      31.2584      21.8873
      30      32.9022      23.0383
      31      34.6050      24.2306
      32      36.0043      25.2104
      33      36.3851      23.2562
      34      44.7557      20.8698
      35      43.1044      15.9097
      36      38.8593      11.2494
      37      40.5727      16.7608
      38      40.0961      10.0002
      39      36.7267       7.2640
      40      31.7615       8.5947
      41      28.7107       8.0183
      42      27.6799      12.9073
      43      27.9723      13.0436
      44      27.9723      13.0436
      45      27.9723      13.0436
      46      27.9723      13.0436
      47      27.9723      13.0436
      48      27.9723      13.0436
      49      27.9723      13.0436
      50      27.9723      13.0436
      51      27.9723      13.0436


   psurf,tsurf  =    96000.0000       301.368195    
   qsurf,thsurf =    1.90599989E-02   304.899994    

 Leaving BASE
   rbufsz,nrad2d =            1          10
 Inside INIT3D

   seed_size =            8
   rand-1 =   0.620773196    

 Leaving INIT3D

   allocating diagnostic arrays:  ntdiag,nqdiag =            1           1


   strlen          =            0
   baselen         =            6
   totlen          =            6
   output_basename = cm1out
   statfile        = cm1out_stats.dat                                                      



   Settings used in this simulation:
   isfcflx  =            0
   bbc      =            1
   dosfcflx =  F

 Inside GETSET

   mass1 =    207379573283024.75     

 Leaving GETSET

   zf,grdscl:
           2   155.385071       322.806396    
           3   316.348541       549.380249    
           4   483.090637       682.472656    
           5   655.818909       760.946350    
           6   834.748169       810.955566    
           7   1020.10107       845.898438    
           8   1212.10815       872.462646    
           9   1411.00854       894.119019    
          10   1617.04944       912.767090    
          11   1830.48730       929.503540    
          12   2051.58765       944.990601    
          13   2280.62573       959.646301    
          14   2517.88623       973.744629    
          15   2763.66455       987.469299    
          16   3018.26636       1000.94989    
          17   3282.00854       1014.27673    
          18   3555.21924       1027.51782    
          19   3838.23828       1040.72192    
          20   4131.41797       1053.92712    
          21   4435.12256       1067.16235    
          22   4749.73047       1080.45081    
          23   5075.63330       1093.81213    
          24   5413.23584       1107.25879    
          25   5762.95850       1120.80518    
          26   6125.23633       1134.45959    
          27   6500.52002       1148.23352    
          28   6889.27686       1162.13232    
          29   7291.99023       1176.16211    
          30   7709.16064       1190.33142    
          31   8141.30811       1204.64282    
          32   8588.96973       1219.10242    
          33   9052.70312       1233.71436    
          34   9533.08398       1248.48120    
          35   10030.7109       1263.40857    
          36   10546.2031       1278.49988    
          37   11080.2021       1293.75659    
          38   11633.3711       1309.18262    
          39   12206.3994       1324.78333    
          40   12800.0000       1335.03540    
          41   13400.0000       1337.53870    
          42   14000.0000       1337.64990    
          43   14600.0000       1337.74768    
          44   15200.0000       1337.83411    
          45   15800.0000       1337.91089    
          46   16400.0000       1337.97949    
          47   17000.0000       1338.04102    
          48   17600.0000       1338.09619    
          49   18200.0000       1338.14612    
          50   18800.0000       1338.19128    
          51   19400.0000       1338.23242    

   initial conditions:

  WMAX  :   0.00000        1    1    1    WMIN  :   0.00000        1    1    1
  UMAX  :   44.7557        1    1   34    UMIN  :  -2.98623        1    1    2
  SUMAX :  -2.51742        1    1    1    SUMIN :  -2.51742        1    1    1
  VMAX  :   25.2104        1    1   32    VMIN  :   7.26398        1    1   39
  SVMAX :   9.64342        1    1    1    SVMIN :   9.64342        1    1    1
  PPIMAX:   0.00000        1    1    1    PPIMIN:   0.00000        1    1    1
  PPMAX :   0.00000        1    1    1    PPMIN :   0.00000        1    1    1
  THPMAX:   0.00000        1    1    1    THPMIN:   0.00000        1    1    1
  STHPMX:   0.00000        1    1    1    STHPMN:   0.00000        1    1    1
  MAXqv :  0.187040E-01    1    1    1    MINqv :  0.998735E-06    1    1   48
  MAXqc :   0.00000        1    1    1    MINqc :   0.00000        1    1    1
  MAXqr :   0.00000        1    1    1    MINqr :   0.00000        1    1    1
  MAXqi :   0.00000        1    1    1    MINqi :   0.00000        1    1    1
  MAXqs :   0.00000        1    1    1    MINqs :   0.00000        1    1    1
  MAXqg :   0.00000        1    1    1    MINqg :   0.00000        1    1    1
  MAXqhl:   0.00000        1    1    1    MINqhl:   0.00000        1    1    1
  MAXccn:  0.163265E+10    1    1    1    MINccn:  0.163265E+10    1    1    1
  MAXccw:   0.00000        1    1    1    MINccw:   0.00000        1    1    1
  MAXcrw:   0.00000        1    1    1    MINcrw:   0.00000        1    1    1
  MAXcci:   0.00000        1    1    1    MINcci:   0.00000        1    1    1
  MAXcsw:   0.00000        1    1    1    MINcsw:   0.00000        1    1    1
  MAXchw:   0.00000        1    1    1    MINchw:   0.00000        1    1    1
  MAXchl:   0.00000        1    1    1    MINchl:   0.00000        1    1    1
  MAXvhw:   0.00000        1    1    1    MINvhw:   0.00000        1    1    1
  MAXvhl:   0.00000        1    1    1    MINvhl:   0.00000        1    1    1
  TKEMAX:   0.00000        1    1    1    TKEMIN:   0.00000        1    1    1
  KMHMAX:  0.133823        1    1   51    KMHMIN:   0.00000        1    1    1
  KMVMAX:  0.133823        1    1   51    KMVMIN:   0.00000        1    1    1
  KHHMAX:  0.401470        1    1   51    KHHMIN:   0.00000        1    1    1
  KHVMAX:  0.401470        1    1   51    KHVMIN:   0.00000        1    1    1
  DIVMAX:   0.00000        1    1    1    DIVMIN:   0.00000        1    1    1
  RHMAX :  0.900729        1    1    5    RHMIN :  0.219052E-02    1    1   33
  RHIMAX:  0.732294        1    1    5    RHIMIN:  0.324651E-02    1    1   33
  THEMAX:   361.111        1    1    1    THEMIN:   318.752        1    1   16
  STHEMX:   361.111        1    1    1    STHEMN:   361.111        1    1    1
  QCTOP :      0.000000    1    1    1    QCBOT :      0.000000    1    1    1
  SFPMAX:   95166.3        1    1    1    SFPMIN:   95166.3        1    1    1
  PSFCMX:   96000.0        1    1    1    PSFCMN:   96000.0        1    1    1
  WSPMAX:   49.3824        1    1   34    WSPMIN:   9.96659        1    1    1
  SWSPMX:   9.96659        1    1    1    SWSPMN:   9.96659        1    1    1
  CFLMAX:      0.185184    1    1   34
  KSHMAX:  0.752756E-06    1    1   51
  KSVMAX:  0.553805E-04    1    1    5
  VORSFC:  0.000000E+00
  VOR1KM:  0.000000E+00
  VOR2KM:  0.000000E+00
  VOR3KM:  0.000000E+00
  VOR4KM:  0.000000E+00
  VOR5KM:  0.000000E+00
  TMASS :  0.207380E+15
  TMOIS :  0.728009E+12
  qv MAS:  0.728009E+12
  qc MAS:  0.000000E+00
  qr MAS:  0.000000E+00
  qi MAS:  0.000000E+00
  qs MAS:  0.000000E+00
  qg MAS:  0.000000E+00
  qhlMAS:  0.000000E+00
  TENERG:  0.521540E+20
  TMU   :  0.528525E+16
  TMV   :  0.346814E+16
  TMW   :  0.000000E+00
  TMFU  :  0.000000E+00
  TMFD  :  0.000000E+00
  tcond :  0.000000E+00
  tevac :  0.000000E+00
  tauto :  0.000000E+00
  taccr :  0.000000E+00
  tevar :  0.000000E+00
  train :  0.000000E+00
  erain :  0.000000E+00
  qsfc  :  0.000000E+00
  esfc  :  0.000000E+00
  erad  :  0.000000E+00
  asqv  :  0.000000E+00
  asqc  :  0.000000E+00
  asqr  :  0.000000E+00
  asqi  :  0.000000E+00
  asqs  :  0.000000E+00
  asqg  :  0.000000E+00
  asqhl :  0.000000E+00
  asccn :  0.000000E+00
  asccw :  0.000000E+00
  ascrw :  0.000000E+00
  ascci :  0.000000E+00
  ascsw :  0.000000E+00
  aschw :  0.000000E+00
  aschl :  0.000000E+00
  asvhw :  0.000000E+00
  asvhl :  0.000000E+00
  bsqv  :  0.000000E+00
  bsqc  :  0.000000E+00
  bsqr  :  0.000000E+00
  bsqi  :  0.000000E+00
  bsqs  :  0.000000E+00
  bsqg  :  0.000000E+00
  bsqhl :  0.000000E+00
  bsccn :  0.000000E+00
  bsccw :  0.000000E+00
  bscrw :  0.000000E+00
  bscci :  0.000000E+00
  bscsw :  0.000000E+00
  bschw :  0.000000E+00
  bschl :  0.000000E+00
  bsvhw :  0.000000E+00
  bsvhl :  0.000000E+00
 cm1out_stats.nc                                                       
   nrec =            1
   calling nf90_create 
   nwrite =            1
 cm1out.nc                                                             
   calling nf90_create 
     2d vars 
     s vars 
     u vars 
     v vars 
     w vars 

 Done Writing Data to File 

             0              0.000000 min 

 -------------Done with Preprocessors-----------


   Detected rstfrq = 0 
   ... writing restart file ... 

   string = cm1out_rst_000000.nc                                                  
  USING COMPRESSED netCDF4 
   leaving restart_prelim 

   ... stopping ... 

 Inside PARAM

   Everything is cool!
   ni,nj=          15          15


 dx        =   2000.00000    
 dy        =   2000.00000    
 dz        =   392.156860    
 dtl       =   7.50000000    
 timax     =   5400.00000    
 run_time  =   1200.00000    
 tapfrq    =   900.000000    
 rstfrq    =   300.000000    
 statfrq   =   60.0000000    
 prclfrq   =   60.0000000    

 adapt_dt  =           0
 irst      =           1
 rstnum    =           0
 iconly    =           0
 hadvordrs =           5
 vadvordrs =           5
 hadvordrv =           5
 vadvordrv =           5
 pdscheme  =           1
 apmasscon =           1
 advwenos  =           2
 advwenov  =           0
 idiff     =           0
 mdiff     =           0
 difforder =           6
 imoist    =           1
 iturb     =           1
 tconfig   =           1
 bcturbs   =           1
 dns       =           0
 irdamp    =           1
 hrdamp    =           0
 psolver   =           3
 nsound    =           6
 ptype     =          27
 ihail     =           1
 iautoc    =           1
 icor      =           0
 pertcor   =           0
 eqtset    =           2
 idiss     =           1
 efall     =           0
 rterm     =           0
 wbc       =           2
 ebc       =           2
 sbc       =           2
 nbc       =           2
 bbc       =           1
 tbc       =           1
 irbc      =           4
 roflux    =           0
 isnd      =           7
 iwnd      =           2
 itern     =           0
 iinit     =           0
 irandp    =           0
 ibalance  =           0
 iorigin   =           1
 axisymm   =           0
 imove     =           0
 iptra     =           0
 npt       =           1
 pdtra     =           1
 iprcl     =           0
 nparcels  =           1

 kdiff2    =   75.0000000    
 kdiff6    =   3.99999991E-02
 fcor      =   0.00000000    
 kdiv      =  0.100000001    
 alph      =  0.600000024    
 rdalpha   =   3.33333341E-03
 zd        =   15000.0000    
 xhd       =   100000.000    
 umove     =   0.00000000    
 vmove     =   0.00000000    
 v_t       =   7.00000000    
 l_h       =   100.000000    
 lhref1    =   100.000000    
 lhref2    =   1000.00000    
 l_inf     =   100.000000    
 ndcnst    =   250.000000    

 radopt    =           0
 dtrad     =   300.000000    
 ctrlat    =   35.2358284    
 ctrlon    =  -97.4619370    
 year      =        2003
 month     =           5
 day       =           8
 hour      =          20
 minute    =          40
 second    =           0

 isfcflx   =           0
 sfcmodel  =           0
 oceanmodel=           0
 ipbl      =           0
 initsfc   =           1
 tsk0      =   299.279999    
 tmn0      =   297.279999    
 xland0    =   2.00000000    
 lu0       =          16
 season    =           1
 cecd      =           3
 pertflx   =           0
 cnstce    =   1.00000005E-03
 cnstcd    =   1.00000005E-03
 isftcflx  =           0
 iz0tlnd   =           0
 oml_hml0  =   50.0000000    
 oml_gamma =  0.140000001    

 stretch_x =           0
 dx_inner  =   1000.00000    
 dx_outer  =   7000.00000    
 nos_x_len =   40000.0000    
 tot_x_len =   120000.000    

 stretch_y =           0
 dy_inner  =   1000.00000    
 dy_outer  =   7000.00000    
 nos_y_len =   40000.0000    
 tot_y_len =   120000.000    

 stretch_z =           2
 ztop      =   20000.0000    
 str_bot   =   0.00000000    
 str_top   =   8625.00000    
 dz_bot    =   150.000000    
 dz_top    =   600.000000    

 bc_temp   =           1
 ptc_top   =   250.000000    
 ptc_bot   =   300.000000    
 viscosity =   25.0000000    
 pr_num    =  0.720000029    

 var1      =   0.00000000    
 var2      =   0.00000000    
 var3      =   0.00000000    
 var4      =   0.00000000    
 var5      =   0.00000000    
 var6      =   0.00000000    
 var7      =   0.00000000    
 var8      =   0.00000000    
 var9      =   0.00000000    
 var10     =   0.00000000    

&NSSL2MOM_PARAMS
 RHO_QR=  1000.00000    ,
 CNOR=  8000000.00    ,
 RHO_QS=  100.000000    ,
 CNOS=  3000000.00    ,
 RHO_QH=  500.000000    ,
 CNOH=  40000.0000    ,
 CCN=  2.00000000E+09,
 INFALL=4          ,
 ALPHAH=  0.00000000    ,
 ALPHAHL= 0.500000000    ,
 IMURAIN=1          ,
 ICDX=3          ,
 ICDXHL=3          ,
 DFRZ=  1.50000007E-04,
 HLDNMN=  500.000000    ,
 IFERWISVENTR=2          ,
 IEHW=1          ,
 IEHLW=1          ,
 EHW0= 0.750000000    ,
 EHLW0= 0.750000000    ,
 DMRAUTO=0          ,
 IOLDLIMITER=0          ,
 /

 ZGRID:  STRETCH FAC  =    1.0359004512429237     
 ZGRID:  DOMAIN  HGT  =    20000.0000    

 ZGRID:  STRETCH FAC  =    1.0359004512429237     
 ZGRID:  DOMAIN  HGT  =    20000.0000    

 ZGRID:  STRETCH FAC  =    1.0359004512429237     
 ZGRID:  DOMAIN  HGT  =    20000.0000    

 ZGRID:  STRETCH FAC  =    1.0359004512429237     
 ZGRID:  DOMAIN  HGT  =    20000.0000    

 ZGRID:  STRETCH FAC  =    1.0359004512429237     
 ZGRID:  DOMAIN  HGT  =    20000.0000    

 ZGRID:  STRETCH FAC  =    1.0359004512429237     
 ZGRID:  DOMAIN  HGT  =    20000.0000    

 ZGRID:  STRETCH FAC  =    1.0359004512429237     

 ZGRID:  STRETCH FAC  =    1.0359004512429237     
 ZGRID:  DOMAIN  HGT  =    20000.0000    

 ZGRID:  STRETCH FAC  =    1.0359004512429237     
 ZGRID:  DOMAIN  HGT  =    20000.0000    

 ZGRID:  STRETCH FAC  =    1.0359004512429237     
 ZGRID:  DOMAIN  HGT  =    20000.0000    
 ZGRID:  DOMAIN  HGT  =    20000.0000    

 ZGRID:  STRETCH FAC  =    1.0359004512429237     
 ZGRID:  DOMAIN  HGT  =    20000.0000    

 ZGRID:  STRETCH FAC  =    1.0359004512429237     
 ZGRID:  DOMAIN  HGT  =    20000.0000    

 ZGRID:  STRETCH FAC  =    1.0359004512429237     
 ZGRID:  DOMAIN  HGT  =    20000.0000    

 ZGRID:  STRETCH FAC  =    1.0359004512429237     
 ZGRID:  DOMAIN  HGT  =    20000.0000    

 ZGRID:  STRETCH FAC  =    1.0359004512429237     
 ZGRID:  DOMAIN  HGT  =    20000.0000    

 ZGRID:  STRETCH FAC  =    1.0359004512429237     
 ZGRID:  DOMAIN  HGT  =    20000.0000    

 ZGRID:  STRETCH FAC  =    1.0359004512429237     
 ZGRID:  DOMAIN  HGT  =    20000.0000    

 ZGRID:  STRETCH FAC  =    1.0359004512429237     

 ZGRID:  STRETCH FAC  =    1.0359004512429237     
 ZGRID:  DOMAIN  HGT  =    20000.0000    
 ZGRID:  DOMAIN  HGT  =    20000.0000    

 ZGRID:  STRETCH FAC  =    1.0359004512429237     
 ZGRID:  DOMAIN  HGT  =    20000.0000    

 ZGRID:  STRETCH FAC  =    1.0359004512429237     
 ZGRID:  DOMAIN  HGT  =    20000.0000    

 ZGRID:  STRETCH FAC  =    1.0359004512429237     
 ZGRID:  DOMAIN  HGT  =    20000.0000    

 ZGRID:  STRETCH FAC  =    1.0359004512429237     
 ZGRID:  DOMAIN  HGT  =    20000.0000    

 ZGRID:  STRETCH FAC  =    1.0359004512429237     
 ZGRID:  DOMAIN  HGT  =    20000.0000    

 iice      =           1
 idm       =           1
 idmplus   =           1
 numq      =          16
 nqv       =           1
 nqc       =           2
 nqr       =           3
 nqi       =           4
 nqs       =           5
 nqg       =           6
 nql1      =           2
 nql2      =           3
 nqs1      =           4
 nqs2      =           7
 nnc1      =           8
 nnc2      =          14
 nvl1      =          15
 nvl2      =          16
 nzl1      =           1
 nzl2      =           1

 nrain     =           1


 output_path      = ./                                                                    
 output_basename  = cm1out                                                                
 output_format    =           2
 output_filetype  =           1
 output_interp    =           0
 output_rain      =           1
 output_sws       =           1
 output_svs       =           1
 output_sps       =           1
 output_srs       =           1
 output_sgs       =           1
 output_sus       =           1
 output_shs       =           1
 output_coldpool  =           0
 output_sfcflx    =           0
 output_sfcparams =           0
 output_sfcdiags  =           0
 output_psfc      =           0
 output_zs        =           0
 output_zh        =           0
 output_basestate =           0
 output_th        =           1
 output_thpert    =           0
 output_prs       =           1
 output_prspert   =           0
 output_pi        =           0
 output_pipert    =           0
 output_rho       =           1
 output_rhopert   =           1
 output_tke       =           1
 output_km        =           1
 output_kh        =           1
 output_qv        =           1
 output_qvpert    =           0
 output_q         =           1
 output_dbz       =           1
 output_buoyancy  =           0
 output_u         =           1
 output_upert     =           0
 output_uinterp   =           1
 output_v         =           1
 output_vpert     =           0
 output_vinterp   =           1
 output_w         =           1
 output_winterp   =           1
 output_vort      =           0
 output_pv        =           0
 output_uh        =           0
 output_pblten    =           0
 output_dissten   =           0
 output_dissheat  =           0
 output_mptend    =           0
 output_fallvel   =           0
 output_nm        =           0
 output_def       =           0
 output_turbten   =           0
 output_impdiften =           0
 output_radten    =           0


 restart_format       =            2
 restart_filetype     =            1
 restart_file_theta   =  T
 restart_file_dbz     =  T
 restart_file_th0     =  T
 restart_file_prs0    =  T
 restart_file_pi0     =  T
 restart_file_rho0    =  T
 restart_file_qv0     =  T
 restart_file_u0      =  T
 restart_file_v0      =  T
 restart_file_zs      =  F
 restart_file_zh      =  F
 restart_file_zf      =  F
 restart_file_diags   =  F
 restart_use_theta    =  T
 restart_reset_frqtim =  T

   maxk =           51


   myid,mynode             =            0           0
   nodemaster,nodes,ppnode =            0           1          25
   nodex,nodey             =            5           5

   d2i   =           80
   d2is  =           75
   d2iu  =           76
   d2iv  =           75

   d2j   =           80
   d2js  =           75
   d2ju  =           75
   d2jv  =           76

   d3i   =           16
   d3is  =           15
   d3iu  =           16
   d3iv  =           15

   d3j   =           16
   d3js  =           15
   d3ju  =           15
   d3jv  =           16

   d3n   =           25
   d3t   =           24


 stat_w       =            1
 stat_u       =            1
 stat_v       =            1
 stat_rmw     =            0
 stat_pipert  =            1
 stat_prspert =            1
 stat_thpert  =            1
 stat_q       =            1
 stat_tke     =            1
 stat_km      =            1
 stat_kh      =            1
 stat_div     =            1
 stat_rh      =            1
 stat_rhi     =            1
 stat_the     =            1
 stat_cloud   =            1
 stat_sfcprs  =            1
 stat_wsp     =            1
 stat_cfl     =            1
 stat_vort    =            1
 stat_tmass   =            1
 stat_tmois   =            1
 stat_qmass   =            1
 stat_tenerg  =            1
 stat_mo      =            1
 stat_tmf     =            1
 stat_pcn     =            1
 stat_qsrc    =            1

 stat_out =          150


 prcl_th      =            0
 prcl_t       =            0
 prcl_prs     =            0
 prcl_ptra    =            0
 prcl_q       =            0
 prcl_nc      =            0
 prcl_km      =            0
 prcl_kh      =            0
 prcl_tke     =            0
 prcl_dbz     =            0
 prcl_b       =            0
 prcl_vpg     =            0
 prcl_vort    =            0
 prcl_rho     =            0
 prcl_qsat    =            0
 prcl_sfc     =            0


   c_m,c_l,ri_c  =   0.100000001      0.816500008      0.250000000    
   c_e1,c_e2,sum =   0.200001687      0.786958814      0.986960530    
   c_s,rcs       =   0.178412408       5.60499144    

   nparcels =            1
   npvals   =            1
     prx      =            0
     pry      =            0
     prz      =            0
     pru      =            0
     prv      =            0
     prw      =            0
     prth     =            0
     prt      =            0
     prprs    =            0
     prpt1    =            0
     prpt2    =            0
     prqv     =            0
     prq1     =            0
     prq2     =            0
     prnc1    =            0
     prnc2    =            0
     prkm     =            0
     prkh     =            0
     prtke    =            0
     prdbz    =            0
     prb      =            0
     prvpg    =            0
     przv     =            0
     prrho    =            0
     prqsl    =            0
     prqsi    =            0
     prznt    =            0
     prust    =            0

   myi,myj=           1           1

   mywest  =           4
   myeast  =           1
   mysouth =          20
   mynorth =           5

   mysw    =          24
   mynw    =           9
   myne    =           6
   myse    =          21

   cs1we   =         765
   cs1sn   =         765
   ct1we   =         780
   ct1sn   =         780
   cv1we   =         816
   cu1sn   =         816
   cw1we   =         750
   cw1sn   =         750
   cs2we   =        1530
   cs2sn   =        1530
   cs3we   =        2295
   cs3sn   =        2295
   ct3we   =        2340
   ct3sn   =        2340
   cv3we   =        2448
   cu3sn   =        2448
   cw3we   =        2250
   cw3sn   =        2250


 g     =   9.81000042    
 to    =   273.149994    
 rd    =   287.040009    
 rv    =   461.500000    
 cp    =   1005.70001    
 cv    =   718.660034    
 cpv   =   1870.00000    
 cvv   =   1408.50000    
 p00   =   100000.000    
 rp00  =   9.99999975E-06
 th0r  =   300.000000    
 rcp   =   9.94332251E-04
 pi    =   3.14159274    

 cpdcv =   1.39941001    
 rovcp =  0.285413146    
 rddcv =  0.399410009    
 cvdrd =   2.50369287    
 cpdrd =   3.50369287    
 eps   =  0.621971846    
 reps  =   1.60778975    
 repsm1=  0.607789755    
 cpt   =  0.859401345    
 cvt   =  0.959897518    
 pnum  =  -72634.2500    
 xlv   =   2501000.00    
 xls   =   2834000.00    
 lvdcp =   2486.82495    
 condc =   13476814.0    
 cpl   =   4190.00000    
 cpi   =   2106.00000    
 lv1   =   3134708.00    
 lv2   =   2320.00000    
 ls1   =   2898463.50    
 ls2   =   236.000000    
 karman=  0.400000006    

 timeformat   =           2
 timestats    =           1
 terrain_flag = F
 procfiles    = F

 nx    =          75
 ny    =          75
 nz    =          51

 nodex    =           5
 nodey    =           5
 numprocs =          25
 ppnode   =          25

 ni    =          15
 nj    =          15
 nk    =          51
 nkp1  =          52

 ib,ibm,ibi,ibc,ibt=       -2       -2       -2       -2       -2
 ie,iem,iei,iec,iet=       18       18       18       18       18
 jb,jbm,jbi,jbc,jbt=       -2       -2       -2       -2       -2
 je,jem,jei,jec,jet=       18       18       18       18       18
 kb,kbm,kbi,kbc,kbt=        0        0        0        0        0
 ke,kem,kei,kec,ket=       52       52       52       53       53

 imirror,jmirror =            0           0

 ibp,itb,ipb,ibr,ibb=        1        1        1        1        1
 iep,ite,ipe,ier,ieb=        1        1        1        1        1
 jbp,jtb,jpb,jbr,jbb=        1        1        1        1        1
 jep,jte,jpe,jer,jeb=        1        1        1        1        1
 kbp,ktb,kpb,kbr,kbb=        1        1        1        1        1
 kep,kte,kpe,ker,keb=        1        1        1        1        1

 ibd               =        1
 ied               =        1
 jbd               =        1
 jed               =        1
 kbd               =        1
 ked               =        1

 ibl               =        1
 iel               =        1
 jbl               =        1
 jel               =        1

 imp,jmp,kmp,kmt,rmp,cmp =     15     15     51     52      8      3

 rdx    =   5.00000024E-04
 rdy    =   5.00000024E-04
 rdz    =   2.55000009E-03
 rdx2   =   2.50000012E-04
 rdy2   =   2.50000012E-04
 rdz2   =   1.27500005E-03
 rdx4   =   1.25000006E-04
 rdy4   =   1.25000006E-04
 rdz4   =   6.37500023E-04
 govtwo =   4.90500021    
 clwsat =   9.99999997E-07
 smeps  =   1.00000000E-30
 tsmall =   9.99999975E-05
 qsmall =   9.99999982E-15
 cstar  =   30.0000000    
 csmax  =   350.000000    
 epsilon=   1.00000005E-18


 x:
      i         xf           xh         dx         uf         uh
 ---------------------------------------------------------------
      -2      -6000.00      -5000.00     2000.00     1.0000     1.0000   x
      -1      -4000.00      -3000.00     2000.00     1.0000     1.0000   x
       0      -2000.00      -1000.00     2000.00     1.0000     1.0000   x
       1          0.00       1000.00     2000.00     1.0000     1.0000    
       2       2000.00       3000.00     2000.00     1.0000     1.0000    
       3       4000.00       5000.00     2000.00     1.0000     1.0000    
       4       6000.00       7000.00     2000.00     1.0000     1.0000    
       5       8000.00       9000.00     2000.00     1.0000     1.0000    
       6      10000.00      11000.00     2000.00     1.0000     1.0000    
       7      12000.00      13000.00     2000.00     1.0000     1.0000    
       8      14000.00      15000.00     2000.00     1.0000     1.0000    
       9      16000.00      17000.00     2000.00     1.0000     1.0000    
      10      18000.00      19000.00     2000.00     1.0000     1.0000    
      11      20000.00      21000.00     2000.00     1.0000     1.0000    
      12      22000.00      23000.00     2000.00     1.0000     1.0000    
      13      24000.00      25000.00     2000.00     1.0000     1.0000    
      14      26000.00      27000.00     2000.00     1.0000     1.0000    
      15      28000.00      29000.00     2000.00     1.0000     1.0000    
      16      30000.00      31000.00     2000.00     1.0000     1.0000    
      17      32000.00      33000.00     2000.00     1.0000     1.0000    
      18      34000.00      35000.00     2000.00     1.0000     1.0000    
      19      36000.00      37000.00     2000.00     1.0000     1.0000    
      20      38000.00      39000.00     2000.00     1.0000     1.0000    
      21      40000.00      41000.00     2000.00     1.0000     1.0000    
      22      42000.00      43000.00     2000.00     1.0000     1.0000    
      23      44000.00      45000.00     2000.00     1.0000     1.0000    
      24      46000.00      47000.00     2000.00     1.0000     1.0000    
      25      48000.00      49000.00     2000.00     1.0000     1.0000    
      26      50000.00      51000.00     2000.00     1.0000     1.0000    
      27      52000.00      53000.00     2000.00     1.0000     1.0000    
      28      54000.00      55000.00     2000.00     1.0000     1.0000    
      29      56000.00      57000.00     2000.00     1.0000     1.0000    
      30      58000.00      59000.00     2000.00     1.0000     1.0000    
      31      60000.00      61000.00     2000.00     1.0000     1.0000    
      32      62000.00      63000.00     2000.00     1.0000     1.0000    
      33      64000.00      65000.00     2000.00     1.0000     1.0000    
      34      66000.00      67000.00     2000.00     1.0000     1.0000    
      35      68000.00      69000.00     2000.00     1.0000     1.0000    
      36      70000.00      71000.00     2000.00     1.0000     1.0000    
      37      72000.00      73000.00     2000.00     1.0000     1.0000    
      38      74000.00      75000.00     2000.00     1.0000     1.0000    
      39      76000.00      77000.00     2000.00     1.0000     1.0000    
      40      78000.00      79000.00     2000.00     1.0000     1.0000    
      41      80000.00      81000.00     2000.00     1.0000     1.0000    
      42      82000.00      83000.00     2000.00     1.0000     1.0000    
      43      84000.00      85000.00     2000.00     1.0000     1.0000    
      44      86000.00      87000.00     2000.00     1.0000     1.0000    
      45      88000.00      89000.00     2000.00     1.0000     1.0000    
      46      90000.00      91000.00     2000.00     1.0000     1.0000    
      47      92000.00      93000.00     2000.00     1.0000     1.0000    
      48      94000.00      95000.00     2000.00     1.0000     1.0000    
      49      96000.00      97000.00     2000.00     1.0000     1.0000    
      50      98000.00      99000.00     2000.00     1.0000     1.0000    
      51     100000.00     101000.00     2000.00     1.0000     1.0000    
      52     102000.00     103000.00     2000.00     1.0000     1.0000    
      53     104000.00     105000.00     2000.00     1.0000     1.0000    
      54     106000.00     107000.00     2000.00     1.0000     1.0000    
      55     108000.00     109000.00     2000.00     1.0000     1.0000    
      56     110000.00     111000.00     2000.00     1.0000     1.0000    
      57     112000.00     113000.00     2000.00     1.0000     1.0000    
      58     114000.00     115000.00     2000.00     1.0000     1.0000    
      59     116000.00     117000.00     2000.00     1.0000     1.0000    
      60     118000.00     119000.00     2000.00     1.0000     1.0000    
      61     120000.00     121000.00     2000.00     1.0000     1.0000    
      62     122000.00     123000.00     2000.00     1.0000     1.0000    
      63     124000.00     125000.00     2000.00     1.0000     1.0000    
      64     126000.00     127000.00     2000.00     1.0000     1.0000    
      65     128000.00     129000.00     2000.00     1.0000     1.0000    
      66     130000.00     131000.00     2000.00     1.0000     1.0000    
      67     132000.00     133000.00     2000.00     1.0000     1.0000    
      68     134000.00     135000.00     2000.00     1.0000     1.0000    
      69     136000.00     137000.00     2000.00     1.0000     1.0000    
      70     138000.00     139000.00     2000.00     1.0000     1.0000    
      71     140000.00     141000.00     2000.00     1.0000     1.0000    
      72     142000.00     143000.00     2000.00     1.0000     1.0000    
      73     144000.00     145000.00     2000.00     1.0000     1.0000    
      74     146000.00     147000.00     2000.00     1.0000     1.0000    
      75     148000.00     149000.00     2000.00     1.0000     1.0000    
      76     150000.00     151000.00     2000.00     1.0000     1.0000   x
      77     152000.00     153000.00     2000.00     1.0000     1.0000   x
      78     154000.00     155000.00     2000.00     1.0000     1.0000   x
      79     156000.00                               1.0000


 y:
      j         yf           yh         dy         vf         vh
 ---------------------------------------------------------------
      -2      -6000.00      -5000.00     2000.00     1.0000     1.0000   x
      -1      -4000.00      -3000.00     2000.00     1.0000     1.0000   x
       0      -2000.00      -1000.00     2000.00     1.0000     1.0000   x
       1          0.00       1000.00     2000.00     1.0000     1.0000    
       2       2000.00       3000.00     2000.00     1.0000     1.0000    
       3       4000.00       5000.00     2000.00     1.0000     1.0000    
       4       6000.00       7000.00     2000.00     1.0000     1.0000    
       5       8000.00       9000.00     2000.00     1.0000     1.0000    
       6      10000.00      11000.00     2000.00     1.0000     1.0000    
       7      12000.00      13000.00     2000.00     1.0000     1.0000    
       8      14000.00      15000.00     2000.00     1.0000     1.0000    
       9      16000.00      17000.00     2000.00     1.0000     1.0000    
      10      18000.00      19000.00     2000.00     1.0000     1.0000    
      11      20000.00      21000.00     2000.00     1.0000     1.0000    
      12      22000.00      23000.00     2000.00     1.0000     1.0000    
      13      24000.00      25000.00     2000.00     1.0000     1.0000    
      14      26000.00      27000.00     2000.00     1.0000     1.0000    
      15      28000.00      29000.00     2000.00     1.0000     1.0000    
      16      30000.00      31000.00     2000.00     1.0000     1.0000    
      17      32000.00      33000.00     2000.00     1.0000     1.0000    
      18      34000.00      35000.00     2000.00     1.0000     1.0000    
      19      36000.00      37000.00     2000.00     1.0000     1.0000    
      20      38000.00      39000.00     2000.00     1.0000     1.0000    
      21      40000.00      41000.00     2000.00     1.0000     1.0000    
      22      42000.00      43000.00     2000.00     1.0000     1.0000    
      23      44000.00      45000.00     2000.00     1.0000     1.0000    
      24      46000.00      47000.00     2000.00     1.0000     1.0000    
      25      48000.00      49000.00     2000.00     1.0000     1.0000    
      26      50000.00      51000.00     2000.00     1.0000     1.0000    
      27      52000.00      53000.00     2000.00     1.0000     1.0000    
      28      54000.00      55000.00     2000.00     1.0000     1.0000    
      29      56000.00      57000.00     2000.00     1.0000     1.0000    
      30      58000.00      59000.00     2000.00     1.0000     1.0000    
      31      60000.00      61000.00     2000.00     1.0000     1.0000    
      32      62000.00      63000.00     2000.00     1.0000     1.0000    
      33      64000.00      65000.00     2000.00     1.0000     1.0000    
      34      66000.00      67000.00     2000.00     1.0000     1.0000    
      35      68000.00      69000.00     2000.00     1.0000     1.0000    
      36      70000.00      71000.00     2000.00     1.0000     1.0000    
      37      72000.00      73000.00     2000.00     1.0000     1.0000    
      38      74000.00      75000.00     2000.00     1.0000     1.0000    
      39      76000.00      77000.00     2000.00     1.0000     1.0000    
      40      78000.00      79000.00     2000.00     1.0000     1.0000    
      41      80000.00      81000.00     2000.00     1.0000     1.0000    
      42      82000.00      83000.00     2000.00     1.0000     1.0000    
      43      84000.00      85000.00     2000.00     1.0000     1.0000    
      44      86000.00      87000.00     2000.00     1.0000     1.0000    
      45      88000.00      89000.00     2000.00     1.0000     1.0000    
      46      90000.00      91000.00     2000.00     1.0000     1.0000    
      47      92000.00      93000.00     2000.00     1.0000     1.0000    
      48      94000.00      95000.00     2000.00     1.0000     1.0000    
      49      96000.00      97000.00     2000.00     1.0000     1.0000    
      50      98000.00      99000.00     2000.00     1.0000     1.0000    
      51     100000.00     101000.00     2000.00     1.0000     1.0000    
      52     102000.00     103000.00     2000.00     1.0000     1.0000    
      53     104000.00     105000.00     2000.00     1.0000     1.0000    
      54     106000.00     107000.00     2000.00     1.0000     1.0000    
      55     108000.00     109000.00     2000.00     1.0000     1.0000    
      56     110000.00     111000.00     2000.00     1.0000     1.0000    
      57     112000.00     113000.00     2000.00     1.0000     1.0000    
      58     114000.00     115000.00     2000.00     1.0000     1.0000    
      59     116000.00     117000.00     2000.00     1.0000     1.0000    
      60     118000.00     119000.00     2000.00     1.0000     1.0000    
      61     120000.00     121000.00     2000.00     1.0000     1.0000    
      62     122000.00     123000.00     2000.00     1.0000     1.0000    
      63     124000.00     125000.00     2000.00     1.0000     1.0000    
      64     126000.00     127000.00     2000.00     1.0000     1.0000    
      65     128000.00     129000.00     2000.00     1.0000     1.0000    
      66     130000.00     131000.00     2000.00     1.0000     1.0000    
      67     132000.00     133000.00     2000.00     1.0000     1.0000    
      68     134000.00     135000.00     2000.00     1.0000     1.0000    
      69     136000.00     137000.00     2000.00     1.0000     1.0000    
      70     138000.00     139000.00     2000.00     1.0000     1.0000    
      71     140000.00     141000.00     2000.00     1.0000     1.0000    
      72     142000.00     143000.00     2000.00     1.0000     1.0000    
      73     144000.00     145000.00     2000.00     1.0000     1.0000    
      74     146000.00     147000.00     2000.00     1.0000     1.0000    
      75     148000.00     149000.00     2000.00     1.0000     1.0000    
      76     150000.00     151000.00     2000.00     1.0000     1.0000   x
      77     152000.00     153000.00     2000.00     1.0000     1.0000   x
      78     154000.00     155000.00     2000.00     1.0000     1.0000   x
      79     156000.00                               1.0000


 ZGRID:  STRETCH FAC  =    1.0359004512429237     
 ZGRID:  DOMAIN  HGT  =    20000.0000    
 k,gzc,gze =            1   77.692535400390625        0.0000000000000000     
 k,gzc,gze =            2   235.86680603027344        155.38507080078125     
 k,gzc,gze =            3   399.71958923339844        316.34854125976562     
 k,gzc,gze =            4   569.45477294921875        483.09063720703125     
 k,gzc,gze =            5   745.28353881835938        655.81890869140625     
 k,gzc,gze =            6   927.42462158203125        834.74816894531250     
 k,gzc,gze =            7   1116.1046142578125        1020.1010742187500     
 k,gzc,gze =            8   1311.5583496093750        1212.1081542968750     
 k,gzc,gze =            9   1514.0289916992188        1411.0085449218750     
 k,gzc,gze =           10   1723.7683715820312        1617.0494384765625     
 k,gzc,gze =           11   1941.0374755859375        1830.4873046875000     
 k,gzc,gze =           12   2166.1066894531250        2051.5876464843750     
 k,gzc,gze =           13   2399.2559814453125        2280.6257324218750     
 k,gzc,gze =           14   2640.7753906250000        2517.8862304687500     
 k,gzc,gze =           15   2890.9654541015625        2763.6645507812500     
 k,gzc,gze =           16   3150.1374511718750        3018.2663574218750     
 k,gzc,gze =           17   3418.6138916015625        3282.0085449218750     
 k,gzc,gze =           18   3696.7287597656250        3555.2192382812500     
 k,gzc,gze =           19   3984.8281250000000        3838.2382812500000     
 k,gzc,gze =           20   4283.2702636718750        4131.4179687500000     
 k,gzc,gze =           21   4592.4265136718750        4435.1225585937500     
 k,gzc,gze =           22   4912.6818847656250        4749.7304687500000     
 k,gzc,gze =           23   5244.4345703125000        5075.6333007812500     
 k,gzc,gze =           24   5588.0971679687500        5413.2358398437500     
 k,gzc,gze =           25   5944.0974121093750        5762.9584960937500     
 k,gzc,gze =           26   6312.8781738281250        6125.2363281250000     
 k,gzc,gze =           27   6694.8984375000000        6500.5200195312500     
 k,gzc,gze =           28   7090.6335449218750        6889.2768554687500     
 k,gzc,gze =           29   7500.5754394531250        7291.9902343750000     
 k,gzc,gze =           30   7925.2343750000000        7709.1606445312500     
 k,gzc,gze =           31   8365.1389160156250        8141.3081054687500     
 k,gzc,gze =           32   8820.8364257812500        8588.9697265625000     
 k,gzc,gze =           33   9292.8935546875000        9052.7031250000000     
 k,gzc,gze =           34   9781.8974609375000        9533.0839843750000     
 k,gzc,gze =           35   10288.457031250000        10030.710937500000     
 k,gzc,gze =           36   10813.202636718750        10546.203125000000     
 k,gzc,gze =           37   11356.786621093750        11080.202148437500     
 k,gzc,gze =           38   11919.885253906250        11633.371093750000     
 k,gzc,gze =           39   12503.199707031250        12206.399414062500     
 k,gzc,gze =           40   13100.000000000000        12800.000000000000     
 k,gzc,gze =           41   13700.000000000000        13400.000000000000     
 k,gzc,gze =           42   14300.000000000000        14000.000000000000     
 k,gzc,gze =           43   14900.000000000000        14600.000000000000     
 k,gzc,gze =           44   15500.000000000000        15200.000000000000     
 k,gzc,gze =           45   16100.000000000000        15800.000000000000     
 k,gzc,gze =           46   16700.000000000000        16400.000000000000     
 k,gzc,gze =           47   17300.000000000000        17000.000000000000     
 k,gzc,gze =           48   17900.000000000000        17600.000000000000     
 k,gzc,gze =           49   18500.000000000000        18200.000000000000     
 k,gzc,gze =           50   19100.000000000000        18800.000000000000     
 k,gzc,gze =           51   19700.000000000000        19400.000000000000     
 k,gzc,gze =           52   20300.000000000000        20000.000000000000     

 model heights:
     k       zf         zh         dz         mf         mh
 ---------------------------------------------------------------
      1       0.00      77.69     155.39     2.5238     2.5238
      2     155.39     235.87     160.96     2.4793     2.4363
      3     316.35     399.72     166.74     2.3933     2.3519
      4     483.09     569.45     172.73     2.3104     2.2704
      5     655.82     745.28     178.93     2.2303     2.1917
      6     834.75     927.42     185.35     2.1530     2.1157
      7    1020.10    1116.10     192.01     2.0784     2.0424
      8    1212.11    1311.56     198.90     2.0064     1.9716
      9    1411.01    1514.03     206.04     1.9369     1.9033
     10    1617.05    1723.77     213.44     1.8697     1.8373
     11    1830.49    1941.04     221.10     1.8049     1.7737
     12    2051.59    2166.11     229.04     1.7424     1.7122
     13    2280.63    2399.26     237.26     1.6820     1.6529
     14    2517.89    2640.78     245.78     1.6237     1.5956
     15    2763.66    2890.97     254.60     1.5674     1.5403
     16    3018.27    3150.14     263.74     1.5131     1.4869
     17    3282.01    3418.61     273.21     1.4607     1.4354
     18    3555.22    3696.73     283.02     1.4101     1.3856
     19    3838.24    3984.83     293.18     1.3612     1.3376
     20    4131.42    4283.27     303.70     1.3140     1.2912
     21    4435.12    4592.43     314.61     1.2685     1.2465
     22    4749.73    4912.68     325.90     1.2245     1.2033
     23    5075.63    5244.43     337.60     1.1821     1.1616
     24    5413.24    5588.10     349.72     1.1411     1.1213
     25    5762.96    5944.10     362.28     1.1016     1.0825
     26    6125.24    6312.88     375.28     1.0634     1.0450
     27    6500.52    6694.90     388.76     1.0265     1.0087
     28    6889.28    7090.63     402.71     0.9910     0.9738
     29    7291.99    7500.58     417.17     0.9566     0.9400
     30    7709.16    7925.23     432.15     0.9235     0.9075
     31    8141.31    8365.14     447.66     0.8915     0.8760
     32    8588.97    8820.84     463.73     0.8606     0.8457
     33    9052.70    9292.89     480.38     0.8307     0.8163
     34    9533.08    9781.90     497.63     0.8020     0.7881
     35   10030.71   10288.46     515.49     0.7742     0.7607
     36   10546.20   10813.20     534.00     0.7473     0.7344
     37   11080.20   11356.79     553.17     0.7214     0.7089
     38   11633.37   11919.88     573.03     0.6964     0.6844
     39   12206.40   12503.20     593.60     0.6723     0.6606
     40   12800.00   13100.00     600.00     0.6571     0.6536
     41   13400.00   13700.00     600.00     0.6536     0.6536
     42   14000.00   14300.00     600.00     0.6536     0.6536
     43   14600.00   14900.00     600.00     0.6536     0.6536
     44   15200.00   15500.00     600.00     0.6536     0.6536
     45   15800.00   16100.00     600.00     0.6536     0.6536
     46   16400.00   16700.00     600.00     0.6536     0.6536
     47   17000.00   17300.00     600.00     0.6536     0.6536
     48   17600.00   17900.00     600.00     0.6536     0.6536
     49   18200.00   18500.00     600.00     0.6536     0.6536
     50   18800.00   19100.00     600.00     0.6536     0.6536
     51   19400.00   19700.00     600.00     0.6536     0.6536
     52   20000.00                           0.6536

   patchsww = F
   patchnww = T
   patchsee = F
   patchnee = F
   patchsws = F
   patchses = T
   patchnwn = F
   patchnen = F

   p2tchsww = T
   p2tchnww = F
   p2tchsee = F
   p2tchnee = F
   p2tchsws = T
   p2tchses = F
   p2tchnwn = F
   p2tchnen = F

   minx =    0.00000000    
   maxx =    150000.000    
   miny =    0.00000000    
   maxy =    150000.000    
   maxz =    20000.0000    

   ibw =           1
   ibe =           0
   ibs =           1
   ibn =           0

   min_dx =    2000.00000    
   max_dx =    2000.00000    
   min_dy =    2000.00000    
   max_dy =    2000.00000    
   min_dz =    155.385071    
   max_dz =    600.000000    


   k,c1,c2,zhm1,zf,zh:
      1    0.5000    0.5000     -77.69       0.00      77.69
      2    0.5088    0.4912      77.69     155.39     235.87
      3    0.5088    0.4912     235.87     316.35     399.72
      4    0.5088    0.4912     399.72     483.09     569.45
      5    0.5088    0.4912     569.45     655.82     745.28
      6    0.5088    0.4912     745.28     834.75     927.42
      7    0.5088    0.4912     927.42    1020.10    1116.10
      8    0.5088    0.4912    1116.10    1212.11    1311.56
      9    0.5088    0.4912    1311.56    1411.01    1514.03
     10    0.5088    0.4912    1514.03    1617.05    1723.77
     11    0.5088    0.4912    1723.77    1830.49    1941.04
     12    0.5088    0.4912    1941.04    2051.59    2166.11
     13    0.5088    0.4912    2166.11    2280.63    2399.26
     14    0.5088    0.4912    2399.26    2517.89    2640.78
     15    0.5088    0.4912    2640.78    2763.66    2890.97
     16    0.5088    0.4912    2890.97    3018.27    3150.14
     17    0.5088    0.4912    3150.14    3282.01    3418.61
     18    0.5088    0.4912    3418.61    3555.22    3696.73
     19    0.5088    0.4912    3696.73    3838.24    3984.83
     20    0.5088    0.4912    3984.83    4131.42    4283.27
     21    0.5088    0.4912    4283.27    4435.12    4592.43
     22    0.5088    0.4912    4592.43    4749.73    4912.68
     23    0.5088    0.4912    4912.68    5075.63    5244.43
     24    0.5088    0.4912    5244.43    5413.24    5588.10
     25    0.5088    0.4912    5588.10    5762.96    5944.10
     26    0.5088    0.4912    5944.10    6125.24    6312.88
     27    0.5088    0.4912    6312.88    6500.52    6694.90
     28    0.5088    0.4912    6694.90    6889.28    7090.63
     29    0.5088    0.4912    7090.63    7291.99    7500.58
     30    0.5088    0.4912    7500.58    7709.16    7925.23
     31    0.5088    0.4912    7925.23    8141.31    8365.14
     32    0.5088    0.4912    8365.14    8588.97    8820.84
     33    0.5088    0.4912    8820.84    9052.70    9292.89
     34    0.5088    0.4912    9292.89    9533.08    9781.90
     35    0.5088    0.4912    9781.90   10030.71   10288.46
     36    0.5088    0.4912   10288.46   10546.20   10813.20
     37    0.5088    0.4912   10813.20   11080.20   11356.79
     38    0.5088    0.4912   11356.79   11633.37   11919.88
     39    0.5088    0.4912   11919.88   12206.40   12503.20
     40    0.5027    0.4973   12503.20   12800.00   13100.00
     41    0.5000    0.5000   13100.00   13400.00   13700.00
     42    0.5000    0.5000   13700.00   14000.00   14300.00
     43    0.5000    0.5000   14300.00   14600.00   14900.00
     44    0.5000    0.5000   14900.00   15200.00   15500.00
     45    0.5000    0.5000   15500.00   15800.00   16100.00
     46    0.5000    0.5000   16100.00   16400.00   16700.00
     47    0.5000    0.5000   16700.00   17000.00   17300.00
     48    0.5000    0.5000   17300.00   17600.00   17900.00
     49    0.5000    0.5000   17900.00   18200.00   18500.00
     50    0.5000    0.5000   18500.00   18800.00   19100.00
     51    0.5000    0.5000   19100.00   19400.00   19700.00
     52    0.5000    0.5000   19700.00   20000.00   20300.00


   ------ tauf, tauh -----
           1   0.00000000       0.00000000    
           2   0.00000000       0.00000000    
           3   0.00000000       0.00000000    
           4   0.00000000       0.00000000    
           5   0.00000000       0.00000000    
           6   0.00000000       0.00000000    
           7   0.00000000       0.00000000    
           8   0.00000000       0.00000000    
           9   0.00000000       0.00000000    
          10   0.00000000       0.00000000    
          11   0.00000000       0.00000000    
          12   0.00000000       0.00000000    
          13   0.00000000       0.00000000    
          14   0.00000000       0.00000000    
          15   0.00000000       0.00000000    
          16   0.00000000       0.00000000    
          17   0.00000000       0.00000000    
          18   0.00000000       0.00000000    
          19   0.00000000       0.00000000    
          20   0.00000000       0.00000000    
          21   0.00000000       0.00000000    
          22   0.00000000       0.00000000    
          23   0.00000000       0.00000000    
          24   0.00000000       0.00000000    
          25   0.00000000       0.00000000    
          26   0.00000000       0.00000000    
          27   0.00000000       0.00000000    
          28   0.00000000       0.00000000    
          29   0.00000000       0.00000000    
          30   0.00000000       0.00000000    
          31   0.00000000       0.00000000    
          32   0.00000000       0.00000000    
          33   0.00000000       0.00000000    
          34   0.00000000       0.00000000    
          35   0.00000000       0.00000000    
          36   0.00000000       0.00000000    
          37   0.00000000       0.00000000    
          38   0.00000000       0.00000000    
          39   0.00000000       0.00000000    
          40   0.00000000       0.00000000    
          41   0.00000000       0.00000000    
          42   0.00000000       0.00000000    
          43   0.00000000       0.00000000    
          44   3.94263864E-03   2.44717300E-02
          45   6.18466735E-02  0.114743382    
          46  0.181288034      0.259123147    
          47  0.345491529      0.437333375    
          48  0.531395316      0.624345005    
          49  0.712889671      0.793892622    
          50  0.864484310      0.922163963    
          51  0.964888215      0.991143644    
          52   1.00000000    


   vialpha,vibeta =   0.500000000      0.500000000    


   x0,alpha,delta,sum,predict,maxz:
   0.00000000    
  0.500000000       1.51795030       2.57244539       3.66479731    
   1.85094726      -1.19824338      0.347296089       0.00000000    
   1.00000000       1.52587891E-05   20000.0000    


   cgs1,cgs2,cgs3 =    1.85094726      -1.19824338      0.347296089    
   sum            =    1.00000000    

   dgs1,dgs2,dgs3 =   -1.93890107       2.86228609     -0.923384964    
   sum            =    5.96046448E-08


   x0,alpha,delta,sum,predict,maxz:
   33.3333321    
   32.8333321       31.8333340       30.8333340       29.8333340    
   1.87500155      -1.25000143      0.374999881       0.00000000    
   1.00000000       20000.0020       20000.0000    


   cgt1,cgt2,cgt3 =    1.87500155      -1.25000143      0.374999881    
   sum            =    1.00000000    

   dgt1,dgt2,dgt3 =    2.00000381      -3.00000381       1.00000000    
   sum            =    0.00000000    

 Leaving PARAM
 Inside BASE

  Reading sounding from external file, input_sounding

  p_sfc, th_sfc, qv_sfc =    960.000000       304.899994       19.0599995    
   Found           68   levels (including surface)


     k,z,th,qv:
           1   0.00000000       304.899994       19.0599995    
           2   0.00000000       304.899994       19.0599995    
           3   253.000000       305.200012       17.9099998    
           4   329.000000       305.299988       17.5799999    
           5   557.000000       305.500000       17.2199993    
           6   757.000000       305.600006       16.9099998    
           7   862.000000       306.799988       15.3999996    
           8   1069.00000       309.200012       12.7700005    
           9   1472.00000       310.700012       8.30000019    
          10   1777.00000       311.799988       5.88999987    
          11   1942.00000       312.399994       4.86000013    
          12   2081.00000       312.399994       5.42000008    
          13   2386.00000       312.399994       6.84999990    
          14   2475.00000       312.399994       7.32000017    
          15   2721.00000       312.899994       4.53999996    
          16   2876.00000       313.000000       3.85999990    
          17   3070.00000       314.399994       1.21000004    
          18   3301.00000       315.799988       1.08000004    
          19   3605.00000       317.600006      0.920000017    
          20   3807.00000       318.700012      0.819999993    
          21   3910.00000       318.899994      0.829999983    
          22   4520.00000       319.500000      0.829999983    
          23   4718.00000       319.700012      0.839999974    
          24   5026.00000       323.500000      0.230000004    
          25   5423.00000       324.600006      0.189999998    
          26   5434.00000       324.600006      0.189999998    
          27   5739.00000       325.700012      0.209999993    
          28   6102.00000       327.100006      0.219999999    
          29   7123.00000       328.299988      0.119999997    
          30   7263.00000       328.500000      0.119999997    
          31   8787.00000       331.100006      0.170000002    
          32   9092.00000       331.399994      0.180000007    
          33   9160.00000       331.500000      0.189999998    
          34   9183.00000       331.600006       1.00000005E-03
          35   9701.00000       334.700012       1.00000005E-03
          36   9844.00000       335.500000       1.00000005E-03
          37   10311.0000       338.299988       1.00000005E-03
          38   10413.0000       338.899994       1.00000005E-03
          39   10921.0000       340.600006       1.00000005E-03
          40   11530.0000       342.500000       1.00000005E-03
          41   11863.0000       343.399994       1.00000005E-03
          42   12140.0000       347.799988       1.00000005E-03
          43   12290.0000       350.100006       1.00000005E-03
          44   13664.0000       359.100006       1.00000005E-03
          45   13663.0000       359.100006       1.00000005E-03
          46   14273.0000       362.500000       1.00000005E-03
          47   14391.0000       363.100006       1.00000005E-03
          48   14811.0000       371.299988       1.00000005E-03
          49   14883.0000       372.700012       1.00000005E-03
          50   15797.0000       391.100006       1.00000005E-03
          51   16103.0000       397.399994       1.00000005E-03
          52   16481.0000       399.899994       1.00000005E-03
          53   16637.0000       410.000000       1.00000005E-03
          54   17281.0000       413.000000       1.00000005E-03
          55   17321.0000       415.399994       1.00000005E-03
          56   17527.0000       427.799988       1.00000005E-03
          57   18236.0000       441.399994       1.00000005E-03
          58   18253.0000       441.799988       1.00000005E-03
          59   18517.0000       445.600006       1.00000005E-03
          60   18845.0000       457.100006       1.00000005E-03
          61   19981.0000       498.799988       1.00000005E-03
          62   20323.0000       504.700012       1.00000005E-03
          63   22954.0000       573.599976       1.00000005E-03
          64   23563.0000       595.500000       1.00000005E-03
          65   24663.0000       636.000000       1.00000005E-03
          66   26193.0000       679.000000       1.00000005E-03
          67   26846.0000       706.799988       1.00000005E-03
          68   27739.0000       734.200012       1.00000005E-03

     k,u,v:
           1  -1.68008852      -2.17436504    
           2  -2.28714967       6.28391504    
           3  -3.03701520       17.2238979    
           4  -2.85836720       16.2107277    
           5   0.00000000       18.0039997    
           6   4.05004406       17.5425529    
           7   6.15775585       16.9182167    
           8   10.3266935       14.7479963    
           9   14.1859379       11.9033737    
          10   16.8548927       11.8018789    
          11   17.6976376       12.3919735    
          12   18.5403824       12.9820671    
          13   19.8044987       13.8672075    
          14   20.2258720       14.1622553    
          15   21.0686169       14.7523489    
          16   22.6022434       15.2453480    
          17   24.8654766       15.5376129    
          18   27.1745205       15.6891508    
          19   30.2929077       17.4895458    
          20   30.1988850       19.6113091    
          21   29.9174347       20.9483356    
          22   32.0242958       22.4235706    
          23   30.7601795       21.5384293    
          24   29.0746899       20.3582420    
          25   26.9678288       18.8830070    
          26   26.1250839       18.2929134    
          27   26.1250839       18.2929134    
          28   27.3892021       19.1780529    
          29   30.7601795       21.5384293    
          30   30.3388081       21.2433815    
          31   36.2380219       25.3740406    
          32   34.1311569       23.8988056    
          33   34.1311569       23.8988056    
          34   34.1311569       23.8988056    
          35   44.7556915       20.8698215    
          36   44.7556915       20.8698215    
          37   43.0206604       15.6581488    
          38   41.0871468       14.9544115    
          39   38.2591820       10.2514391    
          40   41.4922562       19.3480644    
          41   40.2466736       10.7839813    
          42   39.5136528       6.96724367    
          43   38.5004807       6.78859663    
          44   27.0691795       9.85231876    
          45   28.8186054       7.72186279    
          46   27.0398979       12.6088505    
          47   29.8371277       13.9132147    
          48   27.9723072       13.0436392    
          49   27.9723072       13.0436392    
          50   27.9723072       13.0436392    
          51   27.9723072       13.0436392    
          52   27.9723072       13.0436392    
          53   27.9723072       13.0436392    
          54   27.9723072       13.0436392    
          55   27.9723072       13.0436392    
          56   27.9723072       13.0436392    
          57   27.9723072       13.0436392    
          58   27.9723072       13.0436392    
          59   27.9723072       13.0436392    
          60   27.9723072       13.0436392    
          61   27.9723072       13.0436392    
          62   27.9723072       13.0436392    
          63   27.9723072       13.0436392    
          64   27.9723072       13.0436392    
          65   27.9723072       13.0436392    
          66   27.9723072       13.0436392    
          67   27.9723072       13.0436392    
          68   27.9723072       13.0436392    


 interpolating sounding to grid: 

           0.00000000       77.6925354       253.000000      0.307085127    
           0.00000000       235.866806       253.000000      0.932279885    
           329.000000       399.719604       557.000000      0.310173690    
           557.000000       569.454773       757.000000       6.22738637E-02
           557.000000       745.283569       757.000000      0.941417873    
           862.000000       927.424622       1069.00000      0.316060960    
           1069.00000       1116.10461       1472.00000      0.116884902    
           1069.00000       1311.55835       1472.00000      0.601881742    
           1472.00000       1514.02905       1777.00000      0.137800172    
           1472.00000       1723.76831       1777.00000      0.825469851    
           1777.00000       1941.03748       1942.00000      0.994166493    
           2081.00000       2166.10669       2386.00000      0.279038340    
           2386.00000       2399.25586       2475.00000      0.148942247    
           2475.00000       2640.77539       2721.00000      0.673883677    
           2876.00000       2890.96533       3070.00000       7.71408901E-02
           3070.00000       3150.13745       3301.00000      0.346915364    
           3301.00000       3418.61377       3605.00000      0.386887401    
           3605.00000       3696.72876       3807.00000      0.454102784    
           3910.00000       3984.82812       4520.00000      0.122669056    
           3910.00000       4283.27051       4520.00000      0.611918867    
           4520.00000       4592.42676       4718.00000      0.365791708    
           4718.00000       4912.68164       5026.00000      0.632083237    
           5026.00000       5244.43457       5423.00000      0.550213039    
           5434.00000       5588.09717       5739.00000      0.505236626    
           5739.00000       5944.09766       6102.00000      0.565007329    
           6102.00000       6312.87793       7123.00000      0.206540585    
           6102.00000       6694.89844       7123.00000      0.580703676    
           6102.00000       7090.63379       7123.00000      0.968299508    
           7263.00000       7500.57520       8787.00000      0.155889243    
           7263.00000       7925.23438       8787.00000      0.434536994    
           7263.00000       8365.13867       8787.00000      0.723188102    
           8787.00000       8820.83594       9092.00000      0.110937499    
           9183.00000       9292.89355       9701.00000      0.212149724    
           9701.00000       9781.89746       9844.00000      0.565716505    
           9844.00000       10288.4570       10311.0000      0.951728106    
           10413.0000       10813.2031       10921.0000      0.787801445    
           10921.0000       11356.7871       11530.0000      0.715578198    
           11863.0000       11919.8848       12140.0000      0.205360159    
           12290.0000       12503.1992       13664.0000      0.155166820    
           12290.0000       13100.0000       13664.0000      0.589519680    
           13663.0000       13700.0000       14273.0000       6.06557392E-02
           14273.0000       14300.0000       14391.0000      0.228813559    
           14883.0000       14900.0000       15797.0000       1.85995623E-02
           14883.0000       15500.0000       15797.0000      0.675054729    
           15797.0000       16100.0000       16103.0000      0.990196049    
           16637.0000       16700.0000       17281.0000       9.78260860E-02
           17281.0000       17300.0000       17321.0000      0.474999994    
           17527.0000       17900.0000       18236.0000      0.526093066    
           18253.0000       18500.0000       18517.0000      0.935606062    
           18845.0000       19100.0000       19981.0000      0.224471837    
           18845.0000       19700.0000       19981.0000      0.752640843    


       k    prs0 (Pa)        pi0        rho0 (kg/m^3)
    ---------------------------------------------------------------------
       1     95166.33     0.9859590     1.0703498
       2     93485.29     0.9809565     1.0573388
       3     91766.82     0.9757757     1.0436164
       4     90011.12     0.9704106     1.0292686
       5     88218.23     0.9648541     1.0147177
       6     86392.74     0.9591130     0.9969282
       7     84539.13     0.9531941     0.9795130
       8     82654.29     0.9470795     0.9649808
       9     80735.77     0.9407526     0.9496903
      10     78784.72     0.9342071     0.9334296
      11     76802.45     0.9274372     0.9163421
      12     74789.16     0.9204324     0.8976445
      13     72744.92     0.9131806     0.8785866
      14     70670.52     0.9056714     0.8617814
      15     68566.91     0.8978937     0.8447158
      16     66439.88     0.8898542     0.8245230
      17     64296.38     0.8815641     0.8015164
      18     62139.18     0.8730192     0.7784428
      19     59967.84     0.8642015     0.7568735
      20     57780.22     0.8550838     0.7363547
      21     55576.87     0.8456476     0.7154992
      22     53367.82     0.8359147     0.6900161
      23     51161.31     0.8259013     0.6656416
      24     48955.23     0.8155763     0.6429248
      25     46750.48     0.8049198     0.6195389
      26     44549.63     0.7939177     0.5970089
      27     42353.16     0.7825432     0.5750714
      28     40163.54     0.7707765     0.5529107
      29     37985.48     0.7586079     0.5302529
      30     35824.05     0.7460288     0.5073733
      31     33683.91     0.7330273     0.4844181
      32     31569.63     0.7195897     0.4614443
      33     29486.92     0.7057083     0.4381128
      34     27446.87     0.6914145     0.4126375
      35     25459.17     0.6767374     0.3875721
      36     23525.05     0.6616473     0.3640629
      37     21644.84     0.6461025     0.3412990
      38     19823.50     0.6300950     0.3183388
      39     18078.52     0.6137401     0.2919538
      40     16435.03     0.5972698     0.2697319
      41     14909.51     0.5808922     0.2488627
      42     13501.69     0.5646787     0.2297055
      43     12215.12     0.5487678     0.2078778
      44     11052.86     0.5333288     0.1874732
      45     10004.23     0.5183693     0.1692158
      46      9058.02     0.5038759     0.1526413
      47      8194.87     0.4896780     0.1407800
      48      7414.63     0.4758924     0.1247940
      49      6713.81     0.4625956     0.1135318
      50      6083.39     0.4497583     0.1010202
      51      5522.05     0.4375008     0.0900174


       k    th0 (K)     thv0 (K)     t0 (K)     l.r. (K/km)     N^2
    ---------------------------------------------------------------------
       1    304.9921    308.3957    300.7097       4.2116      0.0406
       2    305.1797    308.4570    299.3680       8.3355      0.1212
       3    305.3620    308.5506    297.9648       8.4152      0.1784
       4    305.5062    308.6466    296.4665       8.6748      0.1767
       5    305.5941    308.6865    294.8538       9.0131      0.0708
       6    307.5585    310.2476    294.9834      -0.6994      2.6698
       7    309.3753    311.6422    294.8947       0.4617      2.2916
       8    310.1028    311.9650    293.6920       6.0467      0.5105
       9    310.8516    312.3410    292.4344       6.1036      0.5735
      10    311.6080    312.7908    291.1064       6.2221      0.6615
      11    312.3965    313.3159    289.7281       6.2337      0.7441
      12    312.4000    313.5106    287.5431       9.5403      0.2661
      13    312.4000    313.7057    285.2776       9.5483      0.2572
      14    312.7369    313.7564    283.2369       8.3032      0.0645
      15    313.1080    313.8004    281.1377       8.2450      0.0541
      16    314.8857    315.1082    280.2023       3.5465      1.5469
      17    316.4964    316.6917    279.0119       4.3573      1.7999
      18    318.0995    318.2682    277.7070       4.6105      1.7213
      19    318.9736    319.1355    275.6575       6.9907      0.9105
      20    319.2672    319.4302    273.0002       8.7497      0.2982
      21    319.5732    319.7352    270.2462       8.7535      0.2976
      22    322.1019    322.1924    269.2498       3.0576      2.3044
      23    324.1052    324.1460    267.6789       4.6529      1.7566
      24    325.1558    325.1955    265.1893       7.1188      0.9068
      25    326.4910    326.5340    262.7991       6.5979      1.1122
      26    327.3478    327.3865    259.8872       7.7590      0.6816
      27    327.7968    327.8278    256.5152       8.6739      0.3399
      28    328.2620    328.2864    253.0166       8.6876      0.3405
      29    328.9053    328.9351    249.5101       8.4053      0.4642
      30    329.6298    329.6649    245.9133       8.3232      0.5032
      31    330.3803    330.4164    242.1778       8.3446      0.4989
      32    331.1333    331.1679    238.2801       8.4050      0.4806
      33    332.2577    332.2579    234.4770       7.9169      0.6711
      34    335.1526    335.1528    231.7294       5.5215      1.7102
      35    338.1648    338.1650    228.8488       5.5880      1.7027
      36    340.2393    340.2395    225.1184       6.9857      1.1235
      37    341.9596    341.9598    220.9409       7.5518      0.8944
      38    344.3036    344.3038    216.9440       6.9752      1.1695
      39    351.4965    351.4967    215.7275       2.0493      3.4170
      40    355.4057    355.4059    212.2731       5.7574      1.8083
      41    359.3062    359.3065    208.7182       5.9248      1.7846
      42    362.6373    362.6375    204.7735       6.5744      1.5088
      43    373.0422    373.0424    204.7136       0.1000      4.6252
      44    385.1210    385.1213    205.3961      -1.1376      5.2101
      45    397.3382    397.3385    205.9679      -0.9530      5.1061
      46    410.2935    410.2937    206.7370      -1.2818      5.2459
      47    414.1400    414.1403    202.7952       6.5696      1.5257
      48    434.9549    434.9551    206.9917      -6.9941      8.0177
      49    445.3553    445.3556    206.0194       1.6205      3.8635
      50    466.4605    466.4608    209.7945      -6.2918      7.5702
      51    488.4851    488.4855    213.7126      -6.5303      7.5432


   Richardson number:  NOTE!!!  Ri should be > 0.25 for most applications!

   k,z,Ri:           2   156.779663       6.56792847E-03 <---- NOTE!  Ri < 0.25
   k,z,Ri:           3   317.793213      0.439205140    
   k,z,Ri:           4   484.587189       8.08897913E-02 <---- NOTE!  Ri < 0.25
   k,z,Ri:           5   657.369141       1.73391774E-02 <---- NOTE!  Ri < 0.25
   k,z,Ri:           6   836.354126      0.592872560    
   k,z,Ri:           7   1021.76465      0.584386945    
   k,z,Ri:           8   1213.83154      0.367057145    
   k,z,Ri:           9   1412.79370      0.484290212    
   k,z,Ri:          10   1618.89868      0.877767026    
   k,z,Ri:          11   1832.40283       1.76677966    
   k,z,Ri:          12   2053.57202      0.638745427    
   k,z,Ri:          13   2282.68115       1.00608993    
   k,z,Ri:          14   2520.01562      0.299344897    
   k,z,Ri:          15   2765.87036       7.77312294E-02 <---- NOTE!  Ri < 0.25
   k,z,Ri:          16   3020.55127       1.25069678    
   k,z,Ri:          17   3284.37549       1.65002930    
   k,z,Ri:          18   3557.67139       1.74417806    
   k,z,Ri:          19   3840.77832       1.07290030    
   k,z,Ri:          20   4134.04932       1.70674646    
   k,z,Ri:          21   4437.84863       15.3919201    
   k,z,Ri:          22   4752.55420       4.62953997    
   k,z,Ri:          23   5078.55811       4.16976404    
   k,z,Ri:          24   5416.26562       2.28135395    
   k,z,Ri:          25   5766.09766       18.8682423    
   k,z,Ri:          26   6128.48779       4.07634592    
   k,z,Ri:          27   6503.88818       2.12920070    
   k,z,Ri:          28   6892.76611       2.13297796    
   k,z,Ri:          29   7295.60449       14.5481768    
   k,z,Ri:          30   7712.90479       2.29302764    
   k,z,Ri:          31   8145.18652       2.27365947    
   k,z,Ri:          32   8592.98730       3.48084259    
   k,z,Ri:          33   9056.86523       3.83905840    
   k,z,Ri:          34   9537.39551      0.549297452    
   k,z,Ri:          35   10035.1777       1.62694931    
   k,z,Ri:          36   10550.8301      0.792215824    
   k,z,Ri:          37   11084.9951      0.807363927    
   k,z,Ri:          38   11638.3359      0.821527362    
   k,z,Ri:          39   12211.5420       6.28008318    
   k,z,Ri:          40   12801.5996       2.45053101    
   k,z,Ri:          41   13400.0000       6.66491270    
   k,z,Ri:          42   14000.0000       2.17567515    
   k,z,Ri:          43   14600.0000       1600.02026    
   k,z,Ri:          44   15200.0000       521010880.    
   k,z,Ri:          45   15800.0000       510614496.    
   k,z,Ri:          46   16400.0000       524586304.    
   k,z,Ri:          47   17000.0000       152568752.    
   k,z,Ri:          48   17600.0000       801772096.    
   k,z,Ri:          49   18200.0000       386353664.    
   k,z,Ri:          50   18800.0000       757021440.    
   k,z,Ri:          51   19400.0000       754319168.    


       k  theta-e (K)       rh0          qv0          qc0          qi0
    ---------------------------------------------------------------------
       1    361.2180     0.746565     0.018704     0.000000     0.000000
       2    359.2769     0.765035     0.017987     0.000000     0.000000
       3    357.9687     0.795197     0.017480     0.000000     0.000000
       4    357.3099     0.842005     0.017204     0.000000     0.000000
       5    356.5935     0.898027     0.016931     0.000000     0.000000
       6    351.9169     0.751467     0.014595     0.000000     0.000000
       7    346.8395     0.617836     0.012203     0.000000     0.000000
       8    340.9742     0.532665     0.009978     0.000000     0.000000
       9    335.6923     0.448644     0.007946     0.000000     0.000000
      10    331.4999     0.376910     0.006285     0.000000     0.000000
      11    328.0279     0.310897     0.004866     0.000000     0.000000
      12    331.1370     0.422303     0.005884     0.000000     0.000000
      13    334.2994     0.561836     0.006924     0.000000     0.000000
      14    330.0004     0.487704     0.005392     0.000000     0.000000
      15    325.0440     0.369899     0.003652     0.000000     0.000000
      16    318.9708     0.121831     0.001164     0.000000     0.000000
      17    320.1140     0.111821     0.001016     0.000000     0.000000
      18    321.2564     0.101819     0.000874     0.000000     0.000000
      19    322.0104     0.108726     0.000835     0.000000     0.000000
      20    322.3262     0.127866     0.000841     0.000000     0.000000
      21    322.6159     0.149776     0.000835     0.000000     0.000000
      22    323.8599     0.085740     0.000462     0.000000     0.000000
      23    324.9351     0.041509     0.000207     0.000000     0.000000
      24    325.9660     0.046739     0.000201     0.000000     0.000000
      25    327.3644     0.058020     0.000217     0.000000     0.000000
      26    328.1400     0.062841     0.000195     0.000000     0.000000
      27    328.4380     0.063032     0.000155     0.000000     0.000000
      28    328.7739     0.063391     0.000122     0.000000     0.000000
      29    329.5230     0.099196     0.000149     0.000000     0.000000
      30    330.3536     0.152810     0.000175     0.000000     0.000000
      31    331.1224     0.208787     0.000180     0.000000     0.000000
      32    331.8469     0.273358     0.000172     0.000000     0.000000
      33    332.2629     0.002189     0.000001     0.000000     0.000000
      34    335.1579     0.002701     0.000001     0.000000     0.000000
      35    338.1702     0.003410     0.000001     0.000000     0.000000
      36    340.2447     0.004804     0.000001     0.000000     0.000000
      37    341.9651     0.007228     0.000001     0.000000     0.000000
      38    344.3091     0.010474     0.000001     0.000000     0.000000
      39    351.5024     0.011706     0.000001     0.000000     0.000000
      40    355.4118     0.016890     0.000001     0.000000     0.000000
      41    359.3120     0.022788     0.000001     0.000000     0.000000
      42    362.6431     0.035243     0.000001     0.000000     0.000000
      43    373.0482     0.032143     0.000001     0.000000     0.000000
      44    385.1273     0.026608     0.000001     0.000000     0.000000
      45    397.3446     0.022091     0.000001     0.000000     0.000000
      46    410.3002     0.018306     0.000001     0.000000     0.000000
      47    414.1467     0.028352     0.000001     0.000000     0.000000
      48    434.9620     0.014202     0.000001     0.000000     0.000000
      49    445.3626     0.014721     0.000001     0.000000     0.000000
      50    466.4689     0.008796     0.000001     0.000000     0.000000
      51    488.4944     0.005053     0.000001     0.000000     0.000000


   Thermodynamic properties of base-state sounding:

     for surface parcel:
        source p(mb),T(K),qv(g/kg) =      960.0     301.4      19.1
        LCL,LFC,EL (m AGL)         =      647.6     650.9     844.1
        CAPE,CIN (J/kg)            =     4784.3       6.6

     for most-unstable parcel:
        source p(mb),T(K),qv(g/kg) =      960.0     301.4      19.1
        LCL,LFC,EL (m AGL)         =      647.6     650.9     844.1
        CAPE,CIN (J/kg)            =     4784.3       6.6

     for mixed-layer parcel:
        source p(mb),T(K),qv(g/kg) =      960.0     301.7      18.0
        LCL,LFC,EL (m AGL)         =      793.2    1463.4   13694.8
        CAPE,CIN (J/kg)            =     4180.8      18.9



       k     u0 (m/s)     v0 (m/s)
    ---------------------------------------------------------------------
       1      -2.5174       9.6434
       2      -2.9862      16.4830
       3      -1.9718      16.7670
       4       0.2522      17.9753
       5       3.8128      17.5696
       6       7.4754      16.2323
       7      10.7778      14.4155
       8      12.6495      13.0359
       9      14.5537      11.8894
      10      16.3891      11.8196
      11      17.6927      12.3885
      12      18.8931      13.2291
      13      19.8673      13.9112
      14      20.7938      14.5599
      15      22.7768      15.2679
      16      25.6665      15.5902
      17      28.3810      16.3857
      18      30.2502      18.4530
      19      30.1759      21.1293
      20      31.2067      21.8511
      21      31.5619      22.0998
      22      29.6948      20.7925
      23      27.9155      19.5465
      24      26.1251      18.2929
      25      26.8393      18.7930
      26      28.0854      19.6656
      27      29.3467      20.5487
      28      30.6533      21.4636
      29      31.2584      21.8873
      30      32.9022      23.0383
      31      34.6050      24.2306
      32      36.0043      25.2104
      33      36.3851      23.2562
      34      44.7557      20.8698
      35      43.1044      15.9097
      36      38.8593      11.2494
      37      40.5727      16.7608
      38      40.0961      10.0002
      39      36.7267       7.2640
      40      31.7615       8.5947
      41      28.7107       8.0183
      42      27.6799      12.9073
      43      27.9723      13.0436
      44      27.9723      13.0436
      45      27.9723      13.0436
      46      27.9723      13.0436
      47      27.9723      13.0436
      48      27.9723      13.0436
      49      27.9723      13.0436
      50      27.9723      13.0436
      51      27.9723      13.0436


   psurf,tsurf  =    96000.0000       301.368195    
   qsurf,thsurf =    1.90599989E-02   304.899994    

 Leaving BASE
   rbufsz,nrad2d =            1          10
 Inside INIT3D

   seed_size =            8
   rand-1 =   0.620773196    

 Leaving INIT3D

   allocating diagnostic arrays:  ntdiag,nqdiag =            1           1


   strlen          =            0
   baselen         =            6
   totlen          =            6
   output_basename = cm1out
   statfile        = cm1out_stats.dat                                                      



   Settings used in this simulation:
   isfcflx  =            0
   bbc      =            1
   dosfcflx =  F

   string = cm1out_rst_000000.nc                                                  
   nvar_npt =            0
   nvar_parcels =            0

   From restart file: 

    mtime   =    0.0000000000000000     
    stattim =    60.000000000000000     
    taptim  =    900.00000000000000     
    rsttim  =    0.0000000000000000     
    radtim  =    0.0000000000000000     
    prcltim =    1.0000000000000000E+030

    nstep   =            0
    nrec    =            2
    prec    =            1
    nwrite  =            1
    nrst    =            0


   Using the following: 

    stattim =    60.000000000000000     
    taptim  =    900.00000000000000     
    rsttim  =    300.00000000000000     
    radtim  =    0.0000000000000000     


   Detected positive value for run_time. 
      Using the following values: 
         run_time =    1200.00000    
         timax    =    1200.00000    


   strlen          =            0
   baselen         =            6
   totlen          =            6
   output_basename = cm1out
   statfile        = cm1out_stats.dat                                                      


 Inside GETSET


 Leaving GETSET

   ... skipping sfc stuff ... 


   zf,grdscl:
           2   155.385071       322.806396    
           3   316.348541       549.380249    
           4   483.090637       682.472656    
           5   655.818909       760.946350    
           6   834.748169       810.955566    
           7   1020.10107       845.898438    
           8   1212.10815       872.462646    
           9   1411.00854       894.119019    
          10   1617.04944       912.767090    
          11   1830.48730       929.503540    
          12   2051.58765       944.990601    
          13   2280.62573       959.646301    
          14   2517.88623       973.744629    
          15   2763.66455       987.469299    
          16   3018.26636       1000.94989    
          17   3282.00854       1014.27673    
          18   3555.21924       1027.51782    
          19   3838.23828       1040.72192    
          20   4131.41797       1053.92712    
          21   4435.12256       1067.16235    
          22   4749.73047       1080.45081    
          23   5075.63330       1093.81213    
          24   5413.23584       1107.25879    
          25   5762.95850       1120.80518    
          26   6125.23633       1134.45959    
          27   6500.52002       1148.23352    
          28   6889.27686       1162.13232    
          29   7291.99023       1176.16211    
          30   7709.16064       1190.33142    
          31   8141.30811       1204.64282    
          32   8588.96973       1219.10242    
          33   9052.70312       1233.71436    
          34   9533.08398       1248.48120    
          35   10030.7109       1263.40857    
          36   10546.2031       1278.49988    
          37   11080.2021       1293.75659    
          38   11633.3711       1309.18262    
          39   12206.3994       1324.78333    
          40   12800.0000       1335.03540    
          41   13400.0000       1337.53870    
          42   14000.0000       1337.64990    
          43   14600.0000       1337.74768    
          44   15200.0000       1337.83411    
          45   15800.0000       1337.91089    
          46   16400.0000       1337.97949    
          47   17000.0000       1338.04102    
          48   17600.0000       1338.09619    
          49   18200.0000       1338.14612    
          50   18800.0000       1338.19128    
          51   19400.0000       1338.23242    
  WMAX  :  0.997261       16   20    9    WMIN  : -0.696826E-01   16   19    9
  UMAX  :   49.0109        3    1   34    UMIN  :  -3.96532        1    1    2
  SUMAX :  -3.40050        1    1    1    SUMIN :  -3.40050        3    1    1
  VMAX  :   24.4476        1    1   30    VMIN  :   3.86633        1    1   39
  SVMAX :   10.3108        1    1    1    SVMIN :   10.3108        1    1    1
  PPIMAX:   0.00000        1    1    1    PPIMIN:   0.00000        1    1    1
  PPMAX :   0.00000        1    1    1    PPMIN :   0.00000        1    1    1
  THPMAX:   2.00000       16   20    9    THPMIN:   0.00000        1    1    1
  STHPMX:  0.383789       16   20    1    STHPMN:   0.00000        1    1    1
  MAXqv :  0.243430E-01   16   20    1    MINqv :  0.998735E-06    1    1   48
  MAXqc :   0.00000        1    1    1    MINqc :   0.00000        1    1    1
  MAXqr :   0.00000        1    1    1    MINqr :   0.00000        1    1    1
  MAXqi :   0.00000        1    1    1    MINqi :   0.00000        1    1    1
  MAXqs :   0.00000        1    1    1    MINqs :   0.00000        1    1    1
  MAXqg :   0.00000        1    1    1    MINqg :   0.00000        1    1    1
  MAXqhl:   0.00000        1    1    1    MINqhl:   0.00000        1    1    1
  MAXccn:  0.163265E+10    1    1    1    MINccn:  0.163265E+10    1    1    1
  MAXccw:   0.00000        1    1    1    MINccw:   0.00000        1    1    1
  MAXcrw:   0.00000        1    1    1    MINcrw:   0.00000        1    1    1
  MAXcci:   0.00000        1    1    1    MINcci:   0.00000        1    1    1
  MAXcsw:   0.00000        1    1    1    MINcsw:   0.00000        1    1    1
  MAXchw:   0.00000        1    1    1    MINchw:   0.00000        1    1    1
  MAXchl:   0.00000        1    1    1    MINchl:   0.00000        1    1    1
  MAXvhw:   0.00000        1    1    1    MINvhw:   0.00000        1    1    1
  MAXvhl:   0.00000        1    1    1    MINvhl:   0.00000        1    1    1
  TKEMAX:   0.00000        1    1    1    TKEMIN:   0.00000        1    1    1
  KMHMAX:  0.133823        1    1   51    KMHMIN:   0.00000        1    1    1
  KMVMAX:  0.133823        1    1   51    KMVMIN:   0.00000        1    1    1
  KHHMAX:  0.401470        1    1   51    KHHMIN:   0.00000        1    1    1
  KHVMAX:  0.401470        1    1   51    KHVMIN:   0.00000        1    1    1
  DIVMAX:  0.210811E-02   16   19   10    DIVMIN: -0.242706E-02   16   19    8
  RHMAX :  0.951426       16   20    1    RHMIN :  0.219052E-02    1    1   33
  RHIMAX:  0.897766       10   17   17    RHIMIN:  0.324651E-02    1    1   33
  THEMAX:   379.350       16   20    1    THEMIN:   318.752        1    1   16
  STHEMX:   379.350       16   20    1    STHEMN:   361.111        1    1    1
  QCTOP :      0.000000    1    1    1    QCBOT :      0.000000    1    1    1
  SFPMAX:   95166.3        1    1    1    SFPMIN:   95166.3        1    1    1
  PSFCMX:   96000.0        1    1    1    PSFCMN:   96000.0        1    1    1
  WSPMAX:   52.2710        3    1   34    WSPMIN:   10.8571        1    1    1
  SWSPMX:   10.8571        1    1    1    SWSPMN:   10.8571        1    1    1
  CFLMAX:      0.196016    3    1   34
  KSHMAX:  0.752756E-06    1    1   51
  KSVMAX:  0.553805E-04    1    1    5
  VORSFC:  0.000000E+00
  VOR1KM:  0.000000E+00
  VOR2KM:  0.000000E+00
  VOR3KM:  0.000000E+00
  VOR4KM:  0.000000E+00
  VOR5KM:  0.000000E+00
  TMASS :  0.207380E+15
  TMOIS :  0.739213E+12
  qv MAS:  0.739213E+12
  qc MAS:  0.000000E+00
  qr MAS:  0.000000E+00
  qi MAS:  0.000000E+00
  qs MAS:  0.000000E+00
  qg MAS:  0.000000E+00
  qhlMAS:  0.000000E+00
  TENERG:  0.521613E+20
  TMU   :  0.529690E+16
  TMV   :  0.346996E+16
  TMW   :  0.378256E+12
  TMFU  :  0.184045E+10
  TMFD  : -0.137451E+07
  tcond :  0.000000E+00
  tevac :  0.000000E+00
  tauto :  0.000000E+00
  taccr :  0.000000E+00
  tevar :  0.000000E+00
  train :  0.000000E+00
  erain :  0.000000E+00
  qsfc  :  0.000000E+00
  esfc  :  0.000000E+00
  erad  :  0.000000E+00
  asqv  :  0.000000E+00
  asqc  :  0.000000E+00
  asqr  :  0.000000E+00
  asqi  :  0.000000E+00
  asqs  :  0.000000E+00
  asqg  :  0.000000E+00
  asqhl :  0.000000E+00
  asccn :  0.000000E+00
  asccw :  0.000000E+00
  ascrw :  0.000000E+00
  ascci :  0.000000E+00
  ascsw :  0.000000E+00
  aschw :  0.000000E+00
  aschl :  0.000000E+00
  asvhw :  0.000000E+00
  asvhl :  0.000000E+00
  bsqv  :  0.000000E+00
  bsqc  :  0.000000E+00
  bsqr  :  0.000000E+00
  bsqi  :  0.000000E+00
  bsqs  :  0.000000E+00
  bsqg  :  0.000000E+00
  bsqhl :  0.000000E+00
  bsccn :  0.000000E+00
  bsccw :  0.000000E+00
  bscrw :  0.000000E+00
  bscci :  0.000000E+00
  bscsw :  0.000000E+00
  bschw :  0.000000E+00
  bschl :  0.000000E+00
  bsvhw :  0.000000E+00
  bsvhl :  0.000000E+00
 cm1out_stats.nc                                                       
   nrec =            1
   calling nf90_create 
             0              0.000000 min 

 -------------Done with Preprocessors-----------

             1              0.125000 min 
             2              0.250000 min 
             3              0.375000 min 
             4              0.500000 min 
             5              0.625000 min 
             6              0.750000 min 
             7              0.875000 min 
  WMAX  :   4.28306       14   21   49    WMIN  :  -3.15731       14   21   39
  UMAX  :   49.6101       27   21   34    UMIN  :  -5.65646       20   20    2
  SUMAX :  -1.99099        9   19    1    SUMIN :  -5.22322       20   20    1
  VMAX  :   25.1851       12   28   30    VMIN  :   3.06090       16   11   39
  SVMAX :   11.3003       17   17    1    SVMIN :   9.18317       13   27    1
  PPIMAX:  0.510118E-02   14   21   51    PPIMIN: -0.314927E-02   14   21   38
  PPMAX :   239.074       14   21   50    PPMIN :  -449.227       12   18    1
  THPMAX:   1.94174       12   18    8    THPMIN:  -2.07783       14   21   48
  STHPMX:  0.404128       11   18    1    STHPMN: -0.608150E-03    1   23    1
  MAXqv :  0.243593E-01   16   20    1    MINqv :  0.984466E-06   24   28   34
  MAXqc :  0.294793E-03   12   18   17    MINqc :   0.00000        1    1    1
  MAXqr :  0.209138E-06   11   17   16    MINqr :   0.00000        1    1    1
  MAXqi :   0.00000        1    1    1    MINqi :   0.00000        1    1    1
  MAXqs :   0.00000        1    1    1    MINqs :   0.00000        1    1    1
  MAXqg :   0.00000        1    1    1    MINqg :   0.00000        1    1    1
  MAXqhl:   0.00000        1    1    1    MINqhl:   0.00000        1    1    1
  MAXccn:  0.163513E+10   17   20   16    MINccn:  0.543459E+09   12   18   17
  MAXccw:  0.104339E+10   17   20   17    MINccw:   0.00000        1    1    1
  MAXcrw:   44.2124       11   17   16    MINcrw:   0.00000        1    1    1
  MAXcci:   0.00000        1    1    1    MINcci:   0.00000        1    1    1
  MAXcsw:   0.00000        1    1    1    MINcsw:   0.00000        1    1    1
  MAXchw:   0.00000        1    1    1    MINchw:   0.00000        1    1    1
  MAXchl:   0.00000        1    1    1    MINchl:   0.00000        1    1    1
  MAXvhw:   0.00000        1    1    1    MINvhw:   0.00000        1    1    1
  MAXvhl:   0.00000        1    1    1    MINvhl:   0.00000        1    1    1
  TKEMAX:   2.57097       15   20    5    TKEMIN:   0.00000        1    1    1
  KMHMAX:   122.012       15   20    5    KMHMIN:   0.00000        1    1    1
  KMVMAX:   122.012       15   20    5    KMVMIN:   0.00000        1    1    1
  KHHMAX:   366.036       15   20    5    KHHMIN:   0.00000        1    1    1
  KHVMAX:   366.036       15   20    5    KHVMIN:   0.00000        1    1    1
  DIVMAX:  0.592036E-03   14   21   41    DIVMIN: -0.374756E-03   14   21   30
  RHMAX :   1.00182       17   20   16    RHMIN :  0.222797E-02   74   74   33
  RHIMAX:  0.940048       17   20   16    RHIMIN:  0.330199E-02   74   74   33
  THEMAX:   379.428       16   20    1    THEMIN:   318.754        4    1   16
  STHEMX:   379.428       16   20    1    STHEMN:   361.087        9   13    1
  QCTOP :   3418.613770    1    1    1    QCBOT :     77.692535    1    1    1
  SFPMAX:   95344.7        1   23    1    SFPMIN:   94717.1       12   18    1
  PSFCMX:   96179.5        1   23    1    PSFCMN:   95544.2       12   18    1
  WSPMAX:   52.9202       24   27   34    WSPMIN:   9.78546       13   27    1
  SWSPMX:   11.8767       18   17    1    SWSPMN:   9.78546       13   27    1
  CFLMAX:      0.198490   24   27   34
  KSHMAX:  0.686318E-03   15   20    5
  KSVMAX:  0.887984E-01   15   20    5
  VORSFC:  0.529094E-04
  VOR1KM:  0.361437E-03
  VOR2KM:  0.200792E-03
  VOR3KM:  0.827646E-04
  VOR4KM:  0.981503E-04
  VOR5KM:  0.293961E-04
  TMASS :  0.207380E+15
  TMOIS :  0.739221E+12
  qv MAS:  0.739219E+12
  qc MAS:  0.153583E+07
  qr MAS:  0.560137E+03
  qi MAS:  0.000000E+00
  qs MAS:  0.000000E+00
  qg MAS:  0.000000E+00
  qhlMAS:  0.000000E+00
  TENERG:  0.521630E+20
  TMU   :  0.529636E+16
  TMV   :  0.347003E+16
  TMW   :  0.100026E+13
  TMFU  :  0.775291E+10
  TMFD  : -0.660425E+10
  tcond :  0.000000E+00
  tevac :  0.000000E+00
  tauto :  0.000000E+00
  taccr :  0.000000E+00
  tevar :  0.000000E+00
  train :  0.131880E+01
  erain :  0.000000E+00
  qsfc  :  0.000000E+00
  esfc  :  0.000000E+00
  erad  :  0.000000E+00
  asqv  :  0.000000E+00
  asqc  :  0.324878E+04
  asqr  :  0.103221E+00
  asqi  :  0.000000E+00
  asqs  :  0.000000E+00
  asqg  :  0.000000E+00
  asqhl :  0.000000E+00
  asccn :  0.000000E+00
  asccw :  0.228771E+16
  ascrw :  0.103836E+08
  ascci :  0.000000E+00
  ascsw :  0.000000E+00
  aschw :  0.000000E+00
  aschl :  0.000000E+00
  asvhw :  0.000000E+00
  asvhl :  0.000000E+00
  bsqv  :  0.000000E+00
  bsqc  :  0.000000E+00
  bsqr  :  0.000000E+00
  bsqi  :  0.000000E+00
  bsqs  :  0.000000E+00
  bsqg  :  0.000000E+00
  bsqhl :  0.000000E+00
  bsccn :  0.000000E+00
  bsccw :  0.000000E+00
  bscrw :  0.000000E+00
  bscci :  0.000000E+00
  bscsw :  0.000000E+00
  bschw :  0.000000E+00
  bschl :  0.000000E+00
  bsvhw :  0.000000E+00
  bsvhl :  0.000000E+00
 cm1out_stats.nc                                                       
   nrec =            2
             8              1.000000 min 
             9              1.125000 min 
            10              1.250000 min 
            11              1.375000 min 
            12              1.500000 min 
            13              1.625000 min 
            14              1.750000 min 
            15              1.875000 min 
  WMAX  :   1.86020       13   22   35    WMIN  :  -1.64211       13   22   12
  UMAX  :   49.3829       32   17   34    UMIN  :  -6.87888       20   21    2
  SUMAX : -0.805984        9   18    1    SUMIN :  -6.53808       20   21    1
  VMAX  :   24.8338       13   29   30    VMIN  :   3.49370       24    2   39
  SVMAX :   12.3860       12   16    1    SVMIN :   8.14037       14   28    1
  PPIMAX:  0.103390E-02   13   24   15    PPIMIN: -0.161905E-02   14   22   34
  PPMAX :   279.891       14   25   13    PPMIN :  -238.197       14   22   32
  THPMAX:   1.89551       12   18   10    THPMIN:  -1.79138       14   22   48
  STHPMX:  0.410561       13   25    1    STHPMN: -0.523879E-02   10   22    1
  MAXqv :  0.243799E-01   11   18    1    MINqv :  0.989981E-06   15   21   35
  MAXqc :  0.185325E-03   18   21   15    MINqc :   0.00000        1    1    1
  MAXqr :  0.436585E-07   12   17   16    MINqr :   0.00000        1    1    1
  MAXqi :   0.00000        1    1    1    MINqi :   0.00000        1    1    1
  MAXqs :   0.00000        1    1    1    MINqs :   0.00000        1    1    1
  MAXqg :   0.00000        1    1    1    MINqg :   0.00000        1    1    1
  MAXqhl:   0.00000        1    1    1    MINqhl:   0.00000        1    1    1
  MAXccn:  0.164974E+10   13   28   10    MINccn:  0.159844E+09   18   20   15
  MAXccw:  0.140492E+10   18   20   15    MINccw:   0.00000        1    1    1
  MAXcrw:   13.0058       12   17   16    MINcrw:   0.00000        1    1    1
  MAXcci:   0.00000        1    1    1    MINcci:   0.00000        1    1    1
  MAXcsw:   0.00000        1    1    1    MINcsw:   0.00000        1    1    1
  MAXchw:   0.00000        1    1    1    MINchw:   0.00000        1    1    1
  MAXchl:   0.00000        1    1    1    MINchl:   0.00000        1    1    1
  MAXvhw:   0.00000        1    1    1    MINvhw:   0.00000        1    1    1
  MAXvhl:   0.00000        1    1    1    MINvhl:   0.00000        1    1    1
  TKEMAX:   6.85984       13   19   13    TKEMIN:   0.00000        1    1    1
  KMHMAX:   251.344       13   19   13    KMHMIN:   0.00000        1    1    1
  KMVMAX:   251.344       13   19   13    KMVMIN:   0.00000        1    1    1
  KHHMAX:   754.032       13   19   13    KHHMIN:   0.00000        1    1    1
  KHVMAX:   754.032       13   19   13    KHVMIN:   0.00000        1    1    1
  DIVMAX:  0.408807E-03   15   21   23    DIVMIN: -0.360289E-03   15   22    2
  RHMAX :   1.01015       15   25   15    RHMIN :  0.226450E-02   72   11   33
  RHIMAX:  0.929958       14   25   17    RHIMIN:  0.335595E-02   72   11   33
  THEMAX:   379.483       11   18    1    THEMIN:   318.756       14   53   16
  STHEMX:   379.483       11   18    1    STHEMN:   361.047       17   15    1
  QCTOP :   3150.137451    1    1    1    QCBOT :    569.454773    1    1    1
  SFPMAX:   95356.8       14   22    1    SFPMIN:   95084.7        1   18    1
  PSFCMX:   96188.7       14   22    1    PSFCMN:   95917.8        1   18    1
  WSPMAX:   52.6249       34   32   34    WSPMIN:   8.67742       12   28    1
  SWSPMX:   12.8726       13   15    1    SWSPMN:   8.67742       12   28    1
  CFLMAX:      0.197352   12   21   34
  KSHMAX:  0.141381E-02   13   19   13
  KSVMAX:  0.129087       14   16    5
  VORSFC:  0.157501E-03
  VOR1KM:  0.989868E-03
  VOR2KM:  0.391031E-03
  VOR3KM:  0.222825E-03
  VOR4KM:  0.261833E-03
  VOR5KM:  0.722189E-04
  TMASS :  0.207380E+15
  TMOIS :  0.739218E+12
  qv MAS:  0.739204E+12
  qc MAS:  0.142303E+08
  qr MAS:  0.535683E+03
  qi MAS:  0.000000E+00
  qs MAS:  0.000000E+00
  qg MAS:  0.000000E+00
  qhlMAS:  0.000000E+00
  TENERG:  0.521631E+20
  TMU   :  0.529772E+16
  TMV   :  0.347101E+16
  TMW   : -0.375781E+13
  TMFU  :  0.784696E+10
  TMFD  : -0.216124E+11
  tcond :  0.000000E+00
  tevac :  0.000000E+00
  tauto :  0.000000E+00
  taccr :  0.000000E+00
  tevar :  0.000000E+00
  train :  0.104172E+02
  erain :  0.000000E+00
  qsfc  :  0.000000E+00
  esfc  :  0.000000E+00
  erad  :  0.000000E+00
  asqv  :  0.000000E+00
  asqc  :  0.922621E+04
  asqr  :  0.267484E+00
  asqi  :  0.000000E+00
  asqs  :  0.000000E+00
  asqg  :  0.000000E+00
  asqhl :  0.000000E+00
  asccn :  0.000000E+00
  asccw :  0.219959E+17
  ascrw :  0.239578E+08
  ascci :  0.000000E+00
  ascsw :  0.000000E+00
  aschw :  0.000000E+00
  aschl :  0.000000E+00
  asvhw :  0.000000E+00
  asvhl :  0.000000E+00
  bsqv  :  0.000000E+00
  bsqc  :  0.000000E+00
  bsqr  :  0.000000E+00
  bsqi  :  0.000000E+00
  bsqs  :  0.000000E+00
  bsqg  :  0.000000E+00
  bsqhl :  0.000000E+00
  bsccn :  0.000000E+00
  bsccw :  0.000000E+00
  bscrw :  0.000000E+00
  bscci :  0.000000E+00
  bscsw :  0.000000E+00
  bschw :  0.000000E+00
  bschl :  0.000000E+00
  bsvhw :  0.000000E+00
  bsvhl :  0.000000E+00
 cm1out_stats.nc                                                       
   nrec =            3
            16              2.000000 min 
            17              2.125000 min 
            18              2.250000 min 
            19              2.375000 min 
            20              2.500000 min 
            21              2.625000 min 
            22              2.750000 min 
            23              2.875000 min 
  WMAX  :   3.24656       18   21   13    WMIN  :  -1.23480       15   22   12
  UMAX  :   49.3115       43   17   34    UMIN  :  -7.69700       20   21    2
  SUMAX :  0.354594       10   19    1    SUMIN :  -7.46403       20   21    1
  VMAX  :   24.7689       14   28   30    VMIN  :   3.56885        1   37   39
  SVMAX :   13.4167       12   16    1    SVMIN :   6.94032       14   29    1
  PPIMAX:  0.981943E-03   17   22   47    PPIMIN: -0.914502E-03    1   27    1
  PPMAX :   153.727        1    1    1    PPMIN :  -308.914        1   27    1
  THPMAX:   2.47275       14   25   13    THPMIN:  -1.85360       15   22   48
  STHPMX:  0.449219       13   25    1    STHPMN: -0.779821E-02   10   22    1
  MAXqv :  0.243751E-01   11   18    1    MINqv :  0.989860E-06   34   22   34
  MAXqc :  0.649616E-03   19   21   16    MINqc :   0.00000        1    1    1
  MAXqr :  0.175457E-06   15   21    5    MINqr :   0.00000        1    1    1
  MAXqi :   0.00000        1    1    1    MINqi :   0.00000        1    1    1
  MAXqs :   0.00000        1    1    1    MINqs :   0.00000        1    1    1
  MAXqg :   0.00000        1    1    1    MINqg :   0.00000        1    1    1
  MAXqhl:   0.00000        1    1    1    MINqhl:   0.00000        1    1    1
  MAXccn:  0.170792E+10   16   20   16    MINccn:   0.00000       11   19   10
  MAXccw:  0.170776E+10   19   22   16    MINccw:   0.00000        1    1    1
  MAXcrw:   65.4589       15   21    5    MINcrw:   0.00000        1    1    1
  MAXcci:   0.00000        1    1    1    MINcci:   0.00000        1    1    1
  MAXcsw:   0.00000        1    1    1    MINcsw:   0.00000        1    1    1
  MAXchw:   0.00000        1    1    1    MINchw:   0.00000        1    1    1
  MAXchl:   0.00000        1    1    1    MINchl:   0.00000        1    1    1
  MAXvhw:   0.00000        1    1    1    MINvhw:   0.00000        1    1    1
  MAXvhl:   0.00000        1    1    1    MINvhl:   0.00000        1    1    1
  TKEMAX:   13.8297       13   19   14    TKEMIN:   0.00000        1    1    1
  KMHMAX:   363.432       13   19   15    KMHMIN:   0.00000        1    1    1
  KMVMAX:   363.432       13   19   15    KMVMIN:   0.00000        1    1    1
  KHHMAX:   1090.30       13   19   15    KHHMIN:   0.00000        1    1    1
  KHVMAX:   1090.30       13   19   15    KHVMIN:   0.00000        1    1    1
  DIVMAX:  0.186961E-03   11   19    4    DIVMIN: -0.192403E-03   26   20    1
  RHMAX :   1.00450       16   22    5    RHMIN :  0.230121E-02   56   73   33
  RHIMAX:  0.941528       19   22   17    RHIMIN:  0.341020E-02   56   73   33
  THEMAX:   379.456       11   18    1    THEMIN:   318.758       52    9   16
  STHEMX:   379.456       11   18    1    STHEMN:   360.962       17   15    1
  QCTOP :   3418.613770    1    1    1    QCBOT :    235.866806    1    1    1
  SFPMAX:   95320.1        1    1    1    SFPMIN:   94857.4        1   27    1
  PSFCMX:   96154.7        1    1    1    PSFCMN:   95689.1        1   27    1
  WSPMAX:   52.5321       43   21   34    WSPMIN:   7.63233       13   28    1
  SWSPMX:   13.8458       13   16    1    SWSPMN:   7.63233       13   28    1
  CFLMAX:      0.196998   43   21   34
  KSHMAX:  0.204430E-02   13   19   15
  KSVMAX:  0.139679       13   19   14
  VORSFC:  0.262278E-03
  VOR1KM:  0.130814E-02
  VOR2KM:  0.620138E-03
  VOR3KM:  0.460979E-03
  VOR4KM:  0.406653E-03
  VOR5KM:  0.106720E-03
  TMASS :  0.207380E+15
  TMOIS :  0.739217E+12
  qv MAS:  0.739113E+12
  qc MAS:  0.103605E+09
  qr MAS:  0.949453E+03
  qi MAS:  0.000000E+00
  qs MAS:  0.000000E+00
  qg MAS:  0.000000E+00
  qhlMAS:  0.000000E+00
  TENERG:  0.521631E+20
  TMU   :  0.529701E+16
  TMV   :  0.347252E+16
  TMW   :  0.124916E+13
  TMFU  :  0.183291E+11
  TMFD  : -0.173549E+11
  tcond :  0.000000E+00
  tevac :  0.000000E+00
  tauto :  0.000000E+00
  taccr :  0.000000E+00
  tevar :  0.000000E+00
  train :  0.193458E+02
  erain :  0.000000E+00
  qsfc  :  0.000000E+00
  esfc  :  0.000000E+00
  erad  :  0.000000E+00
  asqv  :  0.000000E+00
  asqc  :  0.369960E+05
  asqr  :  0.339248E+00
  asqi  :  0.000000E+00
  asqs  :  0.000000E+00
  asqg  :  0.000000E+00
  asqhl :  0.000000E+00
  asccn : -0.188542E+16
  asccw :  0.899965E+17
  ascrw :  0.356417E+08
  ascci :  0.000000E+00
  ascsw :  0.000000E+00
  aschw :  0.000000E+00
  aschl :  0.000000E+00
  asvhw :  0.000000E+00
  asvhl :  0.000000E+00
  bsqv  :  0.000000E+00
  bsqc  :  0.000000E+00
  bsqr  :  0.000000E+00
  bsqi  :  0.000000E+00
  bsqs  :  0.000000E+00
  bsqg  :  0.000000E+00
  bsqhl :  0.000000E+00
  bsccn :  0.000000E+00
  bsccw :  0.000000E+00
  bscrw :  0.000000E+00
  bscci :  0.000000E+00
  bscsw :  0.000000E+00
  bschw :  0.000000E+00
  bschl :  0.000000E+00
  bsvhw :  0.000000E+00
  bsvhl :  0.000000E+00
 cm1out_stats.nc                                                       
   nrec =            4
            24              3.000000 min 
            25              3.125000 min 
            26              3.250000 min 
            27              3.375000 min 
            28              3.500000 min 
            29              3.625000 min 
            30              3.750000 min 
            31              3.875000 min 
  WMAX  :   4.21986       19   21   14    WMIN  :  -1.65879       14   23   11
  UMAX  :   49.2401       50    4   34    UMIN  :  -8.22449       21   22    2
  SUMAX :   1.24338       10   19    1    SUMIN :  -7.85721       20   21    1
  VMAX  :   25.0581       15   28   30    VMIN  :   3.56402        1   47   39
  SVMAX :   14.1692       13   17    1    SVMIN :   5.85613       14   29    1
  PPIMAX:  0.674069E-03   14   19   18    PPIMIN: -0.166510E-02    1   29   51
  PPMAX :   168.266       14   19   18    PPMIN :  -216.680        1    1    1
  THPMAX:   3.28009       15   26   14    THPMIN:  -2.24133       15   26   18
  STHPMX:  0.509247       15   21    1    STHPMN: -0.544938E-02   15   28    1
  MAXqv :  0.242385E-01   10   19    1    MINqv :  0.995774E-06   44   39   34
  MAXqc :  0.997186E-03   19   21   16    MINqc :   0.00000        1    1    1
  MAXqr :  0.442697E-05   11   23    5    MINqr :   0.00000        1    1    1
  MAXqi :   0.00000        1    1    1    MINqi :   0.00000        1    1    1
  MAXqs :   0.00000        1    1    1    MINqs :   0.00000        1    1    1
  MAXqg :   0.00000        1    1    1    MINqg :   0.00000        1    1    1
  MAXqhl:   0.00000        1    1    1    MINqhl:   0.00000        1    1    1
  MAXccn:  0.175015E+10   13   23    5    MINccn:   0.00000       11   17    5
  MAXccw:  0.168459E+10   15   27    7    MINccw:   0.00000        1    1    1
  MAXcrw:   1018.50       11   23    5    MINcrw:   0.00000        1    1    1
  MAXcci:   0.00000        1    1    1    MINcci:   0.00000        1    1    1
  MAXcsw:   0.00000        1    1    1    MINcsw:   0.00000        1    1    1
  MAXchw:   0.00000        1    1    1    MINchw:   0.00000        1    1    1
  MAXchl:   0.00000        1    1    1    MINchl:   0.00000        1    1    1
  MAXvhw:   0.00000        1    1    1    MINvhw:   0.00000        1    1    1
  MAXvhl:   0.00000        1    1    1    MINvhl:   0.00000        1    1    1
  TKEMAX:   19.8912       13   19   15    TKEMIN:   0.00000        1    1    1
  KMHMAX:   441.068       13   19   16    KMHMIN:   0.00000        1    1    1
  KMVMAX:   441.068       13   19   16    KMVMIN:   0.00000        1    1    1
  KHHMAX:   1323.21       13   19   16    KHHMIN:   0.00000        1    1    1
  KHVMAX:   1323.21       13   19   16    KHVMIN:   0.00000        1    1    1
  DIVMAX:  0.117733E-03   19   23   31    DIVMIN: -0.135719E-03   14   21    1
  RHMAX :   1.00042       16   23    5    RHMIN :  0.233912E-02   64    2   33
  RHIMAX:  0.960069       14   19   18    RHIMIN:  0.346635E-02   64    2   33
  THEMAX:   378.911       10   19    1    THEMIN:   318.759       60   43   16
  STHEMX:   378.911       10   19    1    STHEMN:   360.666       15   15    1
  QCTOP :   3696.728760    1    1    1    QCBOT :    235.866806    1    1    1
  SFPMAX:   95287.2        1   57    1    SFPMIN:   94949.6        1    1    1
  PSFCMX:   96121.6        1   57    1    PSFCMN:   95781.9        1    1    1
  WSPMAX:   52.4625       50    4   34    WSPMIN:   6.64606       13   28    1
  SWSPMX:   14.6221       13   16    1    SWSPMN:   6.64606       13   28    1
  CFLMAX:      0.196735   50    4   34
  KSHMAX:  0.248101E-02   13   19   16
  KSVMAX:  0.160929       13   19   14
  VORSFC:  0.355402E-03
  VOR1KM:  0.232537E-02
  VOR2KM:  0.846704E-03
  VOR3KM:  0.806790E-03
  VOR4KM:  0.564303E-03
  VOR5KM:  0.154058E-03
  TMASS :  0.207380E+15
  TMOIS :  0.739224E+12
  qv MAS:  0.739023E+12
  qc MAS:  0.200832E+09
  qr MAS:  0.101812E+05
  qi MAS:  0.000000E+00
  qs MAS:  0.000000E+00
  qg MAS:  0.000000E+00
  qhlMAS:  0.000000E+00
  TENERG:  0.521631E+20
  TMU   :  0.529479E+16
  TMV   :  0.347100E+16
  TMW   : -0.317644E+13
  TMFU  :  0.131724E+11
  TMFD  : -0.227007E+11
  tcond :  0.000000E+00
  tevac :  0.000000E+00
  tauto :  0.000000E+00
  taccr :  0.000000E+00
  tevar :  0.000000E+00
  train :  0.365691E+02
  erain :  0.000000E+00
  qsfc  :  0.000000E+00
  esfc  :  0.000000E+00
  erad  :  0.000000E+00
  asqv  :  0.000000E+00
  asqc  :  0.988731E+05
  asqr  :  0.584529E+00
  asqi  :  0.000000E+00
  asqs  :  0.000000E+00
  asqg  :  0.000000E+00
  asqhl :  0.000000E+00
  asccn : -0.161351E+17
  asccw :  0.174349E+18
  ascrw :  0.822553E+08
  ascci :  0.000000E+00
  ascsw :  0.000000E+00
  aschw :  0.000000E+00
  aschl :  0.000000E+00
  asvhw :  0.000000E+00
  asvhl :  0.000000E+00
  bsqv  :  0.000000E+00
  bsqc  :  0.000000E+00
  bsqr  :  0.000000E+00
  bsqi  :  0.000000E+00
  bsqs  :  0.000000E+00
  bsqg  :  0.000000E+00
  bsqhl :  0.000000E+00
  bsccn :  0.000000E+00
  bsccw :  0.000000E+00
  bscrw :  0.000000E+00
  bscci :  0.000000E+00
  bscsw :  0.000000E+00
  bschw :  0.000000E+00
  bschl :  0.000000E+00
  bsvhw :  0.000000E+00
  bsvhl :  0.000000E+00
 cm1out_stats.nc                                                       
   nrec =            5
            32              4.000000 min 
            33              4.125000 min 
            34              4.250000 min 
            35              4.375000 min 
            36              4.500000 min 
            37              4.625000 min 
            38              4.750000 min 
            39              4.875000 min 
   Getting dbz ... 
  WMAX  :   5.66156       20   22   15    WMIN  :  -1.58484       14   24   11
  UMAX  :   49.2493       60    1   34    UMIN  :  -8.67685       21   22    2
  SUMAX :   2.05524       11   19    1    SUMIN :  -8.17898       21   22    1
  VMAX  :   25.2198       15   29   30    VMIN  :   3.64203        1   59   39
  SVMAX :   14.9567       13   17    1    SVMIN :   4.81374       14   29    1
  PPIMAX:  0.682671E-03    1   24   36    PPIMIN: -0.830132E-03    1   18    1
  PPMAX :   141.719        1   49    1    PPMIN :  -280.438        1   18    1
  THPMAX:   4.46155       20   22   15    THPMIN:  -2.92755       13   19   18
  STHPMX:  0.587002       15   22    1    STHPMN: -0.109569E-01   15   28    1
  MAXqv :  0.241840E-01   10   20    1    MINqv :  0.996811E-06   44   31   34
  MAXqc :  0.159633E-02   20   22   16    MINqc :   0.00000        1    1    1
  MAXqr :  0.263640E-05   16   23    5    MINqr :   0.00000        1    1    1
  MAXqi :   0.00000        1    1    1    MINqi :   0.00000        1    1    1
  MAXqs :   0.00000        1    1    1    MINqs :   0.00000        1    1    1
  MAXqg :   0.00000        1    1    1    MINqg :   0.00000        1    1    1
  MAXqhl:   0.00000        1    1    1    MINqhl:   0.00000        1    1    1
  MAXccn:  0.174519E+10   14   23    5    MINccn:   0.00000       11   17    6
  MAXccw:  0.172750E+10   19   22    9    MINccw:   0.00000        1    1    1
  MAXcrw:   1225.99       16   23    5    MINcrw:   0.00000        1    1    1
  MAXcci:   0.00000        1    1    1    MINcci:   0.00000        1    1    1
  MAXcsw:   0.00000        1    1    1    MINcsw:   0.00000        1    1    1
  MAXchw:   0.00000        1    1    1    MINchw:   0.00000        1    1    1
  MAXchl:   0.00000        1    1    1    MINchl:   0.00000        1    1    1
  MAXvhw:   0.00000        1    1    1    MINvhw:   0.00000        1    1    1
  MAXvhl:   0.00000        1    1    1    MINvhl:   0.00000        1    1    1
  TKEMAX:   25.8500       13   19   16    TKEMIN:   0.00000        1    1    1
  KMHMAX:   511.760       20   22   17    KMHMIN:   0.00000        1    1    1
  KMVMAX:   511.760       20   22   17    KMVMIN:   0.00000        1    1    1
  KHHMAX:   1535.28       20   22   17    KHHMIN:   0.00000        1    1    1
  KHVMAX:   1535.28       20   22   17    KHVMIN:   0.00000        1    1    1
  DIVMAX:  0.131778E-03   28    1    2    DIVMIN: -0.185365E-03   17   27   15
  RHMAX :  0.990018       20   22   19    RHMIN :  0.237636E-02   57   75   33
  RHIMAX:  0.980268       20   22   19    RHIMIN:  0.352147E-02   57   75   33
  THEMAX:   378.646       10   20    1    THEMIN:   318.761       75   32   16
  STHEMX:   378.646       10   20    1    STHEMN:   360.321       17   15    1
  QCTOP :   3984.828125    1    1    1    QCBOT :    399.719604    1    1    1
  SFPMAX:   95308.0        1   49    1    SFPMIN:   94885.9        1   18    1
  PSFCMX:   96142.6        1   49    1    PSFCMN:   95717.7        1   18    1
  WSPMAX:   52.4830       60    1   34    WSPMIN:   5.61062       13   29    1
  SWSPMX:   15.3912       14   17    1    SWSPMN:   5.61062       13   29    1
  CFLMAX:      0.196812   60    1   34
  KSHMAX:  0.287865E-02   20   22   17
  KSVMAX:  0.174201       14   26   15
  VORSFC:  0.400729E-03
  VOR1KM:  0.303757E-02
  VOR2KM:  0.123403E-02
  VOR3KM:  0.116522E-02
  VOR4KM:  0.692167E-03
  VOR5KM:  0.215417E-03
  TMASS :  0.207380E+15
  TMOIS :  0.739226E+12
  qv MAS:  0.738914E+12
  qc MAS:  0.312083E+09
  qr MAS:  0.152087E+05
  qi MAS:  0.000000E+00
  qs MAS:  0.000000E+00
  qg MAS:  0.000000E+00
  qhlMAS:  0.000000E+00
  TENERG:  0.521630E+20
  TMU   :  0.529404E+16
  TMV   :  0.346801E+16
  TMW   :  0.180464E+13
  TMFU  :  0.251419E+11
  TMFD  : -0.232098E+11
  tcond :  0.000000E+00
  tevac :  0.000000E+00
  tauto :  0.000000E+00
  taccr :  0.000000E+00
  tevar :  0.000000E+00
  train :  0.269559E+03
  erain :  0.000000E+00
  qsfc  :  0.000000E+00
  esfc  :  0.000000E+00
  erad  :  0.000000E+00
  asqv  :  0.000000E+00
  asqc  :  0.195286E+06
  asqr  :  0.960865E+00
  asqi  :  0.000000E+00
  asqs  :  0.000000E+00
  asqg  :  0.000000E+00
  asqhl :  0.000000E+00
  asccn : -0.344451E+17
  asccw :  0.267017E+18
  ascrw :  0.187064E+09
  ascci :  0.000000E+00
  ascsw :  0.000000E+00
  aschw :  0.000000E+00
  aschl :  0.000000E+00
  asvhw :  0.000000E+00
  asvhl :  0.000000E+00
  bsqv  :  0.000000E+00
  bsqc  :  0.000000E+00
  bsqr  :  0.000000E+00
  bsqi  :  0.000000E+00
  bsqs  :  0.000000E+00
  bsqg  :  0.000000E+00
  bsqhl :  0.000000E+00
  bsccn :  0.000000E+00
  bsccw :  0.000000E+00
  bscrw :  0.000000E+00
  bscci :  0.000000E+00
  bscsw :  0.000000E+00
  bschw :  0.000000E+00
  bschl :  0.000000E+00
  bsvhw :  0.000000E+00
  bsvhl :  0.000000E+00
 cm1out_stats.nc                                                       
   nrec =            6
            40              5.000000 min 
   string = cm1out_rst_000001.nc                                                  
  USING COMPRESSED netCDF4 
   leaving restart_prelim 
            41              5.125000 min 
            42              5.250000 min 
            43              5.375000 min 
            44              5.500000 min 
            45              5.625000 min 
            46              5.750000 min 
            47              5.875000 min 
  WMAX  :   7.39845       20   22   16    WMIN  :  -2.12975       15   24   12
  UMAX  :   49.2558       71    1   34    UMIN  :  -8.92388       22   22    2
  SUMAX :   2.93673       11   20    1    SUMIN :  -8.77520       22   22    1
  VMAX  :   25.4253       16   29   30    VMIN  :   3.57773        1   66   39
  SVMAX :   15.5812       13   18    1    SVMIN :   4.03039       14   29    1
  PPIMAX:  0.912905E-03   17   28   19    PPIMIN: -0.159760E-02    1   27   51
  PPMAX :   222.250       17   28   19    PPMIN :  -174.531       17   27    1
  THPMAX:   5.49460       20   22   15    THPMIN:  -3.05737       13   21   18
  STHPMX:  0.668488       15   22    1    STHPMN: -0.143683E-01   15   28    1
  MAXqv :  0.240874E-01   10   20    1    MINqv :  0.995511E-06   56   19   34
  MAXqc :  0.209121E-02   20   22   15    MINqc :   0.00000        1    1    1
  MAXqr :  0.188392E-05   12   24    5    MINqr :   0.00000        1    1    1
  MAXqi :   0.00000        1    1    1    MINqi :   0.00000        1    1    1
  MAXqs :   0.00000        1    1    1    MINqs :   0.00000        1    1    1
  MAXqg :   0.00000        1    1    1    MINqg :   0.00000        1    1    1
  MAXqhl:   0.00000        1    1    1    MINqhl:   0.00000        1    1    1
  MAXccn:  0.174921E+10   13   24    7    MINccn:   0.00000       13   19    4
  MAXccw:  0.171173E+10   15   20    7    MINccw:   0.00000        1    1    1
  MAXcrw:   4145.21       12   24    5    MINcrw:   0.00000        1    1    1
  MAXcci:   0.00000        1    1    1    MINcci:   0.00000        1    1    1
  MAXcsw:   0.00000        1    1    1    MINcsw:   0.00000        1    1    1
  MAXchw:   0.00000        1    1    1    MINchw:   0.00000        1    1    1
  MAXchl:   0.00000        1    1    1    MINchl:   0.00000        1    1    1
  MAXvhw:   0.00000        1    1    1    MINvhw:   0.00000        1    1    1
  MAXvhl:   0.00000        1    1    1    MINvhl:   0.00000        1    1    1
  TKEMAX:   32.5496       14   20   18    TKEMIN:   0.00000        1    1    1
  KMHMAX:   587.416       15   20   19    KMHMIN:   0.00000        1    1    1
  KMVMAX:   587.416       15   20   19    KMVMIN:   0.00000        1    1    1
  KHHMAX:   1762.25       15   20   19    KHHMIN:   0.00000        1    1    1
  KHVMAX:   1762.25       15   20   19    KHVMIN:   0.00000        1    1    1
  DIVMAX:  0.183110E-03   21   23   20    DIVMIN: -0.189509E-03   21   23   16
  RHMAX :  0.990748       17   28   19    RHMIN :  0.241332E-02   70   75   33
  RHIMAX:  0.994956       15   20   20    RHIMIN:  0.357602E-02   70   75   33
  THEMAX:   378.416       10   20    1    THEMIN:   318.763       74   61   16
  STHEMX:   378.416       10   20    1    STHEMN:   360.081       16   15    1
  QCTOP :   3984.828125    1    1    1    QCBOT :    399.719604    1    1    1
  SFPMAX:   95267.4       71    1    1    SFPMIN:   94991.8       17   27    1
  PSFCMX:   96101.6       71    1    1    PSFCMN:   95824.1       17   27    1
  WSPMAX:   52.4935       71    1   34    WSPMIN:   4.83335       13   29    1
  SWSPMX:   16.0909       15   18    1    SWSPMN:   4.83335       13   29    1
  CFLMAX:      0.236409   20   22   15
  KSHMAX:  0.330421E-02   15   20   19
  KSVMAX:  0.185074       15   26   15
  VORSFC:  0.399853E-03
  VOR1KM:  0.428823E-02
  VOR2KM:  0.177871E-02
  VOR3KM:  0.156303E-02
  VOR4KM:  0.129159E-02
  VOR5KM:  0.362818E-03
  TMASS :  0.207380E+15
  TMOIS :  0.739234E+12
  qv MAS:  0.738806E+12
  qc MAS:  0.428477E+09
  qr MAS:  0.159858E+05
  qi MAS:  0.000000E+00
  qs MAS:  0.000000E+00
  qg MAS:  0.000000E+00
  qhlMAS:  0.000000E+00
  TENERG:  0.521629E+20
  TMU   :  0.529145E+16
  TMV   :  0.346230E+16
  TMW   : -0.314874E+13
  TMFU  :  0.174633E+11
  TMFD  : -0.250760E+11
  tcond :  0.000000E+00
  tevac :  0.000000E+00
  tauto :  0.000000E+00
  taccr :  0.000000E+00
  tevar :  0.000000E+00
  train :  0.984051E+03
  erain :  0.000000E+00
  qsfc  :  0.000000E+00
  esfc  :  0.000000E+00
  erad  :  0.000000E+00
  asqv  :  0.000000E+00
  asqc  :  0.329215E+06
  asqr  :  0.107580E+01
  asqi  :  0.000000E+00
  asqs  :  0.000000E+00
  asqg  :  0.000000E+00
  asqhl :  0.000000E+00
  asccn : -0.525425E+17
  asccw :  0.370825E+18
  ascrw :  0.233546E+09
  ascci :  0.000000E+00
  ascsw :  0.000000E+00
  aschw :  0.000000E+00
  aschl :  0.000000E+00
  asvhw :  0.000000E+00
  asvhl :  0.000000E+00
  bsqv  :  0.000000E+00
  bsqc  :  0.000000E+00
  bsqr  :  0.000000E+00
  bsqi  :  0.000000E+00
  bsqs  :  0.000000E+00
  bsqg  :  0.000000E+00
  bsqhl :  0.000000E+00
  bsccn :  0.000000E+00
  bsccw :  0.000000E+00
  bscrw :  0.000000E+00
  bscci :  0.000000E+00
  bscsw :  0.000000E+00
  bschw :  0.000000E+00
  bschl :  0.000000E+00
  bsvhw :  0.000000E+00
  bsvhl :  0.000000E+00
 cm1out_stats.nc                                                       
   nrec =            7
            48              6.000000 min 
            49              6.125000 min 
            50              6.250000 min 
            51              6.375000 min 
            52              6.500000 min 
            53              6.625000 min 
            54              6.750000 min 
            55              6.875000 min 
  WMAX  :   9.35142       21   23   17    WMIN  :  -2.55604       15   25   13
  UMAX  :   49.1243       73   63   34    UMIN  :  -8.83415       22   23    2
  SUMAX :   3.48257       11   20    1    SUMIN :  -8.70140       22   22    1
  VMAX  :   25.8090       17   30   22    VMIN  :   3.37387       14   29    1
  SVMAX :   16.1044       14   18    1    SVMIN :   3.37387       14   29    1
  PPIMAX:  0.952363E-03   18   28   20    PPIMIN: -0.700166E-03    1   22    1
  PPMAX :   225.793       18   28   20    PPMIN :  -236.578        1   22    1
  THPMAX:   6.19012       15   21   15    THPMIN:  -3.63431       15   21   23
  STHPMX:  0.750092       15   23    1    STHPMN: -0.127869E-01   17   26    1
  MAXqv :  0.237321E-01   10   20    1    MINqv :  0.996889E-06   64    1   34
  MAXqc :  0.276144E-02   21   23   17    MINqc :   0.00000        1    1    1
  MAXqr :  0.520944E-05   12   24    5    MINqr :   0.00000        1    1    1
  MAXqi :  0.954282E-12   21   23   21    MINqi :   0.00000        1    1    1
  MAXqs :   0.00000        1    1    1    MINqs :   0.00000        1    1    1
  MAXqg :   0.00000        1    1    1    MINqg :   0.00000        1    1    1
  MAXqhl:   0.00000        1    1    1    MINqhl:   0.00000        1    1    1
  MAXccn:  0.178115E+10   14   24    7    MINccn:   0.00000       12   19    4
  MAXccw:  0.179849E+10   17   28    7    MINccw:   0.00000        1    1    1
  MAXcrw:   4616.42       12   24    5    MINcrw:   0.00000        1    1    1
  MAXcci:  0.453041       16   21   21    MINcci:   0.00000        1    1    1
  MAXcsw:   0.00000        1    1    1    MINcsw:   0.00000        1    1    1
  MAXchw:   0.00000        1    1    1    MINchw:   0.00000        1    1    1
  MAXchl:   0.00000        1    1    1    MINchl:   0.00000        1    1    1
  MAXvhw:   0.00000        1    1    1    MINvhw:   0.00000        1    1    1
  MAXvhl:   0.00000        1    1    1    MINvhl:   0.00000        1    1    1
  TKEMAX:   42.6057       21   23   20    TKEMIN:   0.00000        1    1    1
  KMHMAX:   687.930       21   23   20    KMHMIN:   0.00000        1    1    1
  KMVMAX:   687.930       21   23   20    KMVMIN:   0.00000        1    1    1
  KHHMAX:   2063.79       21   23   20    KHHMIN:   0.00000        1    1    1
  KHVMAX:   2063.79       21   23   20    KHVMIN:   0.00000        1    1    1
  DIVMAX:  0.199380E-03   21   23   20    DIVMIN: -0.215943E-03   17   29   16
  RHMAX :  0.992352       12   24    5    RHMIN :  0.247940E-02   75   75   33
  RHIMAX:   1.03513       15   21   21    RHIMIN:  0.367357E-02   75   75   33
  THEMAX:   377.449       10   20    1    THEMIN:   318.719       13   25   16
  STHEMX:   377.449       10   20    1    STHEMN:   359.926       16   15    1
  QCTOP :   4592.426758    1    1    1    QCBOT :    399.719604    1    1    1
  SFPMAX:   95260.9        1   49    1    SFPMIN:   94929.8        1   22    1
  PSFCMX:   96095.1        1   49    1    PSFCMN:   95761.4       16   21    1
  WSPMAX:   52.4098       72   64   34    WSPMIN:   3.81503       14   29    1
  SWSPMX:   16.8462       15   18    1    SWSPMN:   3.81503       14   29    1
  CFLMAX:      0.280783   21   23   16
  KSHMAX:  0.386961E-02   21   23   20
  KSVMAX:  0.191883       14   19   15
  VORSFC:  0.501595E-03
  VOR1KM:  0.519685E-02
  VOR2KM:  0.238159E-02
  VOR3KM:  0.209060E-02
  VOR4KM:  0.179275E-02
  VOR5KM:  0.479280E-03
  TMASS :  0.207380E+15
  TMOIS :  0.739243E+12
  qv MAS:  0.738666E+12
  qc MAS:  0.577127E+09
  qr MAS:  0.208675E+05
  qi MAS:  0.359646E-02
  qs MAS:  0.000000E+00
  qg MAS:  0.000000E+00
  qhlMAS:  0.000000E+00
  TENERG:  0.521629E+20
  TMU   :  0.528881E+16
  TMV   :  0.345921E+16
  TMW   :  0.392113E+13
  TMFU  :  0.317903E+11
  TMFD  : -0.227443E+11
  tcond :  0.000000E+00
  tevac :  0.000000E+00
  tauto :  0.000000E+00
  taccr :  0.000000E+00
  tevar :  0.000000E+00
  train :  0.197102E+04
  erain :  0.000000E+00
  qsfc  :  0.000000E+00
  esfc  :  0.000000E+00
  erad  :  0.000000E+00
  asqv  :  0.000000E+00
  asqc  :  0.543719E+06
  asqr  :  0.118361E+01
  asqi  :  0.453841E-04
  asqs  :  0.000000E+00
  asqg  :  0.000000E+00
  asqhl :  0.000000E+00
  asccn : -0.778939E+17
  asccw :  0.476954E+18
  ascrw :  0.267655E+09
  ascci :  0.114136E+08
  ascsw :  0.000000E+00
  aschw :  0.000000E+00
  aschl :  0.000000E+00
  asvhw :  0.000000E+00
  asvhl :  0.000000E+00
  bsqv  :  0.000000E+00
  bsqc  :  0.000000E+00
  bsqr  :  0.000000E+00
  bsqi  :  0.000000E+00
  bsqs  :  0.000000E+00
  bsqg  :  0.000000E+00
  bsqhl :  0.000000E+00
  bsccn :  0.000000E+00
  bsccw :  0.000000E+00
  bscrw :  0.000000E+00
  bscci :  0.000000E+00
  bscsw :  0.000000E+00
  bschw :  0.000000E+00
  bschl :  0.000000E+00
  bsvhw :  0.000000E+00
  bsvhl :  0.000000E+00
 cm1out_stats.nc                                                       
   nrec =            8
            56              7.000000 min 
            57              7.125000 min 
            58              7.250000 min 
            59              7.375000 min 
            60              7.500000 min 
            61              7.625000 min 
            62              7.750000 min 
            63              7.875000 min 
  WMAX  :   11.0285       16   21   18    WMIN  :  -3.23871       22   21   18
  UMAX  :   49.0923       76   75   34    UMIN  :  -9.00554       23   23    2
  SUMAX :   3.55516       12   21    1    SUMIN :  -8.92972       23   23    1
  VMAX  :   27.2203       17   30   22    VMIN  :   2.94357       14   29    1
  SVMAX :   16.9769       15   19    1    SVMIN :   2.94357       14   29    1
  PPIMAX:  0.124985E-02   18   28   22    PPIMIN: -0.118550E-02    1   24   51
  PPMAX :   280.102       18   28   22    PPMIN :  -183.586       23   23    1
  THPMAX:   7.11426       15   21   15    THPMIN:  -5.26355       16   21   23
  STHPMX:  0.807861       15   23    1    STHPMN: -0.235596E-01   17   26    1
  MAXqv :  0.234088E-01   10   21    1    MINqv :  0.998361E-06   64   41   34
  MAXqc :  0.341940E-02   22   23   18    MINqc :   0.00000        1    1    1
  MAXqr :  0.198593E-05   12   24    4    MINqr :   0.00000        1    1    1
  MAXqi :  0.354127E-08   16   21   22    MINqi :   0.00000        1    1    1
  MAXqs :   0.00000        1    1    1    MINqs :   0.00000        1    1    1
  MAXqg :   0.00000        1    1    1    MINqg :   0.00000        1    1    1
  MAXqhl:   0.00000        1    1    1    MINqhl:   0.00000        1    1    1
  MAXccn:  0.174844E+10   16   24    6    MINccn:   0.00000       12   20    4
  MAXccw:  0.174742E+10   17   28    7    MINccw:   0.00000        1    1    1
  MAXcrw:   2185.01       12   24    5    MINcrw:   0.00000        1    1    1
  MAXcci:   494.062       17   28   22    MINcci:   0.00000        1    1    1
  MAXcsw:   0.00000        1    1    1    MINcsw:   0.00000        1    1    1
  MAXchw:   0.00000        1    1    1    MINchw:   0.00000        1    1    1
  MAXchl:   0.00000        1    1    1    MINchl:   0.00000        1    1    1
  MAXvhw:   0.00000        1    1    1    MINvhw:   0.00000        1    1    1
  MAXvhl:   0.00000        1    1    1    MINvhl:   0.00000        1    1    1
  TKEMAX:   53.6424       16   21   21    TKEMIN:   0.00000        1    1    1
  KMHMAX:   786.002       16   21   22    KMHMIN:   0.00000        1    1    1
  KMVMAX:   786.002       16   21   22    KMVMIN:   0.00000        1    1    1
  KHHMAX:   2358.00       16   21   22    KHHMIN:   0.00000        1    1    1
  KHVMAX:   2358.00       16   21   22    KHVMIN:   0.00000        1    1    1
  DIVMAX:  0.329998E-03   16   22   20    DIVMIN: -0.245876E-03   16   22   23
  RHMAX :  0.992569       18   28   22    RHMIN :  0.268605E-02   75   75   34
  RHIMAX:   1.05669       21   23   22    RHIMIN:  0.409251E-02   75   75   34
  THEMAX:   376.294       10   21    1    THEMIN:   318.768       72   73   16
  STHEMX:   376.294       10   21    1    STHEMN:   359.810       17   16    1
  QCTOP :   4912.681641    1    1    1    QCBOT :    399.719604    1    1    1
  SFPMAX:   95306.0        1    1    1    SFPMIN:   94982.7       23   23    1
  PSFCMX:   96140.5        1    1    1    PSFCMN:   95814.9       23   23    1
  WSPMAX:   52.4832       18   29   34    WSPMIN:   3.10177       14   29    1
  SWSPMX:   17.4827       16   19    1    SWSPMN:   3.10177       14   29    1
  CFLMAX:      0.318299   21   23   16
  KSHMAX:  0.442126E-02   16   21   22
  KSVMAX:  0.219793       18   23    8
  VORSFC:  0.640669E-03
  VOR1KM:  0.485871E-02
  VOR2KM:  0.349093E-02
  VOR3KM:  0.268149E-02
  VOR4KM:  0.220900E-02
  VOR5KM:  0.573027E-03
  TMASS :  0.207380E+15
  TMOIS :  0.739260E+12
  qv MAS:  0.738541E+12
  qc MAS:  0.719045E+09
  qr MAS:  0.180477E+05
  qi MAS:  0.871460E+01
  qs MAS:  0.000000E+00
  qg MAS:  0.000000E+00
  qhlMAS:  0.000000E+00
  TENERG:  0.521629E+20
  TMU   :  0.528871E+16
  TMV   :  0.345658E+16
  TMW   : -0.330128E+13
  TMFU  :  0.230288E+11
  TMFD  : -0.297149E+11
  tcond :  0.000000E+00
  tevac :  0.000000E+00
  tauto :  0.000000E+00
  taccr :  0.000000E+00
  tevar :  0.000000E+00
  train :  0.301833E+04
  erain :  0.000000E+00
  qsfc  :  0.000000E+00
  esfc  :  0.000000E+00
  erad  :  0.000000E+00
  asqv  :  0.000000E+00
  asqc  :  0.892442E+06
  asqr  :  0.124532E+01
  asqi  :  0.148169E-01
  asqs  :  0.000000E+00
  asqg  :  0.000000E+00
  asqhl :  0.000000E+00
  asccn : -0.101985E+18
  asccw :  0.602121E+18
  ascrw :  0.337945E+09
  ascci :  0.196464E+10
  ascsw :  0.000000E+00
  aschw :  0.000000E+00
  aschl :  0.000000E+00
  asvhw :  0.000000E+00
  asvhl :  0.000000E+00
  bsqv  :  0.000000E+00
  bsqc  :  0.000000E+00
  bsqr  :  0.000000E+00
  bsqi  :  0.000000E+00
  bsqs  :  0.000000E+00
  bsqg  :  0.000000E+00
  bsqhl :  0.000000E+00
  bsccn :  0.000000E+00
  bsccw :  0.000000E+00
  bscrw :  0.000000E+00
  bscci :  0.000000E+00
  bscsw :  0.000000E+00
  bschw :  0.000000E+00
  bschl :  0.000000E+00
  bsvhw :  0.000000E+00
  bsvhl :  0.000000E+00
 cm1out_stats.nc                                                       
   nrec =            9
            64              8.000000 min 
            65              8.125000 min 
            66              8.250000 min 
            67              8.375000 min 
            68              8.500000 min 
            69              8.625000 min 
            70              8.750000 min 
            71              8.875000 min 
  WMAX  :   14.1164       16   22   19    WMIN  :  -4.20328       20   30   22
  UMAX  :   49.0082       74   62   34    UMIN  :  -8.99281       20   28    2
  SUMAX :   4.19696       12   21    1    SUMIN :  -8.88061       20   28    1
  VMAX  :   29.0888       18   31   22    VMIN  :   2.44661       14   29    1
  SVMAX :   17.4130       16   20    1    SVMIN :   2.44661       14   29    1
  PPIMAX:  0.120258E-02   17   22   23    PPIMIN: -0.908434E-03   19   29    8
  PPMAX :   261.492       17   22   23    PPMIN :  -302.953       17   23    1
  THPMAX:   7.47394       16   21   15    THPMIN:  -5.74728       17   29   23
  STHPMX:  0.843475       15   23    1    STHPMN: -0.235291E-01   17   26    1
  MAXqv :  0.232073E-01   10   21    1    MINqv :  0.997796E-06   72   55   34
  MAXqc :  0.437413E-02   16   22   19    MINqc :   0.00000        1    1    1
  MAXqr :  0.105167E-05   17   25    5    MINqr :   0.00000        1    1    1
  MAXqi :  0.103146E-07   17   22   23    MINqi :   0.00000        1    1    1
  MAXqs :   0.00000        1    1    1    MINqs :   0.00000        1    1    1
  MAXqg :  0.183844E-11   23   25   22    MINqg :   0.00000        1    1    1
  MAXqhl:   0.00000        1    1    1    MINqhl:   0.00000        1    1    1
  MAXccn:  0.183884E+10   15   25    7    MINccn:   0.00000       13   21    4
  MAXccw:  0.162063E+10   18   28    6    MINccw:   0.00000        1    1    1
  MAXcrw:   2683.33       16   22   19    MINcrw:   0.00000        1    1    1
  MAXcci:   618.069       18   21   22    MINcci:   0.00000        1    1    1
  MAXcsw:   0.00000        1    1    1    MINcsw:   0.00000        1    1    1
  MAXchw:  0.243066E-03   23   25   22    MINchw:   0.00000        1    1    1
  MAXchl:   0.00000        1    1    1    MINchl:   0.00000        1    1    1
  MAXvhw:  0.343629E-14   23   25   22    MINvhw:   0.00000        1    1    1
  MAXvhl:   0.00000        1    1    1    MINvhl:   0.00000        1    1    1
  TKEMAX:   67.2582       17   22   22    TKEMIN:   0.00000        1    1    1
  KMHMAX:   886.090       17   22   22    KMHMIN:   0.00000        1    1    1
  KMVMAX:   886.090       17   22   22    KMVMIN:   0.00000        1    1    1
  KHHMAX:   2658.27       17   22   22    KHHMIN:   0.00000        1    1    1
  KHVMAX:   2658.27       17   22   22    KHVMIN:   0.00000        1    1    1
  DIVMAX:  0.334888E-03   18   22   20    DIVMIN: -0.250122E-03   18   22   23
  RHMAX :  0.993346       17   23   21    RHMIN :  0.268827E-02   72   55   34
  RHIMAX:   1.09306       17   29   23    RHIMIN:  0.409760E-02   72   53   34
  THEMAX:   375.844       10   21    1    THEMIN:   318.772       72   71   16
  STHEMX:   375.844       10   21    1    STHEMN:   359.693       18   17    1
  QCTOP :   5244.434570    1    1    1    QCBOT :    399.719604    1    1    1
  SFPMAX:   95254.2        1   66    1    SFPMIN:   94863.4       17   23    1
  PSFCMX:   96088.3        1   66    1    PSFCMN:   95692.0       17   23    1
  WSPMAX:   52.6282       19   29   34    WSPMIN:   2.52836       14   29    1
  SWSPMX:   18.1086       16   19    1    SWSPMN:   2.52836       14   29    1
  CFLMAX:      0.392461   16   22   17
  KSHMAX:  0.498426E-02   17   22   22
  KSVMAX:  0.237943       18   23    8
  VORSFC:  0.808120E-03
  VOR1KM:  0.612394E-02
  VOR2KM:  0.489273E-02
  VOR3KM:  0.374284E-02
  VOR4KM:  0.303196E-02
  VOR5KM:  0.117455E-02
  TMASS :  0.207380E+15
  TMOIS :  0.739273E+12
  qv MAS:  0.738341E+12
  qc MAS:  0.932410E+09
  qr MAS:  0.330602E+05
  qi MAS:  0.112742E+03
  qs MAS:  0.000000E+00
  qg MAS:  0.573834E-02
  qhlMAS:  0.000000E+00
  TENERG:  0.521630E+20
  TMU   :  0.528925E+16
  TMV   :  0.345503E+16
  TMW   :  0.585844E+13
  TMFU  :  0.375007E+11
  TMFD  : -0.209232E+11
  tcond :  0.000000E+00
  tevac :  0.000000E+00
  tauto :  0.000000E+00
  taccr :  0.000000E+00
  tevar :  0.000000E+00
  train :  0.402170E+04
  erain :  0.000000E+00
  qsfc  :  0.000000E+00
  esfc  :  0.000000E+00
  erad  :  0.000000E+00
  asqv  :  0.000000E+00
  asqc  :  0.147009E+07
  asqr  :  0.224340E+01
  asqi  :  0.151389E+00
  asqs  :  0.000000E+00
  asqg  :  0.000000E+00
  asqhl :  0.000000E+00
  asccn : -0.156129E+18
  asccw :  0.769461E+18
  ascrw :  0.437810E+10
  ascci :  0.102600E+11
  ascsw :  0.000000E+00
  aschw :  0.000000E+00
  aschl :  0.000000E+00
  asvhw :  0.000000E+00
  asvhl :  0.000000E+00
  bsqv  :  0.000000E+00
  bsqc  :  0.000000E+00
  bsqr  :  0.000000E+00
  bsqi  :  0.000000E+00
  bsqs  :  0.000000E+00
  bsqg  :  0.000000E+00
  bsqhl :  0.000000E+00
  bsccn :  0.000000E+00
  bsccw :  0.000000E+00
  bscrw :  0.000000E+00
  bscci :  0.000000E+00
  bscsw :  0.000000E+00
  bschw :  0.000000E+00
  bschl :  0.000000E+00
  bsvhw :  0.000000E+00
  bsvhl :  0.000000E+00
 cm1out_stats.nc                                                       
   nrec =           10
            72              9.000000 min 
            73              9.125000 min 
            74              9.250000 min 
            75              9.375000 min 
            76              9.500000 min 
            77              9.625000 min 
            78              9.750000 min 
            79              9.875000 min 
   Getting dbz ... 
  WMAX  :   20.0543       17   22   21    WMIN  :  -5.64172       20   31   22
  UMAX  :   49.0543       20   30   34    UMIN  :  -9.67789       19   22    1
  SUMAX :   4.34023       12   21    1    SUMIN :  -9.67789       19   22    1
  VMAX  :   31.7418       19   31   23    VMIN  :   1.71094       19   31   10
  SVMAX :   18.1564       16   20    1    SVMIN :   2.13699       14   29    1
  PPIMAX:  0.176299E-02   19   29   25    PPIMIN: -0.770271E-03   18   22    8
  PPMAX :   359.754       19   29   25    PPMIN :  -235.289       18   22    8
  THPMAX:   10.1227       17   22   21    THPMIN:  -5.61523       15   22   23
  STHPMX:  0.878174       12   21    1    STHPMN: -0.104980E-01   17   26    1
  MAXqv :  0.229932E-01   13   28    1    MINqv :  0.998722E-06    8   34   48
  MAXqc :  0.609861E-02   17   22   21    MINqc :   0.00000        1    1    1
  MAXqr :  0.715501E-05   17   22   21    MINqr :   0.00000        1    1    1
  MAXqi :  0.302578E-07   17   22   25    MINqi :   0.00000        1    1    1
  MAXqs :  0.947281E-11   17   22   25    MINqs :   0.00000        1    1    1
  MAXqg :  0.401454E-10   20   29   24    MINqg :   0.00000        1    1    1
  MAXqhl:   0.00000        1    1    1    MINqhl:   0.00000        1    1    1
  MAXccn:  0.181984E+10   16   25    7    MINccn:   0.00000       13   21    4
  MAXccw:  0.156972E+10   18   28    7    MINccw:   0.00000        1    1    1
  MAXcrw:   24807.5       17   22   21    MINcrw:   0.00000        1    1    1
  MAXcci:   1414.71       19   29   25    MINcci:   0.00000        1    1    1
  MAXcsw:  0.144404E-02   17   22   25    MINcsw:   0.00000        1    1    1
  MAXchw:  0.526621E-02   20   29   24    MINchw:   0.00000        1    1    1
  MAXchl:   0.00000        1    1    1    MINchl:   0.00000        1    1    1
  MAXvhw:  0.752588E-13   20   29   24    MINvhw:   0.00000        1    1    1
  MAXvhl:   0.00000        1    1    1    MINvhl:   0.00000        1    1    1
  TKEMAX:   88.3378       17   22   25    TKEMIN:   0.00000        1    1    1
  KMHMAX:   1053.42       17   22   25    KMHMIN:   0.00000        1    1    1
  KMVMAX:   1053.42       17   22   25    KMVMIN:   0.00000        1    1    1
  KHHMAX:   3160.27       17   22   25    KHHMIN:   0.00000        1    1    1
  KHVMAX:   3160.27       17   22   25    KHVMIN:   0.00000        1    1    1
  DIVMAX:  0.362840E-03   24   25   21    DIVMIN: -0.350280E-03   24   25   24
  RHMAX :  0.993309       19   31   19    RHMIN :  0.269427E-02   72   75   34
  RHIMAX:   1.13836       17   21   25    RHIMIN:  0.410678E-02   72   75   34
  THEMAX:   375.382       13   28    1    THEMIN:   318.763       14   26   16
  STHEMX:   375.382       13   28    1    STHEMN:   359.567       20   26    1
  QCTOP :   5944.097656    1    1    1    QCBOT :    399.719604    1    1    1
  SFPMAX:   95343.7        1    1    1    SFPMIN:   94948.3       18   23    1
  PSFCMX:   96178.3        1    1    1    PSFCMN:   95779.5       18   23    1
  WSPMAX:   52.7986       20   30   34    WSPMIN:   2.26832       14   29    1
  SWSPMX:   18.7746       17   20    1    SWSPMN:   2.26832       14   29    1
  CFLMAX:      0.499868   17   22   20
  KSHMAX:  0.592551E-02   17   22   25
  KSVMAX:  0.228267       18   23    8
  VORSFC:  0.942692E-03
  VOR1KM:  0.594002E-02
  VOR2KM:  0.635681E-02
  VOR3KM:  0.504715E-02
  VOR4KM:  0.358185E-02
  VOR5KM:  0.216616E-02
  TMASS :  0.207380E+15
  TMOIS :  0.739297E+12
  qv MAS:  0.738147E+12
  qc MAS:  0.114956E+10
  qr MAS:  0.189358E+06
  qi MAS:  0.441420E+03
  qs MAS:  0.518576E-01
  qg MAS:  0.410499E+00
  qhlMAS:  0.000000E+00
  TENERG:  0.521631E+20
  TMU   :  0.528968E+16
  TMV   :  0.345237E+16
  TMW   : -0.345215E+13
  TMFU  :  0.291411E+11
  TMFD  : -0.354239E+11
  tcond :  0.000000E+00
  tevac :  0.000000E+00
  tauto :  0.000000E+00
  taccr :  0.000000E+00
  tevar :  0.000000E+00
  train :  0.488092E+04
  erain :  0.000000E+00
  qsfc  :  0.000000E+00
  esfc  :  0.000000E+00
  erad  :  0.000000E+00
  asqv  :  0.000000E+00
  asqc  :  0.236667E+07
  asqr  :  0.766934E+01
  asqi  :  0.306276E+00
  asqs  :  0.442107E-04
  asqg  :  0.151425E-02
  asqhl :  0.000000E+00
  asccn : -0.192683E+18
  asccw :  0.954499E+18
  ascrw :  0.237237E+11
  ascci :  0.168946E+11
  ascsw :  0.225973E+04
  aschw :  0.431213E+05
  aschl :  0.000000E+00
  asvhw :  0.290560E-05
  asvhl :  0.000000E+00
  bsqv  :  0.000000E+00
  bsqc  :  0.000000E+00
  bsqr  :  0.000000E+00
  bsqi  :  0.000000E+00
  bsqs  :  0.000000E+00
  bsqg  :  0.000000E+00
  bsqhl :  0.000000E+00
  bsccn :  0.000000E+00
  bsccw :  0.000000E+00
  bscrw :  0.000000E+00
  bscci :  0.000000E+00
  bscsw :  0.000000E+00
  bschw :  0.000000E+00
  bschl :  0.000000E+00
  bsvhw :  0.000000E+00
  bsvhl :  0.000000E+00
 cm1out_stats.nc                                                       
   nrec =           11
            80             10.000000 min 
   string = cm1out_rst_000002.nc                                                  
  USING COMPRESSED netCDF4 
   leaving restart_prelim 
            81             10.125000 min 
            82             10.250000 min 
            83             10.375000 min 
            84             10.500000 min 
            85             10.625000 min 
            86             10.750000 min 
            87             10.875000 min 
  WMAX  :   23.0770       18   22   23    WMIN  :  -7.44194       18   20   21
  UMAX  :   49.4056       21   30   34    UMIN  :  -10.2014       19   23    1
  SUMAX :   4.23098       13   22    1    SUMIN :  -10.2014       19   23    1
  VMAX  :   33.3296       19   31   25    VMIN  : -0.944188E-01   18   24   13
  SVMAX :   18.6805       17   21    1    SVMIN :   1.82597       14   30    1
  PPIMAX:  0.150007E-02   20   30   26    PPIMIN: -0.986218E-03   20   30   11
  PPMAX :   295.625       20   30   26    PPMIN :  -309.664       18   23    1
  THPMAX:   10.6998       17   22   21    THPMIN:  -5.13007       17   30   23
  STHPMX:  0.901627       15   24    1    STHPMN: -0.437531E-02   14   30    1
  MAXqv :  0.227699E-01   13   28    1    MINqv :  0.998719E-06   10    6   48
  MAXqc :  0.728450E-02   18   22   24    MINqc :   0.00000        1    1    1
  MAXqr :  0.263817E-04   18   22   23    MINqr :   0.00000        1    1    1
  MAXqi :  0.821042E-07   18   22   27    MINqi :   0.00000        1    1    1
  MAXqs :  0.157098E-08   17   22   28    MINqs :   0.00000        1    1    1
  MAXqg :  0.397901E-09   18   22   26    MINqg :   0.00000        1    1    1
  MAXqhl:   0.00000        1    1    1    MINqhl:   0.00000        1    1    1
  MAXccn:  0.174329E+10   16   26    4    MINccn:   0.00000       13   22    4
  MAXccw:  0.154460E+10   18   29    7    MINccw:   0.00000        1    1    1
  MAXcrw:   90883.4       18   22   24    MINcrw:   0.00000        1    1    1
  MAXcci:   1619.50       19   29   27    MINcci:   0.00000        1    1    1
  MAXcsw:  0.291700       17   22   28    MINcsw:   0.00000        1    1    1
  MAXchw:  0.126069E-01   21   30   24    MINchw:   0.00000        1    1    1
  MAXchl:   0.00000        1    1    1    MINchl:   0.00000        1    1    1
  MAXvhw:  0.625227E-12   18   22   26    MINvhw:   0.00000        1    1    1
  MAXvhl:   0.00000        1    1    1    MINvhl:   0.00000        1    1    1
  TKEMAX:   91.6248       18   22   27    TKEMIN:   0.00000        1    1    1
  KMHMAX:   1099.10       18   22   27    KMHMIN:   0.00000        1    1    1
  KMVMAX:   1099.10       18   22   27    KMVMIN:   0.00000        1    1    1
  KHHMAX:   3297.30       18   22   27    KHHMIN:   0.00000        1    1    1
  KHVMAX:   3297.30       18   22   27    KHVMIN:   0.00000        1    1    1
  DIVMAX:  0.334260E-03   24   25   20    DIVMIN: -0.396188E-03   18   24   25
  RHMAX :  0.996003       24   26   23    RHMIN :  0.269850E-02   71   71   34
  RHIMAX:   1.19597       19   30   27    RHIMIN:  0.411394E-02   71   71   34
  THEMAX:   374.834       13   28    1    THEMIN:   318.781       74   72   16
  STHEMX:   374.834       13   28    1    STHEMN:   359.418       20   26    1
  QCTOP :   6694.898438    1    1    1    QCBOT :    399.719604    1    1    1
  SFPMAX:   95228.2       65    1    1    SFPMIN:   94856.7       18   23    1
  PSFCMX:   96062.0       65    1    1    PSFCMN:   95686.8       18   23    1
  WSPMAX:   53.1544       21   30   34    WSPMIN:   2.28525       14   29    1
  SWSPMX:   19.3966       17   20    1    SWSPMN:   2.28525       14   29    1
  CFLMAX:      0.537096   18   22   22
  KSHMAX:  0.618243E-02   18   22   27
  KSVMAX:  0.222682       15   29   13
  VORSFC:  0.974458E-03
  VOR1KM:  0.681162E-02
  VOR2KM:  0.772067E-02
  VOR3KM:  0.690128E-02
  VOR4KM:  0.520673E-02
  VOR5KM:  0.279683E-02
  TMASS :  0.207380E+15
  TMOIS :  0.739326E+12
  qv MAS:  0.737846E+12
  qc MAS:  0.147925E+10
  qr MAS:  0.108355E+07
  qi MAS:  0.172199E+04
  qs MAS:  0.118930E+02
  qg MAS:  0.777760E+01
  qhlMAS:  0.000000E+00
  TENERG:  0.521632E+20
  TMU   :  0.529101E+16
  TMV   :  0.345096E+16
  TMW   :  0.733447E+13
  TMFU  :  0.437661E+11
  TMFD  : -0.235445E+11
  tcond :  0.000000E+00
  tevac :  0.000000E+00
  tauto :  0.000000E+00
  taccr :  0.000000E+00
  tevar :  0.000000E+00
  train :  0.555399E+04
  erain :  0.000000E+00
  qsfc  :  0.000000E+00
  esfc  :  0.000000E+00
  erad  :  0.000000E+00
  asqv  :  0.000000E+00
  asqc  :  0.357094E+07
  asqr  :  0.225268E+02
  asqi  :  0.667764E+00
  asqs  :  0.271109E-02
  asqg  :  0.616348E-02
  asqhl :  0.000000E+00
  asccn : -0.242670E+18
  asccw :  0.115324E+19
  ascrw :  0.827007E+11
  ascci :  0.246209E+11
  ascsw :  0.200447E+06
  aschw :  0.195569E+06
  aschl :  0.000000E+00
  asvhw :  0.124022E-04
  asvhl :  0.000000E+00
  bsqv  :  0.000000E+00
  bsqc  :  0.000000E+00
  bsqr  :  0.000000E+00
  bsqi  :  0.000000E+00
  bsqs  :  0.000000E+00
  bsqg  :  0.000000E+00
  bsqhl :  0.000000E+00
  bsccn :  0.000000E+00
  bsccw :  0.000000E+00
  bscrw :  0.000000E+00
  bscci :  0.000000E+00
  bscsw :  0.000000E+00
  bschw :  0.000000E+00
  bschl :  0.000000E+00
  bsvhw :  0.000000E+00
  bsvhl :  0.000000E+00
 cm1out_stats.nc                                                       
   nrec =           12
            88             11.000000 min 
            89             11.125000 min 
            90             11.250000 min 
            91             11.375000 min 
            92             11.500000 min 
            93             11.625000 min 
            94             11.750000 min 
            95             11.875000 min 
  WMAX  :   32.4066       18   23   26    WMIN  :  -9.17739       19   20   19
  UMAX  :   49.9875       22   30   34    UMIN  :  -10.4586       19   24    2
  SUMAX :   4.51720       13   22    1    SUMIN :  -10.3403       20   23    1
  VMAX  :   33.4160       19   32   24    VMIN  :  -1.51937       20   32   10
  SVMAX :   19.4920       17   21    1    SVMIN :   1.54770       14   30    1
  PPIMAX:  0.173420E-02   19   23   29    PPIMIN: -0.938714E-03   19   24   10
  PPMAX :   305.117       19   23   29    PPMIN :  -277.016       19   24   10
  THPMAX:   12.6405       18   23   26    THPMIN:  -5.11844       16   23   25
  STHPMX:  0.965301       12   22    1    STHPMN: -0.604881E-02   14   30    1
  MAXqv :  0.226005E-01   12   29    1    MINqv :  0.998720E-06   10    7   48
  MAXqc :  0.952183E-02   20   30   26    MINqc :   0.00000        1    1    1
  MAXqr :  0.100009E-03   18   23   26    MINqr :   0.00000        1    1    1
  MAXqi :  0.275553E-06   18   23   29    MINqi :   0.00000        1    1    1
  MAXqs :  0.590279E-06   18   23   30    MINqs :   0.00000        1    1    1
  MAXqg :  0.131905E-07   18   23   29    MINqg :   0.00000        1    1    1
  MAXqhl:   0.00000        1    1    1    MINqhl:   0.00000        1    1    1
  MAXccn:  0.171066E+10   17   26    7    MINccn:   0.00000       13   22    5
  MAXccw:  0.158606E+10   20   30   28    MINccw:   0.00000        1    1    1
  MAXcrw:   332412.       18   23   26    MINcrw:   0.00000        1    1    1
  MAXcci:   32575.1       18   24   33    MINcci:   0.00000        1    1    1
  MAXcsw:   108.604       18   23   30    MINcsw:   0.00000        1    1    1
  MAXchw:  0.520405       18   23   29    MINchw:   0.00000        1    1    1
  MAXchl:   0.00000        1    1    1    MINchl:   0.00000        1    1    1
  MAXvhw:  0.496168E-10   18   23   29    MINvhw:   0.00000        1    1    1
  MAXvhl:   0.00000        1    1    1    MINvhl:   0.00000        1    1    1
  TKEMAX:   126.860       20   30   28    TKEMIN:   0.00000        1    1    1
  KMHMAX:   1308.93       20   30   28    KMHMIN:   0.00000        1    1    1
  KMVMAX:   1308.93       20   30   28    KMVMIN:   0.00000        1    1    1
  KHHMAX:   3926.80       20   30   28    KHHMIN:   0.00000        1    1    1
  KHVMAX:   3926.80       20   30   28    KHVMIN:   0.00000        1    1    1
  DIVMAX:  0.481788E-03   21   31   29    DIVMIN: -0.518026E-03   21   31   27
  RHMAX :  0.996396       26   26   18    RHMIN :  0.270330E-02   68   68   34
  RHIMAX:   1.30776       18   23   30    RHIMIN:  0.412107E-02   68   68   34
  THEMAX:   374.298       16   24    1    THEMIN:   318.483       15   27   16
  STHEMX:   374.298       16   24    1    STHEMN:   359.270       26   23    1
  QCTOP :   7925.234375    1    1    1    QCBOT :    569.454773    1    1    1
  SFPMAX:   95351.8        2    1    1    SFPMIN:   94898.0       19   23    1
  PSFCMX:   96186.4        2    1    1    PSFCMN:   95729.2       19   23    1
  WSPMAX:   53.7609       21   31   34    WSPMIN:   2.35634       15   30    1
  SWSPMX:   19.9105       18   20    1    SWSPMN:   2.35634       15   30    1
  CFLMAX:      0.691971   18   23   24
  KSHMAX:  0.736274E-02   20   30   28
  KSVMAX:  0.227045       16   30   16
  VORSFC:  0.119821E-02
  VOR1KM:  0.748351E-02
  VOR2KM:  0.833328E-02
  VOR3KM:  0.825195E-02
  VOR4KM:  0.750590E-02
  VOR5KM:  0.461747E-02
  TMASS :  0.207380E+15
  TMOIS :  0.739361E+12
  qv MAS:  0.737512E+12
  qc MAS:  0.184418E+10
  qr MAS:  0.441626E+07
  qi MAS:  0.771429E+04
  qs MAS:  0.323071E+04
  qg MAS:  0.255768E+03
  qhlMAS:  0.000000E+00
  TENERG:  0.521634E+20
  TMU   :  0.529130E+16
  TMV   :  0.344872E+16
  TMW   : -0.463937E+13
  TMFU  :  0.361030E+11
  TMFD  : -0.453557E+11
  tcond :  0.000000E+00
  tevac :  0.000000E+00
  tauto :  0.000000E+00
  taccr :  0.000000E+00
  tevar :  0.000000E+00
  train :  0.604787E+04
  erain :  0.000000E+00
  qsfc  :  0.000000E+00
  esfc  :  0.000000E+00
  erad  :  0.000000E+00
  asqv  :  0.000000E+00
  asqc  :  0.542011E+07
  asqr  :  0.100822E+03
  asqi  :  0.258505E+01
  asqs  :  0.269439E+00
  asqg  :  0.250280E-01
  asqhl :  0.000000E+00
  asccn : -0.296100E+18
  asccw :  0.142872E+19
  ascrw :  0.351823E+12
  ascci :  0.656823E+11
  ascsw :  0.342666E+08
  aschw :  0.653962E+06
  aschl :  0.000000E+00
  asvhw :  0.714782E-04
  asvhl :  0.000000E+00
  bsqv  :  0.000000E+00
  bsqc  :  0.000000E+00
  bsqr  :  0.000000E+00
  bsqi  :  0.000000E+00
  bsqs  :  0.000000E+00
  bsqg  :  0.000000E+00
  bsqhl :  0.000000E+00
  bsccn :  0.000000E+00
  bsccw :  0.000000E+00
  bscrw :  0.000000E+00
  bscci :  0.000000E+00
  bscsw :  0.000000E+00
  bschw :  0.000000E+00
  bschl :  0.000000E+00
  bsvhw :  0.000000E+00
  bsvhl :  0.000000E+00
 cm1out_stats.nc                                                       
   nrec =           13
            96             12.000000 min 
            97             12.125000 min 
            98             12.250000 min 
            99             12.375000 min 
           100             12.500000 min 
           101             12.625000 min 
           102             12.750000 min 
           103             12.875000 min 
  WMAX  :   40.3198       19   23   29    WMIN  :  -11.7307       19   21   25
  UMAX  :   51.1959       23   31   34    UMIN  :  -10.5549       20   24    3
  SUMAX :   5.63807       16   24    1    SUMIN :  -10.3374       20   23    1
  VMAX  :   37.3958       19   25   31    VMIN  :  -2.48051       19   25   14
  SVMAX :   20.0043       18   21    1    SVMIN :   1.44735       14   30    1
  PPIMAX:  0.225300E-02   19   23   33    PPIMIN: -0.114876E-02   20   32   16
  PPMAX :   332.814       19   23   32    PPMIN :  -335.461       19   25    1
  THPMAX:   17.9031       19   23   29    THPMIN:  -4.01797       16   23   23
  STHPMX:   1.02298       12   22    1    STHPMN:  0.742472E-03   14   30    1
  MAXqv :  0.225491E-01   11   23    1    MINqv :  0.998720E-06   12    7   48
  MAXqc :  0.111698E-01   19   23   29    MINqc :   0.00000        1    1    1
  MAXqr :  0.343081E-03   19   23   29    MINqr :   0.00000        1    1    1
  MAXqi :  0.638797E-03   19   23   33    MINqi :   0.00000        1    1    1
  MAXqs :  0.323668E-04   19   23   32    MINqs :   0.00000        1    1    1
  MAXqg :  0.233882E-05   19   23   31    MINqg :   0.00000        1    1    1
  MAXqhl:   0.00000        1    1    1    MINqhl:   0.00000        1    1    1
  MAXccn:  0.169059E+10   15   27   11    MINccn:   0.00000       13   22    5
  MAXccw:  0.166577E+10   21   31   30    MINccw:   0.00000        1    1    1
  MAXcrw:  0.100593E+07   19   23   29    MINcrw:   0.00000        1    1    1
  MAXcci:  0.604645E+09   19   23   33    MINcci:   0.00000        1    1    1
  MAXcsw:   26506.4       19   23   32    MINcsw:   0.00000        1    1    1
  MAXchw:   267.063       19   23   32    MINchw:   0.00000        1    1    1
  MAXchl:   0.00000        1    1    1    MINchl:   0.00000        1    1    1
  MAXvhw:  0.109137E-07   19   23   31    MINvhw:   0.00000        1    1    1
  MAXvhl:   0.00000        1    1    1    MINvhl:   0.00000        1    1    1
  TKEMAX:   149.387       19   23   32    TKEMIN:   0.00000        1    1    1
  KMHMAX:   1490.04       19   23   32    KMHMIN:   0.00000        1    1    1
  KMVMAX:   1490.04       19   23   32    KMVMIN:   0.00000        1    1    1
  KHHMAX:   4470.11       19   23   32    KHHMIN:   0.00000        1    1    1
  KHVMAX:   4470.11       19   23   32    KHVMIN:   0.00000        1    1    1
  DIVMAX:  0.395053E-03   18   24   14    DIVMIN: -0.408130E-03   21   32   30
  RHMAX :   1.00233       24   27   12    RHMIN :  0.271583E-02   75   69   34
  RHIMAX:   1.40113       20   31   32    RHIMIN:  0.386215E-02   20   27   23
  THEMAX:   373.825       12   23    1    THEMIN:   318.803       75   72   16
  STHEMX:   373.825       12   23    1    STHEMN:   359.106       25   22    1
  QCTOP :   9781.897461    1    1    1    QCBOT :    569.454773    1    1    1
  SFPMAX:   95266.0        1   75    1    SFPMIN:   94830.9       19   25    1
  PSFCMX:   96100.0        1   75    1    PSFCMN:   95661.7       19   25    1
  WSPMAX:   54.9071       22   31   34    WSPMIN:   2.22547       15   30    1
  SWSPMX:   20.5579       19   21    1    SWSPMN:   2.22547       15   30    1
  CFLMAX:      0.765959   19   23   27
  KSHMAX:  0.838146E-02   19   23   32
  KSVMAX:  0.228278       16   30   15
  VORSFC:  0.131810E-02
  VOR1KM:  0.818478E-02
  VOR2KM:  0.918746E-02
  VOR3KM:  0.902076E-02
  VOR4KM:  0.809139E-02
  VOR5KM:  0.766121E-02
  TMASS :  0.207380E+15
  TMOIS :  0.739408E+12
  qv MAS:  0.737036E+12
  qc MAS:  0.235544E+10
  qr MAS:  0.148475E+08
  qi MAS:  0.118861E+07
  qs MAS:  0.291702E+06
  qg MAS:  0.249034E+05
  qhlMAS:  0.000000E+00
  TENERG:  0.521636E+20
  TMU   :  0.529243E+16
  TMV   :  0.344773E+16
  TMW   :  0.840726E+13
  TMFU  :  0.521757E+11
  TMFD  : -0.311986E+11
  tcond :  0.000000E+00
  tevac :  0.000000E+00
  tauto :  0.000000E+00
  taccr :  0.000000E+00
  tevar :  0.000000E+00
  train :  0.637270E+04
  erain :  0.000000E+00
  qsfc  :  0.000000E+00
  esfc  :  0.000000E+00
  erad  :  0.000000E+00
  asqv  :  0.000000E+00
  asqc  :  0.783645E+07
  asqr  :  0.473765E+03
  asqi  :  0.406703E+02
  asqs  :  0.174099E+02
  asqg  :  0.111977E+01
  asqhl :  0.000000E+00
  asccn : -0.362534E+18
  asccw :  0.177011E+19
  ascrw :  0.161329E+13
  ascci :  0.916572E+14
  ascsw :  0.949769E+10
  aschw :  0.630390E+08
  aschl :  0.000000E+00
  asvhw :  0.960453E-02
  asvhl :  0.000000E+00
  bsqv  :  0.000000E+00
  bsqc  :  0.000000E+00
  bsqr  :  0.000000E+00
  bsqi  :  0.000000E+00
  bsqs  :  0.000000E+00
  bsqg  :  0.000000E+00
  bsqhl :  0.000000E+00
  bsccn :  0.000000E+00
  bsccw :  0.000000E+00
  bscrw :  0.000000E+00
  bscci :  0.000000E+00
  bscsw :  0.000000E+00
  bschw :  0.000000E+00
  bschl :  0.000000E+00
  bsvhw :  0.000000E+00
  bsvhl :  0.000000E+00
 cm1out_stats.nc                                                       
   nrec =           14
           104             13.000000 min 
           105             13.125000 min 
           106             13.250000 min 
           107             13.375000 min 
           108             13.500000 min 
           109             13.625000 min 
           110             13.750000 min 
           111             13.875000 min 
  WMAX  :   48.6302       20   24   31    WMIN  :  -12.9162       20   21   24
  UMAX  :   57.0322       22   24   35    UMIN  :  -10.7645       20   25    3
  SUMAX :   7.01704       16   24    1    SUMIN :  -10.3728       21   24    1
  VMAX  :   40.6471       21   33   31    VMIN  :  -2.83423       21   33   10
  SVMAX :   20.5275       18   22    1    SVMIN :   1.38134       15   30    1
  PPIMAX:  0.307459E-02   21   31   34    PPIMIN: -0.129080E-02   21   24   27
  PPMAX :   430.016       21   31   34    PPMIN :  -320.578       19   25    9
  THPMAX:   23.0062       20   24   32    THPMIN:  -5.74451       22   31   35
  STHPMX:  0.998112       12   22    1    STHPMN:  0.178520E-01   13   31    1
  MAXqv :  0.224826E-01   11   24    1    MINqv :  0.921123E-06   17   23   36
  MAXqc :  0.128037E-01   20   24   31    MINqc :   0.00000        1    1    1
  MAXqr :  0.659599E-03   20   24   30    MINqr :   0.00000        1    1    1
  MAXqi :  0.476173E-02   19   23   34    MINqi :   0.00000        1    1    1
  MAXqs :  0.231351E-03   20   23   34    MINqs :   0.00000        1    1    1
  MAXqg :  0.130052E-03   20   23   32    MINqg :   0.00000        1    1    1
  MAXqhl:   0.00000        1    1    1    MINqhl:   0.00000        1    1    1
  MAXccn:  0.169361E+10   16   28   16    MINccn:   0.00000       14   23    5
  MAXccw:  0.164800E+10   18   24   30    MINccw:   0.00000        1    1    1
  MAXcrw:  0.185917E+07   20   24   31    MINcrw:   0.00000        1    1    1
  MAXcci:  0.841744E+09   21   31   34    MINcci:   0.00000        1    1    1
  MAXcsw:   277904.       20   24   34    MINcsw:   0.00000        1    1    1
  MAXchw:   6036.26       20   23   34    MINchw:   0.00000        1    1    1
  MAXchl:   0.00000        1    1    1    MINchl:   0.00000        1    1    1
  MAXvhw:  0.365375E-06   20   23   33    MINvhw:   0.00000        1    1    1
  MAXvhl:   0.00000        1    1    1    MINvhl:   0.00000        1    1    1
  TKEMAX:   176.876       20   24   34    TKEMIN:   0.00000        1    1    1
  KMHMAX:   1660.41       20   24   34    KMHMIN:   0.00000        1    1    1
  KMVMAX:   1660.41       20   24   34    KMVMIN:   0.00000        1    1    1
  KHHMAX:   4981.24       20   24   34    KHHMIN:   0.00000        1    1    1
  KHVMAX:   4981.24       20   24   34    KHVMIN:   0.00000        1    1    1
  DIVMAX:  0.392536E-03   18   25   14    DIVMIN: -0.327735E-03   27   27   29
  RHMAX :  0.999119       27   27   17    RHMIN :  0.180249E-02   20   28   23
  RHIMAX:   1.40434       26   26   32    RHIMIN:  0.188993E-02   20   28   23
  THEMAX:   373.674       13   29    1    THEMIN:   318.822       72   71   16
  STHEMX:   373.674       13   29    1    STHEMN:   358.954       23   21    1
  QCTOP :  11356.787109    1    1    1    QCBOT :    569.454773    1    1    1
  SFPMAX:   95333.9        4    2    1    SFPMIN:   94855.5       20   26    1
  PSFCMX:   96168.3        4    2    1    PSFCMN:   95687.2       20   26    1
  WSPMAX:   59.3530       21   24   35    WSPMIN:   2.23898       15   30    1
  SWSPMX:   21.0839       19   21    1    SWSPMN:   2.23898       15   30    1
  CFLMAX:      0.845615   20   24   30
  KSHMAX:  0.933983E-02   20   24   34
  KSVMAX:  0.234271       17   31   17
  VORSFC:  0.127760E-02
  VOR1KM:  0.980186E-02
  VOR2KM:  0.967591E-02
  VOR3KM:  0.105187E-01
  VOR4KM:  0.102584E-01
  VOR5KM:  0.975073E-02
  TMASS :  0.207380E+15
  TMOIS :  0.739461E+12
  qv MAS:  0.736445E+12
  qc MAS:  0.285819E+10
  qr MAS:  0.366416E+08
  qi MAS:  0.112860E+09
  qs MAS:  0.562856E+07
  qg MAS:  0.255364E+07
  qhlMAS:  0.000000E+00
  TENERG:  0.521638E+20
  TMU   :  0.529237E+16
  TMV   :  0.344571E+16
  TMW   : -0.618416E+13
  TMFU  :  0.452424E+11
  TMFD  : -0.596731E+11
  tcond :  0.000000E+00
  tevac :  0.000000E+00
  tauto :  0.000000E+00
  taccr :  0.000000E+00
  tevar :  0.000000E+00
  train :  0.656841E+04
  erain :  0.000000E+00
  qsfc  :  0.000000E+00
  esfc  :  0.000000E+00
  erad  :  0.000000E+00
  asqv  :  0.000000E+00
  asqc  :  0.103209E+08
  asqr  :  0.380613E+04
  asqi  :  0.326658E+05
  asqs  :  0.169832E+03
  asqg  :  0.318183E+02
  asqhl :  0.000000E+00
  asccn : -0.410125E+18
  asccw :  0.205647E+19
  ascrw :  0.117054E+14
  ascci :  0.130281E+17
  ascsw :  0.195020E+12
  aschw :  0.466283E+10
  aschl :  0.000000E+00
  asvhw :  0.490661E+00
  asvhl :  0.000000E+00
  bsqv  :  0.000000E+00
  bsqc  :  0.000000E+00
  bsqr  :  0.000000E+00
  bsqi  :  0.000000E+00
  bsqs  :  0.000000E+00
  bsqg  :  0.000000E+00
  bsqhl :  0.000000E+00
  bsccn :  0.000000E+00
  bsccw :  0.000000E+00
  bscrw :  0.000000E+00
  bscci :  0.000000E+00
  bscsw :  0.000000E+00
  bschw :  0.000000E+00
  bschl :  0.000000E+00
  bsvhw :  0.000000E+00
  bsvhl :  0.000000E+00
 cm1out_stats.nc                                                       
   nrec =           15
           112             14.000000 min 
           113             14.125000 min 
           114             14.250000 min 
           115             14.375000 min 
           116             14.500000 min 
           117             14.625000 min 
           118             14.750000 min 
           119             14.875000 min 
   dowrite =  T
   Getting dbz ... 
  WMAX  :   55.5792       21   24   35    WMIN  :  -14.9708       22   29   27
  UMAX  :   63.9722       23   24   36    UMIN  :  -11.0706       21   26    2
  SUMAX :   8.57743       16   25    1    SUMIN :  -10.9341       21   26    1
  VMAX  :   42.7071       21   26   36    VMIN  :  -9.28854       21   23   36
  SVMAX :   20.7018       18   22    1    SVMIN :   1.33519       20   35    1
  PPIMAX:  0.376409E-02   21   24   38    PPIMIN: -0.174195E-02   22   25   31
  PPMAX :   446.201       22   32   36    PPMIN :  -352.875       20   26    7
  THPMAX:   23.8094       21   24   36    THPMIN:  -10.9004       21   24   39
  STHPMX:   1.05513       12   23    1    STHPMN:  0.447244E-01   13   31    1
  MAXqv :  0.224458E-01   11   24    1    MINqv :  0.296363E-09   23   28   34
  MAXqc :  0.117949E-01   19   24   29    MINqc :   0.00000        1    1    1
  MAXqr :  0.853720E-03   20   24   32    MINqr :   0.00000        1    1    1
  MAXqi :  0.130176E-01   21   24   36    MINqi :   0.00000        1    1    1
  MAXqs :  0.971950E-03   21   24   35    MINqs :   0.00000        1    1    1
  MAXqg :  0.168727E-02   21   24   35    MINqg :   0.00000        1    1    1
  MAXqhl:   0.00000        1    1    1    MINqhl:   0.00000        1    1    1
  MAXccn:  0.169587E+10   21   28   22    MINccn:   0.00000       14   23    6
  MAXccw:  0.157913E+10   20   32    7    MINccw:   0.00000        1    1    1
  MAXcrw:  0.186278E+07   20   24   31    MINcrw:   0.00000        1    1    1
  MAXcci:  0.806592E+09   27   26   33    MINcci:   0.00000        1    1    1
  MAXcsw:   453690.       22   31   36    MINcsw:   0.00000        1    1    1
  MAXchw:   32844.5       21   24   36    MINchw:   0.00000        1    1    1
  MAXchl:   0.00000        1    1    1    MINchl:   0.00000        1    1    1
  MAXvhw:  0.460259E-05   21   24   35    MINvhw:   0.00000        1    1    1
  MAXvhl:   0.00000        1    1    1    MINvhl:   0.00000        1    1    1
  TKEMAX:   251.761       21   24   38    TKEMIN:   0.00000        1    1    1
  KMHMAX:   2077.28       21   24   38    KMHMIN:   0.00000        1    1    1
  KMVMAX:   2077.28       21   24   38    KMVMIN:   0.00000        1    1    1
  KHHMAX:   6231.83       21   24   38    KHHMIN:   0.00000        1    1    1
  KHVMAX:   6231.83       21   24   38    KHVMIN:   0.00000        1    1    1
  DIVMAX:  0.423524E-03   19   25   14    DIVMIN: -0.432374E-03   21   24   37
  RHMAX :   1.01687       22   24   19    RHMIN :  0.752615E-06   23   28   34
  RHIMAX:   1.39894       28   27   32    RHIMIN:  0.114033E-05   23   28   34
  THEMAX:   373.466       13   29    1    THEMIN:   318.535       16   28   15
  STHEMX:   373.466       13   29    1    STHEMN:   358.822       21   18    1
  QCTOP :  13100.000000    1    1    1    QCBOT :    569.454773    1    1    1
  SFPMAX:   95275.4       75    1    1    SFPMIN:   94819.7       21   26    1
  PSFCMX:   96109.3       75    1    1    PSFCMN:   95651.1       21   26    1
  WSPMAX:   64.4710       24   32   35    WSPMIN:   2.28280       19   34    1
  SWSPMX:   21.2799       19   21    1    SWSPMN:   2.28280       19   34    1
  CFLMAX:      0.842772   20   24   31
  KSHMAX:  0.116847E-01   21   24   38
  KSVMAX:  0.255066       18   26    8
  VORSFC:  0.123349E-02
  VOR1KM:  0.869987E-02
  VOR2KM:  0.108382E-01
  VOR3KM:  0.123740E-01
  VOR4KM:  0.113300E-01
  VOR5KM:  0.972786E-02
  TMASS :  0.207380E+15
  TMOIS :  0.739524E+12
  qv MAS:  0.735688E+12
  qc MAS:  0.317875E+10
  qr MAS:  0.553508E+08
  qi MAS:  0.525030E+09
  qs MAS:  0.339572E+08
  qg MAS:  0.421934E+08
  qhlMAS:  0.000000E+00
  TENERG:  0.521640E+20
  TMU   :  0.529325E+16
  TMV   :  0.344481E+16
  TMW   :  0.907571E+13
  TMFU  :  0.650168E+11
  TMFD  : -0.444447E+11
  tcond :  0.000000E+00
  tevac :  0.000000E+00
  tauto :  0.000000E+00
  taccr :  0.000000E+00
  tevar :  0.000000E+00
  train :  0.667899E+04
  erain :  0.000000E+00
  qsfc  :  0.000000E+00
  esfc  :  0.000000E+00
  erad  :  0.000000E+00
  asqv  :  0.416824E+04
  asqc  :  0.128834E+08
  asqr  :  0.136917E+05
  asqi  :  0.914884E+05
  asqs  : -0.958724E+03
  asqg  :  0.116506E+04
  asqhl :  0.000000E+00
  asccn : -0.403223E+18
  asccw :  0.225741E+19
  ascrw :  0.444769E+14
  ascci :  0.221467E+17
  ascsw :  0.387329E+11
  aschw :  0.663206E+10
  aschl :  0.000000E+00
  asvhw :  0.393454E+01
  asvhl :  0.000000E+00
  bsqv  :  0.000000E+00
  bsqc  :  0.000000E+00
  bsqr  :  0.000000E+00
  bsqi  :  0.000000E+00
  bsqs  :  0.000000E+00
  bsqg  :  0.000000E+00
  bsqhl :  0.000000E+00
  bsccn :  0.000000E+00
  bsccw :  0.000000E+00
  bscrw :  0.000000E+00
  bscci :  0.000000E+00
  bscsw :  0.000000E+00
  bschw :  0.000000E+00
  bschl :  0.000000E+00
  bsvhw :  0.000000E+00
  bsvhl :  0.000000E+00
 cm1out_stats.nc                                                       
   nrec =           16
           120             15.000000 min 
   nwrite =            2
 cm1out.nc                                                             
     2d vars 
     s vars 
     u vars 
     v vars 
     w vars 

 Done Writing Data to File 

   string = cm1out_rst_000003.nc                                                  
  USING COMPRESSED netCDF4 
   leaving restart_prelim 
           121             15.125000 min 
           122             15.250000 min 
           123             15.375000 min 
           124             15.500000 min 
           125             15.625000 min 
           126             15.750000 min 
           127             15.875000 min 
  WMAX  :   61.0846       22   25   38    WMIN  :  -15.7433       22   22   33
  UMAX  :   67.5337       24   25   39    UMIN  :  -11.4318       21   26    2
  SUMAX :   9.63871       16   25    1    SUMIN :  -11.3292       21   26    1
  VMAX  :   44.8142       22   27   38    VMIN  :  -15.8849       22   24   41
  SVMAX :   21.1201       18   23    1    SVMIN :  0.786950       21   35    1
  PPIMAX:  0.421184E-02   22   25   41    PPIMIN: -0.177461E-02   22   23   32
  PPMAX :   392.100       22   25   40    PPMIN :  -373.352       20   26   11
  THPMAX:   22.6294       20   25   33    THPMIN:  -13.4585       21   24   43
  STHPMX:   1.06053       12   23    1    STHPMN:  0.959770E-01   13   32    1
  MAXqv :  0.222992E-01   11   24    1    MINqv :  0.116894E-07   23   29   38
  MAXqc :  0.124055E-01   20   25   31    MINqc :   0.00000        1    1    1
  MAXqr :  0.959578E-03   21   25   32    MINqr :   0.00000        1    1    1
  MAXqi :  0.141618E-01   23   32   35    MINqi :   0.00000        1    1    1
  MAXqs :  0.134890E-02   21   25   35    MINqs :   0.00000        1    1    1
  MAXqg :  0.265570E-02   21   25   35    MINqg :   0.00000        1    1    1
  MAXqhl:   0.00000        1    1    1    MINqhl:   0.00000        1    1    1
  MAXccn:  0.168540E+10   20   29   23    MINccn:   0.00000       15   24    7
  MAXccw:  0.149926E+10   20   33    7    MINccw:   0.00000        1    1    1
  MAXcrw:  0.205255E+07   21   25   32    MINcrw:   0.00000        1    1    1
  MAXcci:  0.599849E+09   22   23   34    MINcci:   0.00000        1    1    1
  MAXcsw:   961980.       21   25   35    MINcsw:   0.00000        1    1    1
  MAXchw:   39355.7       23   32   35    MINchw:   0.00000        1    1    1
  MAXchl:   0.00000        1    1    1    MINchl:   0.00000        1    1    1
  MAXvhw:  0.702926E-05   21   25   35    MINvhw:   0.00000        1    1    1
  MAXvhl:   0.00000        1    1    1    MINvhl:   0.00000        1    1    1
  TKEMAX:   250.602       23   32   40    TKEMIN:   0.00000        1    1    1
  KMHMAX:   2113.42       23   32   40    KMHMIN:   0.00000        1    1    1
  KMVMAX:   2113.42       23   32   40    KMVMIN:   0.00000        1    1    1
  KHHMAX:   6340.25       23   32   40    KHHMIN:   0.00000        1    1    1
  KHVMAX:   6340.25       23   32   40    KHVMIN:   0.00000        1    1    1
  DIVMAX:  0.497807E-03   21   25   35    DIVMIN: -0.677308E-03   22   25   33
  RHMAX :   1.00834       21   26   19    RHMIN :  0.113501E-03   23   29   38
  RHIMAX:   1.39919       23   23   33    RHIMIN:  0.199774E-03   23   29   38
  THEMAX:   373.212       12   24    1    THEMIN:   318.850       75   69   16
  STHEMX:   373.212       12   24    1    STHEMN:   358.697       21   19    1
  QCTOP :  14900.000000    1    1    1    QCBOT :    569.454773    1    1    1
  SFPMAX:   95274.3        1   36    1    SFPMIN:   94803.9       21   27    1
  PSFCMX:   96108.3        1   36    1    PSFCMN:   95635.1       21   27    1
  WSPMAX:   66.5295       23   25   39    WSPMIN:   2.22332       20   34    1
  SWSPMX:   21.3492       20   21    1    SWSPMN:   2.22332       20   34    1
  CFLMAX:      0.901349   20   25   30
  KSHMAX:  0.118880E-01   23   32   40
  KSVMAX:  0.299739       21   28    7
  VORSFC:  0.126916E-02
  VOR1KM:  0.919574E-02
  VOR2KM:  0.123133E-01
  VOR3KM:  0.123206E-01
  VOR4KM:  0.126165E-01
  VOR5KM:  0.123474E-01
  TMASS :  0.207380E+15
  TMOIS :  0.739598E+12
  qv MAS:  0.734877E+12
  qc MAS:  0.305837E+10
  qr MAS:  0.588431E+08
  qi MAS:  0.134915E+10
  qs MAS:  0.949039E+08
  qg MAS:  0.159592E+09
  qhlMAS:  0.000000E+00
  TENERG:  0.521642E+20
  TMU   :  0.529323E+16
  TMV   :  0.344270E+16
  TMW   : -0.763126E+13
  TMFU  :  0.602297E+11
  TMFD  : -0.801499E+11
  tcond :  0.000000E+00
  tevac :  0.000000E+00
  tauto :  0.000000E+00
  taccr :  0.000000E+00
  tevar :  0.000000E+00
  train :  0.673941E+04
  erain :  0.000000E+00
  qsfc  :  0.000000E+00
  esfc  :  0.000000E+00
  erad  :  0.000000E+00
  asqv  :  0.510036E+04
  asqc  :  0.190468E+08
  asqr  :  0.263011E+05
  asqi  :  0.145862E+06
  asqs  : -0.472545E+04
  asqg  :  0.493694E+04
  asqhl :  0.000000E+00
  asccn : -0.327292E+18
  asccw :  0.246802E+19
  ascrw :  0.862650E+14
  ascci :  0.232114E+17
  ascsw : -0.506157E+12
  aschw :  0.721435E+11
  aschl :  0.000000E+00
  asvhw :  0.159247E+02
  asvhl :  0.000000E+00
  bsqv  :  0.000000E+00
  bsqc  :  0.000000E+00
  bsqr  :  0.000000E+00
  bsqi  :  0.000000E+00
  bsqs  :  0.000000E+00
  bsqg  :  0.000000E+00
  bsqhl :  0.000000E+00
  bsccn :  0.000000E+00
  bsccw :  0.000000E+00
  bscrw :  0.000000E+00
  bscci :  0.000000E+00
  bscsw :  0.000000E+00
  bschw :  0.000000E+00
  bschl :  0.000000E+00
  bsvhw :  0.000000E+00
  bsvhl :  0.000000E+00
 cm1out_stats.nc                                                       
   nrec =           17
           128             16.000000 min 
           129             16.125000 min 
           130             16.250000 min 
           131             16.375000 min 
           132             16.500000 min 
           133             16.625000 min 
           134             16.750000 min 
           135             16.875000 min 
  WMAX  :   61.7680       21   25   37    WMIN  :  -18.3460       25   30   36
  UMAX  :   66.0897       25   25   41    UMIN  :  -11.7239       22   27    1
  SUMAX :   9.98545       16   25    1    SUMIN :  -11.7239       22   27    1
  VMAX  :   43.3442       24   35   39    VMIN  :  -28.5645       23   24   42
  SVMAX :   21.2750       19   22    1    SVMIN :  0.565194       21   36    1
  PPIMAX:  0.394005E-02   23   25   43    PPIMIN: -0.176638E-02   21   27   27
  PPMAX :   327.714       24   33   42    PPMIN :  -393.438       22   28    1
  THPMAX:   21.8361       21   25   36    THPMIN:  -30.6427       22   25   45
  STHPMX:   1.01271       12   24    1    STHPMN:  0.988992E-01   13   32    1
  MAXqv :  0.222978E-01   11   25    1    MINqv :  0.245954E-11   29   30   36
  MAXqc :  0.115198E-01   20   26   30    MINqc :   0.00000        1    1    1
  MAXqr :  0.254005E-02   21   25   32    MINqr :   0.00000        1    1    1
  MAXqi :  0.118114E-01   22   25   40    MINqi :   0.00000        1    1    1
  MAXqs :  0.212052E-02   23   32   36    MINqs :   0.00000        1    1    1
  MAXqg :  0.466735E-02   21   25   35    MINqg :   0.00000        1    1    1
  MAXqhl:   0.00000        1    1    1    MINqhl:   0.00000        1    1    1
  MAXccn:  0.171036E+10   22   29   21    MINccn:   0.00000       14   29    6
  MAXccw:  0.161667E+10   21   33    8    MINccw:   0.00000        1    1    1
  MAXcrw:  0.310576E+07   21   25   33    MINcrw:   0.00000        1    1    1
  MAXcci:  0.552887E+09   24   31   34    MINcci:   0.00000        1    1    1
  MAXcsw:  0.157773E+07   21   25   35    MINcsw:   0.00000        1    1    1
  MAXchw:   66494.4       21   25   35    MINchw:   0.00000        1    1    1
  MAXchl:   0.00000        1    1    1    MINchl:   0.00000        1    1    1
  MAXvhw:  0.102279E-04   21   25   35    MINvhw:   0.00000        1    1    1
  MAXvhl:   0.00000        1    1    1    MINvhl:   0.00000        1    1    1
  TKEMAX:   224.221       23   25   44    TKEMIN:   0.00000        1    1    1
  KMHMAX:   2003.27       23   25   44    KMHMIN:   0.00000        1    1    1
  KMVMAX:   2003.27       23   25   44    KMVMIN:   0.00000        1    1    1
  KHHMAX:   6009.82       23   25   44    KHHMIN:   0.00000        1    1    1
  KHVMAX:   6009.82       23   25   44    KHVMIN:   0.00000        1    1    1
  DIVMAX:  0.436109E-03   20   27   10    DIVMIN: -0.455263E-03   21   25   39
  RHMAX :   1.00743       23   26   24    RHMIN :  0.108393E-07   29   30   36
  RHIMAX:   1.40441       23   23   33    RHIMIN:  0.175603E-07   29   30   36
  THEMAX:   373.000       11   25    1    THEMIN:   318.197       17   29   15
  STHEMX:   373.000       11   25    1    STHEMN:   358.597       20   19    1
  QCTOP :  16700.000000    1    1    1    QCBOT :    569.454773    1    1    1
  SFPMAX:   95263.3        7   75    1    SFPMIN:   94772.9       22   28    1
  PSFCMX:   96097.2        7   75    1    PSFCMN:   95603.9       22   28    1
  WSPMAX:   64.7072       24   25   42    WSPMIN:   1.48707       20   35    1
  SWSPMX:   21.6953       20   21    1    SWSPMN:   1.48707       20   35    1
  CFLMAX:      0.867465   20   26   27
  KSHMAX:  0.112684E-01   23   25   44
  KSVMAX:  0.423688       21   29    7
  VORSFC:  0.114505E-02
  VOR1KM:  0.915530E-02
  VOR2KM:  0.114653E-01
  VOR3KM:  0.146403E-01
  VOR4KM:  0.146692E-01
  VOR5KM:  0.134279E-01
  TMASS :  0.207380E+15
  TMOIS :  0.739679E+12
  qv MAS:  0.734019E+12
  qc MAS:  0.280676E+10
  qr MAS:  0.567083E+08
  qi MAS:  0.229680E+10
  qs MAS:  0.181757E+09
  qg MAS:  0.318604E+09
  qhlMAS:  0.000000E+00
  TENERG:  0.521644E+20
  TMU   :  0.529351E+16
  TMV   :  0.344172E+16
  TMW   :  0.944072E+13
  TMFU  :  0.804742E+11
  TMFD  : -0.600655E+11
  tcond :  0.000000E+00
  tevac :  0.000000E+00
  tauto :  0.000000E+00
  taccr :  0.000000E+00
  tevar :  0.000000E+00
  train :  0.677259E+04
  erain :  0.000000E+00
  qsfc  :  0.000000E+00
  esfc  :  0.000000E+00
  erad  :  0.000000E+00
  asqv  :  0.125031E+05
  asqc  :  0.284252E+08
  asqr  :  0.534711E+05
  asqi  :  0.172964E+06
  asqs  : -0.337612E+04
  asqg  :  0.106067E+05
  asqhl :  0.000000E+00
  asccn : -0.246483E+18
  asccw :  0.271033E+19
  ascrw :  0.145033E+15
  ascci :  0.167409E+17
  ascsw : -0.161839E+13
  aschw :  0.146636E+12
  aschl :  0.000000E+00
  asvhw :  0.348971E+02
  asvhl :  0.000000E+00
  bsqv  :  0.000000E+00
  bsqc  :  0.000000E+00
  bsqr  :  0.000000E+00
  bsqi  :  0.000000E+00
  bsqs  :  0.000000E+00
  bsqg  :  0.000000E+00
  bsqhl :  0.000000E+00
  bsccn :  0.000000E+00
  bsccw :  0.000000E+00
  bscrw :  0.000000E+00
  bscci :  0.000000E+00
  bscsw :  0.000000E+00
  bschw :  0.000000E+00
  bschl :  0.000000E+00
  bsvhw :  0.000000E+00
  bsvhl :  0.000000E+00
 cm1out_stats.nc                                                       
   nrec =           18
           136             17.000000 min 
           137             17.125000 min 
           138             17.250000 min 
           139             17.375000 min 
           140             17.500000 min 
           141             17.625000 min 
           142             17.750000 min 
           143             17.875000 min 
  WMAX  :   63.6446       22   26   40    WMIN  :  -20.9382       25   30   34
  UMAX  :   67.6173       25   26   44    UMIN  :  -14.0641       21   25   43
  SUMAX :   9.33569       16   25    1    SUMIN :  -12.0660       22   27    1
  VMAX  :   44.7452       23   28   43    VMIN  :  -34.7488       23   24   44
  SVMAX :   21.7630       20   22    1    SVMIN :  0.562529       21   36    1
  PPIMAX:  0.405633E-02   22   26   43    PPIMIN: -0.156415E-02   21   27   26
  PPMAX :   333.528       22   26   42    PPMIN :  -392.211       22   28    1
  THPMAX:   20.9313       21   26   37    THPMIN:  -43.3079       23   25   46
  STHPMX:   1.04708       12   24    1    STHPMN:  0.111723       13   32    1
  MAXqv :  0.221811E-01   11   25    1    MINqv :  0.315679E-07   27   29   40
  MAXqc :  0.109555E-01   20   26   30    MINqc :   0.00000        1    1    1
  MAXqr :  0.182898E-02   21   26   33    MINqr :   0.00000        1    1    1
  MAXqi :  0.108975E-01   24   25   44    MINqi :   0.00000        1    1    1
  MAXqs :  0.188777E-02   22   25   40    MINqs :   0.00000        1    1    1
  MAXqg :  0.452806E-02   21   25   35    MINqg :   0.00000        1    1    1
  MAXqhl:   0.00000        1    1    1    MINqhl:   0.00000        1    1    1
  MAXccn:  0.169256E+10   21   30   22    MINccn:   0.00000       17   26    5
  MAXccw:  0.153691E+10   21   34    8    MINccw:   0.00000        1    1    1
  MAXcrw:  0.184903E+07   21   26   30    MINcrw:   0.00000        1    1    1
  MAXcci:  0.490237E+09   23   33   35    MINcci:   0.00000        1    1    1
  MAXcsw:  0.114902E+07   22   25   41    MINcsw:   0.00000        1    1    1
  MAXchw:   53062.2       22   27   33    MINchw:   0.00000        1    1    1
  MAXchl:   0.00000        1    1    1    MINchl:   0.00000        1    1    1
  MAXvhw:  0.111989E-04   21   26   36    MINvhw:   0.00000        1    1    1
  MAXvhl:   0.00000        1    1    1    MINvhl:   0.00000        1    1    1
  TKEMAX:   186.320       21   25   43    TKEMIN:   0.00000        1    1    1
  KMHMAX:   1826.01       21   25   43    KMHMIN:   0.00000        1    1    1
  KMVMAX:   1826.01       21   25   43    KMVMIN:   0.00000        1    1    1
  KHHMAX:   5478.04       21   25   43    KHHMIN:   0.00000        1    1    1
  KHVMAX:   5478.04       21   25   43    KHVMIN:   0.00000        1    1    1
  DIVMAX:  0.387925E-03   20   27   14    DIVMIN: -0.547924E-03   22   26   38
  RHMAX :   1.00958       23   27   24    RHMIN :  0.406134E-03   27   29   40
  RHIMAX:   1.82857       24   23   42    RHIMIN:  0.732607E-03   27   29   38
  THEMAX:   372.843       12   25    1    THEMIN:   318.880       75   70   16
  STHEMX:   372.843       12   25    1    STHEMN:   358.505       20   20    1
  QCTOP :  17900.000000    1    1    1    QCBOT :    569.454773    1    1    1
  SFPMAX:   95261.5        5   52    1    SFPMIN:   94774.1       22   28    1
  PSFCMX:   96095.3        5   52    1    PSFCMN:   95605.0       22   28    1
  WSPMAX:   66.5871       25   26   43    WSPMIN:   1.68489       20   36    1
  SWSPMX:   21.9134       20   21    1    SWSPMN:   1.68489       20   36    1
  CFLMAX:      0.920824   21   26   34
  KSHMAX:  0.102713E-01   21   25   43
  KSVMAX:  0.427225       22   29    8
  VORSFC:  0.122531E-02
  VOR1KM:  0.873889E-02
  VOR2KM:  0.123276E-01
  VOR3KM:  0.142697E-01
  VOR4KM:  0.137791E-01
  VOR5KM:  0.150434E-01
  TMASS :  0.207380E+15
  TMOIS :  0.739761E+12
  qv MAS:  0.733236E+12
  qc MAS:  0.253846E+10
  qr MAS:  0.447241E+08
  qi MAS:  0.317799E+10
  qs MAS:  0.269440E+09
  qg MAS:  0.493776E+09
  qhlMAS:  0.000000E+00
  TENERG:  0.521645E+20
  TMU   :  0.529337E+16
  TMV   :  0.344020E+16
  TMW   : -0.830611E+13
  TMFU  :  0.739322E+11
  TMFD  : -0.963788E+11
  tcond :  0.000000E+00
  tevac :  0.000000E+00
  tauto :  0.000000E+00
  taccr :  0.000000E+00
  tevar :  0.000000E+00
  train :  0.679155E+04
  erain :  0.000000E+00
  qsfc  :  0.000000E+00
  esfc  :  0.000000E+00
  erad  :  0.000000E+00
  asqv  :  0.166809E+05
  asqc  :  0.363456E+08
  asqr  :  0.739816E+05
  asqi  :  0.179266E+06
  asqs  : -0.265013E+04
  asqg  :  0.157442E+05
  asqhl :  0.000000E+00
  asccn : -0.118110E+18
  asccw :  0.294646E+19
  ascrw :  0.189351E+15
  ascci :  0.115340E+17
  ascsw : -0.366540E+13
  aschw :  0.201367E+12
  aschl :  0.000000E+00
  asvhw :  0.515549E+02
  asvhl :  0.000000E+00
  bsqv  :  0.000000E+00
  bsqc  :  0.000000E+00
  bsqr  :  0.000000E+00
  bsqi  :  0.000000E+00
  bsqs  :  0.000000E+00
  bsqg  :  0.000000E+00
  bsqhl :  0.000000E+00
  bsccn :  0.000000E+00
  bsccw :  0.000000E+00
  bscrw :  0.000000E+00
  bscci :  0.000000E+00
  bscsw :  0.000000E+00
  bschw :  0.000000E+00
  bschl :  0.000000E+00
  bsvhw :  0.000000E+00
  bsvhl :  0.000000E+00
 cm1out_stats.nc                                                       
   nrec =           19
           144             18.000000 min 
           145             18.125000 min 
           146             18.250000 min 
           147             18.375000 min 
           148             18.500000 min 
           149             18.625000 min 
           150             18.750000 min 
           151             18.875000 min 
  WMAX  :   63.1374       22   27   39    WMIN  :  -18.7408       26   30   38
  UMAX  :   70.6735       26   26   45    UMIN  :  -25.8538       21   26   43
  SUMAX :   9.80050       17   26    1    SUMIN :  -12.6960       23   28    1
  VMAX  :   49.0168       23   29   43    VMIN  :  -37.9214       24   24   44
  SVMAX :   22.0654       20   22    1    SVMIN :  0.379948       22   37    1
  PPIMAX:  0.371319E-02   22   26   43    PPIMIN: -0.174344E-02   22   28   27
  PPMAX :   292.050       22   26   43    PPMIN :  -418.375       22   28   13
  THPMAX:   20.6233       21   27   33    THPMIN:  -48.1279       24   26   46
  STHPMX:   1.01464       16   27    1    STHPMN:  0.153391       13   32    1
  MAXqv :  0.220564E-01   11   26    1    MINqv :  0.572175E-06   24   26   46
  MAXqc :  0.112637E-01   21   27   30    MINqc :   0.00000        1    1    1
  MAXqr :  0.147454E-02   22   26   31    MINqr :   0.00000        1    1    1
  MAXqi :  0.103281E-01   22   27   35    MINqi :   0.00000        1    1    1
  MAXqs :  0.302851E-02   22   26   35    MINqs :   0.00000        1    1    1
  MAXqg :  0.473243E-02   22   27   35    MINqg :   0.00000        1    1    1
  MAXqhl:   0.00000        1    1    1    MINqhl:   0.00000        1    1    1
  MAXccn:  0.171107E+10   23   30   21    MINccn:   0.00000       13   23    6
  MAXccw:  0.159317E+10   22   34    9    MINccw:   0.00000        1    1    1
  MAXcrw:  0.221355E+07   22   26   32    MINcrw:   0.00000        1    1    1
  MAXcci:  0.472391E+09   21   26   39    MINcci:   0.00000        1    1    1
  MAXcsw:  0.183189E+07   22   26   35    MINcsw:   0.00000        1    1    1
  MAXchw:   61603.0       22   27   35    MINchw:   0.00000        1    1    1
  MAXchl:   0.00000        1    1    1    MINchl:   0.00000        1    1    1
  MAXvhw:  0.130591E-04   22   27   35    MINvhw:   0.00000        1    1    1
  MAXvhl:   0.00000        1    1    1    MINvhl:   0.00000        1    1    1
  TKEMAX:   206.833       21   26   43    TKEMIN:   0.00000        1    1    1
  KMHMAX:   1923.91       21   26   43    KMHMIN:   0.00000        1    1    1
  KMVMAX:   1923.91       21   26   43    KMVMIN:   0.00000        1    1    1
  KHHMAX:   5771.73       21   26   43    KHHMIN:   0.00000        1    1    1
  KHVMAX:   5771.73       21   26   43    KHVMIN:   0.00000        1    1    1
  DIVMAX:  0.428842E-03   21   28    9    DIVMIN: -0.530701E-03   22   27   39
  RHMAX :   1.06214       26   25   43    RHMIN :  0.234790E-03   23   30   22
  RHIMAX:   2.27790       26   25   43    RHIMIN:  0.235767E-03   23   30   22
  THEMAX:   372.434       12   25    1    THEMIN:   318.405       18   30   15
  STHEMX:   372.434       12   25    1    STHEMN:   358.432       20   20    1
  QCTOP :  17900.000000    1    1    1    QCBOT :    569.454773    1    1    1
  SFPMAX:   95278.2        1   75    1    SFPMIN:   94753.2       22   28    1
  PSFCMX:   96112.1        1   75    1    PSFCMN:   95583.4       22   28    1
  WSPMAX:   68.3248       25   26   45    WSPMIN:   1.20431       21   36    1
  SWSPMX:   22.0629       20   22    1    SWSPMN:   1.20431       21   36    1
  CFLMAX:      0.882335   21   27   30
  KSHMAX:  0.108220E-01   21   26   43
  KSVMAX:  0.429984       22   29    8
  VORSFC:  0.153120E-02
  VOR1KM:  0.958068E-02
  VOR2KM:  0.114799E-01
  VOR3KM:  0.145730E-01
  VOR4KM:  0.162242E-01
  VOR5KM:  0.167204E-01
  TMASS :  0.207380E+15
  TMOIS :  0.739839E+12
  qv MAS:  0.732487E+12
  qc MAS:  0.236110E+10
  qr MAS:  0.367772E+08
  qi MAS:  0.393069E+10
  qs MAS:  0.359313E+09
  qg MAS:  0.663400E+09
  qhlMAS:  0.000000E+00
  TENERG:  0.521647E+20
  TMU   :  0.529334E+16
  TMV   :  0.343937E+16
  TMW   :  0.101548E+14
  TMFU  :  0.876592E+11
  TMFD  : -0.653880E+11
  tcond :  0.000000E+00
  tevac :  0.000000E+00
  tauto :  0.000000E+00
  taccr :  0.000000E+00
  tevar :  0.000000E+00
  train :  0.680391E+04
  erain :  0.000000E+00
  qsfc  :  0.000000E+00
  esfc  :  0.000000E+00
  erad  :  0.000000E+00
  asqv  :  0.274422E+05
  asqc  :  0.424951E+08
  asqr  :  0.972085E+05
  asqi  :  0.197180E+06
  asqs  : -0.188244E+04
  asqg  :  0.207847E+05
  asqhl :  0.000000E+00
  asccn : -0.196225E+17
  asccw :  0.316912E+19
  ascrw :  0.220925E+15
  ascci :  0.117974E+17
  ascsw : -0.648294E+13
  aschw :  0.240636E+12
  aschl :  0.000000E+00
  asvhw :  0.668483E+02
  asvhl :  0.000000E+00
  bsqv  :  0.000000E+00
  bsqc  :  0.000000E+00
  bsqr  :  0.000000E+00
  bsqi  :  0.000000E+00
  bsqs  :  0.000000E+00
  bsqg  :  0.000000E+00
  bsqhl :  0.000000E+00
  bsccn :  0.000000E+00
  bsccw :  0.000000E+00
  bscrw :  0.000000E+00
  bscci :  0.000000E+00
  bscsw :  0.000000E+00
  bschw :  0.000000E+00
  bschl :  0.000000E+00
  bsvhw :  0.000000E+00
  bsvhl :  0.000000E+00
 cm1out_stats.nc                                                       
   nrec =           20
           152             19.000000 min 
           153             19.125000 min 
           154             19.250000 min 
           155             19.375000 min 
           156             19.500000 min 
           157             19.625000 min 
           158             19.750000 min 
           159             19.875000 min 
   Getting dbz ... 
  WMAX  :   66.2780       22   27   40    WMIN  :  -23.7015       26   26   45
  UMAX  :   71.7451       26   27   45    UMIN  :  -25.1375       21   26   43
  SUMAX :   10.1758       17   26    1    SUMIN :  -12.8798       23   28    1
  VMAX  :   49.9566       25   37   43    VMIN  :  -35.4285       23   24   43
  SVMAX :   22.0035       20   22    1    SVMIN :  0.772831       22   37    1
  PPIMAX:  0.329959E-02   22   27   43    PPIMIN: -0.189525E-02   26   26   46
  PPMAX :   264.131       22   27   42    PPMIN :  -357.484       22   28   13
  THPMAX:   18.5901       22   28   33    THPMIN:  -46.1626       23   26   46
  STHPMX:   1.05261       16   27    1    STHPMN:  0.174340       17   29    1
  MAXqv :  0.220261E-01   12   26    1    MINqv :  0.192947E-06   23   31   22
  MAXqc :  0.962668E-02   21   27   28    MINqc :   0.00000        1    1    1
  MAXqr :  0.841838E-03   22   27   32    MINqr :   0.00000        1    1    1
  MAXqi :  0.111583E-01   22   27   35    MINqi :   0.00000        1    1    1
  MAXqs :  0.227469E-02   22   26   40    MINqs :   0.00000        1    1    1
  MAXqg :  0.479691E-02   23   28   34    MINqg :   0.00000        1    1    1
  MAXqhl:   0.00000        1    1    1    MINqhl:   0.00000        1    1    1
  MAXccn:  0.171000E+10   23   31   22    MINccn:   0.00000       17   26    5
  MAXccw:  0.162127E+10   23   35    8    MINccw:   0.00000        1    1    1
  MAXcrw:  0.166622E+07   22   27   32    MINcrw:   0.00000        1    1    1
  MAXcci:  0.408371E+09   21   27   35    MINcci:   0.00000        1    1    1
  MAXcsw:  0.126206E+07   22   26   40    MINcsw:   0.00000        1    1    1
  MAXchw:   74286.9       23   28   35    MINchw:   0.00000        1    1    1
  MAXchl:   0.00000        1    1    1    MINchl:   0.00000        1    1    1
  MAXvhw:  0.148967E-04   23   28   34    MINvhw:   0.00000        1    1    1
  MAXvhl:   0.00000        1    1    1    MINvhl:   0.00000        1    1    1
  TKEMAX:   178.036       21   26   44    TKEMIN:   0.00000        1    1    1
  KMHMAX:   1463.32       21   27   42    KMHMIN:   0.00000        1    1    1
  KMVMAX:   1463.32       21   27   42    KMVMIN:   0.00000        1    1    1
  KHHMAX:   4389.96       21   27   42    KHHMIN:   0.00000        1    1    1
  KHVMAX:   4389.96       21   27   42    KHVMIN:   0.00000        1    1    1
  DIVMAX:  0.391501E-03   22   27   35    DIVMIN: -0.511399E-03   22   27   43
  RHMAX :   1.50770       27   25   42    RHMIN :  0.277864E-04   23   31   22
  RHIMAX:   3.08491       27   25   42    RHIMIN:  0.278865E-04   23   31   22
  THEMAX:   372.496       12   26    1    THEMIN:   318.898       68   71   16
  STHEMX:   372.496       12   26    1    STHEMN:   358.358       20   21    1
  QCTOP :  18500.000000    1    1    1    QCBOT :    569.454773    1    1    1
  SFPMAX:   95235.7        9   55    1    SFPMIN:   94835.2       23   29    1
  PSFCMX:   96069.4        9   55    1    PSFCMN:   95666.6       23   29    1
  WSPMAX:   69.6754       26   28   44    WSPMIN:   1.44700       21   37    1
  SWSPMX:   22.1682       21   22    1    SWSPMN:   1.44700       21   37    1
  CFLMAX:      0.866010   22   27   37
  KSHMAX:  0.823117E-02   21   27   42
  KSVMAX:  0.417843       22   30    8
  VORSFC:  0.148788E-02
  VOR1KM:  0.100671E-01
  VOR2KM:  0.119474E-01
  VOR3KM:  0.146555E-01
  VOR4KM:  0.153642E-01
  VOR5KM:  0.158998E-01
  TMASS :  0.207380E+15
  TMOIS :  0.739920E+12
  qv MAS:  0.731850E+12
  qc MAS:  0.221582E+10
  qr MAS:  0.288940E+08
  qi MAS:  0.454756E+10
  qs MAS:  0.447459E+09
  qg MAS:  0.830584E+09
  qhlMAS:  0.000000E+00
  TENERG:  0.521648E+20
  TMU   :  0.529243E+16
  TMV   :  0.343758E+16
  TMW   : -0.798742E+13
  TMFU  :  0.768553E+11
  TMFD  : -0.976776E+11
  tcond :  0.000000E+00
  tevac :  0.000000E+00
  tauto :  0.000000E+00
  taccr :  0.000000E+00
  tevar :  0.000000E+00
  train :  0.681348E+04
  erain :  0.000000E+00
  qsfc  :  0.000000E+00
  esfc  :  0.000000E+00
  erad  :  0.000000E+00
  asqv  :  0.326373E+05
  asqc  :  0.476834E+08
  asqr  :  0.109383E+06
  asqi  :  0.194942E+06
  asqs  : -0.705253E+03
  asqg  :  0.246665E+05
  asqhl :  0.000000E+00
  asccn :  0.620133E+17
  asccw :  0.339128E+19
  ascrw :  0.245424E+15
  ascci :  0.854092E+16
  ascsw : -0.734451E+13
  aschw :  0.282913E+12
  aschl :  0.000000E+00
  asvhw :  0.798723E+02
  asvhl :  0.000000E+00
  bsqv  :  0.000000E+00
  bsqc  :  0.000000E+00
  bsqr  :  0.000000E+00
  bsqi  :  0.000000E+00
  bsqs  :  0.000000E+00
  bsqg  :  0.000000E+00
  bsqhl :  0.000000E+00
  bsccn :  0.000000E+00
  bsccw :  0.000000E+00
  bscrw :  0.000000E+00
  bscci :  0.000000E+00
  bscsw :  0.000000E+00
  bschw :  0.000000E+00
  bschl :  0.000000E+00
  bsvhw :  0.000000E+00
  bsvhl :  0.000000E+00
 cm1out_stats.nc                                                       
   nrec =           21
           160             20.000000 min 
   string = cm1out_rst_000004.nc                                                  
  USING COMPRESSED netCDF4 
   leaving restart_prelim 

 Total time:    7.87500000    

   sound    :        1.09   13.84%
   poiss    :        0.00    0.00%
   advs     :        1.10   13.90%
   advu     :        0.07    0.89%
   advv     :        0.08    0.95%
   advw     :        0.06    0.76%
   divx     :        0.02    0.25%
   buoyan   :        0.22    2.79%
   turb     :        0.17    2.22%
   sfcphys  :        0.00    0.00%
   tmix     :        0.51    6.54%
   cor      :        0.00    0.00%
   diffu    :        0.00    0.00%
   rdamp    :        0.01    0.19%
   microphy :        0.09    1.14%
   satadj   :        0.00    0.00%
   fallout  :        0.00    0.00%
   radiatio :        0.00    0.00%
   pbl      :        0.00    0.00%
   stat     :        0.01    0.13%
   cflq     :        0.00    0.00%
   bc       :        0.01    0.19%
   integ    :        0.25    3.17%
   write    :        0.25    3.17%
   restart  :        1.12   14.29%
   misc     :        0.19    2.41%
   swaths   :        0.04    0.51%
   pdef     :        0.14    1.84%
   prsrho   :        0.18    2.29%
   parcels  :        0.00    0.00%
   mp_total :        2.24   28.51%

   mpu1     :        0.01    0.13%
   mpu2     :        0.41    5.21%
   mpv1     :        0.04    0.44%
   mpv2     :        0.00    0.00%
   mpw1     :        0.01    0.13%
   mpw2     :        0.00    0.06%
   mpp1     :        0.00    0.00%
   mpp2     :        0.00    0.00%
   mps1     :        0.12    1.52%
   mps2     :        0.49    6.22%
   mps3     :        0.03    0.38%
   mps4     :        0.24    3.05%
   mpq1     :        0.00    0.00%
   mpq2     :        0.00    0.00%
   mptk1    :        0.89   11.37%
   mptk2    :        0.00    0.00%
   mpb      :        0.00    0.00%


   MN =    839314304.    

 Program terminated normally:  myid=          23
 Program terminated normally:  myid=           8
 Program terminated normally:  myid=           9
 Program terminated normally:  myid=           2
 Program terminated normally:  myid=           6
 Program terminated normally:  myid=           3
 Program terminated normally:  myid=           4
 Program terminated normally:  myid=           7
 Program terminated normally:  myid=          20
 Program terminated normally:  myid=          16
 Program terminated normally:  myid=          22
 Program terminated normally:  myid=          17
 Program terminated normally:  myid=          11
 Program terminated normally:  myid=          19
 Program terminated normally:  myid=          13
 Program terminated normally:  myid=           5
 Program terminated normally:  myid=          14
 Program terminated normally:  myid=          10
 Program terminated normally:  myid=          21
 Program terminated normally:  myid=          15
 Program terminated normally:  myid=           0
 Program terminated normally:  myid=          12
 Program terminated normally:  myid=           1
 Program terminated normally:  myid=          18
 Program terminated normally:  myid=          24
 Inside PARAM

   Everything is cool!
   ni,nj=          15          15


 dx        =   2000.00000    
 dy        =   2000.00000    
 dz        =   392.156860    
 dtl       =   7.50000000    
 timax     =   5400.00000    
 run_time  =   300.000000    
 tapfrq    =   900.000000    
 rstfrq    =   300.000000    
 statfrq   =   60.0000000    
 prclfrq   =   60.0000000    

 adapt_dt  =           0
 irst      =           1
 rstnum    =           4
 iconly    =           0
 hadvordrs =           5
 vadvordrs =           5
 hadvordrv =           5
 vadvordrv =           5
 pdscheme  =           1
 apmasscon =           1
 advwenos  =           2
 advwenov  =           0
 idiff     =           0
 mdiff     =           0
 difforder =           6
 imoist    =           1
 iturb     =           1
 tconfig   =           1
 bcturbs   =           1
 dns       =           0
 irdamp    =           1
 hrdamp    =           0
 psolver   =           3
 nsound    =           6
 ptype     =          27
 ihail     =           1
 iautoc    =           1
 icor      =           0
 pertcor   =           0
 eqtset    =           2
 idiss     =           1
 efall     =           0
 rterm     =           0
 wbc       =           2
 ebc       =           2
 sbc       =           2
 nbc       =           2
 bbc       =           1
 tbc       =           1
 irbc      =           4
 roflux    =           0
 isnd      =           7
 iwnd      =           2
 itern     =           0
 iinit     =           0
 irandp    =           0
 ibalance  =           0
 iorigin   =           1
 axisymm   =           0
 imove     =           0
 iptra     =           0
 npt       =           1
 pdtra     =           1
 iprcl     =           0
 nparcels  =           1

 kdiff2    =   75.0000000    
 kdiff6    =   3.99999991E-02
 fcor      =   0.00000000    
 kdiv      =  0.100000001    
 alph      =  0.600000024    
 rdalpha   =   3.33333341E-03
 zd        =   15000.0000    
 xhd       =   100000.000    
 umove     =   0.00000000    
 vmove     =   0.00000000    
 v_t       =   7.00000000    
 l_h       =   100.000000    
 lhref1    =   100.000000    
 lhref2    =   1000.00000    
 l_inf     =   100.000000    
 ndcnst    =   250.000000    

 radopt    =           0
 dtrad     =   300.000000    
 ctrlat    =   35.2358284    
 ctrlon    =  -97.4619370    
 year      =        2003
 month     =           5
 day       =           8
 hour      =          20
 minute    =          40
 second    =           0

 isfcflx   =           0
 sfcmodel  =           0
 oceanmodel=           0
 ipbl      =           0
 initsfc   =           1
 tsk0      =   299.279999    
 tmn0      =   297.279999    
 xland0    =   2.00000000    
 lu0       =          16
 season    =           1
 cecd      =           3
 pertflx   =           0
 cnstce    =   1.00000005E-03
 cnstcd    =   1.00000005E-03
 isftcflx  =           0
 iz0tlnd   =           0
 oml_hml0  =   50.0000000    
 oml_gamma =  0.140000001    

 stretch_x =           0
 dx_inner  =   1000.00000    
 dx_outer  =   7000.00000    
 nos_x_len =   40000.0000    
 tot_x_len =   120000.000    

 stretch_y =           0
 dy_inner  =   1000.00000    
 dy_outer  =   7000.00000    
 nos_y_len =   40000.0000    
 tot_y_len =   120000.000    

 stretch_z =           2
 ztop      =   20000.0000    
 str_bot   =   0.00000000    
 str_top   =   8625.00000    
 dz_bot    =   150.000000    
 dz_top    =   600.000000    

 bc_temp   =           1
 ptc_top   =   250.000000    
 ptc_bot   =   300.000000    
 viscosity =   25.0000000    
 pr_num    =  0.720000029    

 var1      =   0.00000000    
 var2      =   0.00000000    
 var3      =   0.00000000    
 var4      =   0.00000000    
 var5      =   0.00000000    
 var6      =   0.00000000    
 var7      =   0.00000000    
 var8      =   0.00000000    
 var9      =   0.00000000    
 var10     =   0.00000000    

&NSSL2MOM_PARAMS
 RHO_QR=  1000.00000    ,
 CNOR=  8000000.00    ,
 RHO_QS=  100.000000    ,
 CNOS=  3000000.00    ,
 RHO_QH=  500.000000    ,
 CNOH=  40000.0000    ,
 CCN=  2.00000000E+09,
 INFALL=4          ,
 ALPHAH=  0.00000000    ,
 ALPHAHL= 0.500000000    ,
 IMURAIN=1          ,
 ICDX=3          ,
 ICDXHL=3          ,
 DFRZ=  1.50000007E-04,
 HLDNMN=  500.000000    ,
 IFERWISVENTR=2          ,
 IEHW=1          ,
 IEHLW=1          ,
 EHW0= 0.750000000    ,
 EHLW0= 0.750000000    ,
 DMRAUTO=0          ,
 IOLDLIMITER=0          ,
 /

 ZGRID:  STRETCH FAC  =    1.0359004512429237     
 ZGRID:  DOMAIN  HGT  =    20000.0000    

 ZGRID:  STRETCH FAC  =    1.0359004512429237     
 ZGRID:  DOMAIN  HGT  =    20000.0000    

 ZGRID:  STRETCH FAC  =    1.0359004512429237     
 ZGRID:  DOMAIN  HGT  =    20000.0000    

 ZGRID:  STRETCH FAC  =    1.0359004512429237     
 ZGRID:  DOMAIN  HGT  =    20000.0000    

 ZGRID:  STRETCH FAC  =    1.0359004512429237     
 ZGRID:  DOMAIN  HGT  =    20000.0000    

 ZGRID:  STRETCH FAC  =    1.0359004512429237     
 ZGRID:  DOMAIN  HGT  =    20000.0000    

 ZGRID:  STRETCH FAC  =    1.0359004512429237     
 ZGRID:  DOMAIN  HGT  =    20000.0000    

 ZGRID:  STRETCH FAC  =    1.0359004512429237     
 ZGRID:  DOMAIN  HGT  =    20000.0000    

 ZGRID:  STRETCH FAC  =    1.0359004512429237     
 ZGRID:  DOMAIN  HGT  =    20000.0000    

 ZGRID:  STRETCH FAC  =    1.0359004512429237     
 ZGRID:  DOMAIN  HGT  =    20000.0000    

 ZGRID:  STRETCH FAC  =    1.0359004512429237     
 ZGRID:  DOMAIN  HGT  =    20000.0000    

 ZGRID:  STRETCH FAC  =    1.0359004512429237     
 ZGRID:  DOMAIN  HGT  =    20000.0000    

 ZGRID:  STRETCH FAC  =    1.0359004512429237     
 ZGRID:  DOMAIN  HGT  =    20000.0000    

 ZGRID:  STRETCH FAC  =    1.0359004512429237     
 ZGRID:  DOMAIN  HGT  =    20000.0000    

 ZGRID:  STRETCH FAC  =    1.0359004512429237     
 ZGRID:  DOMAIN  HGT  =    20000.0000    

 ZGRID:  STRETCH FAC  =    1.0359004512429237     
 ZGRID:  DOMAIN  HGT  =    20000.0000    

 ZGRID:  STRETCH FAC  =    1.0359004512429237     
 ZGRID:  DOMAIN  HGT  =    20000.0000    

 ZGRID:  STRETCH FAC  =    1.0359004512429237     
 ZGRID:  DOMAIN  HGT  =    20000.0000    

 ZGRID:  STRETCH FAC  =    1.0359004512429237     
 ZGRID:  DOMAIN  HGT  =    20000.0000    

 ZGRID:  STRETCH FAC  =    1.0359004512429237     
 ZGRID:  DOMAIN  HGT  =    20000.0000    

 ZGRID:  STRETCH FAC  =    1.0359004512429237     
 ZGRID:  DOMAIN  HGT  =    20000.0000    

 ZGRID:  STRETCH FAC  =    1.0359004512429237     
 ZGRID:  DOMAIN  HGT  =    20000.0000    

 ZGRID:  STRETCH FAC  =    1.0359004512429237     
 ZGRID:  DOMAIN  HGT  =    20000.0000    

 ZGRID:  STRETCH FAC  =    1.0359004512429237     
 ZGRID:  DOMAIN  HGT  =    20000.0000    

 iice      =           1
 idm       =           1
 idmplus   =           1
 numq      =          16
 nqv       =           1
 nqc       =           2
 nqr       =           3
 nqi       =           4
 nqs       =           5
 nqg       =           6
 nql1      =           2
 nql2      =           3
 nqs1      =           4
 nqs2      =           7
 nnc1      =           8
 nnc2      =          14
 nvl1      =          15
 nvl2      =          16
 nzl1      =           1
 nzl2      =           1

 nrain     =           1


 output_path      = ./                                                                    
 output_basename  = cm1out                                                                
 output_format    =           2
 output_filetype  =           1
 output_interp    =           0
 output_rain      =           1
 output_sws       =           1
 output_svs       =           1
 output_sps       =           1
 output_srs       =           1
 output_sgs       =           1
 output_sus       =           1
 output_shs       =           1
 output_coldpool  =           0
 output_sfcflx    =           0
 output_sfcparams =           0
 output_sfcdiags  =           0
 output_psfc      =           0
 output_zs        =           0
 output_zh        =           0
 output_basestate =           0
 output_th        =           1
 output_thpert    =           0
 output_prs       =           1
 output_prspert   =           0
 output_pi        =           0
 output_pipert    =           0
 output_rho       =           1
 output_rhopert   =           1
 output_tke       =           1
 output_km        =           1
 output_kh        =           1
 output_qv        =           1
 output_qvpert    =           0
 output_q         =           1
 output_dbz       =           1
 output_buoyancy  =           0
 output_u         =           1
 output_upert     =           0
 output_uinterp   =           1
 output_v         =           1
 output_vpert     =           0
 output_vinterp   =           1
 output_w         =           1
 output_winterp   =           1
 output_vort      =           0
 output_pv        =           0
 output_uh        =           0
 output_pblten    =           0
 output_dissten   =           0
 output_dissheat  =           0
 output_mptend    =           0
 output_fallvel   =           0
 output_nm        =           0
 output_def       =           0
 output_turbten   =           0
 output_impdiften =           0
 output_radten    =           0


 restart_format       =            2
 restart_filetype     =            1
 restart_file_theta   =  T
 restart_file_dbz     =  T
 restart_file_th0     =  T
 restart_file_prs0    =  T
 restart_file_pi0     =  T
 restart_file_rho0    =  T
 restart_file_qv0     =  T
 restart_file_u0      =  T
 restart_file_v0      =  T
 restart_file_zs      =  F
 restart_file_zh      =  F
 restart_file_zf      =  F
 restart_file_diags   =  F
 restart_use_theta    =  T
 restart_reset_frqtim =  T

   maxk =           51


   myid,mynode             =            0           0
   nodemaster,nodes,ppnode =            0           1          25
   nodex,nodey             =            5           5

   d2i   =           80
   d2is  =           75
   d2iu  =           76
   d2iv  =           75

   d2j   =           80
   d2js  =           75
   d2ju  =           75
   d2jv  =           76

   d3i   =           16
   d3is  =           15
   d3iu  =           16
   d3iv  =           15

   d3j   =           16
   d3js  =           15
   d3ju  =           15
   d3jv  =           16

   d3n   =           25
   d3t   =           24


 stat_w       =            1
 stat_u       =            1
 stat_v       =            1
 stat_rmw     =            0
 stat_pipert  =            1
 stat_prspert =            1
 stat_thpert  =            1
 stat_q       =            1
 stat_tke     =            1
 stat_km      =            1
 stat_kh      =            1
 stat_div     =            1
 stat_rh      =            1
 stat_rhi     =            1
 stat_the     =            1
 stat_cloud   =            1
 stat_sfcprs  =            1
 stat_wsp     =            1
 stat_cfl     =            1
 stat_vort    =            1
 stat_tmass   =            1
 stat_tmois   =            1
 stat_qmass   =            1
 stat_tenerg  =            1
 stat_mo      =            1
 stat_tmf     =            1
 stat_pcn     =            1
 stat_qsrc    =            1

 stat_out =          150


 prcl_th      =            0
 prcl_t       =            0
 prcl_prs     =            0
 prcl_ptra    =            0
 prcl_q       =            0
 prcl_nc      =            0
 prcl_km      =            0
 prcl_kh      =            0
 prcl_tke     =            0
 prcl_dbz     =            0
 prcl_b       =            0
 prcl_vpg     =            0
 prcl_vort    =            0
 prcl_rho     =            0
 prcl_qsat    =            0
 prcl_sfc     =            0


   c_m,c_l,ri_c  =   0.100000001      0.816500008      0.250000000    
   c_e1,c_e2,sum =   0.200001687      0.786958814      0.986960530    
   c_s,rcs       =   0.178412408       5.60499144    

   nparcels =            1
   npvals   =            1
     prx      =            0
     pry      =            0
     prz      =            0
     pru      =            0
     prv      =            0
     prw      =            0
     prth     =            0
     prt      =            0
     prprs    =            0
     prpt1    =            0
     prpt2    =            0
     prqv     =            0
     prq1     =            0
     prq2     =            0
     prnc1    =            0
     prnc2    =            0
     prkm     =            0
     prkh     =            0
     prtke    =            0
     prdbz    =            0
     prb      =            0
     prvpg    =            0
     przv     =            0
     prrho    =            0
     prqsl    =            0
     prqsi    =            0
     prznt    =            0
     prust    =            0

   myi,myj=           1           1

   mywest  =           4
   myeast  =           1
   mysouth =          20
   mynorth =           5

   mysw    =          24
   mynw    =           9
   myne    =           6
   myse    =          21

   cs1we   =         765
   cs1sn   =         765
   ct1we   =         780
   ct1sn   =         780
   cv1we   =         816
   cu1sn   =         816
   cw1we   =         750
   cw1sn   =         750
   cs2we   =        1530
   cs2sn   =        1530
   cs3we   =        2295
   cs3sn   =        2295
   ct3we   =        2340
   ct3sn   =        2340
   cv3we   =        2448
   cu3sn   =        2448
   cw3we   =        2250
   cw3sn   =        2250


 g     =   9.81000042    
 to    =   273.149994    
 rd    =   287.040009    
 rv    =   461.500000    
 cp    =   1005.70001    
 cv    =   718.660034    
 cpv   =   1870.00000    
 cvv   =   1408.50000    
 p00   =   100000.000    
 rp00  =   9.99999975E-06
 th0r  =   300.000000    
 rcp   =   9.94332251E-04
 pi    =   3.14159274    

 cpdcv =   1.39941001    
 rovcp =  0.285413146    
 rddcv =  0.399410009    
 cvdrd =   2.50369287    
 cpdrd =   3.50369287    
 eps   =  0.621971846    
 reps  =   1.60778975    
 repsm1=  0.607789755    
 cpt   =  0.859401345    
 cvt   =  0.959897518    
 pnum  =  -72634.2500    
 xlv   =   2501000.00    
 xls   =   2834000.00    
 lvdcp =   2486.82495    
 condc =   13476814.0    
 cpl   =   4190.00000    
 cpi   =   2106.00000    
 lv1   =   3134708.00    
 lv2   =   2320.00000    
 ls1   =   2898463.50    
 ls2   =   236.000000    
 karman=  0.400000006    

 timeformat   =           2
 timestats    =           1
 terrain_flag = F
 procfiles    = F

 nx    =          75
 ny    =          75
 nz    =          51

 nodex    =           5
 nodey    =           5
 numprocs =          25
 ppnode   =          25

 ni    =          15
 nj    =          15
 nk    =          51
 nkp1  =          52

 ib,ibm,ibi,ibc,ibt=       -2       -2       -2       -2       -2
 ie,iem,iei,iec,iet=       18       18       18       18       18
 jb,jbm,jbi,jbc,jbt=       -2       -2       -2       -2       -2
 je,jem,jei,jec,jet=       18       18       18       18       18
 kb,kbm,kbi,kbc,kbt=        0        0        0        0        0
 ke,kem,kei,kec,ket=       52       52       52       53       53

 imirror,jmirror =            0           0

 ibp,itb,ipb,ibr,ibb=        1        1        1        1        1
 iep,ite,ipe,ier,ieb=        1        1        1        1        1
 jbp,jtb,jpb,jbr,jbb=        1        1        1        1        1
 jep,jte,jpe,jer,jeb=        1        1        1        1        1
 kbp,ktb,kpb,kbr,kbb=        1        1        1        1        1
 kep,kte,kpe,ker,keb=        1        1        1        1        1

 ibd               =        1
 ied               =        1
 jbd               =        1
 jed               =        1
 kbd               =        1
 ked               =        1

 ibl               =        1
 iel               =        1
 jbl               =        1
 jel               =        1

 imp,jmp,kmp,kmt,rmp,cmp =     15     15     51     52      8      3

 rdx    =   5.00000024E-04
 rdy    =   5.00000024E-04
 rdz    =   2.55000009E-03
 rdx2   =   2.50000012E-04
 rdy2   =   2.50000012E-04
 rdz2   =   1.27500005E-03
 rdx4   =   1.25000006E-04
 rdy4   =   1.25000006E-04
 rdz4   =   6.37500023E-04
 govtwo =   4.90500021    
 clwsat =   9.99999997E-07
 smeps  =   1.00000000E-30
 tsmall =   9.99999975E-05
 qsmall =   9.99999982E-15
 cstar  =   30.0000000    
 csmax  =   350.000000    
 epsilon=   1.00000005E-18


 x:
      i         xf           xh         dx         uf         uh
 ---------------------------------------------------------------
      -2      -6000.00      -5000.00     2000.00     1.0000     1.0000   x
      -1      -4000.00      -3000.00     2000.00     1.0000     1.0000   x
       0      -2000.00      -1000.00     2000.00     1.0000     1.0000   x
       1          0.00       1000.00     2000.00     1.0000     1.0000    
       2       2000.00       3000.00     2000.00     1.0000     1.0000    
       3       4000.00       5000.00     2000.00     1.0000     1.0000    
       4       6000.00       7000.00     2000.00     1.0000     1.0000    
       5       8000.00       9000.00     2000.00     1.0000     1.0000    
       6      10000.00      11000.00     2000.00     1.0000     1.0000    
       7      12000.00      13000.00     2000.00     1.0000     1.0000    
       8      14000.00      15000.00     2000.00     1.0000     1.0000    
       9      16000.00      17000.00     2000.00     1.0000     1.0000    
      10      18000.00      19000.00     2000.00     1.0000     1.0000    
      11      20000.00      21000.00     2000.00     1.0000     1.0000    
      12      22000.00      23000.00     2000.00     1.0000     1.0000    
      13      24000.00      25000.00     2000.00     1.0000     1.0000    
      14      26000.00      27000.00     2000.00     1.0000     1.0000    
      15      28000.00      29000.00     2000.00     1.0000     1.0000    
      16      30000.00      31000.00     2000.00     1.0000     1.0000    
      17      32000.00      33000.00     2000.00     1.0000     1.0000    
      18      34000.00      35000.00     2000.00     1.0000     1.0000    
      19      36000.00      37000.00     2000.00     1.0000     1.0000    
      20      38000.00      39000.00     2000.00     1.0000     1.0000    
      21      40000.00      41000.00     2000.00     1.0000     1.0000    
      22      42000.00      43000.00     2000.00     1.0000     1.0000    
      23      44000.00      45000.00     2000.00     1.0000     1.0000    
      24      46000.00      47000.00     2000.00     1.0000     1.0000    
      25      48000.00      49000.00     2000.00     1.0000     1.0000    
      26      50000.00      51000.00     2000.00     1.0000     1.0000    
      27      52000.00      53000.00     2000.00     1.0000     1.0000    
      28      54000.00      55000.00     2000.00     1.0000     1.0000    
      29      56000.00      57000.00     2000.00     1.0000     1.0000    
      30      58000.00      59000.00     2000.00     1.0000     1.0000    
      31      60000.00      61000.00     2000.00     1.0000     1.0000    
      32      62000.00      63000.00     2000.00     1.0000     1.0000    
      33      64000.00      65000.00     2000.00     1.0000     1.0000    
      34      66000.00      67000.00     2000.00     1.0000     1.0000    
      35      68000.00      69000.00     2000.00     1.0000     1.0000    
      36      70000.00      71000.00     2000.00     1.0000     1.0000    
      37      72000.00      73000.00     2000.00     1.0000     1.0000    
      38      74000.00      75000.00     2000.00     1.0000     1.0000    
      39      76000.00      77000.00     2000.00     1.0000     1.0000    
      40      78000.00      79000.00     2000.00     1.0000     1.0000    
      41      80000.00      81000.00     2000.00     1.0000     1.0000    
      42      82000.00      83000.00     2000.00     1.0000     1.0000    
      43      84000.00      85000.00     2000.00     1.0000     1.0000    
      44      86000.00      87000.00     2000.00     1.0000     1.0000    
      45      88000.00      89000.00     2000.00     1.0000     1.0000    
      46      90000.00      91000.00     2000.00     1.0000     1.0000    
      47      92000.00      93000.00     2000.00     1.0000     1.0000    
      48      94000.00      95000.00     2000.00     1.0000     1.0000    
      49      96000.00      97000.00     2000.00     1.0000     1.0000    
      50      98000.00      99000.00     2000.00     1.0000     1.0000    
      51     100000.00     101000.00     2000.00     1.0000     1.0000    
      52     102000.00     103000.00     2000.00     1.0000     1.0000    
      53     104000.00     105000.00     2000.00     1.0000     1.0000    
      54     106000.00     107000.00     2000.00     1.0000     1.0000    
      55     108000.00     109000.00     2000.00     1.0000     1.0000    
      56     110000.00     111000.00     2000.00     1.0000     1.0000    
      57     112000.00     113000.00     2000.00     1.0000     1.0000    
      58     114000.00     115000.00     2000.00     1.0000     1.0000    
      59     116000.00     117000.00     2000.00     1.0000     1.0000    
      60     118000.00     119000.00     2000.00     1.0000     1.0000    
      61     120000.00     121000.00     2000.00     1.0000     1.0000    
      62     122000.00     123000.00     2000.00     1.0000     1.0000    
      63     124000.00     125000.00     2000.00     1.0000     1.0000    
      64     126000.00     127000.00     2000.00     1.0000     1.0000    
      65     128000.00     129000.00     2000.00     1.0000     1.0000    
      66     130000.00     131000.00     2000.00     1.0000     1.0000    
      67     132000.00     133000.00     2000.00     1.0000     1.0000    
      68     134000.00     135000.00     2000.00     1.0000     1.0000    
      69     136000.00     137000.00     2000.00     1.0000     1.0000    
      70     138000.00     139000.00     2000.00     1.0000     1.0000    
      71     140000.00     141000.00     2000.00     1.0000     1.0000    
      72     142000.00     143000.00     2000.00     1.0000     1.0000    
      73     144000.00     145000.00     2000.00     1.0000     1.0000    
      74     146000.00     147000.00     2000.00     1.0000     1.0000    
      75     148000.00     149000.00     2000.00     1.0000     1.0000    
      76     150000.00     151000.00     2000.00     1.0000     1.0000   x
      77     152000.00     153000.00     2000.00     1.0000     1.0000   x
      78     154000.00     155000.00     2000.00     1.0000     1.0000   x
      79     156000.00                               1.0000


 y:
      j         yf           yh         dy         vf         vh
 ---------------------------------------------------------------
      -2      -6000.00      -5000.00     2000.00     1.0000     1.0000   x
      -1      -4000.00      -3000.00     2000.00     1.0000     1.0000   x
       0      -2000.00      -1000.00     2000.00     1.0000     1.0000   x
       1          0.00       1000.00     2000.00     1.0000     1.0000    
       2       2000.00       3000.00     2000.00     1.0000     1.0000    
       3       4000.00       5000.00     2000.00     1.0000     1.0000    
       4       6000.00       7000.00     2000.00     1.0000     1.0000    
       5       8000.00       9000.00     2000.00     1.0000     1.0000    
       6      10000.00      11000.00     2000.00     1.0000     1.0000    
       7      12000.00      13000.00     2000.00     1.0000     1.0000    
       8      14000.00      15000.00     2000.00     1.0000     1.0000    
       9      16000.00      17000.00     2000.00     1.0000     1.0000    
      10      18000.00      19000.00     2000.00     1.0000     1.0000    
      11      20000.00      21000.00     2000.00     1.0000     1.0000    
      12      22000.00      23000.00     2000.00     1.0000     1.0000    
      13      24000.00      25000.00     2000.00     1.0000     1.0000    
      14      26000.00      27000.00     2000.00     1.0000     1.0000    
      15      28000.00      29000.00     2000.00     1.0000     1.0000    
      16      30000.00      31000.00     2000.00     1.0000     1.0000    
      17      32000.00      33000.00     2000.00     1.0000     1.0000    
      18      34000.00      35000.00     2000.00     1.0000     1.0000    
      19      36000.00      37000.00     2000.00     1.0000     1.0000    
      20      38000.00      39000.00     2000.00     1.0000     1.0000    
      21      40000.00      41000.00     2000.00     1.0000     1.0000    
      22      42000.00      43000.00     2000.00     1.0000     1.0000    
      23      44000.00      45000.00     2000.00     1.0000     1.0000    
      24      46000.00      47000.00     2000.00     1.0000     1.0000    
      25      48000.00      49000.00     2000.00     1.0000     1.0000    
      26      50000.00      51000.00     2000.00     1.0000     1.0000    
      27      52000.00      53000.00     2000.00     1.0000     1.0000    
      28      54000.00      55000.00     2000.00     1.0000     1.0000    
      29      56000.00      57000.00     2000.00     1.0000     1.0000    
      30      58000.00      59000.00     2000.00     1.0000     1.0000    
      31      60000.00      61000.00     2000.00     1.0000     1.0000    
      32      62000.00      63000.00     2000.00     1.0000     1.0000    
      33      64000.00      65000.00     2000.00     1.0000     1.0000    
      34      66000.00      67000.00     2000.00     1.0000     1.0000    
      35      68000.00      69000.00     2000.00     1.0000     1.0000    
      36      70000.00      71000.00     2000.00     1.0000     1.0000    
      37      72000.00      73000.00     2000.00     1.0000     1.0000    
      38      74000.00      75000.00     2000.00     1.0000     1.0000    
      39      76000.00      77000.00     2000.00     1.0000     1.0000    
      40      78000.00      79000.00     2000.00     1.0000     1.0000    
      41      80000.00      81000.00     2000.00     1.0000     1.0000    
      42      82000.00      83000.00     2000.00     1.0000     1.0000    
      43      84000.00      85000.00     2000.00     1.0000     1.0000    
      44      86000.00      87000.00     2000.00     1.0000     1.0000    
      45      88000.00      89000.00     2000.00     1.0000     1.0000    
      46      90000.00      91000.00     2000.00     1.0000     1.0000    
      47      92000.00      93000.00     2000.00     1.0000     1.0000    
      48      94000.00      95000.00     2000.00     1.0000     1.0000    
      49      96000.00      97000.00     2000.00     1.0000     1.0000    
      50      98000.00      99000.00     2000.00     1.0000     1.0000    
      51     100000.00     101000.00     2000.00     1.0000     1.0000    
      52     102000.00     103000.00     2000.00     1.0000     1.0000    
      53     104000.00     105000.00     2000.00     1.0000     1.0000    
      54     106000.00     107000.00     2000.00     1.0000     1.0000    
      55     108000.00     109000.00     2000.00     1.0000     1.0000    
      56     110000.00     111000.00     2000.00     1.0000     1.0000    
      57     112000.00     113000.00     2000.00     1.0000     1.0000    
      58     114000.00     115000.00     2000.00     1.0000     1.0000    
      59     116000.00     117000.00     2000.00     1.0000     1.0000    
      60     118000.00     119000.00     2000.00     1.0000     1.0000    
      61     120000.00     121000.00     2000.00     1.0000     1.0000    
      62     122000.00     123000.00     2000.00     1.0000     1.0000    
      63     124000.00     125000.00     2000.00     1.0000     1.0000    
      64     126000.00     127000.00     2000.00     1.0000     1.0000    
      65     128000.00     129000.00     2000.00     1.0000     1.0000    
      66     130000.00     131000.00     2000.00     1.0000     1.0000    
      67     132000.00     133000.00     2000.00     1.0000     1.0000    
      68     134000.00     135000.00     2000.00     1.0000     1.0000    
      69     136000.00     137000.00     2000.00     1.0000     1.0000    
      70     138000.00     139000.00     2000.00     1.0000     1.0000    
      71     140000.00     141000.00     2000.00     1.0000     1.0000    
      72     142000.00     143000.00     2000.00     1.0000     1.0000    
      73     144000.00     145000.00     2000.00     1.0000     1.0000    
      74     146000.00     147000.00     2000.00     1.0000     1.0000    
      75     148000.00     149000.00     2000.00     1.0000     1.0000    
      76     150000.00     151000.00     2000.00     1.0000     1.0000   x
      77     152000.00     153000.00     2000.00     1.0000     1.0000   x
      78     154000.00     155000.00     2000.00     1.0000     1.0000   x
      79     156000.00                               1.0000


 ZGRID:  STRETCH FAC  =    1.0359004512429237     
 ZGRID:  DOMAIN  HGT  =    20000.0000    
 k,gzc,gze =            1   77.692535400390625        0.0000000000000000     
 k,gzc,gze =            2   235.86680603027344        155.38507080078125     
 k,gzc,gze =            3   399.71958923339844        316.34854125976562     
 k,gzc,gze =            4   569.45477294921875        483.09063720703125     
 k,gzc,gze =            5   745.28353881835938        655.81890869140625     
 k,gzc,gze =            6   927.42462158203125        834.74816894531250     
 k,gzc,gze =            7   1116.1046142578125        1020.1010742187500     
 k,gzc,gze =            8   1311.5583496093750        1212.1081542968750     
 k,gzc,gze =            9   1514.0289916992188        1411.0085449218750     
 k,gzc,gze =           10   1723.7683715820312        1617.0494384765625     
 k,gzc,gze =           11   1941.0374755859375        1830.4873046875000     
 k,gzc,gze =           12   2166.1066894531250        2051.5876464843750     
 k,gzc,gze =           13   2399.2559814453125        2280.6257324218750     
 k,gzc,gze =           14   2640.7753906250000        2517.8862304687500     
 k,gzc,gze =           15   2890.9654541015625        2763.6645507812500     
 k,gzc,gze =           16   3150.1374511718750        3018.2663574218750     
 k,gzc,gze =           17   3418.6138916015625        3282.0085449218750     
 k,gzc,gze =           18   3696.7287597656250        3555.2192382812500     
 k,gzc,gze =           19   3984.8281250000000        3838.2382812500000     
 k,gzc,gze =           20   4283.2702636718750        4131.4179687500000     
 k,gzc,gze =           21   4592.4265136718750        4435.1225585937500     
 k,gzc,gze =           22   4912.6818847656250        4749.7304687500000     
 k,gzc,gze =           23   5244.4345703125000        5075.6333007812500     
 k,gzc,gze =           24   5588.0971679687500        5413.2358398437500     
 k,gzc,gze =           25   5944.0974121093750        5762.9584960937500     
 k,gzc,gze =           26   6312.8781738281250        6125.2363281250000     
 k,gzc,gze =           27   6694.8984375000000        6500.5200195312500     
 k,gzc,gze =           28   7090.6335449218750        6889.2768554687500     
 k,gzc,gze =           29   7500.5754394531250        7291.9902343750000     
 k,gzc,gze =           30   7925.2343750000000        7709.1606445312500     
 k,gzc,gze =           31   8365.1389160156250        8141.3081054687500     
 k,gzc,gze =           32   8820.8364257812500        8588.9697265625000     
 k,gzc,gze =           33   9292.8935546875000        9052.7031250000000     
 k,gzc,gze =           34   9781.8974609375000        9533.0839843750000     
 k,gzc,gze =           35   10288.457031250000        10030.710937500000     
 k,gzc,gze =           36   10813.202636718750        10546.203125000000     
 k,gzc,gze =           37   11356.786621093750        11080.202148437500     
 k,gzc,gze =           38   11919.885253906250        11633.371093750000     
 k,gzc,gze =           39   12503.199707031250        12206.399414062500     
 k,gzc,gze =           40   13100.000000000000        12800.000000000000     
 k,gzc,gze =           41   13700.000000000000        13400.000000000000     
 k,gzc,gze =           42   14300.000000000000        14000.000000000000     
 k,gzc,gze =           43   14900.000000000000        14600.000000000000     
 k,gzc,gze =           44   15500.000000000000        15200.000000000000     
 k,gzc,gze =           45   16100.000000000000        15800.000000000000     
 k,gzc,gze =           46   16700.000000000000        16400.000000000000     
 k,gzc,gze =           47   17300.000000000000        17000.000000000000     
 k,gzc,gze =           48   17900.000000000000        17600.000000000000     
 k,gzc,gze =           49   18500.000000000000        18200.000000000000     
 k,gzc,gze =           50   19100.000000000000        18800.000000000000     
 k,gzc,gze =           51   19700.000000000000        19400.000000000000     
 k,gzc,gze =           52   20300.000000000000        20000.000000000000     

 model heights:
     k       zf         zh         dz         mf         mh
 ---------------------------------------------------------------
      1       0.00      77.69     155.39     2.5238     2.5238
      2     155.39     235.87     160.96     2.4793     2.4363
      3     316.35     399.72     166.74     2.3933     2.3519
      4     483.09     569.45     172.73     2.3104     2.2704
      5     655.82     745.28     178.93     2.2303     2.1917
      6     834.75     927.42     185.35     2.1530     2.1157
      7    1020.10    1116.10     192.01     2.0784     2.0424
      8    1212.11    1311.56     198.90     2.0064     1.9716
      9    1411.01    1514.03     206.04     1.9369     1.9033
     10    1617.05    1723.77     213.44     1.8697     1.8373
     11    1830.49    1941.04     221.10     1.8049     1.7737
     12    2051.59    2166.11     229.04     1.7424     1.7122
     13    2280.63    2399.26     237.26     1.6820     1.6529
     14    2517.89    2640.78     245.78     1.6237     1.5956
     15    2763.66    2890.97     254.60     1.5674     1.5403
     16    3018.27    3150.14     263.74     1.5131     1.4869
     17    3282.01    3418.61     273.21     1.4607     1.4354
     18    3555.22    3696.73     283.02     1.4101     1.3856
     19    3838.24    3984.83     293.18     1.3612     1.3376
     20    4131.42    4283.27     303.70     1.3140     1.2912
     21    4435.12    4592.43     314.61     1.2685     1.2465
     22    4749.73    4912.68     325.90     1.2245     1.2033
     23    5075.63    5244.43     337.60     1.1821     1.1616
     24    5413.24    5588.10     349.72     1.1411     1.1213
     25    5762.96    5944.10     362.28     1.1016     1.0825
     26    6125.24    6312.88     375.28     1.0634     1.0450
     27    6500.52    6694.90     388.76     1.0265     1.0087
     28    6889.28    7090.63     402.71     0.9910     0.9738
     29    7291.99    7500.58     417.17     0.9566     0.9400
     30    7709.16    7925.23     432.15     0.9235     0.9075
     31    8141.31    8365.14     447.66     0.8915     0.8760
     32    8588.97    8820.84     463.73     0.8606     0.8457
     33    9052.70    9292.89     480.38     0.8307     0.8163
     34    9533.08    9781.90     497.63     0.8020     0.7881
     35   10030.71   10288.46     515.49     0.7742     0.7607
     36   10546.20   10813.20     534.00     0.7473     0.7344
     37   11080.20   11356.79     553.17     0.7214     0.7089
     38   11633.37   11919.88     573.03     0.6964     0.6844
     39   12206.40   12503.20     593.60     0.6723     0.6606
     40   12800.00   13100.00     600.00     0.6571     0.6536
     41   13400.00   13700.00     600.00     0.6536     0.6536
     42   14000.00   14300.00     600.00     0.6536     0.6536
     43   14600.00   14900.00     600.00     0.6536     0.6536
     44   15200.00   15500.00     600.00     0.6536     0.6536
     45   15800.00   16100.00     600.00     0.6536     0.6536
     46   16400.00   16700.00     600.00     0.6536     0.6536
     47   17000.00   17300.00     600.00     0.6536     0.6536
     48   17600.00   17900.00     600.00     0.6536     0.6536
     49   18200.00   18500.00     600.00     0.6536     0.6536
     50   18800.00   19100.00     600.00     0.6536     0.6536
     51   19400.00   19700.00     600.00     0.6536     0.6536
     52   20000.00                           0.6536

   patchsww = F
   patchnww = T
   patchsee = F
   patchnee = F
   patchsws = F
   patchses = T
   patchnwn = F
   patchnen = F

   p2tchsww = T
   p2tchnww = F
   p2tchsee = F
   p2tchnee = F
   p2tchsws = T
   p2tchses = F
   p2tchnwn = F
   p2tchnen = F

   minx =    0.00000000    
   maxx =    150000.000    
   miny =    0.00000000    
   maxy =    150000.000    
   maxz =    20000.0000    

   ibw =           1
   ibe =           0
   ibs =           1
   ibn =           0

   min_dx =    2000.00000    
   max_dx =    2000.00000    
   min_dy =    2000.00000    
   max_dy =    2000.00000    
   min_dz =    155.385071    
   max_dz =    600.000000    


   k,c1,c2,zhm1,zf,zh:
      1    0.5000    0.5000     -77.69       0.00      77.69
      2    0.5088    0.4912      77.69     155.39     235.87
      3    0.5088    0.4912     235.87     316.35     399.72
      4    0.5088    0.4912     399.72     483.09     569.45
      5    0.5088    0.4912     569.45     655.82     745.28
      6    0.5088    0.4912     745.28     834.75     927.42
      7    0.5088    0.4912     927.42    1020.10    1116.10
      8    0.5088    0.4912    1116.10    1212.11    1311.56
      9    0.5088    0.4912    1311.56    1411.01    1514.03
     10    0.5088    0.4912    1514.03    1617.05    1723.77
     11    0.5088    0.4912    1723.77    1830.49    1941.04
     12    0.5088    0.4912    1941.04    2051.59    2166.11
     13    0.5088    0.4912    2166.11    2280.63    2399.26
     14    0.5088    0.4912    2399.26    2517.89    2640.78
     15    0.5088    0.4912    2640.78    2763.66    2890.97
     16    0.5088    0.4912    2890.97    3018.27    3150.14
     17    0.5088    0.4912    3150.14    3282.01    3418.61
     18    0.5088    0.4912    3418.61    3555.22    3696.73
     19    0.5088    0.4912    3696.73    3838.24    3984.83
     20    0.5088    0.4912    3984.83    4131.42    4283.27
     21    0.5088    0.4912    4283.27    4435.12    4592.43
     22    0.5088    0.4912    4592.43    4749.73    4912.68
     23    0.5088    0.4912    4912.68    5075.63    5244.43
     24    0.5088    0.4912    5244.43    5413.24    5588.10
     25    0.5088    0.4912    5588.10    5762.96    5944.10
     26    0.5088    0.4912    5944.10    6125.24    6312.88
     27    0.5088    0.4912    6312.88    6500.52    6694.90
     28    0.5088    0.4912    6694.90    6889.28    7090.63
     29    0.5088    0.4912    7090.63    7291.99    7500.58
     30    0.5088    0.4912    7500.58    7709.16    7925.23
     31    0.5088    0.4912    7925.23    8141.31    8365.14
     32    0.5088    0.4912    8365.14    8588.97    8820.84
     33    0.5088    0.4912    8820.84    9052.70    9292.89
     34    0.5088    0.4912    9292.89    9533.08    9781.90
     35    0.5088    0.4912    9781.90   10030.71   10288.46
     36    0.5088    0.4912   10288.46   10546.20   10813.20
     37    0.5088    0.4912   10813.20   11080.20   11356.79
     38    0.5088    0.4912   11356.79   11633.37   11919.88
     39    0.5088    0.4912   11919.88   12206.40   12503.20
     40    0.5027    0.4973   12503.20   12800.00   13100.00
     41    0.5000    0.5000   13100.00   13400.00   13700.00
     42    0.5000    0.5000   13700.00   14000.00   14300.00
     43    0.5000    0.5000   14300.00   14600.00   14900.00
     44    0.5000    0.5000   14900.00   15200.00   15500.00
     45    0.5000    0.5000   15500.00   15800.00   16100.00
     46    0.5000    0.5000   16100.00   16400.00   16700.00
     47    0.5000    0.5000   16700.00   17000.00   17300.00
     48    0.5000    0.5000   17300.00   17600.00   17900.00
     49    0.5000    0.5000   17900.00   18200.00   18500.00
     50    0.5000    0.5000   18500.00   18800.00   19100.00
     51    0.5000    0.5000   19100.00   19400.00   19700.00
     52    0.5000    0.5000   19700.00   20000.00   20300.00


   ------ tauf, tauh -----
           1   0.00000000       0.00000000    
           2   0.00000000       0.00000000    
           3   0.00000000       0.00000000    
           4   0.00000000       0.00000000    
           5   0.00000000       0.00000000    
           6   0.00000000       0.00000000    
           7   0.00000000       0.00000000    
           8   0.00000000       0.00000000    
           9   0.00000000       0.00000000    
          10   0.00000000       0.00000000    
          11   0.00000000       0.00000000    
          12   0.00000000       0.00000000    
          13   0.00000000       0.00000000    
          14   0.00000000       0.00000000    
          15   0.00000000       0.00000000    
          16   0.00000000       0.00000000    
          17   0.00000000       0.00000000    
          18   0.00000000       0.00000000    
          19   0.00000000       0.00000000    
          20   0.00000000       0.00000000    
          21   0.00000000       0.00000000    
          22   0.00000000       0.00000000    
          23   0.00000000       0.00000000    
          24   0.00000000       0.00000000    
          25   0.00000000       0.00000000    
          26   0.00000000       0.00000000    
          27   0.00000000       0.00000000    
          28   0.00000000       0.00000000    
          29   0.00000000       0.00000000    
          30   0.00000000       0.00000000    
          31   0.00000000       0.00000000    
          32   0.00000000       0.00000000    
          33   0.00000000       0.00000000    
          34   0.00000000       0.00000000    
          35   0.00000000       0.00000000    
          36   0.00000000       0.00000000    
          37   0.00000000       0.00000000    
          38   0.00000000       0.00000000    
          39   0.00000000       0.00000000    
          40   0.00000000       0.00000000    
          41   0.00000000       0.00000000    
          42   0.00000000       0.00000000    
          43   0.00000000       0.00000000    
          44   3.94263864E-03   2.44717300E-02
          45   6.18466735E-02  0.114743382    
          46  0.181288034      0.259123147    
          47  0.345491529      0.437333375    
          48  0.531395316      0.624345005    
          49  0.712889671      0.793892622    
          50  0.864484310      0.922163963    
          51  0.964888215      0.991143644    
          52   1.00000000    


   vialpha,vibeta =   0.500000000      0.500000000    


   x0,alpha,delta,sum,predict,maxz:
   0.00000000    
  0.500000000       1.51795030       2.57244539       3.66479731    
   1.85094726      -1.19824338      0.347296089       0.00000000    
   1.00000000       1.52587891E-05   20000.0000    


   cgs1,cgs2,cgs3 =    1.85094726      -1.19824338      0.347296089    
   sum            =    1.00000000    

   dgs1,dgs2,dgs3 =   -1.93890107       2.86228609     -0.923384964    
   sum            =    5.96046448E-08


   x0,alpha,delta,sum,predict,maxz:
   33.3333321    
   32.8333321       31.8333340       30.8333340       29.8333340    
   1.87500155      -1.25000143      0.374999881       0.00000000    
   1.00000000       20000.0020       20000.0000    


   cgt1,cgt2,cgt3 =    1.87500155      -1.25000143      0.374999881    
   sum            =    1.00000000    

   dgt1,dgt2,dgt3 =    2.00000381      -3.00000381       1.00000000    
   sum            =    0.00000000    

 Leaving PARAM
 Inside BASE

  Reading sounding from external file, input_sounding

  p_sfc, th_sfc, qv_sfc =    960.000000       304.899994       19.0599995    
   Found           68   levels (including surface)


     k,z,th,qv:
           1   0.00000000       304.899994       19.0599995    
           2   0.00000000       304.899994       19.0599995    
           3   253.000000       305.200012       17.9099998    
           4   329.000000       305.299988       17.5799999    
           5   557.000000       305.500000       17.2199993    
           6   757.000000       305.600006       16.9099998    
           7   862.000000       306.799988       15.3999996    
           8   1069.00000       309.200012       12.7700005    
           9   1472.00000       310.700012       8.30000019    
          10   1777.00000       311.799988       5.88999987    
          11   1942.00000       312.399994       4.86000013    
          12   2081.00000       312.399994       5.42000008    
          13   2386.00000       312.399994       6.84999990    
          14   2475.00000       312.399994       7.32000017    
          15   2721.00000       312.899994       4.53999996    
          16   2876.00000       313.000000       3.85999990    
          17   3070.00000       314.399994       1.21000004    
          18   3301.00000       315.799988       1.08000004    
          19   3605.00000       317.600006      0.920000017    
          20   3807.00000       318.700012      0.819999993    
          21   3910.00000       318.899994      0.829999983    
          22   4520.00000       319.500000      0.829999983    
          23   4718.00000       319.700012      0.839999974    
          24   5026.00000       323.500000      0.230000004    
          25   5423.00000       324.600006      0.189999998    
          26   5434.00000       324.600006      0.189999998    
          27   5739.00000       325.700012      0.209999993    
          28   6102.00000       327.100006      0.219999999    
          29   7123.00000       328.299988      0.119999997    
          30   7263.00000       328.500000      0.119999997    
          31   8787.00000       331.100006      0.170000002    
          32   9092.00000       331.399994      0.180000007    
          33   9160.00000       331.500000      0.189999998    
          34   9183.00000       331.600006       1.00000005E-03
          35   9701.00000       334.700012       1.00000005E-03
          36   9844.00000       335.500000       1.00000005E-03
          37   10311.0000       338.299988       1.00000005E-03
          38   10413.0000       338.899994       1.00000005E-03
          39   10921.0000       340.600006       1.00000005E-03
          40   11530.0000       342.500000       1.00000005E-03
          41   11863.0000       343.399994       1.00000005E-03
          42   12140.0000       347.799988       1.00000005E-03
          43   12290.0000       350.100006       1.00000005E-03
          44   13664.0000       359.100006       1.00000005E-03
          45   13663.0000       359.100006       1.00000005E-03
          46   14273.0000       362.500000       1.00000005E-03
          47   14391.0000       363.100006       1.00000005E-03
          48   14811.0000       371.299988       1.00000005E-03
          49   14883.0000       372.700012       1.00000005E-03
          50   15797.0000       391.100006       1.00000005E-03
          51   16103.0000       397.399994       1.00000005E-03
          52   16481.0000       399.899994       1.00000005E-03
          53   16637.0000       410.000000       1.00000005E-03
          54   17281.0000       413.000000       1.00000005E-03
          55   17321.0000       415.399994       1.00000005E-03
          56   17527.0000       427.799988       1.00000005E-03
          57   18236.0000       441.399994       1.00000005E-03
          58   18253.0000       441.799988       1.00000005E-03
          59   18517.0000       445.600006       1.00000005E-03
          60   18845.0000       457.100006       1.00000005E-03
          61   19981.0000       498.799988       1.00000005E-03
          62   20323.0000       504.700012       1.00000005E-03
          63   22954.0000       573.599976       1.00000005E-03
          64   23563.0000       595.500000       1.00000005E-03
          65   24663.0000       636.000000       1.00000005E-03
          66   26193.0000       679.000000       1.00000005E-03
          67   26846.0000       706.799988       1.00000005E-03
          68   27739.0000       734.200012       1.00000005E-03

     k,u,v:
           1  -1.68008852      -2.17436504    
           2  -2.28714967       6.28391504    
           3  -3.03701520       17.2238979    
           4  -2.85836720       16.2107277    
           5   0.00000000       18.0039997    
           6   4.05004406       17.5425529    
           7   6.15775585       16.9182167    
           8   10.3266935       14.7479963    
           9   14.1859379       11.9033737    
          10   16.8548927       11.8018789    
          11   17.6976376       12.3919735    
          12   18.5403824       12.9820671    
          13   19.8044987       13.8672075    
          14   20.2258720       14.1622553    
          15   21.0686169       14.7523489    
          16   22.6022434       15.2453480    
          17   24.8654766       15.5376129    
          18   27.1745205       15.6891508    
          19   30.2929077       17.4895458    
          20   30.1988850       19.6113091    
          21   29.9174347       20.9483356    
          22   32.0242958       22.4235706    
          23   30.7601795       21.5384293    
          24   29.0746899       20.3582420    
          25   26.9678288       18.8830070    
          26   26.1250839       18.2929134    
          27   26.1250839       18.2929134    
          28   27.3892021       19.1780529    
          29   30.7601795       21.5384293    
          30   30.3388081       21.2433815    
          31   36.2380219       25.3740406    
          32   34.1311569       23.8988056    
          33   34.1311569       23.8988056    
          34   34.1311569       23.8988056    
          35   44.7556915       20.8698215    
          36   44.7556915       20.8698215    
          37   43.0206604       15.6581488    
          38   41.0871468       14.9544115    
          39   38.2591820       10.2514391    
          40   41.4922562       19.3480644    
          41   40.2466736       10.7839813    
          42   39.5136528       6.96724367    
          43   38.5004807       6.78859663    
          44   27.0691795       9.85231876    
          45   28.8186054       7.72186279    
          46   27.0398979       12.6088505    
          47   29.8371277       13.9132147    
          48   27.9723072       13.0436392    
          49   27.9723072       13.0436392    
          50   27.9723072       13.0436392    
          51   27.9723072       13.0436392    
          52   27.9723072       13.0436392    
          53   27.9723072       13.0436392    
          54   27.9723072       13.0436392    
          55   27.9723072       13.0436392    
          56   27.9723072       13.0436392    
          57   27.9723072       13.0436392    
          58   27.9723072       13.0436392    
          59   27.9723072       13.0436392    
          60   27.9723072       13.0436392    
          61   27.9723072       13.0436392    
          62   27.9723072       13.0436392    
          63   27.9723072       13.0436392    
          64   27.9723072       13.0436392    
          65   27.9723072       13.0436392    
          66   27.9723072       13.0436392    
          67   27.9723072       13.0436392    
          68   27.9723072       13.0436392    


 interpolating sounding to grid: 

           0.00000000       77.6925354       253.000000      0.307085127    
           0.00000000       235.866806       253.000000      0.932279885    
           329.000000       399.719604       557.000000      0.310173690    
           557.000000       569.454773       757.000000       6.22738637E-02
           557.000000       745.283569       757.000000      0.941417873    
           862.000000       927.424622       1069.00000      0.316060960    
           1069.00000       1116.10461       1472.00000      0.116884902    
           1069.00000       1311.55835       1472.00000      0.601881742    
           1472.00000       1514.02905       1777.00000      0.137800172    
           1472.00000       1723.76831       1777.00000      0.825469851    
           1777.00000       1941.03748       1942.00000      0.994166493    
           2081.00000       2166.10669       2386.00000      0.279038340    
           2386.00000       2399.25586       2475.00000      0.148942247    
           2475.00000       2640.77539       2721.00000      0.673883677    
           2876.00000       2890.96533       3070.00000       7.71408901E-02
           3070.00000       3150.13745       3301.00000      0.346915364    
           3301.00000       3418.61377       3605.00000      0.386887401    
           3605.00000       3696.72876       3807.00000      0.454102784    
           3910.00000       3984.82812       4520.00000      0.122669056    
           3910.00000       4283.27051       4520.00000      0.611918867    
           4520.00000       4592.42676       4718.00000      0.365791708    
           4718.00000       4912.68164       5026.00000      0.632083237    
           5026.00000       5244.43457       5423.00000      0.550213039    
           5434.00000       5588.09717       5739.00000      0.505236626    
           5739.00000       5944.09766       6102.00000      0.565007329    
           6102.00000       6312.87793       7123.00000      0.206540585    
           6102.00000       6694.89844       7123.00000      0.580703676    
           6102.00000       7090.63379       7123.00000      0.968299508    
           7263.00000       7500.57520       8787.00000      0.155889243    
           7263.00000       7925.23438       8787.00000      0.434536994    
           7263.00000       8365.13867       8787.00000      0.723188102    
           8787.00000       8820.83594       9092.00000      0.110937499    
           9183.00000       9292.89355       9701.00000      0.212149724    
           9701.00000       9781.89746       9844.00000      0.565716505    
           9844.00000       10288.4570       10311.0000      0.951728106    
           10413.0000       10813.2031       10921.0000      0.787801445    
           10921.0000       11356.7871       11530.0000      0.715578198    
           11863.0000       11919.8848       12140.0000      0.205360159    
           12290.0000       12503.1992       13664.0000      0.155166820    
           12290.0000       13100.0000       13664.0000      0.589519680    
           13663.0000       13700.0000       14273.0000       6.06557392E-02
           14273.0000       14300.0000       14391.0000      0.228813559    
           14883.0000       14900.0000       15797.0000       1.85995623E-02
           14883.0000       15500.0000       15797.0000      0.675054729    
           15797.0000       16100.0000       16103.0000      0.990196049    
           16637.0000       16700.0000       17281.0000       9.78260860E-02
           17281.0000       17300.0000       17321.0000      0.474999994    
           17527.0000       17900.0000       18236.0000      0.526093066    
           18253.0000       18500.0000       18517.0000      0.935606062    
           18845.0000       19100.0000       19981.0000      0.224471837    
           18845.0000       19700.0000       19981.0000      0.752640843    


       k    prs0 (Pa)        pi0        rho0 (kg/m^3)
    ---------------------------------------------------------------------
       1     95166.33     0.9859590     1.0703498
       2     93485.29     0.9809565     1.0573388
       3     91766.82     0.9757757     1.0436164
       4     90011.12     0.9704106     1.0292686
       5     88218.23     0.9648541     1.0147177
       6     86392.74     0.9591130     0.9969282
       7     84539.13     0.9531941     0.9795130
       8     82654.29     0.9470795     0.9649808
       9     80735.77     0.9407526     0.9496903
      10     78784.72     0.9342071     0.9334296
      11     76802.45     0.9274372     0.9163421
      12     74789.16     0.9204324     0.8976445
      13     72744.92     0.9131806     0.8785866
      14     70670.52     0.9056714     0.8617814
      15     68566.91     0.8978937     0.8447158
      16     66439.88     0.8898542     0.8245230
      17     64296.38     0.8815641     0.8015164
      18     62139.18     0.8730192     0.7784428
      19     59967.84     0.8642015     0.7568735
      20     57780.22     0.8550838     0.7363547
      21     55576.87     0.8456476     0.7154992
      22     53367.82     0.8359147     0.6900161
      23     51161.31     0.8259013     0.6656416
      24     48955.23     0.8155763     0.6429248
      25     46750.48     0.8049198     0.6195389
      26     44549.63     0.7939177     0.5970089
      27     42353.16     0.7825432     0.5750714
      28     40163.54     0.7707765     0.5529107
      29     37985.48     0.7586079     0.5302529
      30     35824.05     0.7460288     0.5073733
      31     33683.91     0.7330273     0.4844181
      32     31569.63     0.7195897     0.4614443
      33     29486.92     0.7057083     0.4381128
      34     27446.87     0.6914145     0.4126375
      35     25459.17     0.6767374     0.3875721
      36     23525.05     0.6616473     0.3640629
      37     21644.84     0.6461025     0.3412990
      38     19823.50     0.6300950     0.3183388
      39     18078.52     0.6137401     0.2919538
      40     16435.03     0.5972698     0.2697319
      41     14909.51     0.5808922     0.2488627
      42     13501.69     0.5646787     0.2297055
      43     12215.12     0.5487678     0.2078778
      44     11052.86     0.5333288     0.1874732
      45     10004.23     0.5183693     0.1692158
      46      9058.02     0.5038759     0.1526413
      47      8194.87     0.4896780     0.1407800
      48      7414.63     0.4758924     0.1247940
      49      6713.81     0.4625956     0.1135318
      50      6083.39     0.4497583     0.1010202
      51      5522.05     0.4375008     0.0900174


       k    th0 (K)     thv0 (K)     t0 (K)     l.r. (K/km)     N^2
    ---------------------------------------------------------------------
       1    304.9921    308.3957    300.7097       4.2116      0.0406
       2    305.1797    308.4570    299.3680       8.3355      0.1212
       3    305.3620    308.5506    297.9648       8.4152      0.1784
       4    305.5062    308.6466    296.4665       8.6748      0.1767
       5    305.5941    308.6865    294.8538       9.0131      0.0708
       6    307.5585    310.2476    294.9834      -0.6994      2.6698
       7    309.3753    311.6422    294.8947       0.4617      2.2916
       8    310.1028    311.9650    293.6920       6.0467      0.5105
       9    310.8516    312.3410    292.4344       6.1036      0.5735
      10    311.6080    312.7908    291.1064       6.2221      0.6615
      11    312.3965    313.3159    289.7281       6.2337      0.7441
      12    312.4000    313.5106    287.5431       9.5403      0.2661
      13    312.4000    313.7057    285.2776       9.5483      0.2572
      14    312.7369    313.7564    283.2369       8.3032      0.0645
      15    313.1080    313.8004    281.1377       8.2450      0.0541
      16    314.8857    315.1082    280.2023       3.5465      1.5469
      17    316.4964    316.6917    279.0119       4.3573      1.7999
      18    318.0995    318.2682    277.7070       4.6105      1.7213
      19    318.9736    319.1355    275.6575       6.9907      0.9105
      20    319.2672    319.4302    273.0002       8.7497      0.2982
      21    319.5732    319.7352    270.2462       8.7535      0.2976
      22    322.1019    322.1924    269.2498       3.0576      2.3044
      23    324.1052    324.1460    267.6789       4.6529      1.7566
      24    325.1558    325.1955    265.1893       7.1188      0.9068
      25    326.4910    326.5340    262.7991       6.5979      1.1122
      26    327.3478    327.3865    259.8872       7.7590      0.6816
      27    327.7968    327.8278    256.5152       8.6739      0.3399
      28    328.2620    328.2864    253.0166       8.6876      0.3405
      29    328.9053    328.9351    249.5101       8.4053      0.4642
      30    329.6298    329.6649    245.9133       8.3232      0.5032
      31    330.3803    330.4164    242.1778       8.3446      0.4989
      32    331.1333    331.1679    238.2801       8.4050      0.4806
      33    332.2577    332.2579    234.4770       7.9169      0.6711
      34    335.1526    335.1528    231.7294       5.5215      1.7102
      35    338.1648    338.1650    228.8488       5.5880      1.7027
      36    340.2393    340.2395    225.1184       6.9857      1.1235
      37    341.9596    341.9598    220.9409       7.5518      0.8944
      38    344.3036    344.3038    216.9440       6.9752      1.1695
      39    351.4965    351.4967    215.7275       2.0493      3.4170
      40    355.4057    355.4059    212.2731       5.7574      1.8083
      41    359.3062    359.3065    208.7182       5.9248      1.7846
      42    362.6373    362.6375    204.7735       6.5744      1.5088
      43    373.0422    373.0424    204.7136       0.1000      4.6252
      44    385.1210    385.1213    205.3961      -1.1376      5.2101
      45    397.3382    397.3385    205.9679      -0.9530      5.1061
      46    410.2935    410.2937    206.7370      -1.2818      5.2459
      47    414.1400    414.1403    202.7952       6.5696      1.5257
      48    434.9549    434.9551    206.9917      -6.9941      8.0177
      49    445.3553    445.3556    206.0194       1.6205      3.8635
      50    466.4605    466.4608    209.7945      -6.2918      7.5702
      51    488.4851    488.4855    213.7126      -6.5303      7.5432


   Richardson number:  NOTE!!!  Ri should be > 0.25 for most applications!

   k,z,Ri:           2   156.779663       6.56792847E-03 <---- NOTE!  Ri < 0.25
   k,z,Ri:           3   317.793213      0.439205140    
   k,z,Ri:           4   484.587189       8.08897913E-02 <---- NOTE!  Ri < 0.25
   k,z,Ri:           5   657.369141       1.73391774E-02 <---- NOTE!  Ri < 0.25
   k,z,Ri:           6   836.354126      0.592872560    
   k,z,Ri:           7   1021.76465      0.584386945    
   k,z,Ri:           8   1213.83154      0.367057145    
   k,z,Ri:           9   1412.79370      0.484290212    
   k,z,Ri:          10   1618.89868      0.877767026    
   k,z,Ri:          11   1832.40283       1.76677966    
   k,z,Ri:          12   2053.57202      0.638745427    
   k,z,Ri:          13   2282.68115       1.00608993    
   k,z,Ri:          14   2520.01562      0.299344897    
   k,z,Ri:          15   2765.87036       7.77312294E-02 <---- NOTE!  Ri < 0.25
   k,z,Ri:          16   3020.55127       1.25069678    
   k,z,Ri:          17   3284.37549       1.65002930    
   k,z,Ri:          18   3557.67139       1.74417806    
   k,z,Ri:          19   3840.77832       1.07290030    
   k,z,Ri:          20   4134.04932       1.70674646    
   k,z,Ri:          21   4437.84863       15.3919201    
   k,z,Ri:          22   4752.55420       4.62953997    
   k,z,Ri:          23   5078.55811       4.16976404    
   k,z,Ri:          24   5416.26562       2.28135395    
   k,z,Ri:          25   5766.09766       18.8682423    
   k,z,Ri:          26   6128.48779       4.07634592    
   k,z,Ri:          27   6503.88818       2.12920070    
   k,z,Ri:          28   6892.76611       2.13297796    
   k,z,Ri:          29   7295.60449       14.5481768    
   k,z,Ri:          30   7712.90479       2.29302764    
   k,z,Ri:          31   8145.18652       2.27365947    
   k,z,Ri:          32   8592.98730       3.48084259    
   k,z,Ri:          33   9056.86523       3.83905840    
   k,z,Ri:          34   9537.39551      0.549297452    
   k,z,Ri:          35   10035.1777       1.62694931    
   k,z,Ri:          36   10550.8301      0.792215824    
   k,z,Ri:          37   11084.9951      0.807363927    
   k,z,Ri:          38   11638.3359      0.821527362    
   k,z,Ri:          39   12211.5420       6.28008318    
   k,z,Ri:          40   12801.5996       2.45053101    
   k,z,Ri:          41   13400.0000       6.66491270    
   k,z,Ri:          42   14000.0000       2.17567515    
   k,z,Ri:          43   14600.0000       1600.02026    
   k,z,Ri:          44   15200.0000       521010880.    
   k,z,Ri:          45   15800.0000       510614496.    
   k,z,Ri:          46   16400.0000       524586304.    
   k,z,Ri:          47   17000.0000       152568752.    
   k,z,Ri:          48   17600.0000       801772096.    
   k,z,Ri:          49   18200.0000       386353664.    
   k,z,Ri:          50   18800.0000       757021440.    
   k,z,Ri:          51   19400.0000       754319168.    


       k  theta-e (K)       rh0          qv0          qc0          qi0
    ---------------------------------------------------------------------
       1    361.2180     0.746565     0.018704     0.000000     0.000000
       2    359.2769     0.765035     0.017987     0.000000     0.000000
       3    357.9687     0.795197     0.017480     0.000000     0.000000
       4    357.3099     0.842005     0.017204     0.000000     0.000000
       5    356.5935     0.898027     0.016931     0.000000     0.000000
       6    351.9169     0.751467     0.014595     0.000000     0.000000
       7    346.8395     0.617836     0.012203     0.000000     0.000000
       8    340.9742     0.532665     0.009978     0.000000     0.000000
       9    335.6923     0.448644     0.007946     0.000000     0.000000
      10    331.4999     0.376910     0.006285     0.000000     0.000000
      11    328.0279     0.310897     0.004866     0.000000     0.000000
      12    331.1370     0.422303     0.005884     0.000000     0.000000
      13    334.2994     0.561836     0.006924     0.000000     0.000000
      14    330.0004     0.487704     0.005392     0.000000     0.000000
      15    325.0440     0.369899     0.003652     0.000000     0.000000
      16    318.9708     0.121831     0.001164     0.000000     0.000000
      17    320.1140     0.111821     0.001016     0.000000     0.000000
      18    321.2564     0.101819     0.000874     0.000000     0.000000
      19    322.0104     0.108726     0.000835     0.000000     0.000000
      20    322.3262     0.127866     0.000841     0.000000     0.000000
      21    322.6159     0.149776     0.000835     0.000000     0.000000
      22    323.8599     0.085740     0.000462     0.000000     0.000000
      23    324.9351     0.041509     0.000207     0.000000     0.000000
      24    325.9660     0.046739     0.000201     0.000000     0.000000
      25    327.3644     0.058020     0.000217     0.000000     0.000000
      26    328.1400     0.062841     0.000195     0.000000     0.000000
      27    328.4380     0.063032     0.000155     0.000000     0.000000
      28    328.7739     0.063391     0.000122     0.000000     0.000000
      29    329.5230     0.099196     0.000149     0.000000     0.000000
      30    330.3536     0.152810     0.000175     0.000000     0.000000
      31    331.1224     0.208787     0.000180     0.000000     0.000000
      32    331.8469     0.273358     0.000172     0.000000     0.000000
      33    332.2629     0.002189     0.000001     0.000000     0.000000
      34    335.1579     0.002701     0.000001     0.000000     0.000000
      35    338.1702     0.003410     0.000001     0.000000     0.000000
      36    340.2447     0.004804     0.000001     0.000000     0.000000
      37    341.9651     0.007228     0.000001     0.000000     0.000000
      38    344.3091     0.010474     0.000001     0.000000     0.000000
      39    351.5024     0.011706     0.000001     0.000000     0.000000
      40    355.4118     0.016890     0.000001     0.000000     0.000000
      41    359.3120     0.022788     0.000001     0.000000     0.000000
      42    362.6431     0.035243     0.000001     0.000000     0.000000
      43    373.0482     0.032143     0.000001     0.000000     0.000000
      44    385.1273     0.026608     0.000001     0.000000     0.000000
      45    397.3446     0.022091     0.000001     0.000000     0.000000
      46    410.3002     0.018306     0.000001     0.000000     0.000000
      47    414.1467     0.028352     0.000001     0.000000     0.000000
      48    434.9620     0.014202     0.000001     0.000000     0.000000
      49    445.3626     0.014721     0.000001     0.000000     0.000000
      50    466.4689     0.008796     0.000001     0.000000     0.000000
      51    488.4944     0.005053     0.000001     0.000000     0.000000


   Thermodynamic properties of base-state sounding:

     for surface parcel:
        source p(mb),T(K),qv(g/kg) =      960.0     301.4      19.1
        LCL,LFC,EL (m AGL)         =      647.6     650.9     844.1
        CAPE,CIN (J/kg)            =     4784.3       6.6

     for most-unstable parcel:
        source p(mb),T(K),qv(g/kg) =      960.0     301.4      19.1
        LCL,LFC,EL (m AGL)         =      647.6     650.9     844.1
        CAPE,CIN (J/kg)            =     4784.3       6.6

     for mixed-layer parcel:
        source p(mb),T(K),qv(g/kg) =      960.0     301.7      18.0
        LCL,LFC,EL (m AGL)         =      793.2    1463.4   13694.8
        CAPE,CIN (J/kg)            =     4180.8      18.9



       k     u0 (m/s)     v0 (m/s)
    ---------------------------------------------------------------------
       1      -2.5174       9.6434
       2      -2.9862      16.4830
       3      -1.9718      16.7670
       4       0.2522      17.9753
       5       3.8128      17.5696
       6       7.4754      16.2323
       7      10.7778      14.4155
       8      12.6495      13.0359
       9      14.5537      11.8894
      10      16.3891      11.8196
      11      17.6927      12.3885
      12      18.8931      13.2291
      13      19.8673      13.9112
      14      20.7938      14.5599
      15      22.7768      15.2679
      16      25.6665      15.5902
      17      28.3810      16.3857
      18      30.2502      18.4530
      19      30.1759      21.1293
      20      31.2067      21.8511
      21      31.5619      22.0998
      22      29.6948      20.7925
      23      27.9155      19.5465
      24      26.1251      18.2929
      25      26.8393      18.7930
      26      28.0854      19.6656
      27      29.3467      20.5487
      28      30.6533      21.4636
      29      31.2584      21.8873
      30      32.9022      23.0383
      31      34.6050      24.2306
      32      36.0043      25.2104
      33      36.3851      23.2562
      34      44.7557      20.8698
      35      43.1044      15.9097
      36      38.8593      11.2494
      37      40.5727      16.7608
      38      40.0961      10.0002
      39      36.7267       7.2640
      40      31.7615       8.5947
      41      28.7107       8.0183
      42      27.6799      12.9073
      43      27.9723      13.0436
      44      27.9723      13.0436
      45      27.9723      13.0436
      46      27.9723      13.0436
      47      27.9723      13.0436
      48      27.9723      13.0436
      49      27.9723      13.0436
      50      27.9723      13.0436
      51      27.9723      13.0436


   psurf,tsurf  =    96000.0000       301.368195    
   qsurf,thsurf =    1.90599989E-02   304.899994    

 Leaving BASE
   rbufsz,nrad2d =            1          10
 Inside INIT3D

   seed_size =            8
   rand-1 =   0.620773196    

 Leaving INIT3D

   allocating diagnostic arrays:  ntdiag,nqdiag =            1           1


   strlen          =            0
   baselen         =            6
   totlen          =            6
   output_basename = cm1out
   statfile        = cm1out_stats.dat                                                      



   Settings used in this simulation:
   isfcflx  =            0
   bbc      =            1
   dosfcflx =  F

   string = cm1out_rst_000004.nc                                                  
   nvar_npt =            0
   nvar_parcels =            0

   From restart file: 

    mtime   =    1200.0000000000000     
    stattim =    1260.0000000000000     
    taptim  =    1800.0000000000000     
    rsttim  =    1500.0000000000000     
    radtim  =    0.0000000000000000     
    prcltim =    1.0000000000000000E+030

    nstep   =          160
    nrec    =           22
    prec    =            1
    nwrite  =            2
    nrst    =            4


   Using the following: 

    stattim =    1260.0000000000000     
    taptim  =    2100.0000000000000     
    rsttim  =    1500.0000000000000     
    radtim  =    0.0000000000000000     


   Detected positive value for run_time. 
      Using the following values: 
         run_time =    300.000000    
         timax    =    1500.00000    


   strlen          =            0
   baselen         =            6
   totlen          =            6
   output_basename = cm1out
   statfile        = cm1out_stats.dat                                                      


 Inside GETSET


 Leaving GETSET

   ... skipping sfc stuff ... 

  WMAX  :   66.3053       22   27   40    WMIN  :  -23.7015       26   26   45
  UMAX  :   71.7451       26   27   45    UMIN  :  -25.1375       21   26   43
  SUMAX :   8.69297       17   26    1    SUMIN :  -14.8888       23   28    1
  VMAX  :   49.9566       25   37   43    VMIN  :  -35.4285       23   24   43
  SVMAX :   15.2515       15   23    1    SVMIN :  -1.18812       15   30    1
  PPIMAX:  0.329959E-02   22   27   43    PPIMIN: -0.189525E-02   26   26   46
  PPMAX :   264.131       22   27   42    PPMIN :  -357.484       22   28   13
  THPMAX:   18.1532       22   27   36    THPMIN:  -46.1626       23   26   46
  STHPMX:   1.69934       14   27    1    STHPMN:  0.212250       15   36    1
  MAXqv :  0.263131E-01   16   30    6    MINqv :   0.00000       23   30   14
  MAXqc :  0.951462E-02   21   27   30    MINqc :   0.00000        1    1    1
  MAXqr :  0.752107E-03   22   27   32    MINqr :   0.00000        1    1    1
  MAXqi :  0.109287E-01   22   27   35    MINqi :   0.00000        1    1    1
  MAXqs :  0.227469E-02   22   26   40    MINqs :   0.00000        1    1    1
  MAXqg :  0.401087E-02   23   28   34    MINqg :   0.00000        1    1    1
  MAXqhl:   0.00000        1    1    1    MINqhl:   0.00000        1    1    1
  MAXccn:  0.171000E+10   23   31   22    MINccn:   0.00000       17   26    5
  MAXccw:  0.162127E+10   23   35    8    MINccw:   0.00000        1    1    1
  MAXcrw:  0.166622E+07   22   27   32    MINcrw:   0.00000        1    1    1
  MAXcci:  0.408371E+09   21   27   35    MINcci:   0.00000        1    1    1
  MAXcsw:  0.126206E+07   22   26   40    MINcsw:   0.00000        1    1    1
  MAXchw:   74286.9       23   28   35    MINchw:   0.00000        1    1    1
  MAXchl:   0.00000        1    1    1    MINchl:   0.00000        1    1    1
  MAXvhw:  0.148967E-04   23   28   34    MINvhw:   0.00000        1    1    1
  MAXvhl:   0.00000        1    1    1    MINvhl:   0.00000        1    1    1
  TKEMAX:   178.036       21   26   44    TKEMIN:   0.00000        1    1    1
  KMHMAX:   1463.32       21   27   42    KMHMIN:   0.00000        1    1    1
  KMVMAX:   1463.32       21   27   42    KMVMIN:   0.00000        1    1    1
  KHHMAX:   4389.96       21   27   42    KHHMIN:   0.00000        1    1    1
  KHVMAX:   4389.96       21   27   42    KHVMIN:   0.00000        1    1    1
  DIVMAX:  0.540732E-02   23   31   33    DIVMIN: -0.841594E-02   22   23   29
  RHMAX :   1.83037       26   23   15    RHMIN :   0.00000       23   30   14
  RHIMAX:   3.08491       27   25   42    RHIMIN:   0.00000       23   30   14
  THEMAX:   387.075       16   30    6    THEMIN:   314.088       24   49   15
  STHEMX:   378.539       14   28    1    STHEMN:   357.901       49   53    1
  QCTOP :  18500.000000    1    1    1    QCBOT :    569.454773    1    1    1
  SFPMAX:   95235.7        9   55    1    SFPMIN:   94835.2       23   29    1
  PSFCMX:   96069.4        9   55    1    PSFCMN:   95666.6       23   29    1
  WSPMAX:   69.6754       26   28   44    WSPMIN:  0.244029       16   30    1
  SWSPMX:   20.0515       23   28    1    SWSPMN:  0.244029       16   30    1
  CFLMAX:      0.870046   22   27   37
  KSHMAX:  0.823117E-02   21   27   42
  KSVMAX:  0.382708       23   30    9
  VORSFC:  0.281418E-02
  VOR1KM:  0.570038E-02
  VOR2KM:  0.786444E-02
  VOR3KM:  0.118574E-01
  VOR4KM:  0.139088E-01
  VOR5KM:  0.143711E-01
  TMASS :  0.207380E+15
  TMOIS :  0.754775E+12
  qv MAS:  0.744571E+12
  qc MAS:  0.377473E+10
  qr MAS:  0.472036E+08
  qi MAS:  0.495227E+10
  qs MAS:  0.499069E+09
  qg MAS:  0.930135E+09
  qhlMAS:  0.000000E+00
  TENERG:  0.521617E+20
  TMU   :  0.524569E+16
  TMV   :  0.341677E+16
  TMW   :  0.269559E+12
  TMFU  :  0.935116E+11
  TMFD  : -0.924679E+11
  tcond :  0.000000E+00
  tevac :  0.000000E+00
  tauto :  0.000000E+00
  taccr :  0.000000E+00
  tevar :  0.000000E+00
  train :  0.681348E+04
  erain :  0.000000E+00
  qsfc  :  0.000000E+00
  esfc  :  0.000000E+00
  erad  :  0.000000E+00
  asqv  :  0.326373E+05
  asqc  :  0.476834E+08
  asqr  :  0.109383E+06
  asqi  :  0.194942E+06
  asqs  : -0.705253E+03
  asqg  :  0.246665E+05
  asqhl :  0.000000E+00
  asccn :  0.620133E+17
  asccw :  0.339128E+19
  ascrw :  0.245424E+15
  ascci :  0.854092E+16
  ascsw : -0.734451E+13
  aschw :  0.282913E+12
  aschl :  0.000000E+00
  asvhw :  0.798723E+02
  asvhl :  0.000000E+00
  bsqv  :  0.000000E+00
  bsqc  :  0.000000E+00
  bsqr  :  0.000000E+00
  bsqi  :  0.000000E+00
  bsqs  :  0.000000E+00
  bsqg  :  0.000000E+00
  bsqhl :  0.000000E+00
  bsccn :  0.000000E+00
  bsccw :  0.000000E+00
  bscrw :  0.000000E+00
  bscci :  0.000000E+00
  bscsw :  0.000000E+00
  bschw :  0.000000E+00
  bschl :  0.000000E+00
  bsvhw :  0.000000E+00
  bsvhl :  0.000000E+00
 cm1out_stats.nc                                                       
   nrec =           21
           160             20.000000 min 

 -------------Done with Preprocessors-----------

           161             20.125000 min 
           162             20.250000 min 
           163             20.375000 min 
           164             20.500000 min 
           165             20.625000 min 
           166             20.750000 min 
           167             20.875000 min 
  WMAX  :   51.1305       22   27   41    WMIN  :  -32.8838       26   26   44
  UMAX  :   68.3701       26   28   45    UMIN  :  -17.4291       21   26   43
  SUMAX :   10.8118       17   26    1    SUMIN :  -14.0699       24   29    1
  VMAX  :   49.7864       26   38   42    VMIN  :  -30.7145       24   24   43
  SVMAX :   17.0986       27   19    1    SVMIN :  -1.02689       15   31    1
  PPIMAX:  0.778365E-02   20   29   51    PPIMIN: -0.736894E-02   27   22   51
  PPMAX :   488.273       24   25    1    PPMIN :  -1182.38       31   33    1
  THPMAX:   25.2419       26   26   47    THPMIN:  -48.2090       24   28   46
  STHPMX:   1.64775       14   28    1    STHPMN:  0.207916       19   35    1
  MAXqv :  0.235124E-01   14   29    1    MINqv :  0.941997E-07   28   40   15
  MAXqc :  0.884035E-02   22   28   29    MINqc :   0.00000        1    1    1
  MAXqr :  0.160938E-02   18   31    7    MINqr :   0.00000        1    1    1
  MAXqi :  0.864545E-02   29   25   41    MINqi :   0.00000        1    1    1
  MAXqs :  0.197009E-02   22   26   45    MINqs :   0.00000        1    1    1
  MAXqg :  0.395970E-02   22   28   35    MINqg :   0.00000        1    1    1
  MAXqhl:   0.00000        1    1    1    MINqhl:   0.00000        1    1    1
  MAXccn:  0.174756E+10   24   22   30    MINccn:   0.00000       14   29    5
  MAXccw:  0.795432E+10   23   23   28    MINccw:   0.00000        1    1    1
  MAXcrw:  0.104743E+07   22   28   30    MINcrw:   0.00000        1    1    1
  MAXcci:  0.130255E+10   24   19   34    MINcci:   0.00000        1    1    1
  MAXcsw:  0.111464E+07   23   26   44    MINcsw:   0.00000        1    1    1
  MAXchw:   54724.6       24   28   39    MINchw:   0.00000        1    1    1
  MAXchl:   0.00000        1    1    1    MINchl:   0.00000        1    1    1
  MAXvhw:  0.124575E-04   23   29   34    MINvhw:   0.00000        1    1    1
  MAXvhl:   0.00000        1    1    1    MINvhl:   0.00000        1    1    1
  TKEMAX:   124.724       22   27   46    TKEMIN:   0.00000        1    1    1
  KMHMAX:   1087.10       21   27   42    KMHMIN:   0.00000        1    1    1
  KMVMAX:   1087.10       21   27   42    KMVMIN:   0.00000        1    1    1
  KHHMAX:   3261.29       21   27   42    KHHMIN:   0.00000        1    1    1
  KHVMAX:   3261.29       21   27   42    KHVMIN:   0.00000        1    1    1
  DIVMAX:  0.949252E-03   28   27    1    DIVMIN: -0.121438E-02   30   30    1
  RHMAX :   2.32745       26   26   43    RHMIN :  0.784788E-05   28   40   15
  RHIMAX:   4.94435       26   26   43    RHIMIN:  0.704728E-05   28   40   15
  THEMAX:   383.388       17   31    6    THEMIN:   314.497       26   50   15
  STHEMX:   377.914       14   29    1    STHEMN:   357.899       49   53    1
  QCTOP :  18500.000000    1    1    1    QCBOT :    399.719604    1    1    1
  SFPMAX:   95654.6       24   25    1    SFPMIN:   93983.9       31   33    1
  PSFCMX:   96490.3       24   25    1    PSFCMN:   94809.6       31   33    1
  WSPMAX:   69.3540       26   29   44    WSPMIN:   1.99343       16   32    1
  SWSPMX:   20.7307       23   28    1    SWSPMN:   1.99343       16   32    1
  CFLMAX:      0.697410   22   28   35
  KSHMAX:  0.611493E-02   21   27   42
  KSVMAX:  0.412056       23   30    9
  VORSFC:  0.303096E-02
  VOR1KM:  0.636395E-02
  VOR2KM:  0.754955E-02
  VOR3KM:  0.103877E-01
  VOR4KM:  0.128228E-01
  VOR5KM:  0.150301E-01
  TMASS :  0.207380E+15
  TMOIS :  0.754861E+12
  qv MAS:  0.744008E+12
  qc MAS:  0.360398E+10
  qr MAS:  0.638943E+08
  qi MAS:  0.545893E+10
  qs MAS:  0.584210E+09
  qg MAS:  0.114186E+10
  qhlMAS:  0.000000E+00
  TENERG:  0.521630E+20
  TMU   :  0.524549E+16
  TMV   :  0.341479E+16
  TMW   :  0.574957E+13
  TMFU  :  0.965674E+11
  TMFD  : -0.812224E+11
  tcond :  0.000000E+00
  tevac :  0.000000E+00
  tauto :  0.000000E+00
  taccr :  0.000000E+00
  tevar :  0.000000E+00
  train :  0.695460E+04
  erain :  0.000000E+00
  qsfc  :  0.000000E+00
  esfc  :  0.000000E+00
  erad  :  0.000000E+00
  asqv  :  0.832294E+05
  asqc  :  0.512859E+08
  asqr  :  0.113950E+06
  asqi  :  0.213780E+06
  asqs  :  0.708606E+03
  asqg  :  0.277743E+05
  asqhl :  0.000000E+00
  asccn :  0.140641E+18
  asccw :  0.380623E+19
  ascrw :  0.258828E+15
  ascci :  0.804831E+16
  ascsw : -0.673066E+13
  aschw :  0.316386E+12
  aschl :  0.000000E+00
  asvhw :  0.892420E+02
  asvhl :  0.000000E+00
  bsqv  :  0.000000E+00
  bsqc  :  0.000000E+00
  bsqr  :  0.000000E+00
  bsqi  :  0.000000E+00
  bsqs  :  0.000000E+00
  bsqg  :  0.000000E+00
  bsqhl :  0.000000E+00
  bsccn :  0.000000E+00
  bsccw :  0.000000E+00
  bscrw :  0.000000E+00
  bscci :  0.000000E+00
  bscsw :  0.000000E+00
  bschw :  0.000000E+00
  bschl :  0.000000E+00
  bsvhw :  0.000000E+00
  bsvhl :  0.000000E+00
 cm1out_stats.nc                                                       
   nrec =           22
           168             21.000000 min 
           169             21.125000 min 
           170             21.250000 min 
           171             21.375000 min 
           172             21.500000 min 
           173             21.625000 min 
           174             21.750000 min 
           175             21.875000 min 
  WMAX  :   47.8383       23   28   40    WMIN  :  -30.5814       26   27   45
  UMAX  :   71.2673       27   29   45    UMIN  :  -14.7096       24   29    1
  SUMAX :   9.45065       17   26    1    SUMIN :  -14.7096       24   29    1
  VMAX  :   49.4851       25   31   45    VMIN  :  -29.5531       24   25   44
  SVMAX :   18.7603       23   29    1    SVMIN : -0.599438       15   31    1
  PPIMAX:  0.343776E-02   24   29   44    PPIMIN: -0.370304E-02   40   36   51
  PPMAX :   497.156       20   29    1    PPMIN :  -710.195       42   34    1
  THPMAX:   26.9365       26   27   47    THPMIN:  -49.8987       25   29   46
  STHPMX:   1.65199       14   28    1    STHPMN:  0.864258E-01   19   36    1
  MAXqv :  0.233478E-01   14   29    1    MINqv :  0.799724E-07   23   32   20
  MAXqc :  0.914866E-02   21   28   25    MINqc :   0.00000        1    1    1
  MAXqr :  0.943211E-03   18   31    6    MINqr :   0.00000        1    1    1
  MAXqi :  0.828332E-02   30   25   41    MINqi :   0.00000        1    1    1
  MAXqs :  0.184108E-02   23   26   45    MINqs :   0.00000        1    1    1
  MAXqg :  0.465253E-02   23   29   35    MINqg :   0.00000        1    1    1
  MAXqhl:   0.00000        1    1    1    MINqhl:   0.00000        1    1    1
  MAXccn:  0.172185E+10   28   23   28    MINccn:   0.00000       15   29    5
  MAXccw:  0.611025E+10   28   19   30    MINccw:   0.00000        1    1    1
  MAXcrw:  0.121042E+07   23   29   29    MINcrw:   0.00000        1    1    1
  MAXcci:  0.142935E+10   25   20   34    MINcci:   0.00000        1    1    1
  MAXcsw:  0.109263E+07   23   26   45    MINcsw:   0.00000        1    1    1
  MAXchw:   48884.9       25   29   43    MINchw:   0.00000        1    1    1
  MAXchl:   0.00000        1    1    1    MINchl:   0.00000        1    1    1
  MAXvhw:  0.134896E-04   23   29   35    MINvhw:   0.00000        1    1    1
  MAXvhl:   0.00000        1    1    1    MINvhl:   0.00000        1    1    1
  TKEMAX:   77.5127       22   28   46    TKEMIN:   0.00000        1    1    1
  KMHMAX:   873.343       27   22   42    KMHMIN:   0.00000        1    1    1
  KMVMAX:   873.343       27   22   42    KMVMIN:   0.00000        1    1    1
  KHHMAX:   2620.03       27   22   42    KHHMIN:   0.00000        1    1    1
  KHVMAX:   2620.03       27   22   42    KHVMIN:   0.00000        1    1    1
  DIVMAX:  0.687546E-03   23   30   10    DIVMIN: -0.661521E-03   17   29    1
  RHMAX :   1.68061       27   27   42    RHMIN :  0.963056E-05   23   32   20
  RHIMAX:   3.41967       27   27   42    RHIMIN:  0.933246E-05   23   32   20
  THEMAX:   380.655       18   31    6    THEMIN:   315.324       27   51   15
  STHEMX:   377.485       14   29    1    STHEMN:   357.908       49   53    1
  QCTOP :  18500.000000    1    1    1    QCBOT :    399.719604    1    1    1
  SFPMAX:   95663.5       20   29    1    SFPMIN:   94456.1       42   34    1
  PSFCMX:   96500.8       20   29    1    PSFCMN:   95284.9       42   34    1
  WSPMAX:   69.6480       27   30   44    WSPMIN:   1.69325       16   32    1
  SWSPMX:   21.3105       23   28    1    SWSPMN:   1.69325       16   32    1
  CFLMAX:      0.672750   23   29   35
  KSHMAX:  0.491255E-02   27   22   42
  KSVMAX:  0.357053       23   31    9
  VORSFC:  0.332453E-02
  VOR1KM:  0.618585E-02
  VOR2KM:  0.775157E-02
  VOR3KM:  0.975657E-02
  VOR4KM:  0.116095E-01
  VOR5KM:  0.119716E-01
  TMASS :  0.207380E+15
  TMOIS :  0.754946E+12
  qv MAS:  0.743561E+12
  qc MAS:  0.348634E+10
  qr MAS:  0.662772E+08
  qi MAS:  0.581078E+10
  qs MAS:  0.665801E+09
  qg MAS:  0.135601E+10
  qhlMAS:  0.000000E+00
  TENERG:  0.521635E+20
  TMU   :  0.524991E+16
  TMV   :  0.341449E+16
  TMW   : -0.827223E+12
  TMFU  :  0.983942E+11
  TMFD  : -0.990827E+11
  tcond :  0.000000E+00
  tevac :  0.000000E+00
  tauto :  0.000000E+00
  taccr :  0.000000E+00
  tevar :  0.000000E+00
  train :  0.526409E+05
  erain :  0.000000E+00
  qsfc  :  0.000000E+00
  esfc  :  0.000000E+00
  erad  :  0.000000E+00
  asqv  :  0.106704E+06
  asqc  :  0.533455E+08
  asqr  :  0.117380E+06
  asqi  :  0.218064E+06
  asqs  :  0.144493E+04
  asqg  :  0.291572E+05
  asqhl :  0.000000E+00
  asccn :  0.225631E+18
  asccw :  0.408731E+19
  ascrw :  0.268364E+15
  ascci :  0.800899E+16
  ascsw : -0.638654E+13
  aschw :  0.350110E+12
  aschl :  0.000000E+00
  asvhw :  0.941233E+02
  asvhl :  0.000000E+00
  bsqv  :  0.000000E+00
  bsqc  :  0.000000E+00
  bsqr  :  0.000000E+00
  bsqi  :  0.000000E+00
  bsqs  :  0.000000E+00
  bsqg  :  0.000000E+00
  bsqhl :  0.000000E+00
  bsccn :  0.000000E+00
  bsccw :  0.000000E+00
  bscrw :  0.000000E+00
  bscci :  0.000000E+00
  bscsw :  0.000000E+00
  bschw :  0.000000E+00
  bschl :  0.000000E+00
  bsvhw :  0.000000E+00
  bsvhl :  0.000000E+00
 cm1out_stats.nc                                                       
   nrec =           23
           176             22.000000 min 
           177             22.125000 min 
           178             22.250000 min 
           179             22.375000 min 
           180             22.500000 min 
           181             22.625000 min 
           182             22.750000 min 
           183             22.875000 min 
  WMAX  :   43.0057       23   29   36    WMIN  :  -28.8904       27   28   44
  UMAX  :   70.4750       28   30   44    UMIN  :  -15.4655       25   30    1
  SUMAX :   9.65871       20   33    1    SUMIN :  -15.4655       25   30    1
  VMAX  :   46.9874       27   40   42    VMIN  :  -26.7556       24   25   43
  SVMAX :   19.1816       23   29    1    SVMIN : -0.883180       15   31    1
  PPIMAX:  0.372994E-02   44   34   51    PPIMIN: -0.270140E-02   27   29   46
  PPMAX :   469.930        1   28    1    PPMIN :  -427.258       11   24    1
  THPMAX:   28.9731       26   28   47    THPMIN:  -49.0469       24   29   46
  STHPMX:   1.61573       14   28    1    STHPMN: -0.157166E-01   19   37    1
  MAXqv :  0.231142E-01   14   29    1    MINqv :  0.458652E-06   24   29   46
  MAXqc :  0.101804E-01   23   29   29    MINqc :   0.00000        1    1    1
  MAXqr :  0.901465E-03   23   29   30    MINqr :   0.00000        1    1    1
  MAXqi :  0.794007E-02   24   27   45    MINqi :   0.00000        1    1    1
  MAXqs :  0.158405E-02   24   26   44    MINqs :   0.00000        1    1    1
  MAXqg :  0.570677E-02   24   30   34    MINqg :   0.00000        1    1    1
  MAXqhl:  0.323597E-04   22   28   26    MINqhl:   0.00000        1    1    1
  MAXccn:  0.175308E+10   24   33   21    MINccn:   0.00000       11   25    5
  MAXccw:  0.564526E+10   29   20   30    MINccw:   0.00000        1    1    1
  MAXcrw:  0.186791E+07   23   29   30    MINcrw:   0.00000        1    1    1
  MAXcci:  0.129841E+10   26   20   34    MINcci:   0.00000        1    1    1
  MAXcsw:   917966.       24   26   44    MINcsw:   0.00000        1    1    1
  MAXchw:   47480.6       26   29   44    MINchw:   0.00000        1    1    1
  MAXchl:   34.0640       22   28   26    MINchl:   0.00000        1    1    1
  MAXvhw:  0.156157E-04   24   30   34    MINvhw:   0.00000        1    1    1
  MAXvhl:  0.398775E-07   22   28   26    MINvhl:   0.00000        1    1    1
  TKEMAX:   60.1141       21   34   20    TKEMIN:   0.00000        1    1    1
  KMHMAX:   887.522       26   23   40    KMHMIN:   0.00000        1    1    1
  KMVMAX:   887.522       26   23   40    KMVMIN:   0.00000        1    1    1
  KHHMAX:   2662.57       26   23   40    KHHMIN:   0.00000        1    1    1
  KHVMAX:   2662.57       26   23   40    KHVMIN:   0.00000        1    1    1
  DIVMAX:  0.472088E-03   23   31   18    DIVMIN: -0.456002E-03   40   33    1
  RHMAX :   1.56657       26   27   43    RHMIN :  0.213576E-02   23   41   34
  RHIMAX:   3.33269       26   27   43    RHIMIN:  0.318301E-02   23   41   34
  THEMAX:   376.836       14   29    1    THEMIN:   316.321       25   50   15
  STHEMX:   376.836       14   29    1    STHEMN:   357.921       49   54    1
  QCTOP :  18500.000000    1    1    1    QCBOT :    569.454773    1    1    1
  SFPMAX:   95636.3        1   28    1    SFPMIN:   94739.1       11   24    1
  PSFCMX:   96472.4        1   28    1    PSFCMN:   95568.2       11   24    1
  WSPMAX:   67.3970       27   31   44    WSPMIN:   1.27219       16   32    1
  SWSPMX:   21.8978       24   29    1    SWSPMN:   1.27219       16   32    1
  CFLMAX:      0.694744   23   29   29
  KSHMAX:  0.499231E-02   26   23   40
  KSVMAX:  0.315783       24   31   10
  VORSFC:  0.417292E-02
  VOR1KM:  0.652476E-02
  VOR2KM:  0.804766E-02
  VOR3KM:  0.101384E-01
  VOR4KM:  0.118164E-01
  VOR5KM:  0.134070E-01
  TMASS :  0.207380E+15
  TMOIS :  0.755053E+12
  qv MAS:  0.743051E+12
  qc MAS:  0.345032E+10
  qr MAS:  0.700817E+08
  qi MAS:  0.611050E+10
  qs MAS:  0.754009E+09
  qg MAS:  0.161703E+10
  qhlMAS:  0.127858E+06
  TENERG:  0.521642E+20
  TMU   :  0.526510E+16
  TMV   :  0.342155E+16
  TMW   :  0.629509E+13
  TMFU  :  0.102620E+12
  TMFD  : -0.867596E+11
  tcond :  0.000000E+00
  tevac :  0.000000E+00
  tauto :  0.000000E+00
  taccr :  0.000000E+00
  tevar :  0.000000E+00
  train :  0.591498E+06
  erain :  0.000000E+00
  qsfc  :  0.000000E+00
  esfc  :  0.000000E+00
  erad  :  0.000000E+00
  asqv  :  0.107079E+06
  asqc  :  0.548160E+08
  asqr  :  0.121079E+06
  asqi  :  0.216302E+06
  asqs  :  0.106411E+04
  asqg  :  0.306484E+05
  asqhl :  0.771790E+02
  asccn :  0.324749E+18
  asccw :  0.431283E+19
  ascrw :  0.281059E+15
  ascci :  0.807560E+16
  ascsw : -0.664245E+13
  aschw :  0.372948E+12
  aschl :  0.108354E+09
  asvhw :  0.987125E+02
  asvhl :  0.162218E+00
  bsqv  :  0.000000E+00
  bsqc  :  0.000000E+00
  bsqr  :  0.000000E+00
  bsqi  :  0.000000E+00
  bsqs  :  0.000000E+00
  bsqg  :  0.000000E+00
  bsqhl :  0.000000E+00
  bsccn :  0.000000E+00
  bsccw :  0.000000E+00
  bscrw :  0.000000E+00
  bscci :  0.000000E+00
  bscsw :  0.000000E+00
  bschw :  0.000000E+00
  bschl :  0.000000E+00
  bsvhw :  0.000000E+00
  bsvhl :  0.000000E+00
 cm1out_stats.nc                                                       
   nrec =           24
           184             23.000000 min 
           185             23.125000 min 
           186             23.250000 min 
           187             23.375000 min 
           188             23.500000 min 
           189             23.625000 min 
           190             23.750000 min 
           191             23.875000 min 
  WMAX  :   48.4508       24   30   37    WMIN  :  -22.2669       28   29   44
  UMAX  :   68.6450       29   30   43    UMIN  :  -14.7402       26   31    1
  SUMAX :   9.51868       20   33    1    SUMIN :  -14.7402       26   31    1
  VMAX  :   45.3639       25   32   45    VMIN  :  -22.6473       24   25   42
  SVMAX :   19.7119       27   21    1    SVMIN : -0.511240       15   31    1
  PPIMAX:  0.330901E-02   24   30   42    PPIMIN: -0.144199E-02   10   23   51
  PPMAX :   475.914       50   32    1    PPMIN :  -396.445        1   22    1
  THPMAX:   29.1952       26   29   47    THPMIN:  -41.9900       25   30   45
  STHPMX:   1.56965       14   29    1    STHPMN: -0.125061       19   37    1
  MAXqv :  0.229168E-01   15   29    1    MINqv :  0.708921E-06   25   30   45
  MAXqc :  0.996004E-02   24   30   29    MINqc :   0.00000        1    1    1
  MAXqr :  0.108692E-02   24   30   32    MINqr :   0.00000        1    1    1
  MAXqi :  0.753857E-02   32   26   40    MINqi :   0.00000        1    1    1
  MAXqs :  0.129467E-02   35   33   33    MINqs :   0.00000        1    1    1
  MAXqg :  0.745181E-02   24   30   35    MINqg :   0.00000        1    1    1
  MAXqhl:  0.752348E-04   22   28   26    MINqhl:   0.00000        1    1    1
  MAXccn:  0.175842E+10   25   33   21    MINccn:   0.00000       15   29    5
  MAXccw:  0.534973E+10   30   20   31    MINccw:   0.00000        1    1    1
  MAXcrw:  0.181399E+07   24   30   32    MINcrw:   0.00000        1    1    1
  MAXcci:  0.153961E+10   26   25   34    MINcci:   0.00000        1    1    1
  MAXcsw:   714115.       27   26   42    MINcsw:   0.00000        1    1    1
  MAXchw:   40976.0       28   28   41    MINchw:   0.00000        1    1    1
  MAXchl:   46.2027       22   28   26    MINchl:   0.00000        1    1    1
  MAXvhw:  0.175611E-04   24   30   35    MINvhw:   0.00000        1    1    1
  MAXvhl:  0.851682E-07   22   28   26    MINvhl:   0.00000        1    1    1
  TKEMAX:   68.9376       22   34   21    TKEMIN:   0.00000        1    1    1
  KMHMAX:   961.573       26   23   40    KMHMIN:   0.00000        1    1    1
  KMVMAX:   961.573       26   23   40    KMVMIN:   0.00000        1    1    1
  KHHMAX:   2884.72       26   23   40    KHHMIN:   0.00000        1    1    1
  KHVMAX:   2884.72       26   23   40    KHVMIN:   0.00000        1    1    1
  DIVMAX:  0.565537E-03   25   31   17    DIVMIN: -0.448668E-03   24   30   38
  RHMAX :   1.40113       28   28   41    RHMIN :  0.459525E-03   26   33   23
  RHIMAX:   2.79358       28   28   41    RHIMIN:  0.476100E-03   26   33   23
  THEMAX:   375.906       15   29    1    THEMIN:   316.757       30   40   16
  STHEMX:   375.906       15   29    1    STHEMN:   357.916       49   54    1
  QCTOP :  18500.000000    1    1    1    QCBOT :    569.454773    1    1    1
  SFPMAX:   95642.2       50   32    1    SFPMIN:   94769.9        1   22    1
  PSFCMX:   96478.4       50   32    1    PSFCMN:   95600.5        1   22    1
  WSPMAX:   68.2022       28   31   44    WSPMIN:   1.16078       22   35    1
  SWSPMX:   22.1982       24   29    1    SWSPMN:   1.16078       22   35    1
  CFLMAX:      0.737691   24   30   30
  KSHMAX:  0.540885E-02   26   23   40
  KSVMAX:  0.296563       23   32   10
  VORSFC:  0.457763E-02
  VOR1KM:  0.772884E-02
  VOR2KM:  0.104142E-01
  VOR3KM:  0.988500E-02
  VOR4KM:  0.114048E-01
  VOR5KM:  0.103680E-01
  TMASS :  0.207380E+15
  TMOIS :  0.755210E+12
  qv MAS:  0.742466E+12
  qc MAS:  0.346889E+10
  qr MAS:  0.745745E+08
  qi MAS:  0.639681E+10
  qs MAS:  0.852707E+09
  qg MAS:  0.195021E+10
  qhlMAS:  0.118193E+07
  TENERG:  0.521645E+20
  TMU   :  0.527110E+16
  TMV   :  0.342432E+16
  TMW   :  0.987807E+12
  TMFU  :  0.101401E+12
  TMFD  : -0.973478E+11
  tcond :  0.000000E+00
  tevac :  0.000000E+00
  tauto :  0.000000E+00
  taccr :  0.000000E+00
  tevar :  0.000000E+00
  train :  0.180778E+07
  erain :  0.000000E+00
  qsfc  :  0.000000E+00
  esfc  :  0.000000E+00
  erad  :  0.000000E+00
  asqv  :  0.117478E+06
  asqc  :  0.561951E+08
  asqr  :  0.129198E+06
  asqi  :  0.207223E+06
  asqs  :  0.356930E+03
  asqg  :  0.315568E+05
  asqhl :  0.141498E+03
  asccn :  0.379233E+18
  asccw :  0.454059E+19
  ascrw :  0.300334E+15
  ascci :  0.746866E+16
  ascsw : -0.696539E+13
  aschw :  0.382752E+12
  aschl :  0.161779E+09
  asvhw :  0.100967E+03
  asvhl :  0.451835E+00
  bsqv  :  0.000000E+00
  bsqc  :  0.000000E+00
  bsqr  :  0.000000E+00
  bsqi  :  0.000000E+00
  bsqs  :  0.000000E+00
  bsqg  :  0.000000E+00
  bsqhl :  0.000000E+00
  bsccn :  0.000000E+00
  bsccw :  0.000000E+00
  bscrw :  0.000000E+00
  bscci :  0.000000E+00
  bscsw :  0.000000E+00
  bschw :  0.000000E+00
  bschl :  0.000000E+00
  bsvhw :  0.000000E+00
  bsvhl :  0.000000E+00
 cm1out_stats.nc                                                       
   nrec =           25
           192             24.000000 min 
           193             24.125000 min 
           194             24.250000 min 
           195             24.375000 min 
           196             24.500000 min 
           197             24.625000 min 
           198             24.750000 min 
           199             24.875000 min 
   Getting dbz ... 
  WMAX  :   49.9075       24   30   36    WMIN  :  -18.2430       28   30   44
  UMAX  :   69.2586       30   30   42    UMIN  :  -14.9268       26   31    1
  SUMAX :   9.12473       21   34    1    SUMIN :  -14.9268       26   31    1
  VMAX  :   48.6101       25   33   44    VMIN  :  -18.1393       26   28   43
  SVMAX :   20.1616       24   30    1    SVMIN : -0.424513       15   31    1
  PPIMAX:  0.325221E-02   25   31   42    PPIMIN: -0.193441E-02   29   29   42
  PPMAX :   367.039       62   30    1    PPMIN :  -258.414       25   32   17
  THPMAX:   27.4043       27   30   47    THPMIN:  -43.5685       25   30   45
  STHPMX:   1.56392       14   29    1    STHPMN: -0.149841       20   37    1
  MAXqv :  0.227821E-01   15   29    1    MINqv :  0.618136E-06   25   30   45
  MAXqc :  0.962197E-02   23   29   29    MINqc :   0.00000        1    1    1
  MAXqr :  0.179377E-02   24   30   32    MINqr :   0.00000        1    1    1
  MAXqi :  0.741221E-02   33   26   40    MINqi :   0.00000        1    1    1
  MAXqs :  0.142056E-02   33   33   32    MINqs :   0.00000        1    1    1
  MAXqg :  0.849616E-02   24   30   35    MINqg :   0.00000        1    1    1
  MAXqhl:  0.190498E-03   23   29   29    MINqhl:   0.00000        1    1    1
  MAXccn:  0.174233E+10   26   34   23    MINccn:   0.00000       12   25    6
  MAXccw:  0.507705E+10   31   21   31    MINccw:   0.00000        1    1    1
  MAXcrw:  0.159875E+07   24   30   31    MINcrw:   0.00000        1    1    1
  MAXcci:  0.119727E+10   27   25   34    MINcci:   0.00000        1    1    1
  MAXcsw:   664598.       30   26   42    MINcsw:   0.00000        1    1    1
  MAXchw:   39096.0       30   28   40    MINchw:   0.00000        1    1    1
  MAXchl:   39.3411       23   29   27    MINchl:   0.00000        1    1    1
  MAXvhw:  0.192222E-04   25   31   35    MINvhw:   0.00000        1    1    1
  MAXvhl:  0.237425E-06   23   29   29    MINvhl:   0.00000        1    1    1
  TKEMAX:   67.2444       23   35   22    TKEMIN:   0.00000        1    1    1
  KMHMAX:   1008.89       25   30   45    KMHMIN:   0.00000        1    1    1
  KMVMAX:   1008.89       25   30   45    KMVMIN:   0.00000        1    1    1
  KHHMAX:   3026.67       25   30   45    KHHMIN:   0.00000        1    1    1
  KHVMAX:   3026.67       25   30   45    KHVMIN:   0.00000        1    1    1
  DIVMAX:  0.376779E-03   23   32   15    DIVMIN: -0.396162E-03   25   31   38
  RHMAX :   1.12083       30   36   48    RHMIN :  0.204428E-02   26   44   34
  RHIMAX:   2.32349       30   36   48    RHIMIN:  0.301753E-02   26   44   34
  THEMAX:   375.615       15   29    1    THEMIN:   317.320       34   43   15
  STHEMX:   375.615       15   29    1    STHEMN:   357.923       49   54    1
  QCTOP :  19100.000000    1    1    1    QCBOT :    569.454773    1    1    1
  SFPMAX:   95533.4       62   30    1    SFPMIN:   94912.6       13   14    1
  PSFCMX:   96368.8       62   30    1    PSFCMN:   95744.2       13   14    1
  WSPMAX:   68.3133       29   31   43    WSPMIN:   1.02413       23   36    1
  SWSPMX:   21.8302       24   29    1    SWSPMN:   1.02413       23   36    1
  CFLMAX:      0.766273   24   30   32
  KSHMAX:  0.567501E-02   25   30   45
  KSVMAX:  0.269274       25   32   12
  VORSFC:  0.543629E-02
  VOR1KM:  0.820812E-02
  VOR2KM:  0.964633E-02
  VOR3KM:  0.101743E-01
  VOR4KM:  0.102026E-01
  VOR5KM:  0.107228E-01
  TMASS :  0.207380E+15
  TMOIS :  0.755401E+12
  qv MAS:  0.741921E+12
  qc MAS:  0.343442E+10
  qr MAS:  0.809457E+08
  qi MAS:  0.665528E+10
  qs MAS:  0.954608E+09
  qg MAS:  0.234910E+10
  qhlMAS:  0.522046E+07
  TENERG:  0.521646E+20
  TMU   :  0.527636E+16
  TMV   :  0.342801E+16
  TMW   :  0.817926E+13
  TMFU  :  0.111950E+12
  TMFD  : -0.922843E+11
  tcond :  0.000000E+00
  tevac :  0.000000E+00
  tauto :  0.000000E+00
  taccr :  0.000000E+00
  tevar :  0.000000E+00
  train :  0.393906E+07
  erain :  0.000000E+00
  qsfc  :  0.000000E+00
  esfc  :  0.000000E+00
  erad  :  0.000000E+00
  asqv  :  0.117478E+06
  asqc  :  0.577570E+08
  asqr  :  0.140063E+06
  asqi  :  0.202558E+06
  asqs  : -0.334787E+03
  asqg  :  0.319720E+05
  asqhl :  0.324835E+03
  asccn :  0.446873E+18
  asccw :  0.479705E+19
  ascrw :  0.325254E+15
  ascci :  0.667689E+16
  ascsw : -0.705487E+13
  aschw :  0.387214E+12
  aschl :  0.195953E+09
  asvhw :  0.102438E+03
  asvhl :  0.116430E+01
  bsqv  :  0.000000E+00
  bsqc  :  0.000000E+00
  bsqr  :  0.000000E+00
  bsqi  :  0.000000E+00
  bsqs  :  0.000000E+00
  bsqg  :  0.000000E+00
  bsqhl :  0.000000E+00
  bsccn :  0.000000E+00
  bsccw :  0.000000E+00
  bscrw :  0.000000E+00
  bscci :  0.000000E+00
  bscsw :  0.000000E+00
  bschw :  0.000000E+00
  bschl :  0.000000E+00
  bsvhw :  0.000000E+00
  bsvhl :  0.000000E+00
 cm1out_stats.nc                                                       
   nrec =           26
           200             25.000000 min 
   string = cm1out_rst_000005.nc                                                  
  USING COMPRESSED netCDF4 
   leaving restart_prelim 

 Total time:    2.37500000    

   sound    :        0.12    5.26%
   poiss    :        0.00    0.00%
   advs     :        0.28   11.58%
   advu     :        0.07    2.95%
   advv     :        0.00    0.21%
   advw     :        0.06    2.53%
   divx     :        0.00    0.00%
   buoyan   :        0.05    2.11%
   turb     :        0.05    2.11%
   sfcphys  :        0.00    0.00%
   tmix     :        0.17    6.95%
   cor      :        0.00    0.00%
   diffu    :        0.00    0.00%
   rdamp    :        0.06    2.53%
   microphy :        0.07    2.95%
   satadj   :        0.00    0.00%
   fallout  :        0.00    0.00%
   radiatio :        0.00    0.00%
   pbl      :        0.00    0.00%
   stat     :        0.00    0.21%
   cflq     :        0.00    0.00%
   bc       :        0.00    0.21%
   integ    :        0.03    1.26%
   write    :        0.00    0.00%
   restart  :        0.38   15.79%
   misc     :        0.07    2.95%
   swaths   :        0.00    0.00%
   pdef     :        0.08    3.16%
   prsrho   :        0.05    2.11%
   parcels  :        0.00    0.00%
   mp_total :        0.84   35.16%

   mpu1     :        0.00    0.00%
   mpu2     :        0.17    7.16%
   mpv1     :        0.00    0.00%
   mpv2     :        0.00    0.00%
   mpw1     :        0.00    0.00%
   mpw2     :        0.00    0.00%
   mpp1     :        0.00    0.00%
   mpp2     :        0.00    0.00%
   mps1     :        0.07    2.95%
   mps2     :        0.09    4.00%
   mps3     :        0.00    0.21%
   mps4     :        0.22    9.47%
   mpq1     :        0.00    0.00%
   mpq2     :        0.00    0.00%
   mptk1    :        0.27   11.37%
   mptk2    :        0.00    0.00%
   mpb      :        0.00    0.00%


   MN =    695747456.    

 Program terminated normally:  myid=          10
 Program terminated normally:  myid=          14
 Program terminated normally:  myid=          11
 Program terminated normally:  myid=           4
 Program terminated normally:  myid=          17
 Program terminated normally:  myid=           3
 Program terminated normally:  myid=          18
 Program terminated normally:  myid=           9
 Program terminated normally:  myid=          21
 Program terminated normally:  myid=          13
 Program terminated normally:  myid=           8
 Program terminated normally:  myid=          22
 Program terminated normally:  myid=          15
 Program terminated normally:  myid=           6
 Program terminated normally:  myid=          12
 Program terminated normally:  myid=          23
 Program terminated normally:  myid=           2
 Program terminated normally:  myid=           0
 Program terminated normally:  myid=           1
 Program terminated normally:  myid=           5
 Program terminated normally:  myid=          16
 Program terminated normally:  myid=          19
 Program terminated normally:  myid=          20
 Program terminated normally:  myid=           7
 Program terminated normally:  myid=          24
