 Inside PARAM

   Everything is cool!
   ni,nj=          15          15


 dx        =   2000.00000    
 dy        =   2000.00000    
 dz        =   392.156860    
 dtl       =   7.50000000    
 timax     =   5400.00000    
 run_time  =   0.00000000    
 tapfrq    =   900.000000    
 rstfrq    =   0.00000000    
 statfrq   =   60.0000000    
 prclfrq   =   60.0000000    

 adapt_dt  =           0
 irst      =           0
 rstnum    =           0
 iconly    =           0
 hadvordrs =           5
 vadvordrs =           5
 hadvordrv =           5
 vadvordrv =           5
 pdscheme  =           1
 apmasscon =           1
 advwenos  =           2
 advwenov  =           0
 idiff     =           0
 mdiff     =           0
 difforder =           6
 imoist    =           1
 iturb     =           1
 tconfig   =           1
 bcturbs   =           1
 dns       =           0
 irdamp    =           1
 hrdamp    =           0
 psolver   =           3
 nsound    =           6
 ptype     =          27
 ihail     =           1
 iautoc    =           1
 icor      =           0
 pertcor   =           0
 eqtset    =           2
 idiss     =           1
 efall     =           0
 rterm     =           0
 wbc       =           2
 ebc       =           2
 sbc       =           2
 nbc       =           2
 bbc       =           1
 tbc       =           1
 irbc      =           4
 roflux    =           0
 isnd      =           7
 iwnd      =           2
 itern     =           0
 iinit     =           0
 irandp    =           0
 ibalance  =           0
 iorigin   =           1
 axisymm   =           0
 imove     =           0
 iptra     =           0
 npt       =           1
 pdtra     =           1
 iprcl     =           0
 nparcels  =           1

 kdiff2    =   75.0000000    
 kdiff6    =   3.99999991E-02
 fcor      =   0.00000000    
 kdiv      =  0.100000001    
 alph      =  0.600000024    
 rdalpha   =   3.33333341E-03
 zd        =   15000.0000    
 xhd       =   100000.000    
 umove     =   0.00000000    
 vmove     =   0.00000000    
 v_t       =   7.00000000    
 l_h       =   100.000000    
 lhref1    =   100.000000    
 lhref2    =   1000.00000    
 l_inf     =   100.000000    
 ndcnst    =   250.000000    

 radopt    =           0
 dtrad     =   300.000000    
 ctrlat    =   35.2358284    
 ctrlon    =  -97.4619370    
 year      =        2003
 month     =           5
 day       =           8
 hour      =          20
 minute    =          40
 second    =           0

 isfcflx   =           0
 sfcmodel  =           0
 oceanmodel=           0
 ipbl      =           0
 initsfc   =           1
 tsk0      =   299.279999    
 tmn0      =   297.279999    
 xland0    =   2.00000000    
 lu0       =          16
 season    =           1
 cecd      =           3
 pertflx   =           0
 cnstce    =   1.00000005E-03
 cnstcd    =   1.00000005E-03
 isftcflx  =           0
 iz0tlnd   =           0
 oml_hml0  =   50.0000000    
 oml_gamma =  0.140000001    

 stretch_x =           0
 dx_inner  =   1000.00000    
 dx_outer  =   7000.00000    
 nos_x_len =   40000.0000    
 tot_x_len =   120000.000    

 stretch_y =           0
 dy_inner  =   1000.00000    
 dy_outer  =   7000.00000    
 nos_y_len =   40000.0000    
 tot_y_len =   120000.000    

 stretch_z =           2
 ztop      =   20000.0000    
 str_bot   =   0.00000000    
 str_top   =   8625.00000    
 dz_bot    =   150.000000    
 dz_top    =   600.000000    

 bc_temp   =           1
 ptc_top   =   250.000000    
 ptc_bot   =   300.000000    
 viscosity =   25.0000000    
 pr_num    =  0.720000029    

 var1      =   0.00000000    
 var2      =   0.00000000    
 var3      =   0.00000000    
 var4      =   0.00000000    
 var5      =   0.00000000    
 var6      =   0.00000000    
 var7      =   0.00000000    
 var8      =   0.00000000    
 var9      =   0.00000000    
 var10     =   0.00000000    

&NSSL2MOM_PARAMS
 RHO_QR=  1000.00000    ,
 CNOR=  8000000.00    ,
 RHO_QS=  100.000000    ,
 CNOS=  3000000.00    ,
 RHO_QH=  500.000000    ,
 CNOH=  40000.0000    ,
 CCN=  2.00000000E+09,
 INFALL=4          ,
 ALPHAH=  0.00000000    ,
 ALPHAHL= 0.500000000    ,
 IMURAIN=1          ,
 ICDX=3          ,
 ICDXHL=3          ,
 DFRZ=  1.50000007E-04,
 HLDNMN=  500.000000    ,
 IFERWISVENTR=2          ,
 IEHW=1          ,
 IEHLW=1          ,
 EHW0= 0.750000000    ,
 EHLW0= 0.750000000    ,
 DMRAUTO=0          ,
 IOLDLIMITER=0          ,
 /

 iice      =           1
 idm       =           1
 idmplus   =           1
 numq      =          16
 nqv       =           1
 nqc       =           2
 nqr       =           3
 nqi       =           4
 nqs       =           5
 nqg       =           6
 nql1      =           2
 nql2      =           3
 nqs1      =           4
 nqs2      =           7
 nnc1      =           8
 nnc2      =          14
 nvl1      =          15
 nvl2      =          16
 nzl1      =           1
 nzl2      =           1

 nrain     =           1


 output_path      = ./                                                                    
 output_basename  = cm1out                                                                
 output_format    =           2
 output_filetype  =           1
 output_interp    =           0
 output_rain      =           1
 output_sws       =           1
 output_svs       =           1
 output_sps       =           1
 output_srs       =           1
 output_sgs       =           1
 output_sus       =           1
 output_shs       =           1
 output_coldpool  =           0
 output_sfcflx    =           0
 output_sfcparams =           0
 output_sfcdiags  =           0
 output_psfc      =           0
 output_zs        =           0
 output_zh        =           0
 output_basestate =           0
 output_th        =           1
 output_thpert    =           0
 output_prs       =           1
 output_prspert   =           0
 output_pi        =           0
 output_pipert    =           0
 output_rho       =           1
 output_rhopert   =           1
 output_tke       =           1
 output_km        =           1
 output_kh        =           1
 output_qv        =           1
 output_qvpert    =           0
 output_q         =           1
 output_dbz       =           1
 output_buoyancy  =           0
 output_u         =           1
 output_upert     =           0
 output_uinterp   =           1
 output_v         =           1
 output_vpert     =           0
 output_vinterp   =           1
 output_w         =           1
 output_winterp   =           1
 output_vort      =           0
 output_pv        =           0
 output_uh        =           0
 output_pblten    =           0
 output_dissten   =           0
 output_dissheat  =           0
 output_mptend    =           0
 output_fallvel   =           0
 output_nm        =           0
 output_def       =           0
 output_turbten   =           0
 output_impdiften =           0
 output_radten    =           0


 restart_format       =            2
 restart_filetype     =            1
 restart_file_theta   =  T
 restart_file_dbz     =  T
 restart_file_th0     =  T
 restart_file_prs0    =  T
 restart_file_pi0     =  T
 restart_file_rho0    =  T
 restart_file_qv0     =  T
 restart_file_u0      =  T
 restart_file_v0      =  T
 restart_file_zs      =  F
 restart_file_zh      =  F
 restart_file_zf      =  F
 restart_file_diags   =  F
 restart_use_theta    =  T
 restart_reset_frqtim =  T

   maxk =           51


   myid,mynode             =            0           0
   nodemaster,nodes,ppnode =            0           1          25
   nodex,nodey             =            5           5

   d2i   =           80
   d2is  =           75
   d2iu  =           76
   d2iv  =           75

   d2j   =           80
   d2js  =           75
   d2ju  =           75
   d2jv  =           76

   d3i   =           16
   d3is  =           15
   d3iu  =           16
   d3iv  =           15

   d3j   =           16
   d3js  =           15
   d3ju  =           15
   d3jv  =           16

   d3n   =           25
   d3t   =           24


 stat_w       =            1
 stat_u       =            1
 stat_v       =            1
 stat_rmw     =            0
 stat_pipert  =            1
 stat_prspert =            1
 stat_thpert  =            1
 stat_q       =            1
 stat_tke     =            1
 stat_km      =            1
 stat_kh      =            1
 stat_div     =            1
 stat_rh      =            1
 stat_rhi     =            1
 stat_the     =            1
 stat_cloud   =            1
 stat_sfcprs  =            1
 stat_wsp     =            1
 stat_cfl     =            1
 stat_vort    =            1
 stat_tmass   =            1
 stat_tmois   =            1
 stat_qmass   =            1
 stat_tenerg  =            1
 stat_mo      =            1
 stat_tmf     =            1
 stat_pcn     =            1
 stat_qsrc    =            1

 stat_out =          150


 prcl_th      =            0
 prcl_t       =            0
 prcl_prs     =            0
 prcl_ptra    =            0
 prcl_q       =            0
 prcl_nc      =            0
 prcl_km      =            0
 prcl_kh      =            0
 prcl_tke     =            0
 prcl_dbz     =            0
 prcl_b       =            0
 prcl_vpg     =            0
 prcl_vort    =            0
 prcl_rho     =            0
 prcl_qsat    =            0
 prcl_sfc     =            0


   c_m,c_l,ri_c  =   0.100000001      0.816500008      0.250000000    
   c_e1,c_e2,sum =   0.200001687      0.786958814      0.986960530    
   c_s,rcs       =   0.178412408       5.60499144    

   nparcels =            1
   npvals   =            1
     prx      =            0
     pry      =            0
     prz      =            0
     pru      =            0
     prv      =            0
     prw      =            0
     prth     =            0
     prt      =            0
     prprs    =            0
     prpt1    =            0
     prpt2    =            0
     prqv     =            0
     prq1     =            0
     prq2     =            0
     prnc1    =            0
     prnc2    =            0
     prkm     =            0
     prkh     =            0
     prtke    =            0
     prdbz    =            0
     prb      =            0
     prvpg    =            0
     przv     =            0
     prrho    =            0
     prqsl    =            0
     prqsi    =            0
     prznt    =            0
     prust    =            0

   myi,myj=           1           1


 ZGRID:  STRETCH FAC  =    1.0359004512429237     
 ZGRID:  DOMAIN  HGT  =    20000.0000    
   mywest  =           4
   myeast  =           1
   mysouth =          20

 ZGRID:  STRETCH FAC  =    1.0359004512429237     
 ZGRID:  DOMAIN  HGT  =    20000.0000    
   mynorth =           5

   mysw    =          24
   mynw    =           9
   myne    =           6
   myse    =          21

   cs1we   =         765
   cs1sn   =         765
   ct1we   =         780
   ct1sn   =         780

 ZGRID:  STRETCH FAC  =    1.0359004512429237     
 ZGRID:  DOMAIN  HGT  =    20000.0000    

 ZGRID:  STRETCH FAC  =    1.0359004512429237     
 ZGRID:  DOMAIN  HGT  =    20000.0000    

 ZGRID:  STRETCH FAC  =    1.0359004512429237     
 ZGRID:  DOMAIN  HGT  =    20000.0000    

 ZGRID:  STRETCH FAC  =    1.0359004512429237     
 ZGRID:  DOMAIN  HGT  =    20000.0000    

 ZGRID:  STRETCH FAC  =    1.0359004512429237     
 ZGRID:  DOMAIN  HGT  =    20000.0000    

 ZGRID:  STRETCH FAC  =    1.0359004512429237     
 ZGRID:  DOMAIN  HGT  =    20000.0000    

 ZGRID:  STRETCH FAC  =    1.0359004512429237     
 ZGRID:  DOMAIN  HGT  =    20000.0000    

 ZGRID:  STRETCH FAC  =    1.0359004512429237     
 ZGRID:  DOMAIN  HGT  =    20000.0000    

 ZGRID:  STRETCH FAC  =    1.0359004512429237     
 ZGRID:  DOMAIN  HGT  =    20000.0000    

 ZGRID:  STRETCH FAC  =    1.0359004512429237     
 ZGRID:  DOMAIN  HGT  =    20000.0000    
   cv1we   =         816
   cu1sn   =         816
   cw1we   =         750
   cw1sn   =         750
   cs2we   =        1530
   cs2sn   =        1530
   cs3we   =        2295
   cs3sn   =        2295
   ct3we   =        2340
   ct3sn   =        2340
   cv3we   =        2448
   cu3sn   =        2448
   cw3we   =        2250
   cw3sn   =        2250


 g     =   9.81000042    
 to    =   273.149994    
 rd    =   287.040009    
 rv    =   461.500000    
 cp    =   1005.70001    
 cv    =   718.660034    
 cpv   =   1870.00000    
 cvv   =   1408.50000    
 p00   =   100000.000    
 rp00  =   9.99999975E-06
 th0r  =   300.000000    
 rcp   =   9.94332251E-04
 pi    =   3.14159274    

 cpdcv =   1.39941001    
 rovcp =  0.285413146    
 rddcv =  0.399410009    
 cvdrd =   2.50369287    
 cpdrd =   3.50369287    
 eps   =  0.621971846    
 reps  =   1.60778975    
 repsm1=  0.607789755    
 cpt   =  0.859401345    
 cvt   =  0.959897518    
 pnum  =  -72634.2500    
 xlv   =   2501000.00    
 xls   =   2834000.00    
 lvdcp =   2486.82495    
 condc =   13476814.0    
 cpl   =   4190.00000    
 cpi   =   2106.00000    

 ZGRID:  STRETCH FAC  =    1.0359004512429237     
 ZGRID:  DOMAIN  HGT  =    20000.0000    

 ZGRID:  STRETCH FAC  =    1.0359004512429237     
 ZGRID:  DOMAIN  HGT  =    20000.0000    

 ZGRID:  STRETCH FAC  =    1.0359004512429237     
 ZGRID:  DOMAIN  HGT  =    20000.0000    

 ZGRID:  STRETCH FAC  =    1.0359004512429237     
 ZGRID:  DOMAIN  HGT  =    20000.0000    

 ZGRID:  STRETCH FAC  =    1.0359004512429237     
 ZGRID:  DOMAIN  HGT  =    20000.0000    

 ZGRID:  STRETCH FAC  =    1.0359004512429237     
 ZGRID:  DOMAIN  HGT  =    20000.0000    

 ZGRID:  STRETCH FAC  =    1.0359004512429237     
 ZGRID:  DOMAIN  HGT  =    20000.0000    

 ZGRID:  STRETCH FAC  =    1.0359004512429237     
 ZGRID:  DOMAIN  HGT  =    20000.0000    

 ZGRID:  STRETCH FAC  =    1.0359004512429237     
 ZGRID:  DOMAIN  HGT  =    20000.0000    

 ZGRID:  STRETCH FAC  =    1.0359004512429237     
 ZGRID:  DOMAIN  HGT  =    20000.0000    

 ZGRID:  STRETCH FAC  =    1.0359004512429237     
 ZGRID:  DOMAIN  HGT  =    20000.0000    

 ZGRID:  STRETCH FAC  =    1.0359004512429237     
 ZGRID:  DOMAIN  HGT  =    20000.0000    
 lv1   =   3134708.00    
 lv2   =   2320.00000    
 ls1   =   2898463.50    
 ls2   =   236.000000    
 karman=  0.400000006    

 timeformat   =           2
 timestats    =           1
 terrain_flag = F
 procfiles    = F

 nx    =          75
 ny    =          75
 nz    =          51

 nodex    =           5
 nodey    =           5
 numprocs =          25
 ppnode   =          25

 ni    =          15
 nj    =          15
 nk    =          51
 nkp1  =          52

 ib,ibm,ibi,ibc,ibt=       -2       -2       -2       -2       -2
 ie,iem,iei,iec,iet=       18       18       18       18       18
 jb,jbm,jbi,jbc,jbt=       -2       -2       -2       -2       -2
 je,jem,jei,jec,jet=       18       18       18       18       18
 kb,kbm,kbi,kbc,kbt=        0        0        0        0        0
 ke,kem,kei,kec,ket=       52       52       52       53       53

 imirror,jmirror =            0           0

 ibp,itb,ipb,ibr,ibb=        1        1        1        1        1
 iep,ite,ipe,ier,ieb=        1        1        1        1        1
 jbp,jtb,jpb,jbr,jbb=        1        1        1        1        1
 jep,jte,jpe,jer,jeb=        1        1        1        1        1
 kbp,ktb,kpb,kbr,kbb=        1        1        1        1        1
 kep,kte,kpe,ker,keb=        1        1        1        1        1

 ibd               =        1
 ied               =        1
 jbd               =        1
 jed               =        1
 kbd               =        1
 ked               =        1

 ibl               =        1
 iel               =        1
 jbl               =        1
 jel               =        1

 imp,jmp,kmp,kmt,rmp,cmp =     15     15     51     52      8      3

 rdx    =   5.00000024E-04
 rdy    =   5.00000024E-04
 rdz    =   2.55000009E-03
 rdx2   =   2.50000012E-04
 rdy2   =   2.50000012E-04
 rdz2   =   1.27500005E-03
 rdx4   =   1.25000006E-04
 rdy4   =   1.25000006E-04
 rdz4   =   6.37500023E-04
 govtwo =   4.90500021    
 clwsat =   9.99999997E-07
 smeps  =   1.00000000E-30
 tsmall =   9.99999975E-05
 qsmall =   9.99999982E-15
 cstar  =   30.0000000    
 csmax  =   350.000000    
 epsilon=   1.00000005E-18


 x:
      i         xf           xh         dx         uf         uh
 ---------------------------------------------------------------
      -2      -6000.00      -5000.00     2000.00     1.0000     1.0000   x
      -1      -4000.00      -3000.00     2000.00     1.0000     1.0000   x
       0      -2000.00      -1000.00     2000.00     1.0000     1.0000   x
       1          0.00       1000.00     2000.00     1.0000     1.0000    
       2       2000.00       3000.00     2000.00     1.0000     1.0000    
       3       4000.00       5000.00     2000.00     1.0000     1.0000    
       4       6000.00       7000.00     2000.00     1.0000     1.0000    
       5       8000.00       9000.00     2000.00     1.0000     1.0000    
       6      10000.00      11000.00     2000.00     1.0000     1.0000    
       7      12000.00      13000.00     2000.00     1.0000     1.0000    
       8      14000.00      15000.00     2000.00     1.0000     1.0000    
       9      16000.00      17000.00     2000.00     1.0000     1.0000    
      10      18000.00      19000.00     2000.00     1.0000     1.0000    
      11      20000.00      21000.00     2000.00     1.0000     1.0000    
      12      22000.00      23000.00     2000.00     1.0000     1.0000    
      13      24000.00      25000.00     2000.00     1.0000     1.0000    
      14      26000.00      27000.00     2000.00     1.0000     1.0000    
      15      28000.00      29000.00     2000.00     1.0000     1.0000    
      16      30000.00      31000.00     2000.00     1.0000     1.0000    
      17      32000.00      33000.00     2000.00     1.0000     1.0000    
      18      34000.00      35000.00     2000.00     1.0000     1.0000    
      19      36000.00      37000.00     2000.00     1.0000     1.0000    
      20      38000.00      39000.00     2000.00     1.0000     1.0000    
      21      40000.00      41000.00     2000.00     1.0000     1.0000    
      22      42000.00      43000.00     2000.00     1.0000     1.0000    
      23      44000.00      45000.00     2000.00     1.0000     1.0000    
      24      46000.00      47000.00     2000.00     1.0000     1.0000    
      25      48000.00      49000.00     2000.00     1.0000     1.0000    
      26      50000.00      51000.00     2000.00     1.0000     1.0000    
      27      52000.00      53000.00     2000.00     1.0000     1.0000    
      28      54000.00      55000.00     2000.00     1.0000     1.0000    
      29      56000.00      57000.00     2000.00     1.0000     1.0000    
      30      58000.00      59000.00     2000.00     1.0000     1.0000    
      31      60000.00      61000.00     2000.00     1.0000     1.0000    
      32      62000.00      63000.00     2000.00     1.0000     1.0000    
      33      64000.00      65000.00     2000.00     1.0000     1.0000    
      34      66000.00      67000.00     2000.00     1.0000     1.0000    
      35      68000.00      69000.00     2000.00     1.0000     1.0000    
      36      70000.00      71000.00     2000.00     1.0000     1.0000    
      37      72000.00      73000.00     2000.00     1.0000     1.0000    
      38      74000.00      75000.00     2000.00     1.0000     1.0000    
      39      76000.00      77000.00     2000.00     1.0000     1.0000    
      40      78000.00      79000.00     2000.00     1.0000     1.0000    
      41      80000.00      81000.00     2000.00     1.0000     1.0000    
      42      82000.00      83000.00     2000.00     1.0000     1.0000    
      43      84000.00      85000.00     2000.00     1.0000     1.0000    
      44      86000.00      87000.00     2000.00     1.0000     1.0000    
      45      88000.00      89000.00     2000.00     1.0000     1.0000    
      46      90000.00      91000.00     2000.00     1.0000     1.0000    
      47      92000.00      93000.00     2000.00     1.0000     1.0000    
      48      94000.00      95000.00     2000.00     1.0000     1.0000    
      49      96000.00      97000.00     2000.00     1.0000     1.0000    
      50      98000.00      99000.00     2000.00     1.0000     1.0000    
      51     100000.00     101000.00     2000.00     1.0000     1.0000    
      52     102000.00     103000.00     2000.00     1.0000     1.0000    
      53     104000.00     105000.00     2000.00     1.0000     1.0000    
      54     106000.00     107000.00     2000.00     1.0000     1.0000    
      55     108000.00     109000.00     2000.00     1.0000     1.0000    
      56     110000.00     111000.00     2000.00     1.0000     1.0000    
      57     112000.00     113000.00     2000.00     1.0000     1.0000    
      58     114000.00     115000.00     2000.00     1.0000     1.0000    
      59     116000.00     117000.00     2000.00     1.0000     1.0000    
      60     118000.00     119000.00     2000.00     1.0000     1.0000    
      61     120000.00     121000.00     2000.00     1.0000     1.0000    
      62     122000.00     123000.00     2000.00     1.0000     1.0000    
      63     124000.00     125000.00     2000.00     1.0000     1.0000    
      64     126000.00     127000.00     2000.00     1.0000     1.0000    
      65     128000.00     129000.00     2000.00     1.0000     1.0000    
      66     130000.00     131000.00     2000.00     1.0000     1.0000    
      67     132000.00     133000.00     2000.00     1.0000     1.0000    
      68     134000.00     135000.00     2000.00     1.0000     1.0000    
      69     136000.00     137000.00     2000.00     1.0000     1.0000    
      70     138000.00     139000.00     2000.00     1.0000     1.0000    
      71     140000.00     141000.00     2000.00     1.0000     1.0000    
      72     142000.00     143000.00     2000.00     1.0000     1.0000    
      73     144000.00     145000.00     2000.00     1.0000     1.0000    
      74     146000.00     147000.00     2000.00     1.0000     1.0000    
      75     148000.00     149000.00     2000.00     1.0000     1.0000    
      76     150000.00     151000.00     2000.00     1.0000     1.0000   x
      77     152000.00     153000.00     2000.00     1.0000     1.0000   x
      78     154000.00     155000.00     2000.00     1.0000     1.0000   x
      79     156000.00                               1.0000


 y:
      j         yf           yh         dy         vf         vh
 ---------------------------------------------------------------
      -2      -6000.00      -5000.00     2000.00     1.0000     1.0000   x
      -1      -4000.00      -3000.00     2000.00     1.0000     1.0000   x
       0      -2000.00      -1000.00     2000.00     1.0000     1.0000   x
       1          0.00       1000.00     2000.00     1.0000     1.0000    
       2       2000.00       3000.00     2000.00     1.0000     1.0000    
       3       4000.00       5000.00     2000.00     1.0000     1.0000    
       4       6000.00       7000.00     2000.00     1.0000     1.0000    
       5       8000.00       9000.00     2000.00     1.0000     1.0000    
       6      10000.00      11000.00     2000.00     1.0000     1.0000    
       7      12000.00      13000.00     2000.00     1.0000     1.0000    
       8      14000.00      15000.00     2000.00     1.0000     1.0000    
       9      16000.00      17000.00     2000.00     1.0000     1.0000    
      10      18000.00      19000.00     2000.00     1.0000     1.0000    
      11      20000.00      21000.00     2000.00     1.0000     1.0000    
      12      22000.00      23000.00     2000.00     1.0000     1.0000    
      13      24000.00      25000.00     2000.00     1.0000     1.0000    
      14      26000.00      27000.00     2000.00     1.0000     1.0000    
      15      28000.00      29000.00     2000.00     1.0000     1.0000    
      16      30000.00      31000.00     2000.00     1.0000     1.0000    
      17      32000.00      33000.00     2000.00     1.0000     1.0000    
      18      34000.00      35000.00     2000.00     1.0000     1.0000    
      19      36000.00      37000.00     2000.00     1.0000     1.0000    
      20      38000.00      39000.00     2000.00     1.0000     1.0000    
      21      40000.00      41000.00     2000.00     1.0000     1.0000    
      22      42000.00      43000.00     2000.00     1.0000     1.0000    
      23      44000.00      45000.00     2000.00     1.0000     1.0000    
      24      46000.00      47000.00     2000.00     1.0000     1.0000    
      25      48000.00      49000.00     2000.00     1.0000     1.0000    
      26      50000.00      51000.00     2000.00     1.0000     1.0000    
      27      52000.00      53000.00     2000.00     1.0000     1.0000    
      28      54000.00      55000.00     2000.00     1.0000     1.0000    
      29      56000.00      57000.00     2000.00     1.0000     1.0000    
      30      58000.00      59000.00     2000.00     1.0000     1.0000    
      31      60000.00      61000.00     2000.00     1.0000     1.0000    
      32      62000.00      63000.00     2000.00     1.0000     1.0000    
      33      64000.00      65000.00     2000.00     1.0000     1.0000    
      34      66000.00      67000.00     2000.00     1.0000     1.0000    
      35      68000.00      69000.00     2000.00     1.0000     1.0000    
      36      70000.00      71000.00     2000.00     1.0000     1.0000    
      37      72000.00      73000.00     2000.00     1.0000     1.0000    
      38      74000.00      75000.00     2000.00     1.0000     1.0000    
      39      76000.00      77000.00     2000.00     1.0000     1.0000    
      40      78000.00      79000.00     2000.00     1.0000     1.0000    
      41      80000.00      81000.00     2000.00     1.0000     1.0000    
      42      82000.00      83000.00     2000.00     1.0000     1.0000    
      43      84000.00      85000.00     2000.00     1.0000     1.0000    
      44      86000.00      87000.00     2000.00     1.0000     1.0000    
      45      88000.00      89000.00     2000.00     1.0000     1.0000    
      46      90000.00      91000.00     2000.00     1.0000     1.0000    
      47      92000.00      93000.00     2000.00     1.0000     1.0000    
      48      94000.00      95000.00     2000.00     1.0000     1.0000    
      49      96000.00      97000.00     2000.00     1.0000     1.0000    
      50      98000.00      99000.00     2000.00     1.0000     1.0000    
      51     100000.00     101000.00     2000.00     1.0000     1.0000    
      52     102000.00     103000.00     2000.00     1.0000     1.0000    
      53     104000.00     105000.00     2000.00     1.0000     1.0000    
      54     106000.00     107000.00     2000.00     1.0000     1.0000    
      55     108000.00     109000.00     2000.00     1.0000     1.0000    
      56     110000.00     111000.00     2000.00     1.0000     1.0000    
      57     112000.00     113000.00     2000.00     1.0000     1.0000    
      58     114000.00     115000.00     2000.00     1.0000     1.0000    
      59     116000.00     117000.00     2000.00     1.0000     1.0000    
      60     118000.00     119000.00     2000.00     1.0000     1.0000    
      61     120000.00     121000.00     2000.00     1.0000     1.0000    
      62     122000.00     123000.00     2000.00     1.0000     1.0000    
      63     124000.00     125000.00     2000.00     1.0000     1.0000    
      64     126000.00     127000.00     2000.00     1.0000     1.0000    
      65     128000.00     129000.00     2000.00     1.0000     1.0000    
      66     130000.00     131000.00     2000.00     1.0000     1.0000    
      67     132000.00     133000.00     2000.00     1.0000     1.0000    
      68     134000.00     135000.00     2000.00     1.0000     1.0000    
      69     136000.00     137000.00     2000.00     1.0000     1.0000    
      70     138000.00     139000.00     2000.00     1.0000     1.0000    
      71     140000.00     141000.00     2000.00     1.0000     1.0000    
      72     142000.00     143000.00     2000.00     1.0000     1.0000    
      73     144000.00     145000.00     2000.00     1.0000     1.0000    
      74     146000.00     147000.00     2000.00     1.0000     1.0000    
      75     148000.00     149000.00     2000.00     1.0000     1.0000    
      76     150000.00     151000.00     2000.00     1.0000     1.0000   x
      77     152000.00     153000.00     2000.00     1.0000     1.0000   x
      78     154000.00     155000.00     2000.00     1.0000     1.0000   x
      79     156000.00                               1.0000


 ZGRID:  STRETCH FAC  =    1.0359004512429237     
 ZGRID:  DOMAIN  HGT  =    20000.0000    
 k,gzc,gze =            1   77.692535400390625        0.0000000000000000     
 k,gzc,gze =            2   235.86680603027344        155.38507080078125     
 k,gzc,gze =            3   399.71958923339844        316.34854125976562     
 k,gzc,gze =            4   569.45477294921875        483.09063720703125     
 k,gzc,gze =            5   745.28353881835938        655.81890869140625     
 k,gzc,gze =            6   927.42462158203125        834.74816894531250     
 k,gzc,gze =            7   1116.1046142578125        1020.1010742187500     
 k,gzc,gze =            8   1311.5583496093750        1212.1081542968750     
 k,gzc,gze =            9   1514.0289916992188        1411.0085449218750     
 k,gzc,gze =           10   1723.7683715820312        1617.0494384765625     
 k,gzc,gze =           11   1941.0374755859375        1830.4873046875000     
 k,gzc,gze =           12   2166.1066894531250        2051.5876464843750     
 k,gzc,gze =           13   2399.2559814453125        2280.6257324218750     
 k,gzc,gze =           14   2640.7753906250000        2517.8862304687500     
 k,gzc,gze =           15   2890.9654541015625        2763.6645507812500     
 k,gzc,gze =           16   3150.1374511718750        3018.2663574218750     
 k,gzc,gze =           17   3418.6138916015625        3282.0085449218750     
 k,gzc,gze =           18   3696.7287597656250        3555.2192382812500     
 k,gzc,gze =           19   3984.8281250000000        3838.2382812500000     
 k,gzc,gze =           20   4283.2702636718750        4131.4179687500000     
 k,gzc,gze =           21   4592.4265136718750        4435.1225585937500     
 k,gzc,gze =           22   4912.6818847656250        4749.7304687500000     
 k,gzc,gze =           23   5244.4345703125000        5075.6333007812500     
 k,gzc,gze =           24   5588.0971679687500        5413.2358398437500     
 k,gzc,gze =           25   5944.0974121093750        5762.9584960937500     
 k,gzc,gze =           26   6312.8781738281250        6125.2363281250000     
 k,gzc,gze =           27   6694.8984375000000        6500.5200195312500     
 k,gzc,gze =           28   7090.6335449218750        6889.2768554687500     
 k,gzc,gze =           29   7500.5754394531250        7291.9902343750000     
 k,gzc,gze =           30   7925.2343750000000        7709.1606445312500     
 k,gzc,gze =           31   8365.1389160156250        8141.3081054687500     
 k,gzc,gze =           32   8820.8364257812500        8588.9697265625000     
 k,gzc,gze =           33   9292.8935546875000        9052.7031250000000     
 k,gzc,gze =           34   9781.8974609375000        9533.0839843750000     
 k,gzc,gze =           35   10288.457031250000        10030.710937500000     
 k,gzc,gze =           36   10813.202636718750        10546.203125000000     
 k,gzc,gze =           37   11356.786621093750        11080.202148437500     
 k,gzc,gze =           38   11919.885253906250        11633.371093750000     
 k,gzc,gze =           39   12503.199707031250        12206.399414062500     
 k,gzc,gze =           40   13100.000000000000        12800.000000000000     
 k,gzc,gze =           41   13700.000000000000        13400.000000000000     
 k,gzc,gze =           42   14300.000000000000        14000.000000000000     
 k,gzc,gze =           43   14900.000000000000        14600.000000000000     
 k,gzc,gze =           44   15500.000000000000        15200.000000000000     
 k,gzc,gze =           45   16100.000000000000        15800.000000000000     
 k,gzc,gze =           46   16700.000000000000        16400.000000000000     
 k,gzc,gze =           47   17300.000000000000        17000.000000000000     
 k,gzc,gze =           48   17900.000000000000        17600.000000000000     
 k,gzc,gze =           49   18500.000000000000        18200.000000000000     
 k,gzc,gze =           50   19100.000000000000        18800.000000000000     
 k,gzc,gze =           51   19700.000000000000        19400.000000000000     
 k,gzc,gze =           52   20300.000000000000        20000.000000000000     

 model heights:
     k       zf         zh         dz         mf         mh
 ---------------------------------------------------------------
      1       0.00      77.69     155.39     2.5238     2.5238
      2     155.39     235.87     160.96     2.4793     2.4363
      3     316.35     399.72     166.74     2.3933     2.3519
      4     483.09     569.45     172.73     2.3104     2.2704
      5     655.82     745.28     178.93     2.2303     2.1917
      6     834.75     927.42     185.35     2.1530     2.1157
      7    1020.10    1116.10     192.01     2.0784     2.0424
      8    1212.11    1311.56     198.90     2.0064     1.9716
      9    1411.01    1514.03     206.04     1.9369     1.9033
     10    1617.05    1723.77     213.44     1.8697     1.8373
     11    1830.49    1941.04     221.10     1.8049     1.7737
     12    2051.59    2166.11     229.04     1.7424     1.7122
     13    2280.63    2399.26     237.26     1.6820     1.6529
     14    2517.89    2640.78     245.78     1.6237     1.5956
     15    2763.66    2890.97     254.60     1.5674     1.5403
     16    3018.27    3150.14     263.74     1.5131     1.4869
     17    3282.01    3418.61     273.21     1.4607     1.4354
     18    3555.22    3696.73     283.02     1.4101     1.3856
     19    3838.24    3984.83     293.18     1.3612     1.3376
     20    4131.42    4283.27     303.70     1.3140     1.2912
     21    4435.12    4592.43     314.61     1.2685     1.2465
     22    4749.73    4912.68     325.90     1.2245     1.2033
     23    5075.63    5244.43     337.60     1.1821     1.1616
     24    5413.24    5588.10     349.72     1.1411     1.1213
     25    5762.96    5944.10     362.28     1.1016     1.0825
     26    6125.24    6312.88     375.28     1.0634     1.0450
     27    6500.52    6694.90     388.76     1.0265     1.0087
     28    6889.28    7090.63     402.71     0.9910     0.9738
     29    7291.99    7500.58     417.17     0.9566     0.9400
     30    7709.16    7925.23     432.15     0.9235     0.9075
     31    8141.31    8365.14     447.66     0.8915     0.8760
     32    8588.97    8820.84     463.73     0.8606     0.8457
     33    9052.70    9292.89     480.38     0.8307     0.8163
     34    9533.08    9781.90     497.63     0.8020     0.7881
     35   10030.71   10288.46     515.49     0.7742     0.7607
     36   10546.20   10813.20     534.00     0.7473     0.7344
     37   11080.20   11356.79     553.17     0.7214     0.7089
     38   11633.37   11919.88     573.03     0.6964     0.6844
     39   12206.40   12503.20     593.60     0.6723     0.6606
     40   12800.00   13100.00     600.00     0.6571     0.6536
     41   13400.00   13700.00     600.00     0.6536     0.6536
     42   14000.00   14300.00     600.00     0.6536     0.6536
     43   14600.00   14900.00     600.00     0.6536     0.6536
     44   15200.00   15500.00     600.00     0.6536     0.6536
     45   15800.00   16100.00     600.00     0.6536     0.6536
     46   16400.00   16700.00     600.00     0.6536     0.6536
     47   17000.00   17300.00     600.00     0.6536     0.6536
     48   17600.00   17900.00     600.00     0.6536     0.6536
     49   18200.00   18500.00     600.00     0.6536     0.6536
     50   18800.00   19100.00     600.00     0.6536     0.6536
     51   19400.00   19700.00     600.00     0.6536     0.6536
     52   20000.00                           0.6536

   patchsww = F
   patchnww = T
   patchsee = F
   patchnee = F
   patchsws = F
   patchses = T
   patchnwn = F
   patchnen = F

   p2tchsww = T
   p2tchnww = F
   p2tchsee = F
   p2tchnee = F
   p2tchsws = T
   p2tchses = F
   p2tchnwn = F
   p2tchnen = F

   minx =    0.00000000    
   maxx =    150000.000    
   miny =    0.00000000    
   maxy =    150000.000    
   maxz =    20000.0000    

   ibw =           1
   ibe =           0
   ibs =           1
   ibn =           0

   min_dx =    2000.00000    
   max_dx =    2000.00000    
   min_dy =    2000.00000    
   max_dy =    2000.00000    
   min_dz =    155.385071    
   max_dz =    600.000000    


   k,c1,c2,zhm1,zf,zh:
      1    0.5000    0.5000     -77.69       0.00      77.69
      2    0.5088    0.4912      77.69     155.39     235.87
      3    0.5088    0.4912     235.87     316.35     399.72
      4    0.5088    0.4912     399.72     483.09     569.45
      5    0.5088    0.4912     569.45     655.82     745.28
      6    0.5088    0.4912     745.28     834.75     927.42
      7    0.5088    0.4912     927.42    1020.10    1116.10
      8    0.5088    0.4912    1116.10    1212.11    1311.56
      9    0.5088    0.4912    1311.56    1411.01    1514.03
     10    0.5088    0.4912    1514.03    1617.05    1723.77
     11    0.5088    0.4912    1723.77    1830.49    1941.04
     12    0.5088    0.4912    1941.04    2051.59    2166.11
     13    0.5088    0.4912    2166.11    2280.63    2399.26
     14    0.5088    0.4912    2399.26    2517.89    2640.78
     15    0.5088    0.4912    2640.78    2763.66    2890.97
     16    0.5088    0.4912    2890.97    3018.27    3150.14
     17    0.5088    0.4912    3150.14    3282.01    3418.61
     18    0.5088    0.4912    3418.61    3555.22    3696.73
     19    0.5088    0.4912    3696.73    3838.24    3984.83
     20    0.5088    0.4912    3984.83    4131.42    4283.27
     21    0.5088    0.4912    4283.27    4435.12    4592.43
     22    0.5088    0.4912    4592.43    4749.73    4912.68
     23    0.5088    0.4912    4912.68    5075.63    5244.43
     24    0.5088    0.4912    5244.43    5413.24    5588.10
     25    0.5088    0.4912    5588.10    5762.96    5944.10
     26    0.5088    0.4912    5944.10    6125.24    6312.88
     27    0.5088    0.4912    6312.88    6500.52    6694.90
     28    0.5088    0.4912    6694.90    6889.28    7090.63
     29    0.5088    0.4912    7090.63    7291.99    7500.58
     30    0.5088    0.4912    7500.58    7709.16    7925.23
     31    0.5088    0.4912    7925.23    8141.31    8365.14
     32    0.5088    0.4912    8365.14    8588.97    8820.84
     33    0.5088    0.4912    8820.84    9052.70    9292.89
     34    0.5088    0.4912    9292.89    9533.08    9781.90
     35    0.5088    0.4912    9781.90   10030.71   10288.46
     36    0.5088    0.4912   10288.46   10546.20   10813.20
     37    0.5088    0.4912   10813.20   11080.20   11356.79
     38    0.5088    0.4912   11356.79   11633.37   11919.88
     39    0.5088    0.4912   11919.88   12206.40   12503.20
     40    0.5027    0.4973   12503.20   12800.00   13100.00
     41    0.5000    0.5000   13100.00   13400.00   13700.00
     42    0.5000    0.5000   13700.00   14000.00   14300.00
     43    0.5000    0.5000   14300.00   14600.00   14900.00
     44    0.5000    0.5000   14900.00   15200.00   15500.00
     45    0.5000    0.5000   15500.00   15800.00   16100.00
     46    0.5000    0.5000   16100.00   16400.00   16700.00
     47    0.5000    0.5000   16700.00   17000.00   17300.00
     48    0.5000    0.5000   17300.00   17600.00   17900.00
     49    0.5000    0.5000   17900.00   18200.00   18500.00
     50    0.5000    0.5000   18500.00   18800.00   19100.00
     51    0.5000    0.5000   19100.00   19400.00   19700.00
     52    0.5000    0.5000   19700.00   20000.00   20300.00


   ------ tauf, tauh -----
           1   0.00000000       0.00000000    
           2   0.00000000       0.00000000    
           3   0.00000000       0.00000000    
           4   0.00000000       0.00000000    
           5   0.00000000       0.00000000    
           6   0.00000000       0.00000000    
           7   0.00000000       0.00000000    
           8   0.00000000       0.00000000    
           9   0.00000000       0.00000000    
          10   0.00000000       0.00000000    
          11   0.00000000       0.00000000    
          12   0.00000000       0.00000000    
          13   0.00000000       0.00000000    
          14   0.00000000       0.00000000    
          15   0.00000000       0.00000000    
          16   0.00000000       0.00000000    
          17   0.00000000       0.00000000    
          18   0.00000000       0.00000000    
          19   0.00000000       0.00000000    
          20   0.00000000       0.00000000    
          21   0.00000000       0.00000000    
          22   0.00000000       0.00000000    
          23   0.00000000       0.00000000    
          24   0.00000000       0.00000000    
          25   0.00000000       0.00000000    
          26   0.00000000       0.00000000    
          27   0.00000000       0.00000000    
          28   0.00000000       0.00000000    
          29   0.00000000       0.00000000    
          30   0.00000000       0.00000000    
          31   0.00000000       0.00000000    
          32   0.00000000       0.00000000    
          33   0.00000000       0.00000000    
          34   0.00000000       0.00000000    
          35   0.00000000       0.00000000    
          36   0.00000000       0.00000000    
          37   0.00000000       0.00000000    
          38   0.00000000       0.00000000    
          39   0.00000000       0.00000000    
          40   0.00000000       0.00000000    
          41   0.00000000       0.00000000    
          42   0.00000000       0.00000000    
          43   0.00000000       0.00000000    
          44   3.94263864E-03   2.44717300E-02
          45   6.18466735E-02  0.114743382    
          46  0.181288034      0.259123147    
          47  0.345491529      0.437333375    
          48  0.531395316      0.624345005    
          49  0.712889671      0.793892622    
          50  0.864484310      0.922163963    
          51  0.964888215      0.991143644    
          52   1.00000000    


   vialpha,vibeta =   0.500000000      0.500000000    


   x0,alpha,delta,sum,predict,maxz:
   0.00000000    
  0.500000000       1.51795030       2.57244539       3.66479731    
   1.85094726      -1.19824338      0.347296089       0.00000000    
   1.00000000       1.52587891E-05   20000.0000    


   cgs1,cgs2,cgs3 =    1.85094726      -1.19824338      0.347296089    
   sum            =    1.00000000    

   dgs1,dgs2,dgs3 =   -1.93890107       2.86228609     -0.923384964    
   sum            =    5.96046448E-08


   x0,alpha,delta,sum,predict,maxz:
   33.3333321    
   32.8333321       31.8333340       30.8333340       29.8333340    
   1.87500155      -1.25000143      0.374999881       0.00000000    
   1.00000000       20000.0020       20000.0000    


   cgt1,cgt2,cgt3 =    1.87500155      -1.25000143      0.374999881    
   sum            =    1.00000000    

   dgt1,dgt2,dgt3 =    2.00000381      -3.00000381       1.00000000    
   sum            =    0.00000000    

 Leaving PARAM
 Inside BASE

  Reading sounding from external file, input_sounding

  p_sfc, th_sfc, qv_sfc =    960.000000       304.899994       19.0599995    
   Found           68   levels (including surface)


     k,z,th,qv:
           1   0.00000000       304.899994       19.0599995    
           2   0.00000000       304.899994       19.0599995    
           3   253.000000       305.200012       17.9099998    
           4   329.000000       305.299988       17.5799999    
           5   557.000000       305.500000       17.2199993    
           6   757.000000       305.600006       16.9099998    
           7   862.000000       306.799988       15.3999996    
           8   1069.00000       309.200012       12.7700005    
           9   1472.00000       310.700012       8.30000019    
          10   1777.00000       311.799988       5.88999987    
          11   1942.00000       312.399994       4.86000013    
          12   2081.00000       312.399994       5.42000008    
          13   2386.00000       312.399994       6.84999990    
          14   2475.00000       312.399994       7.32000017    
          15   2721.00000       312.899994       4.53999996    
          16   2876.00000       313.000000       3.85999990    
          17   3070.00000       314.399994       1.21000004    
          18   3301.00000       315.799988       1.08000004    
          19   3605.00000       317.600006      0.920000017    
          20   3807.00000       318.700012      0.819999993    
          21   3910.00000       318.899994      0.829999983    
          22   4520.00000       319.500000      0.829999983    
          23   4718.00000       319.700012      0.839999974    
          24   5026.00000       323.500000      0.230000004    
          25   5423.00000       324.600006      0.189999998    
          26   5434.00000       324.600006      0.189999998    
          27   5739.00000       325.700012      0.209999993    
          28   6102.00000       327.100006      0.219999999    
          29   7123.00000       328.299988      0.119999997    
          30   7263.00000       328.500000      0.119999997    
          31   8787.00000       331.100006      0.170000002    
          32   9092.00000       331.399994      0.180000007    
          33   9160.00000       331.500000      0.189999998    
          34   9183.00000       331.600006       1.00000005E-03
          35   9701.00000       334.700012       1.00000005E-03
          36   9844.00000       335.500000       1.00000005E-03
          37   10311.0000       338.299988       1.00000005E-03
          38   10413.0000       338.899994       1.00000005E-03
          39   10921.0000       340.600006       1.00000005E-03
          40   11530.0000       342.500000       1.00000005E-03
          41   11863.0000       343.399994       1.00000005E-03
          42   12140.0000       347.799988       1.00000005E-03
          43   12290.0000       350.100006       1.00000005E-03
          44   13664.0000       359.100006       1.00000005E-03
          45   13663.0000       359.100006       1.00000005E-03
          46   14273.0000       362.500000       1.00000005E-03
          47   14391.0000       363.100006       1.00000005E-03
          48   14811.0000       371.299988       1.00000005E-03
          49   14883.0000       372.700012       1.00000005E-03
          50   15797.0000       391.100006       1.00000005E-03
          51   16103.0000       397.399994       1.00000005E-03
          52   16481.0000       399.899994       1.00000005E-03
          53   16637.0000       410.000000       1.00000005E-03
          54   17281.0000       413.000000       1.00000005E-03
          55   17321.0000       415.399994       1.00000005E-03
          56   17527.0000       427.799988       1.00000005E-03
          57   18236.0000       441.399994       1.00000005E-03
          58   18253.0000       441.799988       1.00000005E-03
          59   18517.0000       445.600006       1.00000005E-03
          60   18845.0000       457.100006       1.00000005E-03
          61   19981.0000       498.799988       1.00000005E-03
          62   20323.0000       504.700012       1.00000005E-03
          63   22954.0000       573.599976       1.00000005E-03
          64   23563.0000       595.500000       1.00000005E-03
          65   24663.0000       636.000000       1.00000005E-03
          66   26193.0000       679.000000       1.00000005E-03
          67   26846.0000       706.799988       1.00000005E-03
          68   27739.0000       734.200012       1.00000005E-03

     k,u,v:
           1  -1.68008852      -2.17436504    
           2  -2.28714967       6.28391504    
           3  -3.03701520       17.2238979    
           4  -2.85836720       16.2107277    
           5   0.00000000       18.0039997    
           6   4.05004406       17.5425529    
           7   6.15775585       16.9182167    
           8   10.3266935       14.7479963    
           9   14.1859379       11.9033737    
          10   16.8548927       11.8018789    
          11   17.6976376       12.3919735    
          12   18.5403824       12.9820671    
          13   19.8044987       13.8672075    
          14   20.2258720       14.1622553    
          15   21.0686169       14.7523489    
          16   22.6022434       15.2453480    
          17   24.8654766       15.5376129    
          18   27.1745205       15.6891508    
          19   30.2929077       17.4895458    
          20   30.1988850       19.6113091    
          21   29.9174347       20.9483356    
          22   32.0242958       22.4235706    
          23   30.7601795       21.5384293    
          24   29.0746899       20.3582420    
          25   26.9678288       18.8830070    
          26   26.1250839       18.2929134    
          27   26.1250839       18.2929134    
          28   27.3892021       19.1780529    
          29   30.7601795       21.5384293    
          30   30.3388081       21.2433815    
          31   36.2380219       25.3740406    
          32   34.1311569       23.8988056    
          33   34.1311569       23.8988056    
          34   34.1311569       23.8988056    
          35   44.7556915       20.8698215    
          36   44.7556915       20.8698215    
          37   43.0206604       15.6581488    
          38   41.0871468       14.9544115    
          39   38.2591820       10.2514391    
          40   41.4922562       19.3480644    
          41   40.2466736       10.7839813    
          42   39.5136528       6.96724367    
          43   38.5004807       6.78859663    
          44   27.0691795       9.85231876    
          45   28.8186054       7.72186279    
          46   27.0398979       12.6088505    
          47   29.8371277       13.9132147    
          48   27.9723072       13.0436392    
          49   27.9723072       13.0436392    
          50   27.9723072       13.0436392    
          51   27.9723072       13.0436392    
          52   27.9723072       13.0436392    
          53   27.9723072       13.0436392    
          54   27.9723072       13.0436392    
          55   27.9723072       13.0436392    
          56   27.9723072       13.0436392    
          57   27.9723072       13.0436392    
          58   27.9723072       13.0436392    
          59   27.9723072       13.0436392    
          60   27.9723072       13.0436392    
          61   27.9723072       13.0436392    
          62   27.9723072       13.0436392    
          63   27.9723072       13.0436392    
          64   27.9723072       13.0436392    
          65   27.9723072       13.0436392    
          66   27.9723072       13.0436392    
          67   27.9723072       13.0436392    
          68   27.9723072       13.0436392    


 interpolating sounding to grid: 

           0.00000000       77.6925354       253.000000      0.307085127    
           0.00000000       235.866806       253.000000      0.932279885    
           329.000000       399.719604       557.000000      0.310173690    
           557.000000       569.454773       757.000000       6.22738637E-02
           557.000000       745.283569       757.000000      0.941417873    
           862.000000       927.424622       1069.00000      0.316060960    
           1069.00000       1116.10461       1472.00000      0.116884902    
           1069.00000       1311.55835       1472.00000      0.601881742    
           1472.00000       1514.02905       1777.00000      0.137800172    
           1472.00000       1723.76831       1777.00000      0.825469851    
           1777.00000       1941.03748       1942.00000      0.994166493    
           2081.00000       2166.10669       2386.00000      0.279038340    
           2386.00000       2399.25586       2475.00000      0.148942247    
           2475.00000       2640.77539       2721.00000      0.673883677    
           2876.00000       2890.96533       3070.00000       7.71408901E-02
           3070.00000       3150.13745       3301.00000      0.346915364    
           3301.00000       3418.61377       3605.00000      0.386887401    
           3605.00000       3696.72876       3807.00000      0.454102784    
           3910.00000       3984.82812       4520.00000      0.122669056    
           3910.00000       4283.27051       4520.00000      0.611918867    
           4520.00000       4592.42676       4718.00000      0.365791708    
           4718.00000       4912.68164       5026.00000      0.632083237    
           5026.00000       5244.43457       5423.00000      0.550213039    
           5434.00000       5588.09717       5739.00000      0.505236626    
           5739.00000       5944.09766       6102.00000      0.565007329    
           6102.00000       6312.87793       7123.00000      0.206540585    
           6102.00000       6694.89844       7123.00000      0.580703676    
           6102.00000       7090.63379       7123.00000      0.968299508    
           7263.00000       7500.57520       8787.00000      0.155889243    
           7263.00000       7925.23438       8787.00000      0.434536994    
           7263.00000       8365.13867       8787.00000      0.723188102    
           8787.00000       8820.83594       9092.00000      0.110937499    
           9183.00000       9292.89355       9701.00000      0.212149724    
           9701.00000       9781.89746       9844.00000      0.565716505    
           9844.00000       10288.4570       10311.0000      0.951728106    
           10413.0000       10813.2031       10921.0000      0.787801445    
           10921.0000       11356.7871       11530.0000      0.715578198    
           11863.0000       11919.8848       12140.0000      0.205360159    
           12290.0000       12503.1992       13664.0000      0.155166820    
           12290.0000       13100.0000       13664.0000      0.589519680    
           13663.0000       13700.0000       14273.0000       6.06557392E-02
           14273.0000       14300.0000       14391.0000      0.228813559    
           14883.0000       14900.0000       15797.0000       1.85995623E-02
           14883.0000       15500.0000       15797.0000      0.675054729    
           15797.0000       16100.0000       16103.0000      0.990196049    
           16637.0000       16700.0000       17281.0000       9.78260860E-02
           17281.0000       17300.0000       17321.0000      0.474999994    
           17527.0000       17900.0000       18236.0000      0.526093066    
           18253.0000       18500.0000       18517.0000      0.935606062    
           18845.0000       19100.0000       19981.0000      0.224471837    
           18845.0000       19700.0000       19981.0000      0.752640843    


       k    prs0 (Pa)        pi0        rho0 (kg/m^3)
    ---------------------------------------------------------------------
       1     95166.33     0.9859590     1.0703498
       2     93485.29     0.9809565     1.0573388
       3     91766.82     0.9757757     1.0436164
       4     90011.12     0.9704106     1.0292686
       5     88218.23     0.9648541     1.0147177
       6     86392.74     0.9591130     0.9969282
       7     84539.13     0.9531941     0.9795130
       8     82654.29     0.9470795     0.9649808
       9     80735.77     0.9407526     0.9496903
      10     78784.72     0.9342071     0.9334296
      11     76802.45     0.9274372     0.9163421
      12     74789.16     0.9204324     0.8976445
      13     72744.92     0.9131806     0.8785866
      14     70670.52     0.9056714     0.8617814
      15     68566.91     0.8978937     0.8447158
      16     66439.88     0.8898542     0.8245230
      17     64296.38     0.8815641     0.8015164
      18     62139.18     0.8730192     0.7784428
      19     59967.84     0.8642015     0.7568735
      20     57780.22     0.8550838     0.7363547
      21     55576.87     0.8456476     0.7154992
      22     53367.82     0.8359147     0.6900161
      23     51161.31     0.8259013     0.6656416
      24     48955.23     0.8155763     0.6429248
      25     46750.48     0.8049198     0.6195389
      26     44549.63     0.7939177     0.5970089
      27     42353.16     0.7825432     0.5750714
      28     40163.54     0.7707765     0.5529107
      29     37985.48     0.7586079     0.5302529
      30     35824.05     0.7460288     0.5073733
      31     33683.91     0.7330273     0.4844181
      32     31569.63     0.7195897     0.4614443
      33     29486.92     0.7057083     0.4381128
      34     27446.87     0.6914145     0.4126375
      35     25459.17     0.6767374     0.3875721
      36     23525.05     0.6616473     0.3640629
      37     21644.84     0.6461025     0.3412990
      38     19823.50     0.6300950     0.3183388
      39     18078.52     0.6137401     0.2919538
      40     16435.03     0.5972698     0.2697319
      41     14909.51     0.5808922     0.2488627
      42     13501.69     0.5646787     0.2297055
      43     12215.12     0.5487678     0.2078778
      44     11052.86     0.5333288     0.1874732
      45     10004.23     0.5183693     0.1692158
      46      9058.02     0.5038759     0.1526413
      47      8194.87     0.4896780     0.1407800
      48      7414.63     0.4758924     0.1247940
      49      6713.81     0.4625956     0.1135318
      50      6083.39     0.4497583     0.1010202
      51      5522.05     0.4375008     0.0900174


       k    th0 (K)     thv0 (K)     t0 (K)     l.r. (K/km)     N^2
    ---------------------------------------------------------------------
       1    304.9921    308.3957    300.7097       4.2116      0.0406
       2    305.1797    308.4570    299.3680       8.3355      0.1212
       3    305.3620    308.5506    297.9648       8.4152      0.1784
       4    305.5062    308.6466    296.4665       8.6748      0.1767
       5    305.5941    308.6865    294.8538       9.0131      0.0708
       6    307.5585    310.2476    294.9834      -0.6994      2.6698
       7    309.3753    311.6422    294.8947       0.4617      2.2916
       8    310.1028    311.9650    293.6920       6.0467      0.5105
       9    310.8516    312.3410    292.4344       6.1036      0.5735
      10    311.6080    312.7908    291.1064       6.2221      0.6615
      11    312.3965    313.3159    289.7281       6.2337      0.7441
      12    312.4000    313.5106    287.5431       9.5403      0.2661
      13    312.4000    313.7057    285.2776       9.5483      0.2572
      14    312.7369    313.7564    283.2369       8.3032      0.0645
      15    313.1080    313.8004    281.1377       8.2450      0.0541
      16    314.8857    315.1082    280.2023       3.5465      1.5469
      17    316.4964    316.6917    279.0119       4.3573      1.7999
      18    318.0995    318.2682    277.7070       4.6105      1.7213
      19    318.9736    319.1355    275.6575       6.9907      0.9105
      20    319.2672    319.4302    273.0002       8.7497      0.2982
      21    319.5732    319.7352    270.2462       8.7535      0.2976
      22    322.1019    322.1924    269.2498       3.0576      2.3044
      23    324.1052    324.1460    267.6789       4.6529      1.7566
      24    325.1558    325.1955    265.1893       7.1188      0.9068
      25    326.4910    326.5340    262.7991       6.5979      1.1122
      26    327.3478    327.3865    259.8872       7.7590      0.6816
      27    327.7968    327.8278    256.5152       8.6739      0.3399
      28    328.2620    328.2864    253.0166       8.6876      0.3405
      29    328.9053    328.9351    249.5101       8.4053      0.4642
      30    329.6298    329.6649    245.9133       8.3232      0.5032
      31    330.3803    330.4164    242.1778       8.3446      0.4989
      32    331.1333    331.1679    238.2801       8.4050      0.4806
      33    332.2577    332.2579    234.4770       7.9169      0.6711
      34    335.1526    335.1528    231.7294       5.5215      1.7102
      35    338.1648    338.1650    228.8488       5.5880      1.7027
      36    340.2393    340.2395    225.1184       6.9857      1.1235
      37    341.9596    341.9598    220.9409       7.5518      0.8944
      38    344.3036    344.3038    216.9440       6.9752      1.1695
      39    351.4965    351.4967    215.7275       2.0493      3.4170
      40    355.4057    355.4059    212.2731       5.7574      1.8083
      41    359.3062    359.3065    208.7182       5.9248      1.7846
      42    362.6373    362.6375    204.7735       6.5744      1.5088
      43    373.0422    373.0424    204.7136       0.1000      4.6252
      44    385.1210    385.1213    205.3961      -1.1376      5.2101
      45    397.3382    397.3385    205.9679      -0.9530      5.1061
      46    410.2935    410.2937    206.7370      -1.2818      5.2459
      47    414.1400    414.1403    202.7952       6.5696      1.5257
      48    434.9549    434.9551    206.9917      -6.9941      8.0177
      49    445.3553    445.3556    206.0194       1.6205      3.8635
      50    466.4605    466.4608    209.7945      -6.2918      7.5702
      51    488.4851    488.4855    213.7126      -6.5303      7.5432


   Richardson number:  NOTE!!!  Ri should be > 0.25 for most applications!

   k,z,Ri:           2   156.779663       6.56792847E-03 <---- NOTE!  Ri < 0.25
   k,z,Ri:           3   317.793213      0.439205140    
   k,z,Ri:           4   484.587189       8.08897913E-02 <---- NOTE!  Ri < 0.25
   k,z,Ri:           5   657.369141       1.73391774E-02 <---- NOTE!  Ri < 0.25
   k,z,Ri:           6   836.354126      0.592872560    
   k,z,Ri:           7   1021.76465      0.584386945    
   k,z,Ri:           8   1213.83154      0.367057145    
   k,z,Ri:           9   1412.79370      0.484290212    
   k,z,Ri:          10   1618.89868      0.877767026    
   k,z,Ri:          11   1832.40283       1.76677966    
   k,z,Ri:          12   2053.57202      0.638745427    
   k,z,Ri:          13   2282.68115       1.00608993    
   k,z,Ri:          14   2520.01562      0.299344897    
   k,z,Ri:          15   2765.87036       7.77312294E-02 <---- NOTE!  Ri < 0.25
   k,z,Ri:          16   3020.55127       1.25069678    
   k,z,Ri:          17   3284.37549       1.65002930    
   k,z,Ri:          18   3557.67139       1.74417806    
   k,z,Ri:          19   3840.77832       1.07290030    
   k,z,Ri:          20   4134.04932       1.70674646    
   k,z,Ri:          21   4437.84863       15.3919201    
   k,z,Ri:          22   4752.55420       4.62953997    
   k,z,Ri:          23   5078.55811       4.16976404    
   k,z,Ri:          24   5416.26562       2.28135395    
   k,z,Ri:          25   5766.09766       18.8682423    
   k,z,Ri:          26   6128.48779       4.07634592    
   k,z,Ri:          27   6503.88818       2.12920070    
   k,z,Ri:          28   6892.76611       2.13297796    
   k,z,Ri:          29   7295.60449       14.5481768    
   k,z,Ri:          30   7712.90479       2.29302764    
   k,z,Ri:          31   8145.18652       2.27365947    
   k,z,Ri:          32   8592.98730       3.48084259    
   k,z,Ri:          33   9056.86523       3.83905840    
   k,z,Ri:          34   9537.39551      0.549297452    
   k,z,Ri:          35   10035.1777       1.62694931    
   k,z,Ri:          36   10550.8301      0.792215824    
   k,z,Ri:          37   11084.9951      0.807363927    
   k,z,Ri:          38   11638.3359      0.821527362    
   k,z,Ri:          39   12211.5420       6.28008318    
   k,z,Ri:          40   12801.5996       2.45053101    
   k,z,Ri:          41   13400.0000       6.66491270    
   k,z,Ri:          42   14000.0000       2.17567515    
   k,z,Ri:          43   14600.0000       1600.02026    
   k,z,Ri:          44   15200.0000       521010880.    
   k,z,Ri:          45   15800.0000       510614496.    
   k,z,Ri:          46   16400.0000       524586304.    
   k,z,Ri:          47   17000.0000       152568752.    
   k,z,Ri:          48   17600.0000       801772096.    
   k,z,Ri:          49   18200.0000       386353664.    
   k,z,Ri:          50   18800.0000       757021440.    
   k,z,Ri:          51   19400.0000       754319168.    


       k  theta-e (K)       rh0          qv0          qc0          qi0
    ---------------------------------------------------------------------
       1    361.2180     0.746565     0.018704     0.000000     0.000000
       2    359.2769     0.765035     0.017987     0.000000     0.000000
       3    357.9687     0.795197     0.017480     0.000000     0.000000
       4    357.3099     0.842005     0.017204     0.000000     0.000000
       5    356.5935     0.898027     0.016931     0.000000     0.000000
       6    351.9169     0.751467     0.014595     0.000000     0.000000
       7    346.8395     0.617836     0.012203     0.000000     0.000000
       8    340.9742     0.532665     0.009978     0.000000     0.000000
       9    335.6923     0.448644     0.007946     0.000000     0.000000
      10    331.4999     0.376910     0.006285     0.000000     0.000000
      11    328.0279     0.310897     0.004866     0.000000     0.000000
      12    331.1370     0.422303     0.005884     0.000000     0.000000
      13    334.2994     0.561836     0.006924     0.000000     0.000000
      14    330.0004     0.487704     0.005392     0.000000     0.000000
      15    325.0440     0.369899     0.003652     0.000000     0.000000
      16    318.9708     0.121831     0.001164     0.000000     0.000000
      17    320.1140     0.111821     0.001016     0.000000     0.000000
      18    321.2564     0.101819     0.000874     0.000000     0.000000
      19    322.0104     0.108726     0.000835     0.000000     0.000000
      20    322.3262     0.127866     0.000841     0.000000     0.000000
      21    322.6159     0.149776     0.000835     0.000000     0.000000
      22    323.8599     0.085740     0.000462     0.000000     0.000000
      23    324.9351     0.041509     0.000207     0.000000     0.000000
      24    325.9660     0.046739     0.000201     0.000000     0.000000
      25    327.3644     0.058020     0.000217     0.000000     0.000000
      26    328.1400     0.062841     0.000195     0.000000     0.000000
      27    328.4380     0.063032     0.000155     0.000000     0.000000
      28    328.7739     0.063391     0.000122     0.000000     0.000000
      29    329.5230     0.099196     0.000149     0.000000     0.000000
      30    330.3536     0.152810     0.000175     0.000000     0.000000
      31    331.1224     0.208787     0.000180     0.000000     0.000000
      32    331.8469     0.273358     0.000172     0.000000     0.000000
      33    332.2629     0.002189     0.000001     0.000000     0.000000
      34    335.1579     0.002701     0.000001     0.000000     0.000000
      35    338.1702     0.003410     0.000001     0.000000     0.000000
      36    340.2447     0.004804     0.000001     0.000000     0.000000
      37    341.9651     0.007228     0.000001     0.000000     0.000000
      38    344.3091     0.010474     0.000001     0.000000     0.000000
      39    351.5024     0.011706     0.000001     0.000000     0.000000
      40    355.4118     0.016890     0.000001     0.000000     0.000000
      41    359.3120     0.022788     0.000001     0.000000     0.000000
      42    362.6431     0.035243     0.000001     0.000000     0.000000
      43    373.0482     0.032143     0.000001     0.000000     0.000000
      44    385.1273     0.026608     0.000001     0.000000     0.000000
      45    397.3446     0.022091     0.000001     0.000000     0.000000
      46    410.3002     0.018306     0.000001     0.000000     0.000000
      47    414.1467     0.028352     0.000001     0.000000     0.000000
      48    434.9620     0.014202     0.000001     0.000000     0.000000
      49    445.3626     0.014721     0.000001     0.000000     0.000000
      50    466.4689     0.008796     0.000001     0.000000     0.000000
      51    488.4944     0.005053     0.000001     0.000000     0.000000


   Thermodynamic properties of base-state sounding:

     for surface parcel:
        source p(mb),T(K),qv(g/kg) =      960.0     301.4      19.1
        LCL,LFC,EL (m AGL)         =      647.6     650.9     844.1
        CAPE,CIN (J/kg)            =     4784.3       6.6

     for most-unstable parcel:
        source p(mb),T(K),qv(g/kg) =      960.0     301.4      19.1
        LCL,LFC,EL (m AGL)         =      647.6     650.9     844.1
        CAPE,CIN (J/kg)            =     4784.3       6.6

     for mixed-layer parcel:
        source p(mb),T(K),qv(g/kg) =      960.0     301.7      18.0
        LCL,LFC,EL (m AGL)         =      793.2    1463.4   13694.8
        CAPE,CIN (J/kg)            =     4180.8      18.9



       k     u0 (m/s)     v0 (m/s)
    ---------------------------------------------------------------------
       1      -2.5174       9.6434
       2      -2.9862      16.4830
       3      -1.9718      16.7670
       4       0.2522      17.9753
       5       3.8128      17.5696
       6       7.4754      16.2323
       7      10.7778      14.4155
       8      12.6495      13.0359
       9      14.5537      11.8894
      10      16.3891      11.8196
      11      17.6927      12.3885
      12      18.8931      13.2291
      13      19.8673      13.9112
      14      20.7938      14.5599
      15      22.7768      15.2679
      16      25.6665      15.5902
      17      28.3810      16.3857
      18      30.2502      18.4530
      19      30.1759      21.1293
      20      31.2067      21.8511
      21      31.5619      22.0998
      22      29.6948      20.7925
      23      27.9155      19.5465
      24      26.1251      18.2929
      25      26.8393      18.7930
      26      28.0854      19.6656
      27      29.3467      20.5487
      28      30.6533      21.4636
      29      31.2584      21.8873
      30      32.9022      23.0383
      31      34.6050      24.2306
      32      36.0043      25.2104
      33      36.3851      23.2562
      34      44.7557      20.8698
      35      43.1044      15.9097
      36      38.8593      11.2494
      37      40.5727      16.7608
      38      40.0961      10.0002
      39      36.7267       7.2640
      40      31.7615       8.5947
      41      28.7107       8.0183
      42      27.6799      12.9073
      43      27.9723      13.0436
      44      27.9723      13.0436
      45      27.9723      13.0436
      46      27.9723      13.0436
      47      27.9723      13.0436
      48      27.9723      13.0436
      49      27.9723      13.0436
      50      27.9723      13.0436
      51      27.9723      13.0436


   psurf,tsurf  =    96000.0000       301.368195    
   qsurf,thsurf =    1.90599989E-02   304.899994    

 Leaving BASE
   rbufsz,nrad2d =            1          10
 Inside INIT3D

   seed_size =            8
   rand-1 =   0.620773196    

 Leaving INIT3D

   allocating diagnostic arrays:  ntdiag,nqdiag =            1           1


   strlen          =            0
   baselen         =            6
   totlen          =            6
   output_basename = cm1out
   statfile        = cm1out_stats.dat                                                      



   Settings used in this simulation:
   isfcflx  =            0
   bbc      =            1
   dosfcflx =  F

 Inside GETSET

   mass1 =    207379573283024.75     

 Leaving GETSET

   zf,grdscl:
           2   155.385071       322.806396    
           3   316.348541       549.380249    
           4   483.090637       682.472656    
           5   655.818909       760.946350    
           6   834.748169       810.955566    
           7   1020.10107       845.898438    
           8   1212.10815       872.462646    
           9   1411.00854       894.119019    
          10   1617.04944       912.767090    
          11   1830.48730       929.503540    
          12   2051.58765       944.990601    
          13   2280.62573       959.646301    
          14   2517.88623       973.744629    
          15   2763.66455       987.469299    
          16   3018.26636       1000.94989    
          17   3282.00854       1014.27673    
          18   3555.21924       1027.51782    
          19   3838.23828       1040.72192    
          20   4131.41797       1053.92712    
          21   4435.12256       1067.16235    
          22   4749.73047       1080.45081    
          23   5075.63330       1093.81213    
          24   5413.23584       1107.25879    
          25   5762.95850       1120.80518    
          26   6125.23633       1134.45959    
          27   6500.52002       1148.23352    
          28   6889.27686       1162.13232    
          29   7291.99023       1176.16211    
          30   7709.16064       1190.33142    
          31   8141.30811       1204.64282    
          32   8588.96973       1219.10242    
          33   9052.70312       1233.71436    
          34   9533.08398       1248.48120    
          35   10030.7109       1263.40857    
          36   10546.2031       1278.49988    
          37   11080.2021       1293.75659    
          38   11633.3711       1309.18262    
          39   12206.3994       1324.78333    
          40   12800.0000       1335.03540    
          41   13400.0000       1337.53870    
          42   14000.0000       1337.64990    
          43   14600.0000       1337.74768    
          44   15200.0000       1337.83411    
          45   15800.0000       1337.91089    
          46   16400.0000       1337.97949    
          47   17000.0000       1338.04102    
          48   17600.0000       1338.09619    
          49   18200.0000       1338.14612    
          50   18800.0000       1338.19128    
          51   19400.0000       1338.23242    

   initial conditions:

  WMAX  :   0.00000        1    1    1    WMIN  :   0.00000        1    1    1
  UMAX  :   44.7557        1    1   34    UMIN  :  -2.98623        1    1    2
  SUMAX :  -2.51742        1    1    1    SUMIN :  -2.51742        1    1    1
  VMAX  :   25.2104        1    1   32    VMIN  :   7.26398        1    1   39
  SVMAX :   9.64342        1    1    1    SVMIN :   9.64342        1    1    1
  PPIMAX:   0.00000        1    1    1    PPIMIN:   0.00000        1    1    1
  PPMAX :   0.00000        1    1    1    PPMIN :   0.00000        1    1    1
  THPMAX:   0.00000        1    1    1    THPMIN:   0.00000        1    1    1
  STHPMX:   0.00000        1    1    1    STHPMN:   0.00000        1    1    1
  MAXqv :  0.187040E-01    1    1    1    MINqv :  0.998735E-06    1    1   48
  MAXqc :   0.00000        1    1    1    MINqc :   0.00000        1    1    1
  MAXqr :   0.00000        1    1    1    MINqr :   0.00000        1    1    1
  MAXqi :   0.00000        1    1    1    MINqi :   0.00000        1    1    1
  MAXqs :   0.00000        1    1    1    MINqs :   0.00000        1    1    1
  MAXqg :   0.00000        1    1    1    MINqg :   0.00000        1    1    1
  MAXqhl:   0.00000        1    1    1    MINqhl:   0.00000        1    1    1
  MAXccn:  0.163265E+10    1    1    1    MINccn:  0.163265E+10    1    1    1
  MAXccw:   0.00000        1    1    1    MINccw:   0.00000        1    1    1
  MAXcrw:   0.00000        1    1    1    MINcrw:   0.00000        1    1    1
  MAXcci:   0.00000        1    1    1    MINcci:   0.00000        1    1    1
  MAXcsw:   0.00000        1    1    1    MINcsw:   0.00000        1    1    1
  MAXchw:   0.00000        1    1    1    MINchw:   0.00000        1    1    1
  MAXchl:   0.00000        1    1    1    MINchl:   0.00000        1    1    1
  MAXvhw:   0.00000        1    1    1    MINvhw:   0.00000        1    1    1
  MAXvhl:   0.00000        1    1    1    MINvhl:   0.00000        1    1    1
  TKEMAX:   0.00000        1    1    1    TKEMIN:   0.00000        1    1    1
  KMHMAX:  0.133823        1    1   51    KMHMIN:   0.00000        1    1    1
  KMVMAX:  0.133823        1    1   51    KMVMIN:   0.00000        1    1    1
  KHHMAX:  0.401470        1    1   51    KHHMIN:   0.00000        1    1    1
  KHVMAX:  0.401470        1    1   51    KHVMIN:   0.00000        1    1    1
  DIVMAX:   0.00000        1    1    1    DIVMIN:   0.00000        1    1    1
  RHMAX :  0.900729        1    1    5    RHMIN :  0.219052E-02    1    1   33
  RHIMAX:  0.732294        1    1    5    RHIMIN:  0.324651E-02    1    1   33
  THEMAX:   361.111        1    1    1    THEMIN:   318.752        1    1   16
  STHEMX:   361.111        1    1    1    STHEMN:   361.111        1    1    1
  QCTOP :      0.000000    1    1    1    QCBOT :      0.000000    1    1    1
  SFPMAX:   95166.3        1    1    1    SFPMIN:   95166.3        1    1    1
  PSFCMX:   96000.0        1    1    1    PSFCMN:   96000.0        1    1    1
  WSPMAX:   49.3824        1    1   34    WSPMIN:   9.96659        1    1    1
  SWSPMX:   9.96659        1    1    1    SWSPMN:   9.96659        1    1    1
  CFLMAX:      0.185184    1    1   34
  KSHMAX:  0.752756E-06    1    1   51
  KSVMAX:  0.553805E-04    1    1    5
  VORSFC:  0.000000E+00
  VOR1KM:  0.000000E+00
  VOR2KM:  0.000000E+00
  VOR3KM:  0.000000E+00
  VOR4KM:  0.000000E+00
  VOR5KM:  0.000000E+00
  TMASS :  0.207380E+15
  TMOIS :  0.728009E+12
  qv MAS:  0.728009E+12
  qc MAS:  0.000000E+00
  qr MAS:  0.000000E+00
  qi MAS:  0.000000E+00
  qs MAS:  0.000000E+00
  qg MAS:  0.000000E+00
  qhlMAS:  0.000000E+00
  TENERG:  0.521540E+20
  TMU   :  0.528525E+16
  TMV   :  0.346814E+16
  TMW   :  0.000000E+00
  TMFU  :  0.000000E+00
  TMFD  :  0.000000E+00
  tcond :  0.000000E+00
  tevac :  0.000000E+00
  tauto :  0.000000E+00
  taccr :  0.000000E+00
  tevar :  0.000000E+00
  train :  0.000000E+00
  erain :  0.000000E+00
  qsfc  :  0.000000E+00
  esfc  :  0.000000E+00
  erad  :  0.000000E+00
  asqv  :  0.000000E+00
  asqc  :  0.000000E+00
  asqr  :  0.000000E+00
  asqi  :  0.000000E+00
  asqs  :  0.000000E+00
  asqg  :  0.000000E+00
  asqhl :  0.000000E+00
  asccn :  0.000000E+00
  asccw :  0.000000E+00
  ascrw :  0.000000E+00
  ascci :  0.000000E+00
  ascsw :  0.000000E+00
  aschw :  0.000000E+00
  aschl :  0.000000E+00
  asvhw :  0.000000E+00
  asvhl :  0.000000E+00
  bsqv  :  0.000000E+00
  bsqc  :  0.000000E+00
  bsqr  :  0.000000E+00
  bsqi  :  0.000000E+00
  bsqs  :  0.000000E+00
  bsqg  :  0.000000E+00
  bsqhl :  0.000000E+00
  bsccn :  0.000000E+00
  bsccw :  0.000000E+00
  bscrw :  0.000000E+00
  bscci :  0.000000E+00
  bscsw :  0.000000E+00
  bschw :  0.000000E+00
  bschl :  0.000000E+00
  bsvhw :  0.000000E+00
  bsvhl :  0.000000E+00
 cm1out_stats.nc                                                       
   nrec =            1
   calling nf90_create 
   nwrite =            1
 cm1out.nc                                                             
   calling nf90_create 
     2d vars 
     s vars 
     u vars 
     v vars 
     w vars 

 Done Writing Data to File 

             0              0.000000 min 

 -------------Done with Preprocessors-----------


   Detected rstfrq = 0 
   ... writing restart file ... 

   string = cm1out_rst_000000.nc                                                  
  USING COMPRESSED netCDF4 
   leaving restart_prelim 

   ... stopping ... 

 Inside PARAM

   Everything is cool!
   ni,nj=          15          15


 dx        =   2000.00000    
 dy        =   2000.00000    
 dz        =   392.156860    
 dtl       =   7.50000000    
 timax     =   5400.00000    
 run_time  =   1200.00000    
 tapfrq    =   900.000000    
 rstfrq    =   300.000000    
 statfrq   =   60.0000000    
 prclfrq   =   60.0000000    

 adapt_dt  =           0
 irst      =           1
 rstnum    =           0
 iconly    =           0
 hadvordrs =           5
 vadvordrs =           5
 hadvordrv =           5
 vadvordrv =           5
 pdscheme  =           1
 apmasscon =           1
 advwenos  =           2
 advwenov  =           0
 idiff     =           0
 mdiff     =           0
 difforder =           6
 imoist    =           1
 iturb     =           1
 tconfig   =           1
 bcturbs   =           1
 dns       =           0
 irdamp    =           1
 hrdamp    =           0
 psolver   =           3
 nsound    =           6
 ptype     =          27
 ihail     =           1
 iautoc    =           1
 icor      =           0
 pertcor   =           0
 eqtset    =           2
 idiss     =           1
 efall     =           0
 rterm     =           0
 wbc       =           2
 ebc       =           2
 sbc       =           2
 nbc       =           2
 bbc       =           1
 tbc       =           1
 irbc      =           4
 roflux    =           0
 isnd      =           7
 iwnd      =           2
 itern     =           0
 iinit     =           0
 irandp    =           0
 ibalance  =           0
 iorigin   =           1
 axisymm   =           0
 imove     =           0
 iptra     =           0
 npt       =           1
 pdtra     =           1
 iprcl     =           0
 nparcels  =           1

 kdiff2    =   75.0000000    
 kdiff6    =   3.99999991E-02
 fcor      =   0.00000000    
 kdiv      =  0.100000001    
 alph      =  0.600000024    
 rdalpha   =   3.33333341E-03
 zd        =   15000.0000    
 xhd       =   100000.000    
 umove     =   0.00000000    
 vmove     =   0.00000000    
 v_t       =   7.00000000    
 l_h       =   100.000000    
 lhref1    =   100.000000    
 lhref2    =   1000.00000    
 l_inf     =   100.000000    
 ndcnst    =   250.000000    

 radopt    =           0
 dtrad     =   300.000000    
 ctrlat    =   35.2358284    
 ctrlon    =  -97.4619370    
 year      =        2003
 month     =           5
 day       =           8
 hour      =          20
 minute    =          40
 second    =           0

 isfcflx   =           0
 sfcmodel  =           0
 oceanmodel=           0
 ipbl      =           0
 initsfc   =           1
 tsk0      =   299.279999    
 tmn0      =   297.279999    
 xland0    =   2.00000000    
 lu0       =          16
 season    =           1
 cecd      =           3
 pertflx   =           0
 cnstce    =   1.00000005E-03
 cnstcd    =   1.00000005E-03
 isftcflx  =           0
 iz0tlnd   =           0
 oml_hml0  =   50.0000000    
 oml_gamma =  0.140000001    

 stretch_x =           0
 dx_inner  =   1000.00000    
 dx_outer  =   7000.00000    
 nos_x_len =   40000.0000    
 tot_x_len =   120000.000    

 stretch_y =           0
 dy_inner  =   1000.00000    
 dy_outer  =   7000.00000    
 nos_y_len =   40000.0000    
 tot_y_len =   120000.000    

 stretch_z =           2
 ztop      =   20000.0000    
 str_bot   =   0.00000000    
 str_top   =   8625.00000    
 dz_bot    =   150.000000    
 dz_top    =   600.000000    

 bc_temp   =           1
 ptc_top   =   250.000000    
 ptc_bot   =   300.000000    
 viscosity =   25.0000000    
 pr_num    =  0.720000029    

 var1      =   0.00000000    
 var2      =   0.00000000    
 var3      =   0.00000000    
 var4      =   0.00000000    
 var5      =   0.00000000    
 var6      =   0.00000000    
 var7      =   0.00000000    
 var8      =   0.00000000    
 var9      =   0.00000000    
 var10     =   0.00000000    

&NSSL2MOM_PARAMS
 RHO_QR=  1000.00000    ,
 CNOR=  8000000.00    ,
 RHO_QS=  100.000000    ,
 CNOS=  3000000.00    ,
 RHO_QH=  500.000000    ,
 CNOH=  40000.0000    ,
 CCN=  2.00000000E+09,
 INFALL=4          ,
 ALPHAH=  0.00000000    ,
 ALPHAHL= 0.500000000    ,
 IMURAIN=1          ,
 ICDX=3          ,
 ICDXHL=3          ,
 DFRZ=  1.50000007E-04,
 HLDNMN=  500.000000    ,
 IFERWISVENTR=2          ,
 IEHW=1          ,
 IEHLW=1          ,
 EHW0= 0.750000000    ,
 EHLW0= 0.750000000    ,
 DMRAUTO=0          ,
 IOLDLIMITER=0          ,
 /

 ZGRID:  STRETCH FAC  =    1.0359004512429237     
 ZGRID:  DOMAIN  HGT  =    20000.0000    

 ZGRID:  STRETCH FAC  =    1.0359004512429237     
 ZGRID:  DOMAIN  HGT  =    20000.0000    

 ZGRID:  STRETCH FAC  =    1.0359004512429237     
 ZGRID:  DOMAIN  HGT  =    20000.0000    

 ZGRID:  STRETCH FAC  =    1.0359004512429237     
 ZGRID:  DOMAIN  HGT  =    20000.0000    

 ZGRID:  STRETCH FAC  =    1.0359004512429237     
 ZGRID:  DOMAIN  HGT  =    20000.0000    

 ZGRID:  STRETCH FAC  =    1.0359004512429237     
 ZGRID:  DOMAIN  HGT  =    20000.0000    

 ZGRID:  STRETCH FAC  =    1.0359004512429237     
 ZGRID:  DOMAIN  HGT  =    20000.0000    

 ZGRID:  STRETCH FAC  =    1.0359004512429237     
 ZGRID:  DOMAIN  HGT  =    20000.0000    

 ZGRID:  STRETCH FAC  =    1.0359004512429237     
 ZGRID:  DOMAIN  HGT  =    20000.0000    

 ZGRID:  STRETCH FAC  =    1.0359004512429237     
 ZGRID:  DOMAIN  HGT  =    20000.0000    

 ZGRID:  STRETCH FAC  =    1.0359004512429237     
 ZGRID:  DOMAIN  HGT  =    20000.0000    

 ZGRID:  STRETCH FAC  =    1.0359004512429237     
 ZGRID:  DOMAIN  HGT  =    20000.0000    

 ZGRID:  STRETCH FAC  =    1.0359004512429237     
 ZGRID:  DOMAIN  HGT  =    20000.0000    

 ZGRID:  STRETCH FAC  =    1.0359004512429237     
 ZGRID:  DOMAIN  HGT  =    20000.0000    

 ZGRID:  STRETCH FAC  =    1.0359004512429237     
 ZGRID:  DOMAIN  HGT  =    20000.0000    

 ZGRID:  STRETCH FAC  =    1.0359004512429237     
 ZGRID:  DOMAIN  HGT  =    20000.0000    

 ZGRID:  STRETCH FAC  =    1.0359004512429237     
 ZGRID:  DOMAIN  HGT  =    20000.0000    

 ZGRID:  STRETCH FAC  =    1.0359004512429237     
 ZGRID:  DOMAIN  HGT  =    20000.0000    

 ZGRID:  STRETCH FAC  =    1.0359004512429237     
 ZGRID:  DOMAIN  HGT  =    20000.0000    

 ZGRID:  STRETCH FAC  =    1.0359004512429237     
 ZGRID:  DOMAIN  HGT  =    20000.0000    

 ZGRID:  STRETCH FAC  =    1.0359004512429237     
 ZGRID:  DOMAIN  HGT  =    20000.0000    

 ZGRID:  STRETCH FAC  =    1.0359004512429237     
 ZGRID:  DOMAIN  HGT  =    20000.0000    

 ZGRID:  STRETCH FAC  =    1.0359004512429237     
 ZGRID:  DOMAIN  HGT  =    20000.0000    

 ZGRID:  STRETCH FAC  =    1.0359004512429237     
 ZGRID:  DOMAIN  HGT  =    20000.0000    

 iice      =           1
 idm       =           1
 idmplus   =           1
 numq      =          16
 nqv       =           1
 nqc       =           2
 nqr       =           3
 nqi       =           4
 nqs       =           5
 nqg       =           6
 nql1      =           2
 nql2      =           3
 nqs1      =           4
 nqs2      =           7
 nnc1      =           8
 nnc2      =          14
 nvl1      =          15
 nvl2      =          16
 nzl1      =           1
 nzl2      =           1

 nrain     =           1


 output_path      = ./                                                                    
 output_basename  = cm1out                                                                
 output_format    =           2
 output_filetype  =           1
 output_interp    =           0
 output_rain      =           1
 output_sws       =           1
 output_svs       =           1
 output_sps       =           1
 output_srs       =           1
 output_sgs       =           1
 output_sus       =           1
 output_shs       =           1
 output_coldpool  =           0
 output_sfcflx    =           0
 output_sfcparams =           0
 output_sfcdiags  =           0
 output_psfc      =           0
 output_zs        =           0
 output_zh        =           0
 output_basestate =           0
 output_th        =           1
 output_thpert    =           0
 output_prs       =           1
 output_prspert   =           0
 output_pi        =           0
 output_pipert    =           0
 output_rho       =           1
 output_rhopert   =           1
 output_tke       =           1
 output_km        =           1
 output_kh        =           1
 output_qv        =           1
 output_qvpert    =           0
 output_q         =           1
 output_dbz       =           1
 output_buoyancy  =           0
 output_u         =           1
 output_upert     =           0
 output_uinterp   =           1
 output_v         =           1
 output_vpert     =           0
 output_vinterp   =           1
 output_w         =           1
 output_winterp   =           1
 output_vort      =           0
 output_pv        =           0
 output_uh        =           0
 output_pblten    =           0
 output_dissten   =           0
 output_dissheat  =           0
 output_mptend    =           0
 output_fallvel   =           0
 output_nm        =           0
 output_def       =           0
 output_turbten   =           0
 output_impdiften =           0
 output_radten    =           0


 restart_format       =            2
 restart_filetype     =            1
 restart_file_theta   =  T
 restart_file_dbz     =  T
 restart_file_th0     =  T
 restart_file_prs0    =  T
 restart_file_pi0     =  T
 restart_file_rho0    =  T
 restart_file_qv0     =  T
 restart_file_u0      =  T
 restart_file_v0      =  T
 restart_file_zs      =  F
 restart_file_zh      =  F
 restart_file_zf      =  F
 restart_file_diags   =  F
 restart_use_theta    =  T
 restart_reset_frqtim =  T

   maxk =           51


   myid,mynode             =            0           0
   nodemaster,nodes,ppnode =            0           1          25
   nodex,nodey             =            5           5

   d2i   =           80
   d2is  =           75
   d2iu  =           76
   d2iv  =           75

   d2j   =           80
   d2js  =           75
   d2ju  =           75
   d2jv  =           76

   d3i   =           16
   d3is  =           15
   d3iu  =           16
   d3iv  =           15

   d3j   =           16
   d3js  =           15
   d3ju  =           15
   d3jv  =           16

   d3n   =           25
   d3t   =           24


 stat_w       =            1
 stat_u       =            1
 stat_v       =            1
 stat_rmw     =            0
 stat_pipert  =            1
 stat_prspert =            1
 stat_thpert  =            1
 stat_q       =            1
 stat_tke     =            1
 stat_km      =            1
 stat_kh      =            1
 stat_div     =            1
 stat_rh      =            1
 stat_rhi     =            1
 stat_the     =            1
 stat_cloud   =            1
 stat_sfcprs  =            1
 stat_wsp     =            1
 stat_cfl     =            1
 stat_vort    =            1
 stat_tmass   =            1
 stat_tmois   =            1
 stat_qmass   =            1
 stat_tenerg  =            1
 stat_mo      =            1
 stat_tmf     =            1
 stat_pcn     =            1
 stat_qsrc    =            1

 stat_out =          150


 prcl_th      =            0
 prcl_t       =            0
 prcl_prs     =            0
 prcl_ptra    =            0
 prcl_q       =            0
 prcl_nc      =            0
 prcl_km      =            0
 prcl_kh      =            0
 prcl_tke     =            0
 prcl_dbz     =            0
 prcl_b       =            0
 prcl_vpg     =            0
 prcl_vort    =            0
 prcl_rho     =            0
 prcl_qsat    =            0
 prcl_sfc     =            0


   c_m,c_l,ri_c  =   0.100000001      0.816500008      0.250000000    
   c_e1,c_e2,sum =   0.200001687      0.786958814      0.986960530    
   c_s,rcs       =   0.178412408       5.60499144    

   nparcels =            1
   npvals   =            1
     prx      =            0
     pry      =            0
     prz      =            0
     pru      =            0
     prv      =            0
     prw      =            0
     prth     =            0
     prt      =            0
     prprs    =            0
     prpt1    =            0
     prpt2    =            0
     prqv     =            0
     prq1     =            0
     prq2     =            0
     prnc1    =            0
     prnc2    =            0
     prkm     =            0
     prkh     =            0
     prtke    =            0
     prdbz    =            0
     prb      =            0
     prvpg    =            0
     przv     =            0
     prrho    =            0
     prqsl    =            0
     prqsi    =            0
     prznt    =            0
     prust    =            0

   myi,myj=           1           1

   mywest  =           4
   myeast  =           1
   mysouth =          20
   mynorth =           5

   mysw    =          24
   mynw    =           9
   myne    =           6
   myse    =          21

   cs1we   =         765
   cs1sn   =         765
   ct1we   =         780
   ct1sn   =         780
   cv1we   =         816
   cu1sn   =         816
   cw1we   =         750
   cw1sn   =         750
   cs2we   =        1530
   cs2sn   =        1530
   cs3we   =        2295
   cs3sn   =        2295
   ct3we   =        2340
   ct3sn   =        2340
   cv3we   =        2448
   cu3sn   =        2448
   cw3we   =        2250
   cw3sn   =        2250


 g     =   9.81000042    
 to    =   273.149994    
 rd    =   287.040009    
 rv    =   461.500000    
 cp    =   1005.70001    
 cv    =   718.660034    
 cpv   =   1870.00000    
 cvv   =   1408.50000    
 p00   =   100000.000    
 rp00  =   9.99999975E-06
 th0r  =   300.000000    
 rcp   =   9.94332251E-04
 pi    =   3.14159274    

 cpdcv =   1.39941001    
 rovcp =  0.285413146    
 rddcv =  0.399410009    
 cvdrd =   2.50369287    
 cpdrd =   3.50369287    
 eps   =  0.621971846    
 reps  =   1.60778975    
 repsm1=  0.607789755    
 cpt   =  0.859401345    
 cvt   =  0.959897518    
 pnum  =  -72634.2500    
 xlv   =   2501000.00    
 xls   =   2834000.00    
 lvdcp =   2486.82495    
 condc =   13476814.0    
 cpl   =   4190.00000    
 cpi   =   2106.00000    
 lv1   =   3134708.00    
 lv2   =   2320.00000    
 ls1   =   2898463.50    
 ls2   =   236.000000    
 karman=  0.400000006    

 timeformat   =           2
 timestats    =           1
 terrain_flag = F
 procfiles    = F

 nx    =          75
 ny    =          75
 nz    =          51

 nodex    =           5
 nodey    =           5
 numprocs =          25
 ppnode   =          25

 ni    =          15
 nj    =          15
 nk    =          51
 nkp1  =          52

 ib,ibm,ibi,ibc,ibt=       -2       -2       -2       -2       -2
 ie,iem,iei,iec,iet=       18       18       18       18       18
 jb,jbm,jbi,jbc,jbt=       -2       -2       -2       -2       -2
 je,jem,jei,jec,jet=       18       18       18       18       18
 kb,kbm,kbi,kbc,kbt=        0        0        0        0        0
 ke,kem,kei,kec,ket=       52       52       52       53       53

 imirror,jmirror =            0           0

 ibp,itb,ipb,ibr,ibb=        1        1        1        1        1
 iep,ite,ipe,ier,ieb=        1        1        1        1        1
 jbp,jtb,jpb,jbr,jbb=        1        1        1        1        1
 jep,jte,jpe,jer,jeb=        1        1        1        1        1
 kbp,ktb,kpb,kbr,kbb=        1        1        1        1        1
 kep,kte,kpe,ker,keb=        1        1        1        1        1

 ibd               =        1
 ied               =        1
 jbd               =        1
 jed               =        1
 kbd               =        1
 ked               =        1

 ibl               =        1
 iel               =        1
 jbl               =        1
 jel               =        1

 imp,jmp,kmp,kmt,rmp,cmp =     15     15     51     52      8      3

 rdx    =   5.00000024E-04
 rdy    =   5.00000024E-04
 rdz    =   2.55000009E-03
 rdx2   =   2.50000012E-04
 rdy2   =   2.50000012E-04
 rdz2   =   1.27500005E-03
 rdx4   =   1.25000006E-04
 rdy4   =   1.25000006E-04
 rdz4   =   6.37500023E-04
 govtwo =   4.90500021    
 clwsat =   9.99999997E-07
 smeps  =   1.00000000E-30
 tsmall =   9.99999975E-05
 qsmall =   9.99999982E-15
 cstar  =   30.0000000    
 csmax  =   350.000000    
 epsilon=   1.00000005E-18


 x:
      i         xf           xh         dx         uf         uh
 ---------------------------------------------------------------
      -2      -6000.00      -5000.00     2000.00     1.0000     1.0000   x
      -1      -4000.00      -3000.00     2000.00     1.0000     1.0000   x
       0      -2000.00      -1000.00     2000.00     1.0000     1.0000   x
       1          0.00       1000.00     2000.00     1.0000     1.0000    
       2       2000.00       3000.00     2000.00     1.0000     1.0000    
       3       4000.00       5000.00     2000.00     1.0000     1.0000    
       4       6000.00       7000.00     2000.00     1.0000     1.0000    
       5       8000.00       9000.00     2000.00     1.0000     1.0000    
       6      10000.00      11000.00     2000.00     1.0000     1.0000    
       7      12000.00      13000.00     2000.00     1.0000     1.0000    
       8      14000.00      15000.00     2000.00     1.0000     1.0000    
       9      16000.00      17000.00     2000.00     1.0000     1.0000    
      10      18000.00      19000.00     2000.00     1.0000     1.0000    
      11      20000.00      21000.00     2000.00     1.0000     1.0000    
      12      22000.00      23000.00     2000.00     1.0000     1.0000    
      13      24000.00      25000.00     2000.00     1.0000     1.0000    
      14      26000.00      27000.00     2000.00     1.0000     1.0000    
      15      28000.00      29000.00     2000.00     1.0000     1.0000    
      16      30000.00      31000.00     2000.00     1.0000     1.0000    
      17      32000.00      33000.00     2000.00     1.0000     1.0000    
      18      34000.00      35000.00     2000.00     1.0000     1.0000    
      19      36000.00      37000.00     2000.00     1.0000     1.0000    
      20      38000.00      39000.00     2000.00     1.0000     1.0000    
      21      40000.00      41000.00     2000.00     1.0000     1.0000    
      22      42000.00      43000.00     2000.00     1.0000     1.0000    
      23      44000.00      45000.00     2000.00     1.0000     1.0000    
      24      46000.00      47000.00     2000.00     1.0000     1.0000    
      25      48000.00      49000.00     2000.00     1.0000     1.0000    
      26      50000.00      51000.00     2000.00     1.0000     1.0000    
      27      52000.00      53000.00     2000.00     1.0000     1.0000    
      28      54000.00      55000.00     2000.00     1.0000     1.0000    
      29      56000.00      57000.00     2000.00     1.0000     1.0000    
      30      58000.00      59000.00     2000.00     1.0000     1.0000    
      31      60000.00      61000.00     2000.00     1.0000     1.0000    
      32      62000.00      63000.00     2000.00     1.0000     1.0000    
      33      64000.00      65000.00     2000.00     1.0000     1.0000    
      34      66000.00      67000.00     2000.00     1.0000     1.0000    
      35      68000.00      69000.00     2000.00     1.0000     1.0000    
      36      70000.00      71000.00     2000.00     1.0000     1.0000    
      37      72000.00      73000.00     2000.00     1.0000     1.0000    
      38      74000.00      75000.00     2000.00     1.0000     1.0000    
      39      76000.00      77000.00     2000.00     1.0000     1.0000    
      40      78000.00      79000.00     2000.00     1.0000     1.0000    
      41      80000.00      81000.00     2000.00     1.0000     1.0000    
      42      82000.00      83000.00     2000.00     1.0000     1.0000    
      43      84000.00      85000.00     2000.00     1.0000     1.0000    
      44      86000.00      87000.00     2000.00     1.0000     1.0000    
      45      88000.00      89000.00     2000.00     1.0000     1.0000    
      46      90000.00      91000.00     2000.00     1.0000     1.0000    
      47      92000.00      93000.00     2000.00     1.0000     1.0000    
      48      94000.00      95000.00     2000.00     1.0000     1.0000    
      49      96000.00      97000.00     2000.00     1.0000     1.0000    
      50      98000.00      99000.00     2000.00     1.0000     1.0000    
      51     100000.00     101000.00     2000.00     1.0000     1.0000    
      52     102000.00     103000.00     2000.00     1.0000     1.0000    
      53     104000.00     105000.00     2000.00     1.0000     1.0000    
      54     106000.00     107000.00     2000.00     1.0000     1.0000    
      55     108000.00     109000.00     2000.00     1.0000     1.0000    
      56     110000.00     111000.00     2000.00     1.0000     1.0000    
      57     112000.00     113000.00     2000.00     1.0000     1.0000    
      58     114000.00     115000.00     2000.00     1.0000     1.0000    
      59     116000.00     117000.00     2000.00     1.0000     1.0000    
      60     118000.00     119000.00     2000.00     1.0000     1.0000    
      61     120000.00     121000.00     2000.00     1.0000     1.0000    
      62     122000.00     123000.00     2000.00     1.0000     1.0000    
      63     124000.00     125000.00     2000.00     1.0000     1.0000    
      64     126000.00     127000.00     2000.00     1.0000     1.0000    
      65     128000.00     129000.00     2000.00     1.0000     1.0000    
      66     130000.00     131000.00     2000.00     1.0000     1.0000    
      67     132000.00     133000.00     2000.00     1.0000     1.0000    
      68     134000.00     135000.00     2000.00     1.0000     1.0000    
      69     136000.00     137000.00     2000.00     1.0000     1.0000    
      70     138000.00     139000.00     2000.00     1.0000     1.0000    
      71     140000.00     141000.00     2000.00     1.0000     1.0000    
      72     142000.00     143000.00     2000.00     1.0000     1.0000    
      73     144000.00     145000.00     2000.00     1.0000     1.0000    
      74     146000.00     147000.00     2000.00     1.0000     1.0000    
      75     148000.00     149000.00     2000.00     1.0000     1.0000    
      76     150000.00     151000.00     2000.00     1.0000     1.0000   x
      77     152000.00     153000.00     2000.00     1.0000     1.0000   x
      78     154000.00     155000.00     2000.00     1.0000     1.0000   x
      79     156000.00                               1.0000


 y:
      j         yf           yh         dy         vf         vh
 ---------------------------------------------------------------
      -2      -6000.00      -5000.00     2000.00     1.0000     1.0000   x
      -1      -4000.00      -3000.00     2000.00     1.0000     1.0000   x
       0      -2000.00      -1000.00     2000.00     1.0000     1.0000   x
       1          0.00       1000.00     2000.00     1.0000     1.0000    
       2       2000.00       3000.00     2000.00     1.0000     1.0000    
       3       4000.00       5000.00     2000.00     1.0000     1.0000    
       4       6000.00       7000.00     2000.00     1.0000     1.0000    
       5       8000.00       9000.00     2000.00     1.0000     1.0000    
       6      10000.00      11000.00     2000.00     1.0000     1.0000    
       7      12000.00      13000.00     2000.00     1.0000     1.0000    
       8      14000.00      15000.00     2000.00     1.0000     1.0000    
       9      16000.00      17000.00     2000.00     1.0000     1.0000    
      10      18000.00      19000.00     2000.00     1.0000     1.0000    
      11      20000.00      21000.00     2000.00     1.0000     1.0000    
      12      22000.00      23000.00     2000.00     1.0000     1.0000    
      13      24000.00      25000.00     2000.00     1.0000     1.0000    
      14      26000.00      27000.00     2000.00     1.0000     1.0000    
      15      28000.00      29000.00     2000.00     1.0000     1.0000    
      16      30000.00      31000.00     2000.00     1.0000     1.0000    
      17      32000.00      33000.00     2000.00     1.0000     1.0000    
      18      34000.00      35000.00     2000.00     1.0000     1.0000    
      19      36000.00      37000.00     2000.00     1.0000     1.0000    
      20      38000.00      39000.00     2000.00     1.0000     1.0000    
      21      40000.00      41000.00     2000.00     1.0000     1.0000    
      22      42000.00      43000.00     2000.00     1.0000     1.0000    
      23      44000.00      45000.00     2000.00     1.0000     1.0000    
      24      46000.00      47000.00     2000.00     1.0000     1.0000    
      25      48000.00      49000.00     2000.00     1.0000     1.0000    
      26      50000.00      51000.00     2000.00     1.0000     1.0000    
      27      52000.00      53000.00     2000.00     1.0000     1.0000    
      28      54000.00      55000.00     2000.00     1.0000     1.0000    
      29      56000.00      57000.00     2000.00     1.0000     1.0000    
      30      58000.00      59000.00     2000.00     1.0000     1.0000    
      31      60000.00      61000.00     2000.00     1.0000     1.0000    
      32      62000.00      63000.00     2000.00     1.0000     1.0000    
      33      64000.00      65000.00     2000.00     1.0000     1.0000    
      34      66000.00      67000.00     2000.00     1.0000     1.0000    
      35      68000.00      69000.00     2000.00     1.0000     1.0000    
      36      70000.00      71000.00     2000.00     1.0000     1.0000    
      37      72000.00      73000.00     2000.00     1.0000     1.0000    
      38      74000.00      75000.00     2000.00     1.0000     1.0000    
      39      76000.00      77000.00     2000.00     1.0000     1.0000    
      40      78000.00      79000.00     2000.00     1.0000     1.0000    
      41      80000.00      81000.00     2000.00     1.0000     1.0000    
      42      82000.00      83000.00     2000.00     1.0000     1.0000    
      43      84000.00      85000.00     2000.00     1.0000     1.0000    
      44      86000.00      87000.00     2000.00     1.0000     1.0000    
      45      88000.00      89000.00     2000.00     1.0000     1.0000    
      46      90000.00      91000.00     2000.00     1.0000     1.0000    
      47      92000.00      93000.00     2000.00     1.0000     1.0000    
      48      94000.00      95000.00     2000.00     1.0000     1.0000    
      49      96000.00      97000.00     2000.00     1.0000     1.0000    
      50      98000.00      99000.00     2000.00     1.0000     1.0000    
      51     100000.00     101000.00     2000.00     1.0000     1.0000    
      52     102000.00     103000.00     2000.00     1.0000     1.0000    
      53     104000.00     105000.00     2000.00     1.0000     1.0000    
      54     106000.00     107000.00     2000.00     1.0000     1.0000    
      55     108000.00     109000.00     2000.00     1.0000     1.0000    
      56     110000.00     111000.00     2000.00     1.0000     1.0000    
      57     112000.00     113000.00     2000.00     1.0000     1.0000    
      58     114000.00     115000.00     2000.00     1.0000     1.0000    
      59     116000.00     117000.00     2000.00     1.0000     1.0000    
      60     118000.00     119000.00     2000.00     1.0000     1.0000    
      61     120000.00     121000.00     2000.00     1.0000     1.0000    
      62     122000.00     123000.00     2000.00     1.0000     1.0000    
      63     124000.00     125000.00     2000.00     1.0000     1.0000    
      64     126000.00     127000.00     2000.00     1.0000     1.0000    
      65     128000.00     129000.00     2000.00     1.0000     1.0000    
      66     130000.00     131000.00     2000.00     1.0000     1.0000    
      67     132000.00     133000.00     2000.00     1.0000     1.0000    
      68     134000.00     135000.00     2000.00     1.0000     1.0000    
      69     136000.00     137000.00     2000.00     1.0000     1.0000    
      70     138000.00     139000.00     2000.00     1.0000     1.0000    
      71     140000.00     141000.00     2000.00     1.0000     1.0000    
      72     142000.00     143000.00     2000.00     1.0000     1.0000    
      73     144000.00     145000.00     2000.00     1.0000     1.0000    
      74     146000.00     147000.00     2000.00     1.0000     1.0000    
      75     148000.00     149000.00     2000.00     1.0000     1.0000    
      76     150000.00     151000.00     2000.00     1.0000     1.0000   x
      77     152000.00     153000.00     2000.00     1.0000     1.0000   x
      78     154000.00     155000.00     2000.00     1.0000     1.0000   x
      79     156000.00                               1.0000


 ZGRID:  STRETCH FAC  =    1.0359004512429237     
 ZGRID:  DOMAIN  HGT  =    20000.0000    
 k,gzc,gze =            1   77.692535400390625        0.0000000000000000     
 k,gzc,gze =            2   235.86680603027344        155.38507080078125     
 k,gzc,gze =            3   399.71958923339844        316.34854125976562     
 k,gzc,gze =            4   569.45477294921875        483.09063720703125     
 k,gzc,gze =            5   745.28353881835938        655.81890869140625     
 k,gzc,gze =            6   927.42462158203125        834.74816894531250     
 k,gzc,gze =            7   1116.1046142578125        1020.1010742187500     
 k,gzc,gze =            8   1311.5583496093750        1212.1081542968750     
 k,gzc,gze =            9   1514.0289916992188        1411.0085449218750     
 k,gzc,gze =           10   1723.7683715820312        1617.0494384765625     
 k,gzc,gze =           11   1941.0374755859375        1830.4873046875000     
 k,gzc,gze =           12   2166.1066894531250        2051.5876464843750     
 k,gzc,gze =           13   2399.2559814453125        2280.6257324218750     
 k,gzc,gze =           14   2640.7753906250000        2517.8862304687500     
 k,gzc,gze =           15   2890.9654541015625        2763.6645507812500     
 k,gzc,gze =           16   3150.1374511718750        3018.2663574218750     
 k,gzc,gze =           17   3418.6138916015625        3282.0085449218750     
 k,gzc,gze =           18   3696.7287597656250        3555.2192382812500     
 k,gzc,gze =           19   3984.8281250000000        3838.2382812500000     
 k,gzc,gze =           20   4283.2702636718750        4131.4179687500000     
 k,gzc,gze =           21   4592.4265136718750        4435.1225585937500     
 k,gzc,gze =           22   4912.6818847656250        4749.7304687500000     
 k,gzc,gze =           23   5244.4345703125000        5075.6333007812500     
 k,gzc,gze =           24   5588.0971679687500        5413.2358398437500     
 k,gzc,gze =           25   5944.0974121093750        5762.9584960937500     
 k,gzc,gze =           26   6312.8781738281250        6125.2363281250000     
 k,gzc,gze =           27   6694.8984375000000        6500.5200195312500     
 k,gzc,gze =           28   7090.6335449218750        6889.2768554687500     
 k,gzc,gze =           29   7500.5754394531250        7291.9902343750000     
 k,gzc,gze =           30   7925.2343750000000        7709.1606445312500     
 k,gzc,gze =           31   8365.1389160156250        8141.3081054687500     
 k,gzc,gze =           32   8820.8364257812500        8588.9697265625000     
 k,gzc,gze =           33   9292.8935546875000        9052.7031250000000     
 k,gzc,gze =           34   9781.8974609375000        9533.0839843750000     
 k,gzc,gze =           35   10288.457031250000        10030.710937500000     
 k,gzc,gze =           36   10813.202636718750        10546.203125000000     
 k,gzc,gze =           37   11356.786621093750        11080.202148437500     
 k,gzc,gze =           38   11919.885253906250        11633.371093750000     
 k,gzc,gze =           39   12503.199707031250        12206.399414062500     
 k,gzc,gze =           40   13100.000000000000        12800.000000000000     
 k,gzc,gze =           41   13700.000000000000        13400.000000000000     
 k,gzc,gze =           42   14300.000000000000        14000.000000000000     
 k,gzc,gze =           43   14900.000000000000        14600.000000000000     
 k,gzc,gze =           44   15500.000000000000        15200.000000000000     
 k,gzc,gze =           45   16100.000000000000        15800.000000000000     
 k,gzc,gze =           46   16700.000000000000        16400.000000000000     
 k,gzc,gze =           47   17300.000000000000        17000.000000000000     
 k,gzc,gze =           48   17900.000000000000        17600.000000000000     
 k,gzc,gze =           49   18500.000000000000        18200.000000000000     
 k,gzc,gze =           50   19100.000000000000        18800.000000000000     
 k,gzc,gze =           51   19700.000000000000        19400.000000000000     
 k,gzc,gze =           52   20300.000000000000        20000.000000000000     

 model heights:
     k       zf         zh         dz         mf         mh
 ---------------------------------------------------------------
      1       0.00      77.69     155.39     2.5238     2.5238
      2     155.39     235.87     160.96     2.4793     2.4363
      3     316.35     399.72     166.74     2.3933     2.3519
      4     483.09     569.45     172.73     2.3104     2.2704
      5     655.82     745.28     178.93     2.2303     2.1917
      6     834.75     927.42     185.35     2.1530     2.1157
      7    1020.10    1116.10     192.01     2.0784     2.0424
      8    1212.11    1311.56     198.90     2.0064     1.9716
      9    1411.01    1514.03     206.04     1.9369     1.9033
     10    1617.05    1723.77     213.44     1.8697     1.8373
     11    1830.49    1941.04     221.10     1.8049     1.7737
     12    2051.59    2166.11     229.04     1.7424     1.7122
     13    2280.63    2399.26     237.26     1.6820     1.6529
     14    2517.89    2640.78     245.78     1.6237     1.5956
     15    2763.66    2890.97     254.60     1.5674     1.5403
     16    3018.27    3150.14     263.74     1.5131     1.4869
     17    3282.01    3418.61     273.21     1.4607     1.4354
     18    3555.22    3696.73     283.02     1.4101     1.3856
     19    3838.24    3984.83     293.18     1.3612     1.3376
     20    4131.42    4283.27     303.70     1.3140     1.2912
     21    4435.12    4592.43     314.61     1.2685     1.2465
     22    4749.73    4912.68     325.90     1.2245     1.2033
     23    5075.63    5244.43     337.60     1.1821     1.1616
     24    5413.24    5588.10     349.72     1.1411     1.1213
     25    5762.96    5944.10     362.28     1.1016     1.0825
     26    6125.24    6312.88     375.28     1.0634     1.0450
     27    6500.52    6694.90     388.76     1.0265     1.0087
     28    6889.28    7090.63     402.71     0.9910     0.9738
     29    7291.99    7500.58     417.17     0.9566     0.9400
     30    7709.16    7925.23     432.15     0.9235     0.9075
     31    8141.31    8365.14     447.66     0.8915     0.8760
     32    8588.97    8820.84     463.73     0.8606     0.8457
     33    9052.70    9292.89     480.38     0.8307     0.8163
     34    9533.08    9781.90     497.63     0.8020     0.7881
     35   10030.71   10288.46     515.49     0.7742     0.7607
     36   10546.20   10813.20     534.00     0.7473     0.7344
     37   11080.20   11356.79     553.17     0.7214     0.7089
     38   11633.37   11919.88     573.03     0.6964     0.6844
     39   12206.40   12503.20     593.60     0.6723     0.6606
     40   12800.00   13100.00     600.00     0.6571     0.6536
     41   13400.00   13700.00     600.00     0.6536     0.6536
     42   14000.00   14300.00     600.00     0.6536     0.6536
     43   14600.00   14900.00     600.00     0.6536     0.6536
     44   15200.00   15500.00     600.00     0.6536     0.6536
     45   15800.00   16100.00     600.00     0.6536     0.6536
     46   16400.00   16700.00     600.00     0.6536     0.6536
     47   17000.00   17300.00     600.00     0.6536     0.6536
     48   17600.00   17900.00     600.00     0.6536     0.6536
     49   18200.00   18500.00     600.00     0.6536     0.6536
     50   18800.00   19100.00     600.00     0.6536     0.6536
     51   19400.00   19700.00     600.00     0.6536     0.6536
     52   20000.00                           0.6536

   patchsww = F
   patchnww = T
   patchsee = F
   patchnee = F
   patchsws = F
   patchses = T
   patchnwn = F
   patchnen = F

   p2tchsww = T
   p2tchnww = F
   p2tchsee = F
   p2tchnee = F
   p2tchsws = T
   p2tchses = F
   p2tchnwn = F
   p2tchnen = F

   minx =    0.00000000    
   maxx =    150000.000    
   miny =    0.00000000    
   maxy =    150000.000    
   maxz =    20000.0000    

   ibw =           1
   ibe =           0
   ibs =           1
   ibn =           0

   min_dx =    2000.00000    
   max_dx =    2000.00000    
   min_dy =    2000.00000    
   max_dy =    2000.00000    
   min_dz =    155.385071    
   max_dz =    600.000000    


   k,c1,c2,zhm1,zf,zh:
      1    0.5000    0.5000     -77.69       0.00      77.69
      2    0.5088    0.4912      77.69     155.39     235.87
      3    0.5088    0.4912     235.87     316.35     399.72
      4    0.5088    0.4912     399.72     483.09     569.45
      5    0.5088    0.4912     569.45     655.82     745.28
      6    0.5088    0.4912     745.28     834.75     927.42
      7    0.5088    0.4912     927.42    1020.10    1116.10
      8    0.5088    0.4912    1116.10    1212.11    1311.56
      9    0.5088    0.4912    1311.56    1411.01    1514.03
     10    0.5088    0.4912    1514.03    1617.05    1723.77
     11    0.5088    0.4912    1723.77    1830.49    1941.04
     12    0.5088    0.4912    1941.04    2051.59    2166.11
     13    0.5088    0.4912    2166.11    2280.63    2399.26
     14    0.5088    0.4912    2399.26    2517.89    2640.78
     15    0.5088    0.4912    2640.78    2763.66    2890.97
     16    0.5088    0.4912    2890.97    3018.27    3150.14
     17    0.5088    0.4912    3150.14    3282.01    3418.61
     18    0.5088    0.4912    3418.61    3555.22    3696.73
     19    0.5088    0.4912    3696.73    3838.24    3984.83
     20    0.5088    0.4912    3984.83    4131.42    4283.27
     21    0.5088    0.4912    4283.27    4435.12    4592.43
     22    0.5088    0.4912    4592.43    4749.73    4912.68
     23    0.5088    0.4912    4912.68    5075.63    5244.43
     24    0.5088    0.4912    5244.43    5413.24    5588.10
     25    0.5088    0.4912    5588.10    5762.96    5944.10
     26    0.5088    0.4912    5944.10    6125.24    6312.88
     27    0.5088    0.4912    6312.88    6500.52    6694.90
     28    0.5088    0.4912    6694.90    6889.28    7090.63
     29    0.5088    0.4912    7090.63    7291.99    7500.58
     30    0.5088    0.4912    7500.58    7709.16    7925.23
     31    0.5088    0.4912    7925.23    8141.31    8365.14
     32    0.5088    0.4912    8365.14    8588.97    8820.84
     33    0.5088    0.4912    8820.84    9052.70    9292.89
     34    0.5088    0.4912    9292.89    9533.08    9781.90
     35    0.5088    0.4912    9781.90   10030.71   10288.46
     36    0.5088    0.4912   10288.46   10546.20   10813.20
     37    0.5088    0.4912   10813.20   11080.20   11356.79
     38    0.5088    0.4912   11356.79   11633.37   11919.88
     39    0.5088    0.4912   11919.88   12206.40   12503.20
     40    0.5027    0.4973   12503.20   12800.00   13100.00
     41    0.5000    0.5000   13100.00   13400.00   13700.00
     42    0.5000    0.5000   13700.00   14000.00   14300.00
     43    0.5000    0.5000   14300.00   14600.00   14900.00
     44    0.5000    0.5000   14900.00   15200.00   15500.00
     45    0.5000    0.5000   15500.00   15800.00   16100.00
     46    0.5000    0.5000   16100.00   16400.00   16700.00
     47    0.5000    0.5000   16700.00   17000.00   17300.00
     48    0.5000    0.5000   17300.00   17600.00   17900.00
     49    0.5000    0.5000   17900.00   18200.00   18500.00
     50    0.5000    0.5000   18500.00   18800.00   19100.00
     51    0.5000    0.5000   19100.00   19400.00   19700.00
     52    0.5000    0.5000   19700.00   20000.00   20300.00


   ------ tauf, tauh -----
           1   0.00000000       0.00000000    
           2   0.00000000       0.00000000    
           3   0.00000000       0.00000000    
           4   0.00000000       0.00000000    
           5   0.00000000       0.00000000    
           6   0.00000000       0.00000000    
           7   0.00000000       0.00000000    
           8   0.00000000       0.00000000    
           9   0.00000000       0.00000000    
          10   0.00000000       0.00000000    
          11   0.00000000       0.00000000    
          12   0.00000000       0.00000000    
          13   0.00000000       0.00000000    
          14   0.00000000       0.00000000    
          15   0.00000000       0.00000000    
          16   0.00000000       0.00000000    
          17   0.00000000       0.00000000    
          18   0.00000000       0.00000000    
          19   0.00000000       0.00000000    
          20   0.00000000       0.00000000    
          21   0.00000000       0.00000000    
          22   0.00000000       0.00000000    
          23   0.00000000       0.00000000    
          24   0.00000000       0.00000000    
          25   0.00000000       0.00000000    
          26   0.00000000       0.00000000    
          27   0.00000000       0.00000000    
          28   0.00000000       0.00000000    
          29   0.00000000       0.00000000    
          30   0.00000000       0.00000000    
          31   0.00000000       0.00000000    
          32   0.00000000       0.00000000    
          33   0.00000000       0.00000000    
          34   0.00000000       0.00000000    
          35   0.00000000       0.00000000    
          36   0.00000000       0.00000000    
          37   0.00000000       0.00000000    
          38   0.00000000       0.00000000    
          39   0.00000000       0.00000000    
          40   0.00000000       0.00000000    
          41   0.00000000       0.00000000    
          42   0.00000000       0.00000000    
          43   0.00000000       0.00000000    
          44   3.94263864E-03   2.44717300E-02
          45   6.18466735E-02  0.114743382    
          46  0.181288034      0.259123147    
          47  0.345491529      0.437333375    
          48  0.531395316      0.624345005    
          49  0.712889671      0.793892622    
          50  0.864484310      0.922163963    
          51  0.964888215      0.991143644    
          52   1.00000000    


   vialpha,vibeta =   0.500000000      0.500000000    


   x0,alpha,delta,sum,predict,maxz:
   0.00000000    
  0.500000000       1.51795030       2.57244539       3.66479731    
   1.85094726      -1.19824338      0.347296089       0.00000000    
   1.00000000       1.52587891E-05   20000.0000    


   cgs1,cgs2,cgs3 =    1.85094726      -1.19824338      0.347296089    
   sum            =    1.00000000    

   dgs1,dgs2,dgs3 =   -1.93890107       2.86228609     -0.923384964    
   sum            =    5.96046448E-08


   x0,alpha,delta,sum,predict,maxz:
   33.3333321    
   32.8333321       31.8333340       30.8333340       29.8333340    
   1.87500155      -1.25000143      0.374999881       0.00000000    
   1.00000000       20000.0020       20000.0000    


   cgt1,cgt2,cgt3 =    1.87500155      -1.25000143      0.374999881    
   sum            =    1.00000000    

   dgt1,dgt2,dgt3 =    2.00000381      -3.00000381       1.00000000    
   sum            =    0.00000000    

 Leaving PARAM
 Inside BASE

  Reading sounding from external file, input_sounding

  p_sfc, th_sfc, qv_sfc =    960.000000       304.899994       19.0599995    
   Found           68   levels (including surface)


     k,z,th,qv:
           1   0.00000000       304.899994       19.0599995    
           2   0.00000000       304.899994       19.0599995    
           3   253.000000       305.200012       17.9099998    
           4   329.000000       305.299988       17.5799999    
           5   557.000000       305.500000       17.2199993    
           6   757.000000       305.600006       16.9099998    
           7   862.000000       306.799988       15.3999996    
           8   1069.00000       309.200012       12.7700005    
           9   1472.00000       310.700012       8.30000019    
          10   1777.00000       311.799988       5.88999987    
          11   1942.00000       312.399994       4.86000013    
          12   2081.00000       312.399994       5.42000008    
          13   2386.00000       312.399994       6.84999990    
          14   2475.00000       312.399994       7.32000017    
          15   2721.00000       312.899994       4.53999996    
          16   2876.00000       313.000000       3.85999990    
          17   3070.00000       314.399994       1.21000004    
          18   3301.00000       315.799988       1.08000004    
          19   3605.00000       317.600006      0.920000017    
          20   3807.00000       318.700012      0.819999993    
          21   3910.00000       318.899994      0.829999983    
          22   4520.00000       319.500000      0.829999983    
          23   4718.00000       319.700012      0.839999974    
          24   5026.00000       323.500000      0.230000004    
          25   5423.00000       324.600006      0.189999998    
          26   5434.00000       324.600006      0.189999998    
          27   5739.00000       325.700012      0.209999993    
          28   6102.00000       327.100006      0.219999999    
          29   7123.00000       328.299988      0.119999997    
          30   7263.00000       328.500000      0.119999997    
          31   8787.00000       331.100006      0.170000002    
          32   9092.00000       331.399994      0.180000007    
          33   9160.00000       331.500000      0.189999998    
          34   9183.00000       331.600006       1.00000005E-03
          35   9701.00000       334.700012       1.00000005E-03
          36   9844.00000       335.500000       1.00000005E-03
          37   10311.0000       338.299988       1.00000005E-03
          38   10413.0000       338.899994       1.00000005E-03
          39   10921.0000       340.600006       1.00000005E-03
          40   11530.0000       342.500000       1.00000005E-03
          41   11863.0000       343.399994       1.00000005E-03
          42   12140.0000       347.799988       1.00000005E-03
          43   12290.0000       350.100006       1.00000005E-03
          44   13664.0000       359.100006       1.00000005E-03
          45   13663.0000       359.100006       1.00000005E-03
          46   14273.0000       362.500000       1.00000005E-03
          47   14391.0000       363.100006       1.00000005E-03
          48   14811.0000       371.299988       1.00000005E-03
          49   14883.0000       372.700012       1.00000005E-03
          50   15797.0000       391.100006       1.00000005E-03
          51   16103.0000       397.399994       1.00000005E-03
          52   16481.0000       399.899994       1.00000005E-03
          53   16637.0000       410.000000       1.00000005E-03
          54   17281.0000       413.000000       1.00000005E-03
          55   17321.0000       415.399994       1.00000005E-03
          56   17527.0000       427.799988       1.00000005E-03
          57   18236.0000       441.399994       1.00000005E-03
          58   18253.0000       441.799988       1.00000005E-03
          59   18517.0000       445.600006       1.00000005E-03
          60   18845.0000       457.100006       1.00000005E-03
          61   19981.0000       498.799988       1.00000005E-03
          62   20323.0000       504.700012       1.00000005E-03
          63   22954.0000       573.599976       1.00000005E-03
          64   23563.0000       595.500000       1.00000005E-03
          65   24663.0000       636.000000       1.00000005E-03
          66   26193.0000       679.000000       1.00000005E-03
          67   26846.0000       706.799988       1.00000005E-03
          68   27739.0000       734.200012       1.00000005E-03

     k,u,v:
           1  -1.68008852      -2.17436504    
           2  -2.28714967       6.28391504    
           3  -3.03701520       17.2238979    
           4  -2.85836720       16.2107277    
           5   0.00000000       18.0039997    
           6   4.05004406       17.5425529    
           7   6.15775585       16.9182167    
           8   10.3266935       14.7479963    
           9   14.1859379       11.9033737    
          10   16.8548927       11.8018789    
          11   17.6976376       12.3919735    
          12   18.5403824       12.9820671    
          13   19.8044987       13.8672075    
          14   20.2258720       14.1622553    
          15   21.0686169       14.7523489    
          16   22.6022434       15.2453480    
          17   24.8654766       15.5376129    
          18   27.1745205       15.6891508    
          19   30.2929077       17.4895458    
          20   30.1988850       19.6113091    
          21   29.9174347       20.9483356    
          22   32.0242958       22.4235706    
          23   30.7601795       21.5384293    
          24   29.0746899       20.3582420    
          25   26.9678288       18.8830070    
          26   26.1250839       18.2929134    
          27   26.1250839       18.2929134    
          28   27.3892021       19.1780529    
          29   30.7601795       21.5384293    
          30   30.3388081       21.2433815    
          31   36.2380219       25.3740406    
          32   34.1311569       23.8988056    
          33   34.1311569       23.8988056    
          34   34.1311569       23.8988056    
          35   44.7556915       20.8698215    
          36   44.7556915       20.8698215    
          37   43.0206604       15.6581488    
          38   41.0871468       14.9544115    
          39   38.2591820       10.2514391    
          40   41.4922562       19.3480644    
          41   40.2466736       10.7839813    
          42   39.5136528       6.96724367    
          43   38.5004807       6.78859663    
          44   27.0691795       9.85231876    
          45   28.8186054       7.72186279    
          46   27.0398979       12.6088505    
          47   29.8371277       13.9132147    
          48   27.9723072       13.0436392    
          49   27.9723072       13.0436392    
          50   27.9723072       13.0436392    
          51   27.9723072       13.0436392    
          52   27.9723072       13.0436392    
          53   27.9723072       13.0436392    
          54   27.9723072       13.0436392    
          55   27.9723072       13.0436392    
          56   27.9723072       13.0436392    
          57   27.9723072       13.0436392    
          58   27.9723072       13.0436392    
          59   27.9723072       13.0436392    
          60   27.9723072       13.0436392    
          61   27.9723072       13.0436392    
          62   27.9723072       13.0436392    
          63   27.9723072       13.0436392    
          64   27.9723072       13.0436392    
          65   27.9723072       13.0436392    
          66   27.9723072       13.0436392    
          67   27.9723072       13.0436392    
          68   27.9723072       13.0436392    


 interpolating sounding to grid: 

           0.00000000       77.6925354       253.000000      0.307085127    
           0.00000000       235.866806       253.000000      0.932279885    
           329.000000       399.719604       557.000000      0.310173690    
           557.000000       569.454773       757.000000       6.22738637E-02
           557.000000       745.283569       757.000000      0.941417873    
           862.000000       927.424622       1069.00000      0.316060960    
           1069.00000       1116.10461       1472.00000      0.116884902    
           1069.00000       1311.55835       1472.00000      0.601881742    
           1472.00000       1514.02905       1777.00000      0.137800172    
           1472.00000       1723.76831       1777.00000      0.825469851    
           1777.00000       1941.03748       1942.00000      0.994166493    
           2081.00000       2166.10669       2386.00000      0.279038340    
           2386.00000       2399.25586       2475.00000      0.148942247    
           2475.00000       2640.77539       2721.00000      0.673883677    
           2876.00000       2890.96533       3070.00000       7.71408901E-02
           3070.00000       3150.13745       3301.00000      0.346915364    
           3301.00000       3418.61377       3605.00000      0.386887401    
           3605.00000       3696.72876       3807.00000      0.454102784    
           3910.00000       3984.82812       4520.00000      0.122669056    
           3910.00000       4283.27051       4520.00000      0.611918867    
           4520.00000       4592.42676       4718.00000      0.365791708    
           4718.00000       4912.68164       5026.00000      0.632083237    
           5026.00000       5244.43457       5423.00000      0.550213039    
           5434.00000       5588.09717       5739.00000      0.505236626    
           5739.00000       5944.09766       6102.00000      0.565007329    
           6102.00000       6312.87793       7123.00000      0.206540585    
           6102.00000       6694.89844       7123.00000      0.580703676    
           6102.00000       7090.63379       7123.00000      0.968299508    
           7263.00000       7500.57520       8787.00000      0.155889243    
           7263.00000       7925.23438       8787.00000      0.434536994    
           7263.00000       8365.13867       8787.00000      0.723188102    
           8787.00000       8820.83594       9092.00000      0.110937499    
           9183.00000       9292.89355       9701.00000      0.212149724    
           9701.00000       9781.89746       9844.00000      0.565716505    
           9844.00000       10288.4570       10311.0000      0.951728106    
           10413.0000       10813.2031       10921.0000      0.787801445    
           10921.0000       11356.7871       11530.0000      0.715578198    
           11863.0000       11919.8848       12140.0000      0.205360159    
           12290.0000       12503.1992       13664.0000      0.155166820    
           12290.0000       13100.0000       13664.0000      0.589519680    
           13663.0000       13700.0000       14273.0000       6.06557392E-02
           14273.0000       14300.0000       14391.0000      0.228813559    
           14883.0000       14900.0000       15797.0000       1.85995623E-02
           14883.0000       15500.0000       15797.0000      0.675054729    
           15797.0000       16100.0000       16103.0000      0.990196049    
           16637.0000       16700.0000       17281.0000       9.78260860E-02
           17281.0000       17300.0000       17321.0000      0.474999994    
           17527.0000       17900.0000       18236.0000      0.526093066    
           18253.0000       18500.0000       18517.0000      0.935606062    
           18845.0000       19100.0000       19981.0000      0.224471837    
           18845.0000       19700.0000       19981.0000      0.752640843    


       k    prs0 (Pa)        pi0        rho0 (kg/m^3)
    ---------------------------------------------------------------------
       1     95166.33     0.9859590     1.0703498
       2     93485.29     0.9809565     1.0573388
       3     91766.82     0.9757757     1.0436164
       4     90011.12     0.9704106     1.0292686
       5     88218.23     0.9648541     1.0147177
       6     86392.74     0.9591130     0.9969282
       7     84539.13     0.9531941     0.9795130
       8     82654.29     0.9470795     0.9649808
       9     80735.77     0.9407526     0.9496903
      10     78784.72     0.9342071     0.9334296
      11     76802.45     0.9274372     0.9163421
      12     74789.16     0.9204324     0.8976445
      13     72744.92     0.9131806     0.8785866
      14     70670.52     0.9056714     0.8617814
      15     68566.91     0.8978937     0.8447158
      16     66439.88     0.8898542     0.8245230
      17     64296.38     0.8815641     0.8015164
      18     62139.18     0.8730192     0.7784428
      19     59967.84     0.8642015     0.7568735
      20     57780.22     0.8550838     0.7363547
      21     55576.87     0.8456476     0.7154992
      22     53367.82     0.8359147     0.6900161
      23     51161.31     0.8259013     0.6656416
      24     48955.23     0.8155763     0.6429248
      25     46750.48     0.8049198     0.6195389
      26     44549.63     0.7939177     0.5970089
      27     42353.16     0.7825432     0.5750714
      28     40163.54     0.7707765     0.5529107
      29     37985.48     0.7586079     0.5302529
      30     35824.05     0.7460288     0.5073733
      31     33683.91     0.7330273     0.4844181
      32     31569.63     0.7195897     0.4614443
      33     29486.92     0.7057083     0.4381128
      34     27446.87     0.6914145     0.4126375
      35     25459.17     0.6767374     0.3875721
      36     23525.05     0.6616473     0.3640629
      37     21644.84     0.6461025     0.3412990
      38     19823.50     0.6300950     0.3183388
      39     18078.52     0.6137401     0.2919538
      40     16435.03     0.5972698     0.2697319
      41     14909.51     0.5808922     0.2488627
      42     13501.69     0.5646787     0.2297055
      43     12215.12     0.5487678     0.2078778
      44     11052.86     0.5333288     0.1874732
      45     10004.23     0.5183693     0.1692158
      46      9058.02     0.5038759     0.1526413
      47      8194.87     0.4896780     0.1407800
      48      7414.63     0.4758924     0.1247940
      49      6713.81     0.4625956     0.1135318
      50      6083.39     0.4497583     0.1010202
      51      5522.05     0.4375008     0.0900174


       k    th0 (K)     thv0 (K)     t0 (K)     l.r. (K/km)     N^2
    ---------------------------------------------------------------------
       1    304.9921    308.3957    300.7097       4.2116      0.0406
       2    305.1797    308.4570    299.3680       8.3355      0.1212
       3    305.3620    308.5506    297.9648       8.4152      0.1784
       4    305.5062    308.6466    296.4665       8.6748      0.1767
       5    305.5941    308.6865    294.8538       9.0131      0.0708
       6    307.5585    310.2476    294.9834      -0.6994      2.6698
       7    309.3753    311.6422    294.8947       0.4617      2.2916
       8    310.1028    311.9650    293.6920       6.0467      0.5105
       9    310.8516    312.3410    292.4344       6.1036      0.5735
      10    311.6080    312.7908    291.1064       6.2221      0.6615
      11    312.3965    313.3159    289.7281       6.2337      0.7441
      12    312.4000    313.5106    287.5431       9.5403      0.2661
      13    312.4000    313.7057    285.2776       9.5483      0.2572
      14    312.7369    313.7564    283.2369       8.3032      0.0645
      15    313.1080    313.8004    281.1377       8.2450      0.0541
      16    314.8857    315.1082    280.2023       3.5465      1.5469
      17    316.4964    316.6917    279.0119       4.3573      1.7999
      18    318.0995    318.2682    277.7070       4.6105      1.7213
      19    318.9736    319.1355    275.6575       6.9907      0.9105
      20    319.2672    319.4302    273.0002       8.7497      0.2982
      21    319.5732    319.7352    270.2462       8.7535      0.2976
      22    322.1019    322.1924    269.2498       3.0576      2.3044
      23    324.1052    324.1460    267.6789       4.6529      1.7566
      24    325.1558    325.1955    265.1893       7.1188      0.9068
      25    326.4910    326.5340    262.7991       6.5979      1.1122
      26    327.3478    327.3865    259.8872       7.7590      0.6816
      27    327.7968    327.8278    256.5152       8.6739      0.3399
      28    328.2620    328.2864    253.0166       8.6876      0.3405
      29    328.9053    328.9351    249.5101       8.4053      0.4642
      30    329.6298    329.6649    245.9133       8.3232      0.5032
      31    330.3803    330.4164    242.1778       8.3446      0.4989
      32    331.1333    331.1679    238.2801       8.4050      0.4806
      33    332.2577    332.2579    234.4770       7.9169      0.6711
      34    335.1526    335.1528    231.7294       5.5215      1.7102
      35    338.1648    338.1650    228.8488       5.5880      1.7027
      36    340.2393    340.2395    225.1184       6.9857      1.1235
      37    341.9596    341.9598    220.9409       7.5518      0.8944
      38    344.3036    344.3038    216.9440       6.9752      1.1695
      39    351.4965    351.4967    215.7275       2.0493      3.4170
      40    355.4057    355.4059    212.2731       5.7574      1.8083
      41    359.3062    359.3065    208.7182       5.9248      1.7846
      42    362.6373    362.6375    204.7735       6.5744      1.5088
      43    373.0422    373.0424    204.7136       0.1000      4.6252
      44    385.1210    385.1213    205.3961      -1.1376      5.2101
      45    397.3382    397.3385    205.9679      -0.9530      5.1061
      46    410.2935    410.2937    206.7370      -1.2818      5.2459
      47    414.1400    414.1403    202.7952       6.5696      1.5257
      48    434.9549    434.9551    206.9917      -6.9941      8.0177
      49    445.3553    445.3556    206.0194       1.6205      3.8635
      50    466.4605    466.4608    209.7945      -6.2918      7.5702
      51    488.4851    488.4855    213.7126      -6.5303      7.5432


   Richardson number:  NOTE!!!  Ri should be > 0.25 for most applications!

   k,z,Ri:           2   156.779663       6.56792847E-03 <---- NOTE!  Ri < 0.25
   k,z,Ri:           3   317.793213      0.439205140    
   k,z,Ri:           4   484.587189       8.08897913E-02 <---- NOTE!  Ri < 0.25
   k,z,Ri:           5   657.369141       1.73391774E-02 <---- NOTE!  Ri < 0.25
   k,z,Ri:           6   836.354126      0.592872560    
   k,z,Ri:           7   1021.76465      0.584386945    
   k,z,Ri:           8   1213.83154      0.367057145    
   k,z,Ri:           9   1412.79370      0.484290212    
   k,z,Ri:          10   1618.89868      0.877767026    
   k,z,Ri:          11   1832.40283       1.76677966    
   k,z,Ri:          12   2053.57202      0.638745427    
   k,z,Ri:          13   2282.68115       1.00608993    
   k,z,Ri:          14   2520.01562      0.299344897    
   k,z,Ri:          15   2765.87036       7.77312294E-02 <---- NOTE!  Ri < 0.25
   k,z,Ri:          16   3020.55127       1.25069678    
   k,z,Ri:          17   3284.37549       1.65002930    
   k,z,Ri:          18   3557.67139       1.74417806    
   k,z,Ri:          19   3840.77832       1.07290030    
   k,z,Ri:          20   4134.04932       1.70674646    
   k,z,Ri:          21   4437.84863       15.3919201    
   k,z,Ri:          22   4752.55420       4.62953997    
   k,z,Ri:          23   5078.55811       4.16976404    
   k,z,Ri:          24   5416.26562       2.28135395    
   k,z,Ri:          25   5766.09766       18.8682423    
   k,z,Ri:          26   6128.48779       4.07634592    
   k,z,Ri:          27   6503.88818       2.12920070    
   k,z,Ri:          28   6892.76611       2.13297796    
   k,z,Ri:          29   7295.60449       14.5481768    
   k,z,Ri:          30   7712.90479       2.29302764    
   k,z,Ri:          31   8145.18652       2.27365947    
   k,z,Ri:          32   8592.98730       3.48084259    
   k,z,Ri:          33   9056.86523       3.83905840    
   k,z,Ri:          34   9537.39551      0.549297452    
   k,z,Ri:          35   10035.1777       1.62694931    
   k,z,Ri:          36   10550.8301      0.792215824    
   k,z,Ri:          37   11084.9951      0.807363927    
   k,z,Ri:          38   11638.3359      0.821527362    
   k,z,Ri:          39   12211.5420       6.28008318    
   k,z,Ri:          40   12801.5996       2.45053101    
   k,z,Ri:          41   13400.0000       6.66491270    
   k,z,Ri:          42   14000.0000       2.17567515    
   k,z,Ri:          43   14600.0000       1600.02026    
   k,z,Ri:          44   15200.0000       521010880.    
   k,z,Ri:          45   15800.0000       510614496.    
   k,z,Ri:          46   16400.0000       524586304.    
   k,z,Ri:          47   17000.0000       152568752.    
   k,z,Ri:          48   17600.0000       801772096.    
   k,z,Ri:          49   18200.0000       386353664.    
   k,z,Ri:          50   18800.0000       757021440.    
   k,z,Ri:          51   19400.0000       754319168.    


       k  theta-e (K)       rh0          qv0          qc0          qi0
    ---------------------------------------------------------------------
       1    361.2180     0.746565     0.018704     0.000000     0.000000
       2    359.2769     0.765035     0.017987     0.000000     0.000000
       3    357.9687     0.795197     0.017480     0.000000     0.000000
       4    357.3099     0.842005     0.017204     0.000000     0.000000
       5    356.5935     0.898027     0.016931     0.000000     0.000000
       6    351.9169     0.751467     0.014595     0.000000     0.000000
       7    346.8395     0.617836     0.012203     0.000000     0.000000
       8    340.9742     0.532665     0.009978     0.000000     0.000000
       9    335.6923     0.448644     0.007946     0.000000     0.000000
      10    331.4999     0.376910     0.006285     0.000000     0.000000
      11    328.0279     0.310897     0.004866     0.000000     0.000000
      12    331.1370     0.422303     0.005884     0.000000     0.000000
      13    334.2994     0.561836     0.006924     0.000000     0.000000
      14    330.0004     0.487704     0.005392     0.000000     0.000000
      15    325.0440     0.369899     0.003652     0.000000     0.000000
      16    318.9708     0.121831     0.001164     0.000000     0.000000
      17    320.1140     0.111821     0.001016     0.000000     0.000000
      18    321.2564     0.101819     0.000874     0.000000     0.000000
      19    322.0104     0.108726     0.000835     0.000000     0.000000
      20    322.3262     0.127866     0.000841     0.000000     0.000000
      21    322.6159     0.149776     0.000835     0.000000     0.000000
      22    323.8599     0.085740     0.000462     0.000000     0.000000
      23    324.9351     0.041509     0.000207     0.000000     0.000000
      24    325.9660     0.046739     0.000201     0.000000     0.000000
      25    327.3644     0.058020     0.000217     0.000000     0.000000
      26    328.1400     0.062841     0.000195     0.000000     0.000000
      27    328.4380     0.063032     0.000155     0.000000     0.000000
      28    328.7739     0.063391     0.000122     0.000000     0.000000
      29    329.5230     0.099196     0.000149     0.000000     0.000000
      30    330.3536     0.152810     0.000175     0.000000     0.000000
      31    331.1224     0.208787     0.000180     0.000000     0.000000
      32    331.8469     0.273358     0.000172     0.000000     0.000000
      33    332.2629     0.002189     0.000001     0.000000     0.000000
      34    335.1579     0.002701     0.000001     0.000000     0.000000
      35    338.1702     0.003410     0.000001     0.000000     0.000000
      36    340.2447     0.004804     0.000001     0.000000     0.000000
      37    341.9651     0.007228     0.000001     0.000000     0.000000
      38    344.3091     0.010474     0.000001     0.000000     0.000000
      39    351.5024     0.011706     0.000001     0.000000     0.000000
      40    355.4118     0.016890     0.000001     0.000000     0.000000
      41    359.3120     0.022788     0.000001     0.000000     0.000000
      42    362.6431     0.035243     0.000001     0.000000     0.000000
      43    373.0482     0.032143     0.000001     0.000000     0.000000
      44    385.1273     0.026608     0.000001     0.000000     0.000000
      45    397.3446     0.022091     0.000001     0.000000     0.000000
      46    410.3002     0.018306     0.000001     0.000000     0.000000
      47    414.1467     0.028352     0.000001     0.000000     0.000000
      48    434.9620     0.014202     0.000001     0.000000     0.000000
      49    445.3626     0.014721     0.000001     0.000000     0.000000
      50    466.4689     0.008796     0.000001     0.000000     0.000000
      51    488.4944     0.005053     0.000001     0.000000     0.000000


   Thermodynamic properties of base-state sounding:

     for surface parcel:
        source p(mb),T(K),qv(g/kg) =      960.0     301.4      19.1
        LCL,LFC,EL (m AGL)         =      647.6     650.9     844.1
        CAPE,CIN (J/kg)            =     4784.3       6.6

     for most-unstable parcel:
        source p(mb),T(K),qv(g/kg) =      960.0     301.4      19.1
        LCL,LFC,EL (m AGL)         =      647.6     650.9     844.1
        CAPE,CIN (J/kg)            =     4784.3       6.6

     for mixed-layer parcel:
        source p(mb),T(K),qv(g/kg) =      960.0     301.7      18.0
        LCL,LFC,EL (m AGL)         =      793.2    1463.4   13694.8
        CAPE,CIN (J/kg)            =     4180.8      18.9



       k     u0 (m/s)     v0 (m/s)
    ---------------------------------------------------------------------
       1      -2.5174       9.6434
       2      -2.9862      16.4830
       3      -1.9718      16.7670
       4       0.2522      17.9753
       5       3.8128      17.5696
       6       7.4754      16.2323
       7      10.7778      14.4155
       8      12.6495      13.0359
       9      14.5537      11.8894
      10      16.3891      11.8196
      11      17.6927      12.3885
      12      18.8931      13.2291
      13      19.8673      13.9112
      14      20.7938      14.5599
      15      22.7768      15.2679
      16      25.6665      15.5902
      17      28.3810      16.3857
      18      30.2502      18.4530
      19      30.1759      21.1293
      20      31.2067      21.8511
      21      31.5619      22.0998
      22      29.6948      20.7925
      23      27.9155      19.5465
      24      26.1251      18.2929
      25      26.8393      18.7930
      26      28.0854      19.6656
      27      29.3467      20.5487
      28      30.6533      21.4636
      29      31.2584      21.8873
      30      32.9022      23.0383
      31      34.6050      24.2306
      32      36.0043      25.2104
      33      36.3851      23.2562
      34      44.7557      20.8698
      35      43.1044      15.9097
      36      38.8593      11.2494
      37      40.5727      16.7608
      38      40.0961      10.0002
      39      36.7267       7.2640
      40      31.7615       8.5947
      41      28.7107       8.0183
      42      27.6799      12.9073
      43      27.9723      13.0436
      44      27.9723      13.0436
      45      27.9723      13.0436
      46      27.9723      13.0436
      47      27.9723      13.0436
      48      27.9723      13.0436
      49      27.9723      13.0436
      50      27.9723      13.0436
      51      27.9723      13.0436


   psurf,tsurf  =    96000.0000       301.368195    
   qsurf,thsurf =    1.90599989E-02   304.899994    

 Leaving BASE
   rbufsz,nrad2d =            1          10
 Inside INIT3D

   seed_size =            8
   rand-1 =   0.620773196    

 Leaving INIT3D

   allocating diagnostic arrays:  ntdiag,nqdiag =            1           1


   strlen          =            0
   baselen         =            6
   totlen          =            6
   output_basename = cm1out
   statfile        = cm1out_stats.dat                                                      



   Settings used in this simulation:
   isfcflx  =            0
   bbc      =            1
   dosfcflx =  F

   string = cm1out_rst_000000.nc                                                  
   nvar_npt =            0
   nvar_parcels =            0

   From restart file: 

    mtime   =    0.0000000000000000     
    stattim =    60.000000000000000     
    taptim  =    900.00000000000000     
    rsttim  =    0.0000000000000000     
    radtim  =    0.0000000000000000     
    prcltim =    1.0000000000000000E+030

    nstep   =            0
    nrec    =            2
    prec    =            1
    nwrite  =            1
    nrst    =            0


   Using the following: 

    stattim =    60.000000000000000     
    taptim  =    900.00000000000000     
    rsttim  =    300.00000000000000     
    radtim  =    0.0000000000000000     


   Detected positive value for run_time. 
      Using the following values: 
         run_time =    1200.00000    
         timax    =    1200.00000    


   strlen          =            0
   baselen         =            6
   totlen          =            6
   output_basename = cm1out
   statfile        = cm1out_stats.dat                                                      


 Inside GETSET


 Leaving GETSET

   ... skipping sfc stuff ... 


   zf,grdscl:
           2   155.385071       322.806396    
           3   316.348541       549.380249    
           4   483.090637       682.472656    
           5   655.818909       760.946350    
           6   834.748169       810.955566    
           7   1020.10107       845.898438    
           8   1212.10815       872.462646    
           9   1411.00854       894.119019    
          10   1617.04944       912.767090    
          11   1830.48730       929.503540    
          12   2051.58765       944.990601    
          13   2280.62573       959.646301    
          14   2517.88623       973.744629    
          15   2763.66455       987.469299    
          16   3018.26636       1000.94989    
          17   3282.00854       1014.27673    
          18   3555.21924       1027.51782    
          19   3838.23828       1040.72192    
          20   4131.41797       1053.92712    
          21   4435.12256       1067.16235    
          22   4749.73047       1080.45081    
          23   5075.63330       1093.81213    
          24   5413.23584       1107.25879    
          25   5762.95850       1120.80518    
          26   6125.23633       1134.45959    
          27   6500.52002       1148.23352    
          28   6889.27686       1162.13232    
          29   7291.99023       1176.16211    
          30   7709.16064       1190.33142    
          31   8141.30811       1204.64282    
          32   8588.96973       1219.10242    
          33   9052.70312       1233.71436    
          34   9533.08398       1248.48120    
          35   10030.7109       1263.40857    
          36   10546.2031       1278.49988    
          37   11080.2021       1293.75659    
          38   11633.3711       1309.18262    
          39   12206.3994       1324.78333    
          40   12800.0000       1335.03540    
          41   13400.0000       1337.53870    
          42   14000.0000       1337.64990    
          43   14600.0000       1337.74768    
          44   15200.0000       1337.83411    
          45   15800.0000       1337.91089    
          46   16400.0000       1337.97949    
          47   17000.0000       1338.04102    
          48   17600.0000       1338.09619    
          49   18200.0000       1338.14612    
          50   18800.0000       1338.19128    
          51   19400.0000       1338.23242    
  WMAX  :  0.997242       12   22    9    WMIN  : -0.755017E-01   14   17    9
  UMAX  :   43.8035        1    1   37    UMIN  :  -2.58178        3    1    2
  SUMAX :  -1.50449        1    1    1    SUMIN :  -1.50449        3    1    1
  VMAX  :   26.2982        1    1   32    VMIN  :   3.37791        1    1   41
  SVMAX :   9.18364        1    1    1    SVMIN :   9.18364        1    1    1
  PPIMAX:   0.00000        1    1    1    PPIMIN:   0.00000        1    1    1
  PPMAX :   0.00000        1    1    1    PPMIN :   0.00000        1    1    1
  THPMAX:   2.00000       12   22    9    THPMIN:   0.00000        1    1    1
  STHPMX:  0.377411       12   22    1    STHPMN:   0.00000        1    1    1
  MAXqv :  0.243337E-01   12   22    1    MINqv :  0.998735E-06    1    1   48
  MAXqc :   0.00000        1    1    1    MINqc :   0.00000        1    1    1
  MAXqr :   0.00000        1    1    1    MINqr :   0.00000        1    1    1
  MAXqi :   0.00000        1    1    1    MINqi :   0.00000        1    1    1
  MAXqs :   0.00000        1    1    1    MINqs :   0.00000        1    1    1
  MAXqg :   0.00000        1    1    1    MINqg :   0.00000        1    1    1
  MAXqhl:   0.00000        1    1    1    MINqhl:   0.00000        1    1    1
  MAXccn:  0.163265E+10    1    1    1    MINccn:  0.163265E+10    1    1    1
  MAXccw:   0.00000        1    1    1    MINccw:   0.00000        1    1    1
  MAXcrw:   0.00000        1    1    1    MINcrw:   0.00000        1    1    1
  MAXcci:   0.00000        1    1    1    MINcci:   0.00000        1    1    1
  MAXcsw:   0.00000        1    1    1    MINcsw:   0.00000        1    1    1
  MAXchw:   0.00000        1    1    1    MINchw:   0.00000        1    1    1
  MAXchl:   0.00000        1    1    1    MINchl:   0.00000        1    1    1
  MAXvhw:   0.00000        1    1    1    MINvhw:   0.00000        1    1    1
  MAXvhl:   0.00000        1    1    1    MINvhl:   0.00000        1    1    1
  TKEMAX:   0.00000        1    1    1    TKEMIN:   0.00000        1    1    1
  KMHMAX:  0.133823        1    1   51    KMHMIN:   0.00000        1    1    1
  KMVMAX:  0.133823        1    1   51    KMVMIN:   0.00000        1    1    1
  KHHMAX:  0.401470        1    1   51    KHHMIN:   0.00000        1    1    1
  KHVMAX:  0.401470        1    1   51    KHVMIN:   0.00000        1    1    1
  DIVMAX:  0.227785E-02   14   17   10    DIVMIN: -0.262116E-02   14   17    8
  RHMAX :  0.951425       14   18    1    RHMIN :  0.219052E-02    1    1   33
  RHIMAX:  0.897766       11   22   17    RHIMIN:  0.324651E-02    1    1   33
  THEMAX:   379.312       12   22    1    THEMIN:   318.752        1    1   16
  STHEMX:   379.312       12   22    1    STHEMN:   361.111        1    1    1
  QCTOP :      0.000000    1    1    1    QCBOT :      0.000000    1    1    1
  SFPMAX:   95166.3        1    1    1    SFPMIN:   95166.3        1    1    1
  PSFCMX:   96000.0        1    1    1    PSFCMN:   96000.0        1    1    1
  WSPMAX:   48.1053        1    1   34    WSPMIN:   9.30606        1    1    1
  SWSPMX:   9.30606        1    1    1    SWSPMN:   9.30606        1    1    1
  CFLMAX:      0.180395    1    1   34
  KSHMAX:  0.752756E-06    1    1   51
  KSVMAX:  0.553805E-04    1    1    5
  VORSFC:  0.000000E+00
  VOR1KM:  0.000000E+00
  VOR2KM:  0.000000E+00
  VOR3KM:  0.000000E+00
  VOR4KM:  0.000000E+00
  VOR5KM:  0.000000E+00
  TMASS :  0.207380E+15
  TMOIS :  0.736446E+12
  qv MAS:  0.736446E+12
  qc MAS:  0.000000E+00
  qr MAS:  0.000000E+00
  qi MAS:  0.000000E+00
  qs MAS:  0.000000E+00
  qg MAS:  0.000000E+00
  qhlMAS:  0.000000E+00
  TENERG:  0.521571E+20
  TMU   :  0.529024E+16
  TMV   :  0.336569E+16
  TMW   :  0.246248E+12
  TMFU  :  0.119813E+10
  TMFD  : -0.116563E+07
  tcond :  0.000000E+00
  tevac :  0.000000E+00
  tauto :  0.000000E+00
  taccr :  0.000000E+00
  tevar :  0.000000E+00
  train :  0.000000E+00
  erain :  0.000000E+00
  qsfc  :  0.000000E+00
  esfc  :  0.000000E+00
  erad  :  0.000000E+00
  asqv  :  0.000000E+00
  asqc  :  0.000000E+00
  asqr  :  0.000000E+00
  asqi  :  0.000000E+00
  asqs  :  0.000000E+00
  asqg  :  0.000000E+00
  asqhl :  0.000000E+00
  asccn :  0.000000E+00
  asccw :  0.000000E+00
  ascrw :  0.000000E+00
  ascci :  0.000000E+00
  ascsw :  0.000000E+00
  aschw :  0.000000E+00
  aschl :  0.000000E+00
  asvhw :  0.000000E+00
  asvhl :  0.000000E+00
  bsqv  :  0.000000E+00
  bsqc  :  0.000000E+00
  bsqr  :  0.000000E+00
  bsqi  :  0.000000E+00
  bsqs  :  0.000000E+00
  bsqg  :  0.000000E+00
  bsqhl :  0.000000E+00
  bsccn :  0.000000E+00
  bsccw :  0.000000E+00
  bscrw :  0.000000E+00
  bscci :  0.000000E+00
  bscsw :  0.000000E+00
  bschw :  0.000000E+00
  bschl :  0.000000E+00
  bsvhw :  0.000000E+00
  bsvhl :  0.000000E+00
 cm1out_stats.nc                                                       
   nrec =            1
   calling nf90_create 
             0              0.000000 min 

 -------------Done with Preprocessors-----------

             1              0.125000 min 
             2              0.250000 min 
             3              0.375000 min 
             4              0.500000 min 
             5              0.625000 min 
             6              0.750000 min 
             7              0.875000 min 
  WMAX  :   3.22262       13   19   49    WMIN  :  -3.27620       14   20   40
  UMAX  :   44.5300       24   22   37    UMIN  :  -3.95492       19   18    2
  SUMAX : -0.271142E-01   11   22    1    SUMIN :  -2.91469       17   22    1
  VMAX  :   26.7920       15   33   32    VMIN  :   2.73162       12   11   41
  SVMAX :   10.3610       15   16    1    SVMIN :   7.84416       13   25    1
  PPIMAX:  0.469351E-02   14   20   51    PPIMIN: -0.317135E-02   14   20   39
  PPMAX :   213.845       14   20   50    PPMIN :  -347.539       15   23    1
  THPMAX:   1.97214       13   22    9    THPMIN:  -1.89151       14   20   48
  STHPMX:  0.431152       12   22    1    STHPMN: -0.357100E-03   25   25    1
  MAXqv :  0.243456E-01   14   18    1    MINqv :  0.986187E-06   23   25   34
  MAXqc :  0.100281E-03   15   18   17    MINqc :   0.00000        1    1    1
  MAXqr :  0.108060E-06   12   20   14    MINqr :   0.00000        1    1    1
  MAXqi :   0.00000        1    1    1    MINqi :   0.00000        1    1    1
  MAXqs :   0.00000        1    1    1    MINqs :   0.00000        1    1    1
  MAXqg :   0.00000        1    1    1    MINqg :   0.00000        1    1    1
  MAXqhl:   0.00000        1    1    1    MINqhl:   0.00000        1    1    1
  MAXccn:  0.163567E+10   14   19    2    MINccn:  0.796046E+09   15   17    8
  MAXccw:  0.738084E+09   15   17    8    MINccw:   0.00000        1    1    1
  MAXcrw:   20.9048       12   20   14    MINcrw:   0.00000        1    1    1
  MAXcci:   0.00000        1    1    1    MINcci:   0.00000        1    1    1
  MAXcsw:   0.00000        1    1    1    MINcsw:   0.00000        1    1    1
  MAXchw:   0.00000        1    1    1    MINchw:   0.00000        1    1    1
  MAXchl:   0.00000        1    1    1    MINchl:   0.00000        1    1    1
  MAXvhw:   0.00000        1    1    1    MINvhw:   0.00000        1    1    1
  MAXvhl:   0.00000        1    1    1    MINvhl:   0.00000        1    1    1
  TKEMAX:   1.57843       13   22   13    TKEMIN:   0.00000        1    1    1
  KMHMAX:   120.566       13   22   13    KMHMIN:   0.00000        1    1    1
  KMVMAX:   120.566       13   22   13    KMVMIN:   0.00000        1    1    1
  KHHMAX:   361.698       13   22   13    KHHMIN:   0.00000        1    1    1
  KHVMAX:   361.698       13   22   13    KHVMIN:   0.00000        1    1    1
  DIVMAX:  0.518351E-03   13   20   42    DIVMIN: -0.406698E-03   13   20   35
  RHMAX :  0.995160       15   17   16    RHMIN :  0.222789E-02   13   52   33
  RHIMAX:  0.932625       15   17   16    RHIMIN:  0.330188E-02   13   52   33
  THEMAX:   379.395       14   18    1    THEMIN:   318.754       22    2   16
  STHEMX:   379.395       14   18    1    STHEMN:   361.095       12   13    1
  QCTOP :   3418.613770    1    1    1    QCBOT :    235.866806    1    1    1
  SFPMAX:   95320.6       25   25    1    SFPMIN:   94818.8       15   23    1
  PSFCMX:   96155.3       25   25    1    PSFCMN:   95647.7       15   23    1
  WSPMAX:   48.7792       23   25   34    WSPMIN:   8.00397       12   24    1
  SWSPMX:   10.5002       15   15    1    SWSPMN:   8.00397       12   24    1
  CFLMAX:      0.182967   23   25   34
  KSHMAX:  0.678183E-03   13   22   13
  KSVMAX:  0.522885E-01   15   18    5
  VORSFC:  0.264946E-04
  VOR1KM:  0.883732E-04
  VOR2KM:  0.804558E-04
  VOR3KM:  0.104344E-03
  VOR4KM:  0.333443E-04
  VOR5KM:  0.420046E-04
  TMASS :  0.207380E+15
  TMOIS :  0.736452E+12
  qv MAS:  0.736452E+12
  qc MAS:  0.762935E+06
  qr MAS:  0.586606E+03
  qi MAS:  0.000000E+00
  qs MAS:  0.000000E+00
  qg MAS:  0.000000E+00
  qhlMAS:  0.000000E+00
  TENERG:  0.521584E+20
  TMU   :  0.529084E+16
  TMV   :  0.336268E+16
  TMW   :  0.751903E+12
  TMFU  :  0.611363E+10
  TMFD  : -0.523644E+10
  tcond :  0.000000E+00
  tevac :  0.000000E+00
  tauto :  0.000000E+00
  taccr :  0.000000E+00
  tevar :  0.000000E+00
  train :  0.139191E+01
  erain :  0.000000E+00
  qsfc  :  0.000000E+00
  esfc  :  0.000000E+00
  erad  :  0.000000E+00
  asqv  :  0.000000E+00
  asqc  :  0.186411E+04
  asqr  :  0.434761E-01
  asqi  :  0.000000E+00
  asqs  :  0.000000E+00
  asqg  :  0.000000E+00
  asqhl :  0.000000E+00
  asccn :  0.000000E+00
  asccw :  0.128303E+16
  ascrw :  0.232692E+07
  ascci :  0.000000E+00
  ascsw :  0.000000E+00
  aschw :  0.000000E+00
  aschl :  0.000000E+00
  asvhw :  0.000000E+00
  asvhl :  0.000000E+00
  bsqv  :  0.000000E+00
  bsqc  :  0.000000E+00
  bsqr  :  0.000000E+00
  bsqi  :  0.000000E+00
  bsqs  :  0.000000E+00
  bsqg  :  0.000000E+00
  bsqhl :  0.000000E+00
  bsccn :  0.000000E+00
  bsccw :  0.000000E+00
  bscrw :  0.000000E+00
  bscci :  0.000000E+00
  bscsw :  0.000000E+00
  bschw :  0.000000E+00
  bschl :  0.000000E+00
  bsvhw :  0.000000E+00
  bsvhl :  0.000000E+00
 cm1out_stats.nc                                                       
   nrec =            2
             8              1.000000 min 
             9              1.125000 min 
            10              1.250000 min 
            11              1.375000 min 
            12              1.500000 min 
            13              1.625000 min 
            14              1.750000 min 
            15              1.875000 min 
  WMAX  :   1.55225       15   17   11    WMIN  :  -1.09043       19   22   14
  UMAX  :   44.1625       35   25   37    UMIN  :  -4.74794       19   18    2
  SUMAX :  0.672393        9   22    1    SUMIN :  -3.68415       19   18    1
  VMAX  :   26.5497        1   40   32    VMIN  :   2.99381        5    7   41
  SVMAX :   11.1424       15   15    1    SVMIN :   6.91629       13   26    1
  PPIMAX:  0.101004E-02    1    7   51    PPIMIN: -0.133635E-02    4   18   51
  PPMAX :   246.312       15   17   15    PPMIN :  -187.398       15   20   30
  THPMAX:   1.88260       13   23   10    THPMIN:  -1.62840       14   20   48
  STHPMX:  0.459433       12   22    1    STHPMN: -0.144264E-02   18   18    1
  MAXqv :  0.242852E-01   14   18    1    MINqv :  0.991343E-06   14   20   35
  MAXqc :  0.210811E-03   15   17   10    MINqc :   0.00000        1    1    1
  MAXqr :  0.360327E-07   13   20   14    MINqr :   0.00000        1    1    1
  MAXqi :   0.00000        1    1    1    MINqi :   0.00000        1    1    1
  MAXqs :   0.00000        1    1    1    MINqs :   0.00000        1    1    1
  MAXqg :   0.00000        1    1    1    MINqg :   0.00000        1    1    1
  MAXqhl:   0.00000        1    1    1    MINqhl:   0.00000        1    1    1
  MAXccn:  0.164129E+10   14   20    6    MINccn:   0.00000       15   17   10
  MAXccw:  0.153980E+10   13   23   14    MINccw:   0.00000        1    1    1
  MAXcrw:   7.22302       13   20   14    MINcrw:   0.00000        1    1    1
  MAXcci:   0.00000        1    1    1    MINcci:   0.00000        1    1    1
  MAXcsw:   0.00000        1    1    1    MINcsw:   0.00000        1    1    1
  MAXchw:   0.00000        1    1    1    MINchw:   0.00000        1    1    1
  MAXchl:   0.00000        1    1    1    MINchl:   0.00000        1    1    1
  MAXvhw:   0.00000        1    1    1    MINvhw:   0.00000        1    1    1
  MAXvhl:   0.00000        1    1    1    MINvhl:   0.00000        1    1    1
  TKEMAX:   6.77888       14   22   14    TKEMIN:   0.00000        1    1    1
  KMHMAX:   253.527       14   22   14    KMHMIN:   0.00000        1    1    1
  KMVMAX:   253.527       14   22   14    KMVMIN:   0.00000        1    1    1
  KHHMAX:   760.581       14   22   14    KHHMIN:   0.00000        1    1    1
  KHVMAX:   760.581       14   22   14    KHVMIN:   0.00000        1    1    1
  DIVMAX:  0.316454E-03   15   21   22    DIVMIN: -0.283531E-03   15   20    1
  RHMAX :   1.00561       16   18   15    RHMIN :  0.226462E-02   10   67   33
  RHIMAX:  0.930801       16   18   16    RHIMIN:  0.335617E-02   10   67   33
  THEMAX:   379.219       14   18    1    THEMIN:   318.756       36    1   16
  STHEMX:   379.219       14   18    1    STHEMN:   361.032       12   13    1
  QCTOP :   3150.137451    1    1    1    QCBOT :    399.719604    1    1    1
  SFPMAX:   95299.5       17   21    1    SFPMIN:   95086.0        1   14    1
  PSFCMX:   96134.1       17   21    1    PSFCMN:   95919.2        1   14    1
  WSPMAX:   48.4503       33   30   34    WSPMIN:   7.09215       13   26    1
  SWSPMX:   11.2411       15   15    1    SWSPMN:   7.09215       13   26    1
  CFLMAX:      0.181692   33   30   34
  KSHMAX:  0.142609E-02   14   22   14
  KSVMAX:  0.101481       14   22   13
  VORSFC:  0.718547E-04
  VOR1KM:  0.278234E-03
  VOR2KM:  0.186397E-03
  VOR3KM:  0.278331E-03
  VOR4KM:  0.781365E-04
  VOR5KM:  0.826502E-04
  TMASS :  0.207380E+15
  TMOIS :  0.736450E+12
  qv MAS:  0.736441E+12
  qc MAS:  0.854693E+07
  qr MAS:  0.564097E+03
  qi MAS:  0.000000E+00
  qs MAS:  0.000000E+00
  qg MAS:  0.000000E+00
  qhlMAS:  0.000000E+00
  TENERG:  0.521584E+20
  TMU   :  0.529292E+16
  TMV   :  0.336082E+16
  TMW   : -0.289088E+13
  TMFU  :  0.659763E+10
  TMFD  : -0.170131E+11
  tcond :  0.000000E+00
  tevac :  0.000000E+00
  tauto :  0.000000E+00
  taccr :  0.000000E+00
  tevar :  0.000000E+00
  train :  0.595601E+01
  erain :  0.000000E+00
  qsfc  :  0.000000E+00
  esfc  :  0.000000E+00
  erad  :  0.000000E+00
  asqv  :  0.000000E+00
  asqc  :  0.450079E+04
  asqr  :  0.165964E+00
  asqi  :  0.000000E+00
  asqs  :  0.000000E+00
  asqg  :  0.000000E+00
  asqhl :  0.000000E+00
  asccn :  0.000000E+00
  asccw :  0.827639E+16
  ascrw :  0.645979E+07
  ascci :  0.000000E+00
  ascsw :  0.000000E+00
  aschw :  0.000000E+00
  aschl :  0.000000E+00
  asvhw :  0.000000E+00
  asvhl :  0.000000E+00
  bsqv  :  0.000000E+00
  bsqc  :  0.000000E+00
  bsqr  :  0.000000E+00
  bsqi  :  0.000000E+00
  bsqs  :  0.000000E+00
  bsqg  :  0.000000E+00
  bsqhl :  0.000000E+00
  bsccn :  0.000000E+00
  bsccw :  0.000000E+00
  bscrw :  0.000000E+00
  bscci :  0.000000E+00
  bscsw :  0.000000E+00
  bschw :  0.000000E+00
  bschl :  0.000000E+00
  bsvhw :  0.000000E+00
  bsvhl :  0.000000E+00
 cm1out_stats.nc                                                       
   nrec =            3
            16              2.000000 min 
            17              2.125000 min 
            18              2.250000 min 
            19              2.375000 min 
            20              2.500000 min 
            21              2.625000 min 
            22              2.750000 min 
            23              2.875000 min 
  WMAX  :   2.72868       16   18   13    WMIN  : -0.943541       10   16   11
  UMAX  :   44.0619       29   22   37    UMIN  :  -5.43846       19   18    2
  SUMAX :   1.74313       11   23    1    SUMIN :  -4.50033       17   23    1
  VMAX  :   26.5956       14   26   32    VMIN  :   3.09864        1   38   41
  SVMAX :   12.0796       15   16    1    SVMIN :   5.77056       13   26    1
  PPIMAX:  0.764425E-03    1   20   38    PPIMIN: -0.881385E-03    1   17    1
  PPMAX :   118.172        1    3    1    PPMIN :  -297.734        1   17    1
  THPMAX:   2.44189       14   23   13    THPMIN:  -1.63393       15   21   48
  STHPMX:  0.524750       14   18    1    STHPMN: -0.225233E-02   14   26    1
  MAXqv :  0.241441E-01   12   24    1    MINqv :  0.992161E-06   31   31   34
  MAXqc :  0.588390E-03   14   23   15    MINqc :   0.00000        1    1    1
  MAXqr :  0.181270E-07   14   20   14    MINqr :   0.00000        1    1    1
  MAXqi :   0.00000        1    1    1    MINqi :   0.00000        1    1    1
  MAXqs :   0.00000        1    1    1    MINqs :   0.00000        1    1    1
  MAXqg :   0.00000        1    1    1    MINqg :   0.00000        1    1    1
  MAXqhl:   0.00000        1    1    1    MINqhl:   0.00000        1    1    1
  MAXccn:  0.174608E+10   15   20   14    MINccn:   0.00000       13   23    7
  MAXccw:  0.174967E+10   16   18   16    MINccw:   0.00000        1    1    1
  MAXcrw:   5.76403       16   21    5    MINcrw:   0.00000        1    1    1
  MAXcci:   0.00000        1    1    1    MINcci:   0.00000        1    1    1
  MAXcsw:   0.00000        1    1    1    MINcsw:   0.00000        1    1    1
  MAXchw:   0.00000        1    1    1    MINchw:   0.00000        1    1    1
  MAXchl:   0.00000        1    1    1    MINchl:   0.00000        1    1    1
  MAXvhw:   0.00000        1    1    1    MINvhw:   0.00000        1    1    1
  MAXvhl:   0.00000        1    1    1    MINvhl:   0.00000        1    1    1
  TKEMAX:   14.0711       14   23   14    TKEMIN:   0.00000        1    1    1
  KMHMAX:   365.266       14   23   14    KMHMIN:   0.00000        1    1    1
  KMVMAX:   365.266       14   23   14    KMVMIN:   0.00000        1    1    1
  KHHMAX:   1095.80       14   23   14    KHHMIN:   0.00000        1    1    1
  KHVMAX:   1095.80       14   23   14    KHVMIN:   0.00000        1    1    1
  DIVMAX:  0.147494E-03   18   19    5    DIVMIN: -0.144244E-03   26   25    1
  RHMAX :   1.00738       15   20   14    RHMIN :  0.230174E-02   37   67   33
  RHIMAX:  0.940730       14   24   17    RHIMIN:  0.341106E-02   37   67   33
  THEMAX:   378.556       12   23    1    THEMIN:   318.758       51    4   16
  STHEMX:   378.556       12   23    1    STHEMN:   360.733       12   13    1
  QCTOP :   3418.613770    1    1    1    QCBOT :    235.866806    1    1    1
  SFPMAX:   95284.5        1    3    1    SFPMIN:   94868.6        1   17    1
  PSFCMX:   96118.9        1    3    1    PSFCMN:   95700.3        1   17    1
  WSPMAX:   48.3404       43   33   34    WSPMIN:   5.91272       13   26    1
  SWSPMX:   12.0711       15   15    1    SWSPMN:   5.91272       13   26    1
  CFLMAX:      0.181277   43   33   34
  KSHMAX:  0.205462E-02   14   23   14
  KSVMAX:  0.140892       14   23   14
  VORSFC:  0.128242E-03
  VOR1KM:  0.776143E-03
  VOR2KM:  0.335091E-03
  VOR3KM:  0.677853E-03
  VOR4KM:  0.205115E-03
  VOR5KM:  0.137647E-03
  TMASS :  0.207380E+15
  TMOIS :  0.736449E+12
  qv MAS:  0.736378E+12
  qc MAS:  0.710783E+08
  qr MAS:  0.552260E+03
  qi MAS:  0.000000E+00
  qs MAS:  0.000000E+00
  qg MAS:  0.000000E+00
  qhlMAS:  0.000000E+00
  TENERG:  0.521584E+20
  TMU   :  0.529317E+16
  TMV   :  0.335864E+16
  TMW   :  0.108563E+13
  TMFU  :  0.155846E+11
  TMFD  : -0.144178E+11
  tcond :  0.000000E+00
  tevac :  0.000000E+00
  tauto :  0.000000E+00
  taccr :  0.000000E+00
  tevar :  0.000000E+00
  train :  0.764809E+01
  erain :  0.000000E+00
  qsfc  :  0.000000E+00
  esfc  :  0.000000E+00
  erad  :  0.000000E+00
  asqv  :  0.000000E+00
  asqc  :  0.202854E+05
  asqr  :  0.185702E+00
  asqi  :  0.000000E+00
  asqs  :  0.000000E+00
  asqg  :  0.000000E+00
  asqhl :  0.000000E+00
  asccn : -0.627048E+16
  asccw :  0.406526E+17
  ascrw :  0.861012E+07
  ascci :  0.000000E+00
  ascsw :  0.000000E+00
  aschw :  0.000000E+00
  aschl :  0.000000E+00
  asvhw :  0.000000E+00
  asvhl :  0.000000E+00
  bsqv  :  0.000000E+00
  bsqc  :  0.000000E+00
  bsqr  :  0.000000E+00
  bsqi  :  0.000000E+00
  bsqs  :  0.000000E+00
  bsqg  :  0.000000E+00
  bsqhl :  0.000000E+00
  bsccn :  0.000000E+00
  bsccw :  0.000000E+00
  bscrw :  0.000000E+00
  bscci :  0.000000E+00
  bscsw :  0.000000E+00
  bschw :  0.000000E+00
  bschl :  0.000000E+00
  bsvhw :  0.000000E+00
  bsvhl :  0.000000E+00
 cm1out_stats.nc                                                       
   nrec =            4
            24              3.000000 min 
            25              3.125000 min 
            26              3.250000 min 
            27              3.375000 min 
            28              3.500000 min 
            29              3.625000 min 
            30              3.750000 min 
            31              3.875000 min 
  WMAX  :   3.62119       16   18   13    WMIN  :  -1.05683       20   23   14
  UMAX  :   44.0065       55   28   37    UMIN  :  -6.29866       17   24    2
  SUMAX :   2.59739       11   23    1    SUMIN :  -5.46089       17   23    1
  VMAX  :   26.7876       14   26   32    VMIN  :   3.27702        8   48   41
  SVMAX :   12.8636       15   16    1    SVMIN :   4.67496       14   26    1
  PPIMAX:  0.128355E-02    1    1   51    PPIMIN: -0.164599E-02    1   14   51
  PPMAX :   149.980       15   24   18    PPMIN :  -192.945        1    1    1
  THPMAX:   3.02032       14   24   14    THPMIN:  -2.18567       14   24   18
  STHPMX:  0.629944       12   23    1    STHPMN: -0.483994E-02   14   26    1
  MAXqv :  0.239569E-01   12   24    1    MINqv :  0.995014E-06   43   35   34
  MAXqc :  0.928989E-03   15   24   16    MINqc :   0.00000        1    1    1
  MAXqr :  0.580033E-05   15   20    5    MINqr :   0.00000        1    1    1
  MAXqi :   0.00000        1    1    1    MINqi :   0.00000        1    1    1
  MAXqs :   0.00000        1    1    1    MINqs :   0.00000        1    1    1
  MAXqg :   0.00000        1    1    1    MINqg :   0.00000        1    1    1
  MAXqhl:   0.00000        1    1    1    MINqhl:   0.00000        1    1    1
  MAXccn:  0.172106E+10   13   20    5    MINccn:   0.00000       14   17    5
  MAXccw:  0.176798E+10   15   18    6    MINccw:   0.00000        1    1    1
  MAXcrw:   1236.67       15   20    5    MINcrw:   0.00000        1    1    1
  MAXcci:   0.00000        1    1    1    MINcci:   0.00000        1    1    1
  MAXcsw:   0.00000        1    1    1    MINcsw:   0.00000        1    1    1
  MAXchw:   0.00000        1    1    1    MINchw:   0.00000        1    1    1
  MAXchl:   0.00000        1    1    1    MINchl:   0.00000        1    1    1
  MAXvhw:   0.00000        1    1    1    MINvhw:   0.00000        1    1    1
  MAXvhl:   0.00000        1    1    1    MINvhl:   0.00000        1    1    1
  TKEMAX:   18.9825       14   23   15    TKEMIN:   0.00000        1    1    1
  KMHMAX:   430.230       14   23   15    KMHMIN:   0.00000        1    1    1
  KMVMAX:   430.230       14   23   15    KMVMIN:   0.00000        1    1    1
  KHHMAX:   1290.69       14   23   15    KHHMIN:   0.00000        1    1    1
  KHVMAX:   1290.69       14   23   15    KHVMIN:   0.00000        1    1    1
  DIVMAX:  0.961001E-04   18   19   30    DIVMIN: -0.937713E-04    1    2    1
  RHMAX :  0.997413       13   19   14    RHMIN :  0.233898E-02   40   68   33
  RHIMAX:  0.961394       15   24   18    RHIMIN:  0.346621E-02   40   68   33
  THEMAX:   378.075       12   24    1    THEMIN:   318.760       60    5   16
  STHEMX:   378.075       12   24    1    STHEMN:   360.327       14   12    1
  QCTOP :   3696.728760    1    1    1    QCBOT :    235.866806    1    1    1
  SFPMAX:   95257.8        1   54    1    SFPMIN:   94973.4        1    1    1
  PSFCMX:   96092.0        1   54    1    PSFCMN:   95805.8        1    1    1
  WSPMAX:   48.2874       52   38   34    WSPMIN:   4.84280       13   26    1
  SWSPMX:   12.9225       16   16    1    SWSPMN:   4.84280       13   26    1
  CFLMAX:      0.181078   53   36   34
  KSHMAX:  0.242004E-02   14   23   15
  KSVMAX:  0.159133       14   23   14
  VORSFC:  0.185512E-03
  VOR1KM:  0.153062E-02
  VOR2KM:  0.511928E-03
  VOR3KM:  0.105247E-02
  VOR4KM:  0.403794E-03
  VOR5KM:  0.194533E-03
  TMASS :  0.207380E+15
  TMOIS :  0.736454E+12
  qv MAS:  0.736307E+12
  qc MAS:  0.146329E+09
  qr MAS:  0.660204E+04
  qi MAS:  0.000000E+00
  qs MAS:  0.000000E+00
  qg MAS:  0.000000E+00
  qhlMAS:  0.000000E+00
  TENERG:  0.521583E+20
  TMU   :  0.529241E+16
  TMV   :  0.335261E+16
  TMW   : -0.245704E+13
  TMFU  :  0.107151E+11
  TMFD  : -0.180009E+11
  tcond :  0.000000E+00
  tevac :  0.000000E+00
  tauto :  0.000000E+00
  taccr :  0.000000E+00
  tevar :  0.000000E+00
  train :  0.847205E+01
  erain :  0.000000E+00
  qsfc  :  0.000000E+00
  esfc  :  0.000000E+00
  erad  :  0.000000E+00
  asqv  :  0.000000E+00
  asqc  :  0.576110E+05
  asqr  :  0.146423E+00
  asqi  :  0.000000E+00
  asqs  :  0.000000E+00
  asqg  :  0.000000E+00
  asqhl :  0.000000E+00
  asccn : -0.143847E+17
  asccw :  0.111481E+18
  ascrw : -0.549037E+07
  ascci :  0.000000E+00
  ascsw :  0.000000E+00
  aschw :  0.000000E+00
  aschl :  0.000000E+00
  asvhw :  0.000000E+00
  asvhl :  0.000000E+00
  bsqv  :  0.000000E+00
  bsqc  :  0.000000E+00
  bsqr  :  0.000000E+00
  bsqi  :  0.000000E+00
  bsqs  :  0.000000E+00
  bsqg  :  0.000000E+00
  bsqhl :  0.000000E+00
  bsccn :  0.000000E+00
  bsccw :  0.000000E+00
  bscrw :  0.000000E+00
  bscci :  0.000000E+00
  bscsw :  0.000000E+00
  bschw :  0.000000E+00
  bschl :  0.000000E+00
  bsvhw :  0.000000E+00
  bsvhl :  0.000000E+00
 cm1out_stats.nc                                                       
   nrec =            5
            32              4.000000 min 
            33              4.125000 min 
            34              4.250000 min 
            35              4.375000 min 
            36              4.500000 min 
            37              4.625000 min 
            38              4.750000 min 
            39              4.875000 min 
   Getting dbz ... 
  WMAX  :   4.61570       15   24   15    WMIN  :  -1.14252       19   26   19
  UMAX  :   43.9967       62    1   37    UMIN  :  -6.84532       17   24    2
  SUMAX :   3.38005       12   23    1    SUMIN :  -6.01906       17   24    1
  VMAX  :   26.9081       15   26   32    VMIN  :   3.20833        1   48   41
  SVMAX :   13.6603       16   17    1    SVMIN :   3.59152       14   27    1
  PPIMAX:  0.499360E-03    1    1    1    PPIMIN: -0.848186E-03    1   14    1
  PPMAX :   168.984        1    1    1    PPMIN :  -286.531        1   14    1
  THPMAX:   4.23419       15   24   15    THPMIN:  -2.84769       14   24   18
  STHPMX:  0.707733       12   23    1    STHPMN: -0.732473E-02   14   26    1
  MAXqv :  0.237188E-01   12   24    1    MINqv :  0.997014E-06   19   24   35
  MAXqc :  0.136376E-02   15   24   16    MINqc :   0.00000        1    1    1
  MAXqr :  0.245345E-05   15   20    4    MINqr :   0.00000        1    1    1
  MAXqi :   0.00000        1    1    1    MINqi :   0.00000        1    1    1
  MAXqs :   0.00000        1    1    1    MINqs :   0.00000        1    1    1
  MAXqg :   0.00000        1    1    1    MINqg :   0.00000        1    1    1
  MAXqhl:   0.00000        1    1    1    MINqhl:   0.00000        1    1    1
  MAXccn:  0.176899E+10   15   21    6    MINccn:   0.00000       15   22    5
  MAXccw:  0.179704E+10   15   18    7    MINccw:   0.00000        1    1    1
  MAXcrw:   2275.52       16   21    5    MINcrw:   0.00000        1    1    1
  MAXcci:   0.00000        1    1    1    MINcci:   0.00000        1    1    1
  MAXcsw:   0.00000        1    1    1    MINcsw:   0.00000        1    1    1
  MAXchw:   0.00000        1    1    1    MINchw:   0.00000        1    1    1
  MAXchl:   0.00000        1    1    1    MINchl:   0.00000        1    1    1
  MAXvhw:   0.00000        1    1    1    MINvhw:   0.00000        1    1    1
  MAXvhl:   0.00000        1    1    1    MINvhl:   0.00000        1    1    1
  TKEMAX:   24.7359       15   24   17    TKEMIN:   0.00000        1    1    1
  KMHMAX:   504.453       15   24   17    KMHMIN:   0.00000        1    1    1
  KMVMAX:   504.453       15   24   17    KMVMIN:   0.00000        1    1    1
  KHHMAX:   1513.36       15   24   17    KHHMIN:   0.00000        1    1    1
  KHVMAX:   1513.36       15   24   17    KHVMIN:   0.00000        1    1    1
  DIVMAX:  0.136569E-03    1    6    2    DIVMIN: -0.124184E-03    1   19    1
  RHMAX :  0.994972       14   20    4    RHMIN :  0.237668E-02   74   56   33
  RHIMAX:  0.963051       17   19   18    RHIMIN:  0.352200E-02   74   56   33
  THEMAX:   377.500       12   24    1    THEMIN:   318.761       74    8   16
  STHEMX:   377.500       12   24    1    STHEMN:   360.084       16   13    1
  QCTOP :   3696.728760    1    1    1    QCBOT :    399.719604    1    1    1
  SFPMAX:   95335.3        1    1    1    SFPMIN:   94879.8        1   14    1
  PSFCMX:   96170.0        1    1    1    PSFCMN:   95711.5        1   14    1
  WSPMAX:   48.2571       62   40   34    WSPMIN:   3.88837       13   26    1
  SWSPMX:   13.5778       16   16    1    SWSPMN:   3.88837       13   26    1
  CFLMAX:      0.180964   62   40   34
  KSHMAX:  0.283755E-02   15   24   17
  KSVMAX:  0.169919       15   23   14
  VORSFC:  0.258409E-03
  VOR1KM:  0.227806E-02
  VOR2KM:  0.946767E-03
  VOR3KM:  0.132677E-02
  VOR4KM:  0.660798E-03
  VOR5KM:  0.252978E-03
  TMASS :  0.207380E+15
  TMOIS :  0.736452E+12
  qv MAS:  0.736224E+12
  qc MAS:  0.228800E+09
  qr MAS:  0.100669E+05
  qi MAS:  0.000000E+00
  qs MAS:  0.000000E+00
  qg MAS:  0.000000E+00
  qhlMAS:  0.000000E+00
  TENERG:  0.521583E+20
  TMU   :  0.529261E+16
  TMV   :  0.334694E+16
  TMW   :  0.136969E+13
  TMFU  :  0.203378E+11
  TMFD  : -0.187978E+11
  tcond :  0.000000E+00
  tevac :  0.000000E+00
  tauto :  0.000000E+00
  taccr :  0.000000E+00
  tevar :  0.000000E+00
  train :  0.816763E+02
  erain :  0.000000E+00
  qsfc  :  0.000000E+00
  esfc  :  0.000000E+00
  erad  :  0.000000E+00
  asqv  :  0.000000E+00
  asqc  :  0.125716E+06
  asqr  : -0.241304E-02
  asqi  :  0.000000E+00
  asqs  :  0.000000E+00
  asqg  :  0.000000E+00
  asqhl :  0.000000E+00
  asccn : -0.278699E+17
  asccw :  0.191328E+18
  ascrw : -0.575181E+08
  ascci :  0.000000E+00
  ascsw :  0.000000E+00
  aschw :  0.000000E+00
  aschl :  0.000000E+00
  asvhw :  0.000000E+00
  asvhl :  0.000000E+00
  bsqv  :  0.000000E+00
  bsqc  :  0.000000E+00
  bsqr  :  0.000000E+00
  bsqi  :  0.000000E+00
  bsqs  :  0.000000E+00
  bsqg  :  0.000000E+00
  bsqhl :  0.000000E+00
  bsccn :  0.000000E+00
  bsccw :  0.000000E+00
  bscrw :  0.000000E+00
  bscci :  0.000000E+00
  bscsw :  0.000000E+00
  bschw :  0.000000E+00
  bschl :  0.000000E+00
  bsvhw :  0.000000E+00
  bsvhl :  0.000000E+00
 cm1out_stats.nc                                                       
   nrec =            6
            40              5.000000 min 
   string = cm1out_rst_000001.nc                                                  
  USING COMPRESSED netCDF4 
   leaving restart_prelim 
            41              5.125000 min 
            42              5.250000 min 
            43              5.375000 min 
            44              5.500000 min 
            45              5.625000 min 
            46              5.750000 min 
            47              5.875000 min 
  WMAX  :   6.09425       18   19   15    WMIN  :  -1.56627       19   26   19
  UMAX  :   43.9983       72    1   37    UMIN  :  -7.14218       17   25    3
  SUMAX :   4.12961       12   24    1    SUMIN :  -6.43686       17   24    1
  VMAX  :   26.9517       15   27   32    VMIN  :   2.51212       14   27    1
  SVMAX :   14.3461       16   17    1    SVMIN :   2.51212       14   27    1
  PPIMAX:  0.791919E-03    1    1   51    PPIMIN: -0.133614E-02    1   18   51
  PPMAX :   142.031       14   24   17    PPMIN :  -184.633       17   24    1
  THPMAX:   4.95285       16   24   15    THPMIN:  -3.00372       14   24   18
  STHPMX:  0.753082       12   23    1    STHPMN: -0.833053E-02   14   26    1
  MAXqv :  0.233404E-01   12   24    1    MINqv :  0.996496E-06   55   36   34
  MAXqc :  0.175085E-02   18   19   15    MINqc :   0.00000        1    1    1
  MAXqr :  0.214621E-05   15   21    5    MINqr :   0.00000        1    1    1
  MAXqi :   0.00000        1    1    1    MINqi :   0.00000        1    1    1
  MAXqs :   0.00000        1    1    1    MINqs :   0.00000        1    1    1
  MAXqg :   0.00000        1    1    1    MINqg :   0.00000        1    1    1
  MAXqhl:   0.00000        1    1    1    MINqhl:   0.00000        1    1    1
  MAXccn:  0.178394E+10   15   21    7    MINccn:   0.00000       14   24    4
  MAXccw:  0.183580E+10   17   19    8    MINccw:   0.00000        1    1    1
  MAXcrw:   1936.53       15   21    5    MINcrw:   0.00000        1    1    1
  MAXcci:   0.00000        1    1    1    MINcci:   0.00000        1    1    1
  MAXcsw:   0.00000        1    1    1    MINcsw:   0.00000        1    1    1
  MAXchw:   0.00000        1    1    1    MINchw:   0.00000        1    1    1
  MAXchl:   0.00000        1    1    1    MINchl:   0.00000        1    1    1
  MAXvhw:   0.00000        1    1    1    MINvhw:   0.00000        1    1    1
  MAXvhl:   0.00000        1    1    1    MINvhl:   0.00000        1    1    1
  TKEMAX:   32.9352       15   24   18    TKEMIN:   0.00000        1    1    1
  KMHMAX:   589.684       15   24   18    KMHMIN:   0.00000        1    1    1
  KMVMAX:   589.684       15   24   18    KMVMIN:   0.00000        1    1    1
  KHHMAX:   1769.05       15   24   18    KHHMIN:   0.00000        1    1    1
  KHVMAX:   1769.05       15   24   18    KHVMIN:   0.00000        1    1    1
  DIVMAX:  0.181838E-03   17   25   13    DIVMIN: -0.212247E-03   17   25   16
  RHMAX :  0.990159       17   25   19    RHMIN :  0.241365E-02   73   67   33
  RHIMAX:  0.986288       16   26   19    RHIMIN:  0.357660E-02   73   67   33
  THEMAX:   376.491       12   24    1    THEMIN:   318.763       74   60   16
  STHEMX:   376.491       12   24    1    STHEMN:   359.928       20   23    1
  QCTOP :   3984.828125    1    1    1    QCBOT :    399.719604    1    1    1
  SFPMAX:   95254.4        1    1    1    SFPMIN:   94981.7       17   24    1
  PSFCMX:   96088.5        1    1    1    PSFCMN:   95814.1       17   24    1
  WSPMAX:   48.2640       71    1   34    WSPMIN:   2.78379       14   26    1
  SWSPMX:   13.9624       16   16    1    SWSPMN:   2.78379       14   26    1
  CFLMAX:      0.202284   18   19   14
  KSHMAX:  0.331697E-02   15   24   18
  KSVMAX:  0.181830       14   24   15
  VORSFC:  0.343711E-03
  VOR1KM:  0.351777E-02
  VOR2KM:  0.151435E-02
  VOR3KM:  0.164668E-02
  VOR4KM:  0.947235E-03
  VOR5KM:  0.279073E-03
  TMASS :  0.207380E+15
  TMOIS :  0.736457E+12
  qv MAS:  0.736135E+12
  qc MAS:  0.321734E+09
  qr MAS:  0.100862E+05
  qi MAS:  0.000000E+00
  qs MAS:  0.000000E+00
  qg MAS:  0.000000E+00
  qhlMAS:  0.000000E+00
  TENERG:  0.521582E+20
  TMU   :  0.529127E+16
  TMV   :  0.333954E+16
  TMW   : -0.235751E+13
  TMFU  :  0.142526E+11
  TMFD  : -0.199596E+11
  tcond :  0.000000E+00
  tevac :  0.000000E+00
  tauto :  0.000000E+00
  taccr :  0.000000E+00
  tevar :  0.000000E+00
  train :  0.563245E+03
  erain :  0.000000E+00
  qsfc  :  0.000000E+00
  esfc  :  0.000000E+00
  erad  :  0.000000E+00
  asqv  :  0.000000E+00
  asqc  :  0.226588E+06
  asqr  :  0.279958E-01
  asqi  :  0.000000E+00
  asqs  :  0.000000E+00
  asqg  :  0.000000E+00
  asqhl :  0.000000E+00
  asccn : -0.415019E+17
  asccw :  0.272029E+18
  ascrw : -0.174802E+08
  ascci :  0.000000E+00
  ascsw :  0.000000E+00
  aschw :  0.000000E+00
  aschl :  0.000000E+00
  asvhw :  0.000000E+00
  asvhl :  0.000000E+00
  bsqv  :  0.000000E+00
  bsqc  :  0.000000E+00
  bsqr  :  0.000000E+00
  bsqi  :  0.000000E+00
  bsqs  :  0.000000E+00
  bsqg  :  0.000000E+00
  bsqhl :  0.000000E+00
  bsccn :  0.000000E+00
  bsccw :  0.000000E+00
  bscrw :  0.000000E+00
  bscci :  0.000000E+00
  bscsw :  0.000000E+00
  bschw :  0.000000E+00
  bschl :  0.000000E+00
  bsvhw :  0.000000E+00
  bsvhl :  0.000000E+00
 cm1out_stats.nc                                                       
   nrec =            7
            48              6.000000 min 
            49              6.125000 min 
            50              6.250000 min 
            51              6.375000 min 
            52              6.500000 min 
            53              6.625000 min 
            54              6.750000 min 
            55              6.875000 min 
  WMAX  :   7.28609       16   25   17    WMIN  :  -2.48599       18   17   16
  UMAX  :   44.0031       17   26   37    UMIN  :  -7.59388       18   25    3
  SUMAX :   4.85629       12   24    1    SUMIN :  -6.84259       18   24    1
  VMAX  :   27.1123       15   27   32    VMIN  :   1.71126       14   27    1
  SVMAX :   14.5926       16   17    1    SVMIN :   1.71126       14   27    1
  PPIMAX:  0.548899E-03   19   20   20    PPIMIN: -0.679076E-03   17   25    7
  PPMAX :   130.066       19   20   20    PPMIN :  -211.852       17   25    6
  THPMAX:   6.16391       16   25   15    THPMIN:  -3.65102       16   25   23
  STHPMX:  0.799133       13   24    1    STHPMN:  0.298732E-02   14   26    1
  MAXqv :  0.229678E-01   12   25    1    MINqv :  0.997334E-06   65   44   34
  MAXqc :  0.246163E-02   16   25   16    MINqc :   0.00000        1    1    1
  MAXqr :  0.430276E-05   15   21    5    MINqr :   0.00000        1    1    1
  MAXqi :  0.544294E-12   17   25   21    MINqi :   0.00000        1    1    1
  MAXqs :   0.00000        1    1    1    MINqs :   0.00000        1    1    1
  MAXqg :   0.00000        1    1    1    MINqg :   0.00000        1    1    1
  MAXqhl:   0.00000        1    1    1    MINqhl:   0.00000        1    1    1
  MAXccn:  0.177001E+10   15   21    9    MINccn:   0.00000       14   24    5
  MAXccw:  0.175053E+10   17   19    9    MINccw:   0.00000        1    1    1
  MAXcrw:   3213.77       15   21    5    MINcrw:   0.00000        1    1    1
  MAXcci:  0.353453       17   25   21    MINcci:   0.00000        1    1    1
  MAXcsw:   0.00000        1    1    1    MINcsw:   0.00000        1    1    1
  MAXchw:   0.00000        1    1    1    MINchw:   0.00000        1    1    1
  MAXchl:   0.00000        1    1    1    MINchl:   0.00000        1    1    1
  MAXvhw:   0.00000        1    1    1    MINvhw:   0.00000        1    1    1
  MAXvhl:   0.00000        1    1    1    MINvhl:   0.00000        1    1    1
  TKEMAX:   41.3429       17   25   20    TKEMIN:   0.00000        1    1    1
  KMHMAX:   677.659       17   25   20    KMHMIN:   0.00000        1    1    1
  KMVMAX:   677.659       17   25   20    KMVMIN:   0.00000        1    1    1
  KHHMAX:   2032.98       17   25   20    KHHMIN:   0.00000        1    1    1
  KHVMAX:   2032.98       17   25   20    KHVMIN:   0.00000        1    1    1
  DIVMAX:  0.210368E-03   17   26   14    DIVMIN: -0.207704E-03   17   26   17
  RHMAX :  0.991608       19   20   20    RHMIN :  0.245654E-02   75   75   33
  RHIMAX:   1.03471       17   25   21    RHIMIN:  0.363999E-02   75   75   33
  THEMAX:   375.466       13   24    1    THEMIN:   318.765       75   75   16
  STHEMX:   375.466       13   24    1    STHEMN:   359.776       20   23    1
  QCTOP :   4592.426758    1    1    1    QCBOT :    399.719604    1    1    1
  SFPMAX:   95269.7        1    1    1    SFPMIN:   94956.0       17   25    1
  PSFCMX:   96103.9        1    1    1    PSFCMN:   95788.3       17   25    1
  WSPMAX:   48.3468       17   25   34    WSPMIN:   1.97110       14   26    1
  SWSPMX:   14.4890       17   17    1    SWSPMN:   1.97110       14   26    1
  CFLMAX:      0.229722   16   25   15
  KSHMAX:  0.381183E-02   17   25   20
  KSVMAX:  0.190570       14   24   15
  VORSFC:  0.455179E-03
  VOR1KM:  0.410947E-02
  VOR2KM:  0.195428E-02
  VOR3KM:  0.232986E-02
  VOR4KM:  0.171852E-02
  VOR5KM:  0.303108E-03
  TMASS :  0.207380E+15
  TMOIS :  0.736461E+12
  qv MAS:  0.736033E+12
  qc MAS:  0.428511E+09
  qr MAS:  0.135452E+05
  qi MAS:  0.113803E-02
  qs MAS:  0.000000E+00
  qg MAS:  0.000000E+00
  qhlMAS:  0.000000E+00
  TENERG:  0.521581E+20
  TMU   :  0.528960E+16
  TMV   :  0.333446E+16
  TMW   :  0.289384E+13
  TMFU  :  0.252450E+11
  TMFD  : -0.185952E+11
  tcond :  0.000000E+00
  tevac :  0.000000E+00
  tauto :  0.000000E+00
  taccr :  0.000000E+00
  tevar :  0.000000E+00
  train :  0.129922E+04
  erain :  0.000000E+00
  qsfc  :  0.000000E+00
  esfc  :  0.000000E+00
  erad  :  0.000000E+00
  asqv  :  0.000000E+00
  asqc  :  0.378253E+06
  asqr  :  0.120648E+00
  asqi  :  0.164588E-04
  asqs  :  0.000000E+00
  asqg  :  0.000000E+00
  asqhl :  0.000000E+00
  asccn : -0.656662E+17
  asccw :  0.377537E+18
  ascrw :  0.410802E+08
  ascci :  0.395904E+07
  ascsw :  0.000000E+00
  aschw :  0.000000E+00
  aschl :  0.000000E+00
  asvhw :  0.000000E+00
  asvhl :  0.000000E+00
  bsqv  :  0.000000E+00
  bsqc  :  0.000000E+00
  bsqr  :  0.000000E+00
  bsqi  :  0.000000E+00
  bsqs  :  0.000000E+00
  bsqg  :  0.000000E+00
  bsqhl :  0.000000E+00
  bsccn :  0.000000E+00
  bsccw :  0.000000E+00
  bscrw :  0.000000E+00
  bscci :  0.000000E+00
  bscsw :  0.000000E+00
  bschw :  0.000000E+00
  bschl :  0.000000E+00
  bsvhw :  0.000000E+00
  bsvhl :  0.000000E+00
 cm1out_stats.nc                                                       
   nrec =            8
            56              7.000000 min 
            57              7.125000 min 
            58              7.250000 min 
            59              7.375000 min 
            60              7.500000 min 
            61              7.625000 min 
            62              7.750000 min 
            63              7.875000 min 
  WMAX  :   9.07055       17   26   18    WMIN  :  -3.17033       20   18   18
  UMAX  :   44.1090       18   25   37    UMIN  :  -7.68201       19   25    2
  SUMAX :   5.32304       12   24    1    SUMIN :  -7.29326       19   25    1
  VMAX  :   27.4593       17   28   21    VMIN  :   1.22234       14   27    1
  SVMAX :   14.9045       17   18    1    SVMIN :   1.22234       14   27    1
  PPIMAX:  0.886977E-03   17   26   22    PPIMIN: -0.941998E-03    1   27   51
  PPMAX :   202.949       20   20   21    PPMIN :  -190.398       18   26    7
  THPMAX:   6.64618       16   25   15    THPMIN:  -5.02127       17   26   23
  STHPMX:  0.892181       13   25    1    STHPMN:  0.321625E-02   14   27    1
  MAXqv :  0.228135E-01   13   25    1    MINqv :  0.998421E-06   72   56   34
  MAXqc :  0.306701E-02   17   26   18    MINqc :   0.00000        1    1    1
  MAXqr :  0.145331E-05   15   21    4    MINqr :   0.00000        1    1    1
  MAXqi :  0.279315E-08   17   26   22    MINqi :   0.00000        1    1    1
  MAXqs :   0.00000        1    1    1    MINqs :   0.00000        1    1    1
  MAXqg :   0.00000        1    1    1    MINqg :   0.00000        1    1    1
  MAXqhl:   0.00000        1    1    1    MINqhl:   0.00000        1    1    1
  MAXccn:  0.173765E+10   15   22    8    MINccn:   0.00000       14   24    4
  MAXccw:  0.170151E+10   18   20    8    MINccw:   0.00000        1    1    1
  MAXcrw:   1286.75       15   21    5    MINcrw:   0.00000        1    1    1
  MAXcci:   575.504       17   26   22    MINcci:   0.00000        1    1    1
  MAXcsw:   0.00000        1    1    1    MINcsw:   0.00000        1    1    1
  MAXchw:   0.00000        1    1    1    MINchw:   0.00000        1    1    1
  MAXchl:   0.00000        1    1    1    MINchl:   0.00000        1    1    1
  MAXvhw:   0.00000        1    1    1    MINvhw:   0.00000        1    1    1
  MAXvhl:   0.00000        1    1    1    MINvhl:   0.00000        1    1    1
  TKEMAX:   51.9660       17   26   21    TKEMIN:   0.00000        1    1    1
  KMHMAX:   769.290       17   26   21    KMHMIN:   0.00000        1    1    1
  KMVMAX:   769.290       17   26   21    KMVMIN:   0.00000        1    1    1
  KHHMAX:   2307.87       17   26   21    KHHMIN:   0.00000        1    1    1
  KHVMAX:   2307.87       17   26   21    KHVMIN:   0.00000        1    1    1
  DIVMAX:  0.179767E-03   20   21   19    DIVMIN: -0.181989E-03   17   26   24
  RHMAX :  0.992204       17   26   22    RHMIN :  0.268650E-02   75   75   34
  RHIMAX:   1.05763       17   25   22    RHIMIN:  0.406719E-02   72   70   33
  THEMAX:   375.083       13   25    1    THEMIN:   318.768       71   75   16
  STHEMX:   375.083       13   25    1    STHEMN:   359.585       19   22    1
  QCTOP :   4912.681641    1    1    1    QCBOT :    399.719604    1    1    1
  SFPMAX:   95272.5        1    1    1    SFPMIN:   94983.4       18   26    1
  PSFCMX:   96106.6        1    1    1    PSFCMN:   95815.9       18   26    1
  WSPMAX:   48.4258       17   26   34    WSPMIN:   1.93148       14   26    1
  SWSPMX:   14.9534       18   17    1    SWSPMN:   1.93148       14   26    1
  CFLMAX:      0.270975   19   20   15
  KSHMAX:  0.432726E-02   17   26   21
  KSVMAX:  0.196506       15   24   16
  VORSFC:  0.580309E-03
  VOR1KM:  0.411131E-02
  VOR2KM:  0.280782E-02
  VOR3KM:  0.306932E-02
  VOR4KM:  0.263738E-02
  VOR5KM:  0.301628E-03
  TMASS :  0.207380E+15
  TMOIS :  0.736473E+12
  qv MAS:  0.735943E+12
  qc MAS:  0.530191E+09
  qr MAS:  0.116517E+05
  qi MAS:  0.393973E+01
  qs MAS:  0.000000E+00
  qg MAS:  0.000000E+00
  qhlMAS:  0.000000E+00
  TENERG:  0.521581E+20
  TMU   :  0.528958E+16
  TMV   :  0.332992E+16
  TMW   : -0.244240E+13
  TMFU  :  0.186934E+11
  TMFD  : -0.236582E+11
  tcond :  0.000000E+00
  tevac :  0.000000E+00
  tauto :  0.000000E+00
  taccr :  0.000000E+00
  tevar :  0.000000E+00
  train :  0.197865E+04
  erain :  0.000000E+00
  qsfc  :  0.000000E+00
  esfc  :  0.000000E+00
  erad  :  0.000000E+00
  asqv  :  0.000000E+00
  asqc  :  0.622465E+06
  asqr  :  0.195825E+00
  asqi  :  0.355502E-02
  asqs  :  0.000000E+00
  asqg  :  0.000000E+00
  asqhl :  0.000000E+00
  asccn : -0.852410E+17
  asccw :  0.471705E+18
  ascrw :  0.927131E+08
  ascci :  0.222847E+10
  ascsw :  0.000000E+00
  aschw :  0.000000E+00
  aschl :  0.000000E+00
  asvhw :  0.000000E+00
  asvhl :  0.000000E+00
  bsqv  :  0.000000E+00
  bsqc  :  0.000000E+00
  bsqr  :  0.000000E+00
  bsqi  :  0.000000E+00
  bsqs  :  0.000000E+00
  bsqg  :  0.000000E+00
  bsqhl :  0.000000E+00
  bsccn :  0.000000E+00
  bsccw :  0.000000E+00
  bscrw :  0.000000E+00
  bscci :  0.000000E+00
  bscsw :  0.000000E+00
  bschw :  0.000000E+00
  bschl :  0.000000E+00
  bsvhw :  0.000000E+00
  bsvhl :  0.000000E+00
 cm1out_stats.nc                                                       
   nrec =            9
            64              8.000000 min 
            65              8.125000 min 
            66              8.250000 min 
            67              8.375000 min 
            68              8.500000 min 
            69              8.625000 min 
            70              8.750000 min 
            71              8.875000 min 
  WMAX  :   12.0315       17   26   19    WMIN  :  -4.69007       20   18   17
  UMAX  :   44.2424       19   25   37    UMIN  :  -7.90538       20   26    2
  SUMAX :   5.89007       13   25    1    SUMIN :  -7.57783       19   25    1
  VMAX  :   29.1074       18   28   22    VMIN  :  0.850020       14   27    1
  SVMAX :   15.5574       18   18    1    SVMIN :  0.850020       14   27    1
  PPIMAX:  0.938594E-03   20   21   22    PPIMIN: -0.889540E-03   18   26    8
  PPMAX :   210.250       20   21   22    PPMIN :  -280.117       19   26    1
  THPMAX:   7.37256       17   26   15    THPMIN:  -5.77020       18   26   24
  STHPMX:  0.986481       13   25    1    STHPMN:  0.713374E-02   14   27    1
  MAXqv :  0.226666E-01   13   25    1    MINqv :  0.997964E-06   72   51   34
  MAXqc :  0.409928E-02   17   26   18    MINqc :   0.00000        1    1    1
  MAXqr :  0.776671E-06   15   22    3    MINqr :   0.00000        1    1    1
  MAXqi :  0.129343E-07   18   26   23    MINqi :   0.00000        1    1    1
  MAXqs :   0.00000        1    1    1    MINqs :   0.00000        1    1    1
  MAXqg :  0.727442E-11   19   27   22    MINqg :   0.00000        1    1    1
  MAXqhl:   0.00000        1    1    1    MINqhl:   0.00000        1    1    1
  MAXccn:  0.167679E+10   15   22    8    MINccn:   0.00000       14   25    4
  MAXccw:  0.168165E+10   19   21    7    MINccw:   0.00000        1    1    1
  MAXcrw:   1278.58       17   26   19    MINcrw:   0.00000        1    1    1
  MAXcci:   584.025       20   21   22    MINcci:   0.00000        1    1    1
  MAXcsw:   0.00000        1    1    1    MINcsw:   0.00000        1    1    1
  MAXchw:  0.957309E-03   19   27   22    MINchw:   0.00000        1    1    1
  MAXchl:   0.00000        1    1    1    MINchl:   0.00000        1    1    1
  MAXvhw:  0.136117E-13   19   27   22    MINvhw:   0.00000        1    1    1
  MAXvhl:   0.00000        1    1    1    MINvhl:   0.00000        1    1    1
  TKEMAX:   65.0926       18   26   23    TKEMIN:   0.00000        1    1    1
  KMHMAX:   882.488       18   26   23    KMHMIN:   0.00000        1    1    1
  KMVMAX:   882.488       18   26   23    KMVMIN:   0.00000        1    1    1
  KHHMAX:   2647.46       18   26   23    KHHMIN:   0.00000        1    1    1
  KHVMAX:   2647.46       18   26   23    KHVMIN:   0.00000        1    1    1
  DIVMAX:  0.322378E-03   19   27   20    DIVMIN: -0.309308E-03   19   27   23
  RHMAX :  0.992264       22   22   18    RHMIN :  0.269126E-02   72   54   34
  RHIMAX:   1.09063       18   25   23    RHIMIN:  0.410261E-02   72   54   34
  THEMAX:   374.734       13   25    1    THEMIN:   318.772       71   71   16
  STHEMX:   374.734       13   25    1    STHEMN:   359.400       19   23    1
  QCTOP :   5244.434570    1    1    1    QCBOT :    399.719604    1    1    1
  SFPMAX:   95228.7        1    1    1    SFPMIN:   94886.2       19   26    1
  PSFCMX:   96062.6        1    1    1    PSFCMN:   95717.8       19   26    1
  WSPMAX:   48.6185       18   26   34    WSPMIN:   1.72551       15   27    1
  SWSPMX:   15.6535       19   18    1    SWSPMN:   1.72551       15   27    1
  CFLMAX:      0.335674   17   26   17
  KSHMAX:  0.496399E-02   18   26   23
  KSVMAX:  0.201637       17   19   16
  VORSFC:  0.709531E-03
  VOR1KM:  0.448792E-02
  VOR2KM:  0.329701E-02
  VOR3KM:  0.364085E-02
  VOR4KM:  0.357144E-02
  VOR5KM:  0.124010E-02
  TMASS :  0.207380E+15
  TMOIS :  0.736481E+12
  qv MAS:  0.735805E+12
  qc MAS:  0.675427E+09
  qr MAS:  0.127062E+05
  qi MAS:  0.571603E+02
  qs MAS:  0.000000E+00
  qg MAS:  0.850903E-02
  qhlMAS:  0.000000E+00
  TENERG:  0.521581E+20
  TMU   :  0.529006E+16
  TMV   :  0.332627E+16
  TMW   :  0.421029E+13
  TMFU  :  0.286360E+11
  TMFD  : -0.166995E+11
  tcond :  0.000000E+00
  tevac :  0.000000E+00
  tauto :  0.000000E+00
  taccr :  0.000000E+00
  tevar :  0.000000E+00
  train :  0.257298E+04
  erain :  0.000000E+00
  qsfc  :  0.000000E+00
  esfc  :  0.000000E+00
  erad  :  0.000000E+00
  asqv  :  0.000000E+00
  asqc  :  0.103067E+07
  asqr  :  0.313392E+00
  asqi  :  0.652512E-01
  asqs  :  0.000000E+00
  asqg  :  0.352181E-04
  asqhl :  0.000000E+00
  asccn : -0.117381E+18
  asccw :  0.616569E+18
  ascrw :  0.687814E+09
  ascci :  0.524299E+10
  ascsw :  0.000000E+00
  aschw :  0.276032E+03
  aschl :  0.000000E+00
  asvhw :  0.658428E-07
  asvhl :  0.000000E+00
  bsqv  :  0.000000E+00
  bsqc  :  0.000000E+00
  bsqr  :  0.000000E+00
  bsqi  :  0.000000E+00
  bsqs  :  0.000000E+00
  bsqg  :  0.000000E+00
  bsqhl :  0.000000E+00
  bsccn :  0.000000E+00
  bsccw :  0.000000E+00
  bscrw :  0.000000E+00
  bscci :  0.000000E+00
  bscsw :  0.000000E+00
  bschw :  0.000000E+00
  bschl :  0.000000E+00
  bsvhw :  0.000000E+00
  bsvhl :  0.000000E+00
 cm1out_stats.nc                                                       
   nrec =           10
            72              9.000000 min 
            73              9.125000 min 
            74              9.250000 min 
            75              9.375000 min 
            76              9.500000 min 
            77              9.625000 min 
            78              9.750000 min 
            79              9.875000 min 
   Getting dbz ... 
  WMAX  :   15.8339       18   27   20    WMIN  :  -5.65698       20   28   22
  UMAX  :   44.3185       19   26   37    UMIN  :  -8.16481       20   26    2
  SUMAX :   6.38620       13   25    1    SUMIN :  -7.88133       20   26    1
  VMAX  :   31.0028       18   29   22    VMIN  :  0.636138       14   27    1
  SVMAX :   15.7570       18   18    1    SVMIN :  0.636138       14   27    1
  PPIMAX:  0.125265E-02   18   27   25    PPIMIN: -0.717223E-03   19   26    8
  PPMAX :   255.406       18   27   25    PPMIN :  -236.336       20   27    1
  THPMAX:   8.18176       18   27   21    THPMIN:  -5.36731       17   27   24
  STHPMX:   1.04703       13   25    1    STHPMN:  0.187624E-01   14   27    1
  MAXqv :  0.224618E-01   13   25    1    MINqv :  0.998720E-06    9    1   48
  MAXqc :  0.523822E-02   18   27   20    MINqc :   0.00000        1    1    1
  MAXqr :  0.282200E-05   18   26   21    MINqr :   0.00000        1    1    1
  MAXqi :  0.240990E-07   19   27   24    MINqi :   0.00000        1    1    1
  MAXqs :  0.393509E-11   18   26   25    MINqs :   0.00000        1    1    1
  MAXqg :  0.183528E-10   20   26   23    MINqg :   0.00000        1    1    1
  MAXqhl:   0.00000        1    1    1    MINqhl:   0.00000        1    1    1
  MAXccn:  0.168858E+10   20   24   22    MINccn:   0.00000       14   24    5
  MAXccw:  0.167573E+10   18   26    7    MINccw:   0.00000        1    1    1
  MAXcrw:   9876.51       18   26   21    MINcrw:   0.00000        1    1    1
  MAXcci:   950.666       18   26   25    MINcci:   0.00000        1    1    1
  MAXcsw:  0.687858E-03   18   26   25    MINcsw:   0.00000        1    1    1
  MAXchw:  0.240265E-02   20   26   23    MINchw:   0.00000        1    1    1
  MAXchl:   0.00000        1    1    1    MINchl:   0.00000        1    1    1
  MAXvhw:  0.343691E-13   20   26   23    MINvhw:   0.00000        1    1    1
  MAXvhl:   0.00000        1    1    1    MINvhl:   0.00000        1    1    1
  TKEMAX:   75.0791       19   27   23    TKEMIN:   0.00000        1    1    1
  KMHMAX:   949.280       19   27   24    KMHMIN:   0.00000        1    1    1
  KMVMAX:   949.280       19   27   24    KMVMIN:   0.00000        1    1    1
  KHHMAX:   2847.84       19   27   24    KHHMIN:   0.00000        1    1    1
  KHVMAX:   2847.84       19   27   24    KHVMIN:   0.00000        1    1    1
  DIVMAX:  0.412202E-03   20   27   21    DIVMIN: -0.439996E-03   19   27   22
  RHMAX :  0.994322       22   23   17    RHMIN :  0.269212E-02   72   72   34
  RHIMAX:   1.13946       18   27   25    RHIMIN:  0.410372E-02   72   72   34
  THEMAX:   374.152       13   25    1    THEMIN:   318.776       73   72   16
  STHEMX:   374.152       13   25    1    STHEMN:   359.236       20   24    1
  QCTOP :   5944.097656    1    1    1    QCBOT :    569.454773    1    1    1
  SFPMAX:   95298.8        1    1    1    SFPMIN:   94930.0       20   27    1
  PSFCMX:   96133.0        1    1    1    PSFCMN:   95761.9       20   27    1
  WSPMAX:   48.7405       18   27   34    WSPMIN:   1.87587       15   27    1
  SWSPMX:   16.1836       19   18    1    SWSPMN:   1.87587       15   27    1
  CFLMAX:      0.415450   18   27   19
  KSHMAX:  0.533970E-02   19   27   24
  KSVMAX:  0.209547       17   20   14
  VORSFC:  0.849350E-03
  VOR1KM:  0.490993E-02
  VOR2KM:  0.496776E-02
  VOR3KM:  0.500863E-02
  VOR4KM:  0.411616E-02
  VOR5KM:  0.170271E-02
  TMASS :  0.207380E+15
  TMOIS :  0.736496E+12
  qv MAS:  0.735662E+12
  qc MAS:  0.834247E+09
  qr MAS:  0.571003E+05
  qi MAS:  0.242562E+03
  qs MAS:  0.145678E-01
  qg MAS:  0.990497E-01
  qhlMAS:  0.000000E+00
  TENERG:  0.521581E+20
  TMU   :  0.529058E+16
  TMV   :  0.332211E+16
  TMW   : -0.246437E+13
  TMFU  :  0.224667E+11
  TMFD  : -0.269480E+11
  tcond :  0.000000E+00
  tevac :  0.000000E+00
  tauto :  0.000000E+00
  taccr :  0.000000E+00
  tevar :  0.000000E+00
  train :  0.305522E+04
  erain :  0.000000E+00
  qsfc  :  0.000000E+00
  esfc  :  0.000000E+00
  erad  :  0.000000E+00
  asqv  :  0.000000E+00
  asqc  :  0.160229E+07
  asqr  :  0.241688E+01
  asqi  :  0.157627E+00
  asqs  :  0.186643E-04
  asqg  :  0.439926E-03
  asqhl :  0.000000E+00
  asccn : -0.150568E+18
  asccw :  0.770706E+18
  ascrw :  0.792075E+10
  ascci :  0.945248E+10
  ascsw :  0.650467E+03
  aschw :  0.980035E+04
  aschl :  0.000000E+00
  asvhw :  0.827152E-06
  asvhl :  0.000000E+00
  bsqv  :  0.000000E+00
  bsqc  :  0.000000E+00
  bsqr  :  0.000000E+00
  bsqi  :  0.000000E+00
  bsqs  :  0.000000E+00
  bsqg  :  0.000000E+00
  bsqhl :  0.000000E+00
  bsccn :  0.000000E+00
  bsccw :  0.000000E+00
  bscrw :  0.000000E+00
  bscci :  0.000000E+00
  bscsw :  0.000000E+00
  bschw :  0.000000E+00
  bschl :  0.000000E+00
  bsvhw :  0.000000E+00
  bsvhl :  0.000000E+00
 cm1out_stats.nc                                                       
   nrec =           11
            80             10.000000 min 
   string = cm1out_rst_000002.nc                                                  
  USING COMPRESSED netCDF4 
   leaving restart_prelim 
            81             10.125000 min 
            82             10.250000 min 
            83             10.375000 min 
            84             10.500000 min 
            85             10.625000 min 
            86             10.750000 min 
            87             10.875000 min 
  WMAX  :   22.7580       19   27   23    WMIN  :  -7.20983       20   29   22
  UMAX  :   44.4510       20   26   37    UMIN  :  -8.64040       21   27    2
  SUMAX :   6.47890       13   25    1    SUMIN :  -8.27353       21   26    1
  VMAX  :   33.4367       19   29   24    VMIN  :  0.838804E-01   19   29   11
  SVMAX :   16.4875       19   19    1    SVMIN :  0.576958       14   27    1
  PPIMAX:  0.180328E-02   19   27   27    PPIMIN: -0.985384E-03   19   28   12
  PPMAX :   342.934       19   27   27    PPMIN :  -292.344       20   28    1
  THPMAX:   10.6902       19   27   21    THPMIN:  -5.43521       17   27   25
  STHPMX:   1.07914       13   25    1    STHPMN:  0.482688E-01   14   27    1
  MAXqv :  0.223740E-01   13   26    1    MINqv :  0.998717E-06    9    6   48
  MAXqc :  0.725690E-02   19   27   23    MINqc :   0.00000        1    1    1
  MAXqr :  0.174933E-04   19   27   23    MINqr :   0.00000        1    1    1
  MAXqi :  0.841780E-07   19   27   26    MINqi :   0.00000        1    1    1
  MAXqs :  0.465218E-09   19   27   27    MINqs :   0.00000        1    1    1
  MAXqg :  0.147802E-09   20   27   25    MINqg :   0.00000        1    1    1
  MAXqhl:   0.00000        1    1    1    MINqhl:   0.00000        1    1    1
  MAXccn:  0.170147E+10   20   24   22    MINccn:   0.00000       14   25    5
  MAXccw:  0.161996E+10   18   27    7    MINccw:   0.00000        1    1    1
  MAXcrw:   60611.7       19   27   23    MINcrw:   0.00000        1    1    1
  MAXcci:   2225.27       19   27   27    MINcci:   0.00000        1    1    1
  MAXcsw:  0.805423E-01   19   27   27    MINcsw:   0.00000        1    1    1
  MAXchw:  0.158958E-01   20   28   25    MINchw:   0.00000        1    1    1
  MAXchl:   0.00000        1    1    1    MINchl:   0.00000        1    1    1
  MAXvhw:  0.292414E-12   20   27   25    MINvhw:   0.00000        1    1    1
  MAXvhl:   0.00000        1    1    1    MINvhl:   0.00000        1    1    1
  TKEMAX:   103.207       19   27   26    TKEMIN:   0.00000        1    1    1
  KMHMAX:   1152.51       19   27   26    KMHMIN:   0.00000        1    1    1
  KMVMAX:   1152.51       19   27   26    KMVMIN:   0.00000        1    1    1
  KHHMAX:   3457.52       19   27   26    KHHMIN:   0.00000        1    1    1
  KHVMAX:   3457.52       19   27   26    KHVMIN:   0.00000        1    1    1
  DIVMAX:  0.372710E-03   20   28   23    DIVMIN: -0.398392E-03   20   28   26
  RHMAX :  0.997839       23   23   19    RHMIN :  0.269648E-02   73   71   34
  RHIMAX:   1.19214       19   27   27    RHIMIN:  0.411082E-02   73   71   34
  THEMAX:   373.825       13   26    1    THEMIN:   318.780       73   72   16
  STHEMX:   373.825       13   26    1    STHEMN:   359.105       20   24    1
  QCTOP :   6694.898438    1    1    1    QCBOT :    569.454773    1    1    1
  SFPMAX:   95215.6       65    1    1    SFPMIN:   94874.0       20   28    1
  PSFCMX:   96049.3       65    1    1    PSFCMN:   95705.5       20   28    1
  WSPMAX:   49.1981       20   27   34    WSPMIN:   2.17234       17   28    1
  SWSPMX:   16.4977       19   18    1    SWSPMN:   2.17234       17   28    1
  CFLMAX:      0.531310   19   27   22
  KSHMAX:  0.648285E-02   19   27   26
  KSVMAX:  0.215778       15   25   11
  VORSFC:  0.995727E-03
  VOR1KM:  0.464650E-02
  VOR2KM:  0.556003E-02
  VOR3KM:  0.558772E-02
  VOR4KM:  0.561611E-02
  VOR5KM:  0.289181E-02
  TMASS :  0.207380E+15
  TMOIS :  0.736515E+12
  qv MAS:  0.735477E+12
  qc MAS:  0.103826E+10
  qr MAS:  0.345157E+06
  qi MAS:  0.864713E+03
  qs MAS:  0.203408E+01
  qg MAS:  0.255245E+01
  qhlMAS:  0.000000E+00
  TENERG:  0.521582E+20
  TMU   :  0.529185E+16
  TMV   :  0.331943E+16
  TMW   :  0.525438E+13
  TMFU  :  0.324954E+11
  TMFD  : -0.179324E+11
  tcond :  0.000000E+00
  tevac :  0.000000E+00
  tauto :  0.000000E+00
  taccr :  0.000000E+00
  tevar :  0.000000E+00
  train :  0.339890E+04
  erain :  0.000000E+00
  qsfc  :  0.000000E+00
  esfc  :  0.000000E+00
  erad  :  0.000000E+00
  asqv  :  0.000000E+00
  asqc  :  0.242309E+07
  asqr  :  0.146953E+02
  asqi  :  0.375298E+00
  asqs  :  0.632949E-03
  asqg  :  0.327595E-02
  asqhl :  0.000000E+00
  asccn : -0.191542E+18
  asccw :  0.904707E+18
  ascrw :  0.498446E+11
  ascci :  0.135993E+11
  ascsw :  0.642808E+05
  aschw :  0.704118E+05
  aschl :  0.000000E+00
  asvhw :  0.689165E-05
  asvhl :  0.000000E+00
  bsqv  :  0.000000E+00
  bsqc  :  0.000000E+00
  bsqr  :  0.000000E+00
  bsqi  :  0.000000E+00
  bsqs  :  0.000000E+00
  bsqg  :  0.000000E+00
  bsqhl :  0.000000E+00
  bsccn :  0.000000E+00
  bsccw :  0.000000E+00
  bscrw :  0.000000E+00
  bscci :  0.000000E+00
  bscsw :  0.000000E+00
  bschw :  0.000000E+00
  bschl :  0.000000E+00
  bsvhw :  0.000000E+00
  bsvhl :  0.000000E+00
 cm1out_stats.nc                                                       
   nrec =           12
            88             11.000000 min 
            89             11.125000 min 
            90             11.250000 min 
            91             11.375000 min 
            92             11.500000 min 
            93             11.625000 min 
            94             11.750000 min 
            95             11.875000 min 
  WMAX  :   25.5312       20   27   25    WMIN  :  -8.60123       20   30   22
  UMAX  :   45.0293       21   27   34    UMIN  :  -8.80714       22   27    2
  SUMAX :   6.89527       14   25    1    SUMIN :  -8.63706       22   27    1
  VMAX  :   33.1269       19   29   26    VMIN  : -0.770491       20   30   10
  SVMAX :   16.8095       20   19    1    SVMIN :  0.639560       14   27    1
  PPIMAX:  0.158715E-02   20   27   29    PPIMIN: -0.932574E-03   19   29   14
  PPMAX :   281.184       22   22   26    PPMIN :  -292.461       21   29    1
  THPMAX:   11.1572       19   27   21    THPMIN:  -4.83295       17   28   24
  STHPMX:   1.09608       13   26    1    STHPMN:  0.106983       14   27    1
  MAXqv :  0.222388E-01   13   26    1    MINqv :  0.995345E-06   21   28   35
  MAXqc :  0.890063E-02   20   28   25    MINqc :   0.00000        1    1    1
  MAXqr :  0.559883E-04   20   28   25    MINqr :   0.00000        1    1    1
  MAXqi :  0.194239E-06   20   27   28    MINqi :   0.00000        1    1    1
  MAXqs :  0.163916E-06   19   27   30    MINqs :   0.00000        1    1    1
  MAXqg :  0.499800E-08   19   27   29    MINqg :   0.00000        1    1    1
  MAXqhl:   0.00000        1    1    1    MINqhl:   0.00000        1    1    1
  MAXccn:  0.171547E+10   22   25   23    MINccn:   0.00000       14   25    5
  MAXccw:  0.163138E+10   18   27    8    MINccw:   0.00000        1    1    1
  MAXcrw:   193096.       20   28   25    MINcrw:   0.00000        1    1    1
  MAXcci:   12775.2       19   27   33    MINcci:   0.00000        1    1    1
  MAXcsw:   30.4726       19   27   30    MINcsw:   0.00000        1    1    1
  MAXchw:  0.206029       19   27   29    MINchw:   0.00000        1    1    1
  MAXchl:   0.00000        1    1    1    MINchl:   0.00000        1    1    1
  MAXvhw:  0.153725E-10   19   27   29    MINvhw:   0.00000        1    1    1
  MAXvhl:   0.00000        1    1    1    MINvhl:   0.00000        1    1    1
  TKEMAX:   102.482       20   27   28    TKEMIN:   0.00000        1    1    1
  KMHMAX:   1176.47       20   27   28    KMHMIN:   0.00000        1    1    1
  KMVMAX:   1176.47       20   27   28    KMVMIN:   0.00000        1    1    1
  KHHMAX:   3529.41       20   27   28    KHHMIN:   0.00000        1    1    1
  KHVMAX:   3529.41       20   27   28    KHVMIN:   0.00000        1    1    1
  DIVMAX:  0.467724E-03   20   28   28    DIVMIN: -0.318615E-03   20   29   27
  RHMAX :  0.997867       22   23   11    RHMIN :  0.270374E-02   65   70   34
  RHIMAX:   1.26572       19   28   29    RHIMIN:  0.371932E-02   22   25   23
  THEMAX:   373.502       13   26    1    THEMIN:   318.787       73   72   16
  STHEMX:   373.502       13   26    1    STHEMN:   358.983       20   24    1
  QCTOP :   7500.575195    1    1    1    QCBOT :    569.454773    1    1    1
  SFPMAX:   95323.3        1    1    1    SFPMIN:   94873.9       21   29    1
  PSFCMX:   96157.6        1    1    1    PSFCMN:   95705.0       21   29    1
  WSPMAX:   50.1337       20   28   34    WSPMIN:   2.12429       18   29    1
  SWSPMX:   16.7896       21   19    1    SWSPMN:   2.12429       18   29    1
  CFLMAX:      0.584594   19   28   22
  KSHMAX:  0.661764E-02   20   27   28
  KSVMAX:  0.223438       16   25   11
  VORSFC:  0.112447E-02
  VOR1KM:  0.532890E-02
  VOR2KM:  0.639866E-02
  VOR3KM:  0.712384E-02
  VOR4KM:  0.720520E-02
  VOR5KM:  0.445677E-02
  TMASS :  0.207380E+15
  TMOIS :  0.736538E+12
  qv MAS:  0.735245E+12
  qc MAS:  0.129082E+10
  qr MAS:  0.165937E+07
  qi MAS:  0.350234E+04
  qs MAS:  0.728428E+03
  qg MAS:  0.692759E+02
  qhlMAS:  0.000000E+00
  TENERG:  0.521583E+20
  TMU   :  0.529246E+16
  TMV   :  0.331643E+16
  TMW   : -0.321418E+13
  TMFU  :  0.266864E+11
  TMFD  : -0.329779E+11
  tcond :  0.000000E+00
  tevac :  0.000000E+00
  tauto :  0.000000E+00
  taccr :  0.000000E+00
  tevar :  0.000000E+00
  train :  0.362100E+04
  erain :  0.000000E+00
  qsfc  :  0.000000E+00
  esfc  :  0.000000E+00
  erad  :  0.000000E+00
  asqv  :  0.000000E+00
  asqc  :  0.343776E+07
  asqr  :  0.379998E+02
  asqi  :  0.108386E+01
  asqs  :  0.492734E-01
  asqg  :  0.879703E-02
  asqhl :  0.000000E+00
  asccn : -0.230526E+18
  asccw :  0.108651E+19
  ascrw :  0.128121E+12
  ascci :  0.277303E+11
  ascsw :  0.275037E+07
  aschw :  0.250286E+06
  aschl :  0.000000E+00
  asvhw :  0.244287E-04
  asvhl :  0.000000E+00
  bsqv  :  0.000000E+00
  bsqc  :  0.000000E+00
  bsqr  :  0.000000E+00
  bsqi  :  0.000000E+00
  bsqs  :  0.000000E+00
  bsqg  :  0.000000E+00
  bsqhl :  0.000000E+00
  bsccn :  0.000000E+00
  bsccw :  0.000000E+00
  bscrw :  0.000000E+00
  bscci :  0.000000E+00
  bscsw :  0.000000E+00
  bschw :  0.000000E+00
  bschl :  0.000000E+00
  bsvhw :  0.000000E+00
  bsvhl :  0.000000E+00
 cm1out_stats.nc                                                       
   nrec =           13
            96             12.000000 min 
            97             12.125000 min 
            98             12.250000 min 
            99             12.375000 min 
           100             12.500000 min 
           101             12.625000 min 
           102             12.750000 min 
           103             12.875000 min 
  WMAX  :   38.8092       20   28   28    WMIN  :  -10.4103       21   25   20
  UMAX  :   47.9203       22   28   34    UMIN  :  -8.78643       23   28    2
  SUMAX :   6.92988       14   25    1    SUMIN :  -8.60100       23   27    1
  VMAX  :   35.9897       20   30   29    VMIN  :  -2.66285       20   30   11
  SVMAX :   16.8989       20   19    1    SVMIN :   1.01875       14   27    1
  PPIMAX:  0.224793E-02   20   28   32    PPIMIN: -0.109363E-02   21   29   20
  PPMAX :   346.891       20   28   32    PPMIN :  -296.992       22   29    4
  THPMAX:   16.7388       20   28   28    THPMIN:  -4.23337       17   28   23
  STHPMX:   1.15364       13   26    1    STHPMN:  0.166576       14   28    1
  MAXqv :  0.220540E-01   13   26    1    MINqv :  0.998718E-06   12    7   48
  MAXqc :  0.110534E-01   20   28   28    MINqc :   0.00000        1    1    1
  MAXqr :  0.199775E-03   20   28   28    MINqr :   0.00000        1    1    1
  MAXqi :  0.773359E-04   20   28   32    MINqi :   0.00000        1    1    1
  MAXqs :  0.116157E-04   20   27   31    MINqs :   0.00000        1    1    1
  MAXqg :  0.797410E-06   20   28   31    MINqg :   0.00000        1    1    1
  MAXqhl:   0.00000        1    1    1    MINqhl:   0.00000        1    1    1
  MAXccn:  0.167988E+10   22   25   25    MINccn:   0.00000       15   25    5
  MAXccw:  0.163234E+10   21   28   31    MINccw:   0.00000        1    1    1
  MAXcrw:   630478.       20   28   28    MINcrw:   0.00000        1    1    1
  MAXcci:  0.295724E+08   20   28   33    MINcci:   0.00000        1    1    1
  MAXcsw:   5796.20       20   28   32    MINcsw:   0.00000        1    1    1
  MAXchw:   63.9200       20   28   31    MINchw:   0.00000        1    1    1
  MAXchl:   0.00000        1    1    1    MINchl:   0.00000        1    1    1
  MAXvhw:  0.373355E-08   20   28   31    MINvhw:   0.00000        1    1    1
  MAXvhl:   0.00000        1    1    1    MINvhl:   0.00000        1    1    1
  TKEMAX:   144.283       20   28   31    TKEMIN:   0.00000        1    1    1
  KMHMAX:   1446.99       20   28   31    KMHMIN:   0.00000        1    1    1
  KMVMAX:   1446.99       20   28   31    KMVMIN:   0.00000        1    1    1
  KHHMAX:   4340.98       20   28   31    KHHMIN:   0.00000        1    1    1
  KHVMAX:   4340.98       20   28   31    KHVMIN:   0.00000        1    1    1
  DIVMAX:  0.437720E-03   22   29   19    DIVMIN: -0.481709E-03   22   28   30
  RHMAX :   1.00416       18   22   17    RHMIN :  0.271177E-02   74   70   34
  RHIMAX:   1.40714       21   28   32    RHIMIN:  0.413470E-02   74   70   34
  THEMAX:   372.986       13   26    1    THEMIN:   318.793       74   72   16
  STHEMX:   372.986       13   26    1    STHEMN:   358.865       20   24    1
  QCTOP :   9292.893555    1    1    1    QCBOT :    569.454773    1    1    1
  SFPMAX:   95244.2        1   75    1    SFPMIN:   94869.4       22   28    1
  PSFCMX:   96078.0        1   75    1    PSFCMN:   95700.7       22   28    1
  WSPMAX:   52.7133       21   29   34    WSPMIN:   1.61837       18   30    1
  SWSPMX:   17.2524       21   19    1    SWSPMN:   1.61837       18   30    1
  CFLMAX:      0.754752   20   28   27
  KSHMAX:  0.813934E-02   20   28   31
  KSVMAX:  0.231175       17   26   14
  VORSFC:  0.119181E-02
  VOR1KM:  0.583870E-02
  VOR2KM:  0.669055E-02
  VOR3KM:  0.826603E-02
  VOR4KM:  0.750505E-02
  VOR5KM:  0.623056E-02
  TMASS :  0.207380E+15
  TMOIS :  0.736569E+12
  qv MAS:  0.734955E+12
  qc MAS:  0.160798E+10
  qr MAS:  0.614284E+07
  qi MAS:  0.156924E+06
  qs MAS:  0.819883E+05
  qg MAS:  0.646375E+04
  qhlMAS:  0.000000E+00
  TENERG:  0.521584E+20
  TMU   :  0.529368E+16
  TMV   :  0.331451E+16
  TMW   :  0.597841E+13
  TMFU  :  0.380023E+11
  TMFD  : -0.230413E+11
  tcond :  0.000000E+00
  tevac :  0.000000E+00
  tauto :  0.000000E+00
  taccr :  0.000000E+00
  tevar :  0.000000E+00
  train :  0.375585E+04
  erain :  0.000000E+00
  qsfc  :  0.000000E+00
  esfc  :  0.000000E+00
  erad  :  0.000000E+00
  asqv  :  0.000000E+00
  asqc  :  0.479666E+07
  asqr  :  0.171086E+03
  asqi  :  0.498031E+01
  asqs  :  0.633728E+01
  asqg  :  0.439563E+00
  asqhl :  0.000000E+00
  asccn : -0.281949E+18
  asccw :  0.130242E+19
  ascrw :  0.617544E+12
  ascci :  0.998557E+12
  ascsw :  0.217409E+10
  aschw :  0.159680E+08
  aschl :  0.000000E+00
  asvhw :  0.222753E-02
  asvhl :  0.000000E+00
  bsqv  :  0.000000E+00
  bsqc  :  0.000000E+00
  bsqr  :  0.000000E+00
  bsqi  :  0.000000E+00
  bsqs  :  0.000000E+00
  bsqg  :  0.000000E+00
  bsqhl :  0.000000E+00
  bsccn :  0.000000E+00
  bsccw :  0.000000E+00
  bscrw :  0.000000E+00
  bscci :  0.000000E+00
  bscsw :  0.000000E+00
  bschw :  0.000000E+00
  bschl :  0.000000E+00
  bsvhw :  0.000000E+00
  bsvhl :  0.000000E+00
 cm1out_stats.nc                                                       
   nrec =           14
           104             13.000000 min 
           105             13.125000 min 
           106             13.250000 min 
           107             13.375000 min 
           108             13.500000 min 
           109             13.625000 min 
           110             13.750000 min 
           111             13.875000 min 
  WMAX  :   44.0196       21   28   31    WMIN  :  -12.9453       21   26   27
  UMAX  :   54.2046       23   28   34    UMIN  :  -8.68710       23   29    2
  SUMAX :   6.99012       14   26    1    SUMIN :  -8.62206       23   28    1
  VMAX  :   40.5968       21   30   33    VMIN  :  -2.18295       21   31   10
  SVMAX :   17.4215       21   20    1    SVMIN :  0.788129       19   31    1
  PPIMAX:  0.272536E-02   21   28   34    PPIMIN: -0.138313E-02   22   29   26
  PPMAX :   380.934       21   28   34    PPMIN :  -296.742       20   30   16
  THPMAX:   21.0154       21   28   32    THPMIN:  -5.14517       21   29   35
  STHPMX:   1.15504       13   26    1    STHPMN:  0.192145       14   28    1
  MAXqv :  0.219056E-01   13   27    1    MINqv :  0.958207E-06   22   31   35
  MAXqc :  0.119690E-01   21   29   30    MINqc :   0.00000        1    1    1
  MAXqr :  0.421946E-03   21   28   30    MINqr :   0.00000        1    1    1
  MAXqi :  0.623293E-02   21   28   34    MINqi :   0.00000        1    1    1
  MAXqs :  0.142560E-03   22   28   33    MINqs :   0.00000        1    1    1
  MAXqg :  0.577094E-04   21   28   31    MINqg :   0.00000        1    1    1
  MAXqhl:   0.00000        1    1    1    MINqhl:   0.00000        1    1    1
  MAXccn:  0.170742E+10   23   26   26    MINccn:   0.00000       15   26    5
  MAXccw:  0.164367E+10   20   22    8    MINccw:   0.00000        1    1    1
  MAXcrw:  0.125046E+07   21   28   31    MINcrw:   0.00000        1    1    1
  MAXcci:  0.743243E+09   21   28   34    MINcci:   0.00000        1    1    1
  MAXcsw:   220668.       21   28   34    MINcsw:   0.00000        1    1    1
  MAXchw:   3318.48       21   28   33    MINchw:   0.00000        1    1    1
  MAXchl:   0.00000        1    1    1    MINchl:   0.00000        1    1    1
  MAXvhw:  0.159624E-06   21   28   33    MINvhw:   0.00000        1    1    1
  MAXvhl:   0.00000        1    1    1    MINvhl:   0.00000        1    1    1
  TKEMAX:   164.516       21   28   34    TKEMIN:   0.00000        1    1    1
  KMHMAX:   1601.35       21   28   34    KMHMIN:   0.00000        1    1    1
  KMVMAX:   1601.35       21   28   34    KMVMIN:   0.00000        1    1    1
  KHHMAX:   4804.05       21   28   34    KHHMIN:   0.00000        1    1    1
  KHVMAX:   4804.05       21   28   34    KHVMIN:   0.00000        1    1    1
  DIVMAX:  0.344101E-03   25   23   20    DIVMIN: -0.309143E-03   25   23   27
  RHMAX :   1.00290       21   30   17    RHMIN :  0.271077E-02   69   72   34
  RHIMAX:   1.39262       22   29   33    RHIMIN:  0.413272E-02   69   72   34
  THEMAX:   372.356       13   26    1    THEMIN:   318.801       74   71   16
  STHEMX:   372.356       13   26    1    STHEMN:   358.751       20   24    1
  QCTOP :  10813.203125    1    1    1    QCBOT :    569.454773    1    1    1
  SFPMAX:   95319.7        3    1    1    SFPMIN:   94874.9       22   30    1
  PSFCMX:   96154.0        3    1    1    PSFCMN:   95706.3       22   30    1
  WSPMAX:   58.1843       22   29   34    WSPMIN:   1.22552       19   31    1
  SWSPMX:   17.2884       21   19    1    SWSPMN:   1.22552       19   31    1
  CFLMAX:      0.784549   21   29   28
  KSHMAX:  0.900759E-02   21   28   34
  KSVMAX:  0.239911       17   26   12
  VORSFC:  0.148144E-02
  VOR1KM:  0.582341E-02
  VOR2KM:  0.769474E-02
  VOR3KM:  0.922762E-02
  VOR4KM:  0.864283E-02
  VOR5KM:  0.816832E-02
  TMASS :  0.207380E+15
  TMOIS :  0.736607E+12
  qv MAS:  0.734569E+12
  qc MAS:  0.197274E+10
  qr MAS:  0.172167E+08
  qi MAS:  0.453087E+08
  qs MAS:  0.182122E+07
  qg MAS:  0.664994E+06
  qhlMAS:  0.000000E+00
  TENERG:  0.521585E+20
  TMU   :  0.529398E+16
  TMV   :  0.331193E+16
  TMW   : -0.436142E+13
  TMFU  :  0.324410E+11
  TMFD  : -0.425200E+11
  tcond :  0.000000E+00
  tevac :  0.000000E+00
  tauto :  0.000000E+00
  taccr :  0.000000E+00
  tevar :  0.000000E+00
  train :  0.383581E+04
  erain :  0.000000E+00
  qsfc  :  0.000000E+00
  esfc  :  0.000000E+00
  erad  :  0.000000E+00
  asqv  :  0.000000E+00
  asqc  :  0.655904E+07
  asqr  :  0.111964E+04
  asqi  :  0.946999E+04
  asqs  :  0.969920E+02
  asqg  : -0.296244E+02
  asqhl :  0.000000E+00
  asccn : -0.314697E+18
  asccw :  0.152310E+19
  ascrw :  0.391912E+13
  ascci :  0.451819E+16
  ascsw :  0.600915E+11
  aschw :  0.142763E+10
  aschl :  0.000000E+00
  asvhw :  0.107181E+00
  asvhl :  0.000000E+00
  bsqv  :  0.000000E+00
  bsqc  :  0.000000E+00
  bsqr  :  0.000000E+00
  bsqi  :  0.000000E+00
  bsqs  :  0.000000E+00
  bsqg  :  0.000000E+00
  bsqhl :  0.000000E+00
  bsccn :  0.000000E+00
  bsccw :  0.000000E+00
  bscrw :  0.000000E+00
  bscci :  0.000000E+00
  bscsw :  0.000000E+00
  bschw :  0.000000E+00
  bschl :  0.000000E+00
  bsvhw :  0.000000E+00
  bsvhl :  0.000000E+00
 cm1out_stats.nc                                                       
   nrec =           15
           112             14.000000 min 
           113             14.125000 min 
           114             14.250000 min 
           115             14.375000 min 
           116             14.500000 min 
           117             14.625000 min 
           118             14.750000 min 
           119             14.875000 min 
   dowrite =  T
   Getting dbz ... 
  WMAX  :   57.4184       22   29   35    WMIN  :  -14.9871       22   26   25
  UMAX  :   62.2753       24   29   36    UMIN  :  -8.44453       24   29    2
  SUMAX :   6.68314       14   26    1    SUMIN :  -8.42260       24   28    1
  VMAX  :   45.1554       22   31   35    VMIN  :  -7.50925       22   28   36
  SVMAX :   17.5694       21   20    1    SVMIN :  0.105936       20   32    1
  PPIMAX:  0.359190E-02   22   29   36    PPIMIN: -0.168335E-02   23   30   30
  PPMAX :   450.506       22   29   36    PPMIN :  -332.734       20   30   14
  THPMAX:   23.1443       22   29   35    THPMIN:  -9.26535       22   29   39
  STHPMX:   1.11209       14   26    1    STHPMN:  0.218044       14   29    1
  MAXqv :  0.218337E-01   13   27    1    MINqv :  0.686601E-06   18   29   35
  MAXqc :  0.118894E-01   22   29   33    MINqc :   0.00000        1    1    1
  MAXqr :  0.776953E-03   22   29   32    MINqr :   0.00000        1    1    1
  MAXqi :  0.120950E-01   22   29   36    MINqi :   0.00000        1    1    1
  MAXqs :  0.803971E-03   22   29   35    MINqs :   0.00000        1    1    1
  MAXqg :  0.101566E-02   22   29   35    MINqg :   0.00000        1    1    1
  MAXqhl:   0.00000        1    1    1    MINqhl:   0.00000        1    1    1
  MAXccn:  0.172073E+10   24   26   28    MINccn:   0.00000       15   25    5
  MAXccw:  0.163794E+10   24   23   32    MINccw:   0.00000        1    1    1
  MAXcrw:  0.205546E+07   22   29   33    MINcrw:   0.00000        1    1    1
  MAXcci:  0.809986E+09   22   29   36    MINcci:   0.00000        1    1    1
  MAXcsw:   327152.       22   29   36    MINcsw:   0.00000        1    1    1
  MAXchw:   19503.0       22   29   36    MINchw:   0.00000        1    1    1
  MAXchl:   0.00000        1    1    1    MINchl:   0.00000        1    1    1
  MAXvhw:  0.284186E-05   22   29   35    MINvhw:   0.00000        1    1    1
  MAXvhl:   0.00000        1    1    1    MINvhl:   0.00000        1    1    1
  TKEMAX:   249.136       22   29   37    TKEMIN:   0.00000        1    1    1
  KMHMAX:   2042.07       22   29   37    KMHMIN:   0.00000        1    1    1
  KMVMAX:   2042.07       22   29   37    KMVMIN:   0.00000        1    1    1
  KHHMAX:   6126.22       22   29   37    KHHMIN:   0.00000        1    1    1
  KHVMAX:   6126.22       22   29   37    KHVMIN:   0.00000        1    1    1
  DIVMAX:  0.376788E-03   20   30   14    DIVMIN: -0.365081E-03   25   24   30
  RHMAX :   1.00461       23   30   20    RHMIN :  0.233913E-02   18   29   35
  RHIMAX:   1.39935       25   23   32    RHIMIN:  0.367246E-02   18   29   35
  THEMAX:   372.146       13   27    1    THEMIN:   318.808       70   72   16
  STHEMX:   372.146       13   27    1    STHEMN:   358.645       20   24    1
  QCTOP :  12503.199219    1    1    1    QCBOT :    569.454773    1    1    1
  SFPMAX:   95247.0       75    1    1    SFPMIN:   94857.1       24   28    1
  PSFCMX:   96080.9       75    1    1    PSFCMN:   95688.5       24   28    1
  WSPMAX:   62.6712       23   30   35    WSPMIN:   1.07621       19   32    1
  SWSPMX:   17.2723       22   20    1    SWSPMN:   1.07621       19   32    1
  CFLMAX:      0.892245   22   29   33
  KSHMAX:  0.114867E-01   22   29   37
  KSVMAX:  0.246514       18   27   14
  VORSFC:  0.174059E-02
  VOR1KM:  0.731410E-02
  VOR2KM:  0.736170E-02
  VOR3KM:  0.100487E-01
  VOR4KM:  0.102781E-01
  VOR5KM:  0.941474E-02
  TMASS :  0.207380E+15
  TMOIS :  0.736651E+12
  qv MAS:  0.734097E+12
  qc MAS:  0.223560E+10
  qr MAS:  0.312804E+08
  qi MAS:  0.257005E+09
  qs MAS:  0.134799E+08
  qg MAS:  0.165123E+08
  qhlMAS:  0.000000E+00
  TENERG:  0.521587E+20
  TMU   :  0.529477E+16
  TMV   :  0.331053E+16
  TMW   :  0.644080E+13
  TMFU  :  0.466880E+11
  TMFD  : -0.320734E+11
  tcond :  0.000000E+00
  tevac :  0.000000E+00
  tauto :  0.000000E+00
  taccr :  0.000000E+00
  tevar :  0.000000E+00
  train :  0.388316E+04
  erain :  0.000000E+00
  qsfc  :  0.000000E+00
  esfc  :  0.000000E+00
  erad  :  0.000000E+00
  asqv  :  0.567677E+04
  asqc  :  0.839458E+07
  asqr  :  0.729408E+04
  asqi  :  0.466688E+05
  asqs  :  0.209035E+03
  asqg  :  0.130773E+03
  asqhl :  0.000000E+00
  asccn : -0.320487E+18
  asccw :  0.172364E+19
  ascrw :  0.250629E+14
  ascci :  0.133014E+17
  ascsw :  0.213231E+12
  aschw :  0.411323E+10
  aschl :  0.000000E+00
  asvhw :  0.159668E+01
  asvhl :  0.000000E+00
  bsqv  :  0.000000E+00
  bsqc  :  0.000000E+00
  bsqr  :  0.000000E+00
  bsqi  :  0.000000E+00
  bsqs  :  0.000000E+00
  bsqg  :  0.000000E+00
  bsqhl :  0.000000E+00
  bsccn :  0.000000E+00
  bsccw :  0.000000E+00
  bscrw :  0.000000E+00
  bscci :  0.000000E+00
  bscsw :  0.000000E+00
  bschw :  0.000000E+00
  bschl :  0.000000E+00
  bsvhw :  0.000000E+00
  bsvhl :  0.000000E+00
 cm1out_stats.nc                                                       
   nrec =           16
           120             15.000000 min 
   nwrite =            2
 cm1out.nc                                                             
     2d vars 
     s vars 
     u vars 
     v vars 
     w vars 

 Done Writing Data to File 

   string = cm1out_rst_000003.nc                                                  
  USING COMPRESSED netCDF4 
   leaving restart_prelim 
           121             15.125000 min 
           122             15.250000 min 
           123             15.375000 min 
           124             15.500000 min 
           125             15.625000 min 
           126             15.750000 min 
           127             15.875000 min 
  WMAX  :   58.7991       23   30   37    WMIN  :  -14.3731       24   27   35
  UMAX  :   67.8070       25   30   38    UMIN  :  -8.18648       26   28    1
  SUMAX :   6.16846       15   26    1    SUMIN :  -8.18648       26   28    1
  VMAX  :   43.2643       23   32   37    VMIN  :  -17.0823       23   28   39
  SVMAX :   17.3724       22   20    1    SVMIN : -0.265125E-01   20   33    1
  PPIMAX:  0.406671E-02   23   29   41    PPIMIN: -0.179940E-02   24   31   30
  PPMAX :   407.021       23   30   39    PPMIN :  -320.539       25   27    1
  THPMAX:   20.2757       23   30   37    THPMIN:  -11.9693       23   29   43
  STHPMX:   1.12422       14   26    1    STHPMN:  0.234659       14   30    1
  MAXqv :  0.217050E-01   13   27    1    MINqv :  0.197177E-08   25   26   35
  MAXqc :  0.106941E-01   21   30   29    MINqc :   0.00000        1    1    1
  MAXqr :  0.864186E-03   22   29   31    MINqr :   0.00000        1    1    1
  MAXqi :  0.140009E-01   23   30   35    MINqi :   0.00000        1    1    1
  MAXqs :  0.100425E-02   23   30   36    MINqs :   0.00000        1    1    1
  MAXqg :  0.225694E-02   23   30   35    MINqg :   0.00000        1    1    1
  MAXqhl:   0.00000        1    1    1    MINqhl:   0.00000        1    1    1
  MAXccn:  0.168103E+10   26   27   29    MINccn:   0.00000       14   25    5
  MAXccw:  0.149769E+10   20   30    8    MINccw:   0.00000        1    1    1
  MAXcrw:  0.178458E+07   22   29   32    MINcrw:   0.00000        1    1    1
  MAXcci:  0.834929E+09   25   23   34    MINcci:   0.00000        1    1    1
  MAXcsw:   629731.       23   30   35    MINcsw:   0.00000        1    1    1
  MAXchw:   39995.2       23   30   35    MINchw:   0.00000        1    1    1
  MAXchl:   0.00000        1    1    1    MINchl:   0.00000        1    1    1
  MAXvhw:  0.647975E-05   23   30   35    MINvhw:   0.00000        1    1    1
  MAXvhl:   0.00000        1    1    1    MINvhl:   0.00000        1    1    1
  TKEMAX:   244.130       23   29   41    TKEMIN:   0.00000        1    1    1
  KMHMAX:   2089.86       23   29   41    KMHMIN:   0.00000        1    1    1
  KMVMAX:   2089.86       23   29   41    KMVMIN:   0.00000        1    1    1
  KHHMAX:   6269.57       23   29   41    KHHMIN:   0.00000        1    1    1
  KHVMAX:   6269.57       23   29   41    KHVMIN:   0.00000        1    1    1
  DIVMAX:  0.106086E-02   23   30   35    DIVMIN: -0.900296E-03   23   30   34
  RHMAX :   1.00765       21   31   16    RHMIN :  0.629373E-05   25   26   35
  RHIMAX:   1.40059       20   29   33    RHIMIN:  0.982181E-05   25   26   35
  THEMAX:   371.812       13   27    1    THEMIN:   318.815       70   72   16
  STHEMX:   371.812       13   27    1    STHEMN:   358.530       20   25    1
  QCTOP :  14900.000000    1    1    1    QCBOT :    569.454773    1    1    1
  SFPMAX:   95267.3        4    2    1    SFPMIN:   94845.8       25   27    1
  PSFCMX:   96101.2        4    2    1    PSFCMN:   95677.0       25   27    1
  WSPMAX:   65.2721       24   31   37    WSPMIN:  0.422492       20   32    1
  SWSPMX:   17.4501       23   20    1    SWSPMN:  0.422492       20   32    1
  CFLMAX:      0.843581   23   30   36
  KSHMAX:  0.117554E-01   23   29   41
  KSVMAX:  0.248827       18   27   12
  VORSFC:  0.187690E-02
  VOR1KM:  0.684537E-02
  VOR2KM:  0.847211E-02
  VOR3KM:  0.101510E-01
  VOR4KM:  0.103493E-01
  VOR5KM:  0.104823E-01
  TMASS :  0.207380E+15
  TMOIS :  0.736703E+12
  qv MAS:  0.733577E+12
  qc MAS:  0.223847E+10
  qr MAS:  0.355041E+08
  qi MAS:  0.728397E+09
  qs MAS:  0.461360E+08
  qg MAS:  0.777416E+08
  qhlMAS:  0.000000E+00
  TENERG:  0.521588E+20
  TMU   :  0.529504E+16
  TMV   :  0.330810E+16
  TMW   : -0.548295E+13
  TMFU  :  0.425358E+11
  TMFD  : -0.568682E+11
  tcond :  0.000000E+00
  tevac :  0.000000E+00
  tauto :  0.000000E+00
  taccr :  0.000000E+00
  tevar :  0.000000E+00
  train :  0.391185E+04
  erain :  0.000000E+00
  qsfc  :  0.000000E+00
  esfc  :  0.000000E+00
  erad  :  0.000000E+00
  asqv  :  0.714471E+04
  asqc  :  0.119655E+08
  asqr  :  0.141417E+05
  asqi  :  0.130449E+06
  asqs  : -0.106836E+04
  asqg  :  0.185350E+04
  asqhl :  0.000000E+00
  asccn : -0.278218E+18
  asccw :  0.184862E+19
  ascrw :  0.484276E+14
  ascci :  0.228717E+17
  ascsw :  0.743063E+12
  aschw :  0.520963E+11
  aschl :  0.000000E+00
  asvhw :  0.750533E+01
  asvhl :  0.000000E+00
  bsqv  :  0.000000E+00
  bsqc  :  0.000000E+00
  bsqr  :  0.000000E+00
  bsqi  :  0.000000E+00
  bsqs  :  0.000000E+00
  bsqg  :  0.000000E+00
  bsqhl :  0.000000E+00
  bsccn :  0.000000E+00
  bsccw :  0.000000E+00
  bscrw :  0.000000E+00
  bscci :  0.000000E+00
  bscsw :  0.000000E+00
  bschw :  0.000000E+00
  bschl :  0.000000E+00
  bsvhw :  0.000000E+00
  bsvhl :  0.000000E+00
 cm1out_stats.nc                                                       
   nrec =           17
           128             16.000000 min 
           129             16.125000 min 
           130             16.250000 min 
           131             16.375000 min 
           132             16.500000 min 
           133             16.625000 min 
           134             16.750000 min 
           135             16.875000 min 
  WMAX  :   58.8771       24   30   41    WMIN  :  -17.1346       25   27   36
  UMAX  :   69.5377       26   30   41    UMIN  :  -8.32712       27   27    1
  SUMAX :   6.11090       15   26    1    SUMIN :  -8.32712       27   27    1
  VMAX  :   44.0245       24   32   41    VMIN  :  -24.3113       24   29   43
  SVMAX :   17.4461       23   21    1    SVMIN : -0.233069       21   33    1
  PPIMAX:  0.433540E-02   24   30   43    PPIMIN: -0.155151E-02   24   28   32
  PPMAX :   341.474       24   30   43    PPMIN :  -340.062       26   27    1
  THPMAX:   19.1800       22   30   35    THPMIN:  -27.8729       24   30   44
  STHPMX:   1.10262       13   27    1    STHPMN:  0.249422       14   30    1
  MAXqv :  0.216229E-01   15   24    1    MINqv :  0.193791E-10   27   26   37
  MAXqc :  0.103491E-01   22   30   32    MINqc :   0.00000        1    1    1
  MAXqr :  0.139963E-02   23   30   32    MINqr :   0.00000        1    1    1
  MAXqi :  0.120097E-01   22   30   35    MINqi :   0.00000        1    1    1
  MAXqs :  0.126735E-02   23   30   35    MINqs :   0.00000        1    1    1
  MAXqg :  0.233423E-02   22   30   35    MINqg :   0.00000        1    1    1
  MAXqhl:   0.00000        1    1    1    MINqhl:   0.00000        1    1    1
  MAXccn:  0.170708E+10   25   27   32    MINccn:   0.00000       16   25    5
  MAXccw:  0.158952E+10   21   31    8    MINccw:   0.00000        1    1    1
  MAXcrw:  0.167230E+07   23   30   31    MINcrw:   0.00000        1    1    1
  MAXcci:  0.578613E+09   26   24   35    MINcci:   0.00000        1    1    1
  MAXcsw:   580942.       23   30   34    MINcsw:   0.00000        1    1    1
  MAXchw:   39137.2       23   30   35    MINchw:   0.00000        1    1    1
  MAXchl:   0.00000        1    1    1    MINchl:   0.00000        1    1    1
  MAXvhw:  0.628785E-05   22   30   35    MINvhw:   0.00000        1    1    1
  MAXvhl:   0.00000        1    1    1    MINvhl:   0.00000        1    1    1
  TKEMAX:   221.796       24   30   43    TKEMIN:   0.00000        1    1    1
  KMHMAX:   1992.28       24   30   43    KMHMIN:   0.00000        1    1    1
  KMVMAX:   1992.28       24   30   43    KMVMIN:   0.00000        1    1    1
  KHHMAX:   5976.85       24   30   43    KHHMIN:   0.00000        1    1    1
  KHVMAX:   5976.85       24   30   43    KHVMIN:   0.00000        1    1    1
  DIVMAX:  0.285510E-03   21   31   15    DIVMIN: -0.444634E-03   23   30   38
  RHMAX :   1.02390       26   25   15    RHMIN :  0.126961E-06   27   26   37
  RHIMAX:   1.39361       25   30   33    RHIMIN:  0.214656E-06   27   26   37
  THEMAX:   371.393       15   24    1    THEMIN:   318.820       70   73   16
  STHEMX:   371.393       15   24    1    STHEMN:   358.424       20   25    1
  QCTOP :  16700.000000    1    1    1    QCBOT :    569.454773    1    1    1
  SFPMAX:   95251.5        8   75    1    SFPMIN:   94826.3       26   27    1
  PSFCMX:   96085.3        8   75    1    PSFCMN:   95657.4       26   27    1
  WSPMAX:   66.0797       25   31   40    WSPMIN:  0.713367       20   33    1
  SWSPMX:   17.5806       23   20    1    SWSPMN:  0.713367       20   33    1
  CFLMAX:      0.806813   23   30   36
  KSHMAX:  0.112066E-01   24   30   43
  KSVMAX:  0.241109       19   28   13
  VORSFC:  0.184587E-02
  VOR1KM:  0.749747E-02
  VOR2KM:  0.748855E-02
  VOR3KM:  0.107665E-01
  VOR4KM:  0.116698E-01
  VOR5KM:  0.114143E-01
  TMASS :  0.207380E+15
  TMOIS :  0.736760E+12
  qv MAS:  0.733010E+12
  qc MAS:  0.208901E+10
  qr MAS:  0.298643E+08
  qi MAS:  0.137782E+10
  qs MAS:  0.917263E+08
  qg MAS:  0.161829E+09
  qhlMAS:  0.000000E+00
  TENERG:  0.521589E+20
  TMU   :  0.529557E+16
  TMV   :  0.330664E+16
  TMW   :  0.672713E+13
  TMFU  :  0.582243E+11
  TMFD  : -0.437217E+11
  tcond :  0.000000E+00
  tevac :  0.000000E+00
  tauto :  0.000000E+00
  taccr :  0.000000E+00
  tevar :  0.000000E+00
  train :  0.392986E+04
  erain :  0.000000E+00
  qsfc  :  0.000000E+00
  esfc  :  0.000000E+00
  erad  :  0.000000E+00
  asqv  :  0.816894E+04
  asqc  :  0.178743E+08
  asqr  :  0.201512E+05
  asqi  :  0.197597E+06
  asqs  :  0.556566E+03
  asqg  :  0.587240E+04
  asqhl :  0.000000E+00
  asccn : -0.214225E+18
  asccw :  0.201249E+19
  ascrw :  0.715735E+14
  ascci :  0.217600E+17
  ascsw :  0.151841E+13
  aschw :  0.123895E+12
  aschl :  0.000000E+00
  asvhw :  0.199751E+02
  asvhl :  0.000000E+00
  bsqv  :  0.000000E+00
  bsqc  :  0.000000E+00
  bsqr  :  0.000000E+00
  bsqi  :  0.000000E+00
  bsqs  :  0.000000E+00
  bsqg  :  0.000000E+00
  bsqhl :  0.000000E+00
  bsccn :  0.000000E+00
  bsccw :  0.000000E+00
  bscrw :  0.000000E+00
  bscci :  0.000000E+00
  bscsw :  0.000000E+00
  bschw :  0.000000E+00
  bschl :  0.000000E+00
  bsvhw :  0.000000E+00
  bsvhl :  0.000000E+00
 cm1out_stats.nc                                                       
   nrec =           18
           136             17.000000 min 
           137             17.125000 min 
           138             17.250000 min 
           139             17.375000 min 
           140             17.500000 min 
           141             17.625000 min 
           142             17.750000 min 
           143             17.875000 min 
  WMAX  :   54.9611       23   31   38    WMIN  :  -16.2953       25   27   39
  UMAX  :   69.4523       27   31   43    UMIN  :  -8.37936       28   27    1
  SUMAX :   6.67803       19   30    1    SUMIN :  -8.37936       28   27    1
  VMAX  :   43.8990       24   33   41    VMIN  :  -34.0182       25   29   44
  SVMAX :   17.6767       23   21    1    SVMIN : -0.445295       21   34    1
  PPIMAX:  0.335777E-02   24   31   43    PPIMIN: -0.127071E-02   22   32   19
  PPMAX :   276.161       23   31   41    PPMIN :  -324.461       27   28    1
  THPMAX:   15.7562       22   31   33    THPMIN:  -43.6385       25   30   46
  STHPMX:   1.08002       14   27    1    STHPMN:  0.260844       14   31    1
  MAXqv :  0.215802E-01   15   25    1    MINqv :  0.317763E-09   30   27   35
  MAXqc :  0.953997E-02   22   31   30    MINqc :   0.00000        1    1    1
  MAXqr :  0.118269E-02   23   30   31    MINqr :   0.00000        1    1    1
  MAXqi :  0.105849E-01   25   30   44    MINqi :   0.00000        1    1    1
  MAXqs :  0.202702E-02   23   30   34    MINqs :   0.00000        1    1    1
  MAXqg :  0.242186E-02   23   31   35    MINqg :   0.00000        1    1    1
  MAXqhl:   0.00000        1    1    1    MINqhl:   0.00000        1    1    1
  MAXccn:  0.174315E+10   27   28   31    MINccn:   0.00000       17   25    6
  MAXccw:  0.156345E+10   21   31    9    MINccw:   0.00000        1    1    1
  MAXcrw:  0.179903E+07   23   30   31    MINcrw:   0.00000        1    1    1
  MAXcci:  0.699539E+09   22   30   35    MINcci:   0.00000        1    1    1
  MAXcsw:  0.105196E+07   23   30   37    MINcsw:   0.00000        1    1    1
  MAXchw:   47836.5       23   30   34    MINchw:   0.00000        1    1    1
  MAXchl:   0.00000        1    1    1    MINchl:   0.00000        1    1    1
  MAXvhw:  0.721883E-05   23   31   35    MINvhw:   0.00000        1    1    1
  MAXvhl:   0.00000        1    1    1    MINvhl:   0.00000        1    1    1
  TKEMAX:   167.851       26   24   39    TKEMIN:   0.00000        1    1    1
  KMHMAX:   1716.35       26   24   39    KMHMIN:   0.00000        1    1    1
  KMVMAX:   1716.35       26   24   39    KMVMIN:   0.00000        1    1    1
  KHHMAX:   5149.06       26   24   39    KHHMIN:   0.00000        1    1    1
  KHVMAX:   5149.06       26   24   39    KHVMIN:   0.00000        1    1    1
  DIVMAX:  0.313853E-03   20   31   14    DIVMIN: -0.440524E-03   23   31   38
  RHMAX :   1.00879       27   31   30    RHMIN :  0.985868E-06   30   27   35
  RHIMAX:   1.39934       24   28   33    RHIMIN:  0.153443E-05   30   27   35
  THEMAX:   371.196       15   25    1    THEMIN:   318.828       69   73   16
  STHEMX:   371.196       15   25    1    STHEMN:   358.348       20   25    1
  QCTOP :  17900.000000    1    1    1    QCBOT :    745.283569    1    1    1
  SFPMAX:   95233.4        1   31    1    SFPMIN:   94841.9       27   28    1
  PSFCMX:   96067.1        1   31    1    PSFCMN:   95673.0       27   28    1
  WSPMAX:   67.3579       26   31   43    WSPMIN:  0.140700       21   33    1
  SWSPMX:   17.5063       23   20    1    SWSPMN:  0.140700       21   33    1
  CFLMAX:      0.764250   23   31   36
  KSHMAX:  0.965449E-02   26   24   39
  KSVMAX:  0.244742       19   28   12
  VORSFC:  0.166077E-02
  VOR1KM:  0.702023E-02
  VOR2KM:  0.830567E-02
  VOR3KM:  0.947846E-02
  VOR4KM:  0.116534E-01
  VOR5KM:  0.112672E-01
  TMASS :  0.207380E+15
  TMOIS :  0.736817E+12
  qv MAS:  0.732496E+12
  qc MAS:  0.186819E+10
  qr MAS:  0.222049E+08
  qi MAS:  0.204019E+10
  qs MAS:  0.143298E+09
  qg MAS:  0.247374E+09
  qhlMAS:  0.000000E+00
  TENERG:  0.521591E+20
  TMU   :  0.529566E+16
  TMV   :  0.330460E+16
  TMW   : -0.608655E+13
  TMFU  :  0.529455E+11
  TMFD  : -0.694222E+11
  tcond :  0.000000E+00
  tevac :  0.000000E+00
  tauto :  0.000000E+00
  taccr :  0.000000E+00
  tevar :  0.000000E+00
  train :  0.394164E+04
  erain :  0.000000E+00
  qsfc  :  0.000000E+00
  esfc  :  0.000000E+00
  erad  :  0.000000E+00
  asqv  :  0.836343E+04
  asqc  :  0.232138E+08
  asqr  :  0.356102E+05
  asqi  :  0.283458E+06
  asqs  :  0.271360E+04
  asqg  :  0.108740E+05
  asqhl :  0.000000E+00
  asccn : -0.137478E+18
  asccw :  0.218177E+19
  ascrw :  0.115367E+15
  ascci :  0.248388E+17
  ascsw :  0.214826E+13
  aschw :  0.199389E+12
  aschl :  0.000000E+00
  asvhw :  0.364372E+02
  asvhl :  0.000000E+00
  bsqv  :  0.000000E+00
  bsqc  :  0.000000E+00
  bsqr  :  0.000000E+00
  bsqi  :  0.000000E+00
  bsqs  :  0.000000E+00
  bsqg  :  0.000000E+00
  bsqhl :  0.000000E+00
  bsccn :  0.000000E+00
  bsccw :  0.000000E+00
  bscrw :  0.000000E+00
  bscci :  0.000000E+00
  bscsw :  0.000000E+00
  bschw :  0.000000E+00
  bschl :  0.000000E+00
  bsvhw :  0.000000E+00
  bsvhl :  0.000000E+00
 cm1out_stats.nc                                                       
   nrec =           19
           144             18.000000 min 
           145             18.125000 min 
           146             18.250000 min 
           147             18.375000 min 
           148             18.500000 min 
           149             18.625000 min 
           150             18.750000 min 
           151             18.875000 min 
  WMAX  :   50.1547       23   31   38    WMIN  :  -17.7135       22   29   41
  UMAX  :   68.4327       28   31   44    UMIN  :  -17.3641       23   31   44
  SUMAX :   7.53198       19   30    1    SUMIN :  -8.34298       28   27    1
  VMAX  :   46.9185       25   34   43    VMIN  :  -35.2291       26   29   44
  SVMAX :   17.7612       23   21    1    SVMIN : -0.946537E-02   22   35    1
  PPIMAX:  0.314057E-02   24   31   43    PPIMIN: -0.127456E-02   26   30   48
  PPMAX :   248.882       24   31   42    PPMIN :  -327.062       22   32   16
  THPMAX:   14.1857       23   32   33    THPMIN:  -49.5016       25   31   46
  STHPMX:   1.09794       14   27    1    STHPMN:  0.270903       14   31    1
  MAXqv :  0.215581E-01   16   25    3    MINqv :  0.188261E-06   32   27   36
  MAXqc :  0.911000E-02   23   31   31    MINqc :   0.00000        1    1    1
  MAXqr :  0.442220E-03   24   31   31    MINqr :   0.00000        1    1    1
  MAXqi :  0.100533E-01   24   30   44    MINqi :   0.00000        1    1    1
  MAXqs :  0.140830E-02   24   30   42    MINqs :   0.00000        1    1    1
  MAXqg :  0.217847E-02   23   32   34    MINqg :   0.00000        1    1    1
  MAXqhl:   0.00000        1    1    1    MINqhl:   0.00000        1    1    1
  MAXccn:  0.170211E+10   28   29   31    MINccn:   0.00000       17   27    5
  MAXccw:  0.146369E+10   21   30    7    MINccw:   0.00000        1    1    1
  MAXcrw:  0.122541E+07   24   31   31    MINcrw:   0.00000        1    1    1
  MAXcci:  0.666542E+09   24   29   34    MINcci:   0.00000        1    1    1
  MAXcsw:   974933.       24   30   43    MINcsw:   0.00000        1    1    1
  MAXchw:   42240.7       23   32   34    MINchw:   0.00000        1    1    1
  MAXchl:   0.00000        1    1    1    MINchl:   0.00000        1    1    1
  MAXvhw:  0.699729E-05   23   32   34    MINvhw:   0.00000        1    1    1
  MAXvhl:   0.00000        1    1    1    MINvhl:   0.00000        1    1    1
  TKEMAX:   146.073       28   24   41    TKEMIN:   0.00000        1    1    1
  KMHMAX:   1616.56       28   24   41    KMHMIN:   0.00000        1    1    1
  KMVMAX:   1616.56       28   24   41    KMVMIN:   0.00000        1    1    1
  KHHMAX:   4849.68       28   24   41    KHHMIN:   0.00000        1    1    1
  KHVMAX:   4849.68       28   24   41    KHVMIN:   0.00000        1    1    1
  DIVMAX:  0.356895E-03   21   32   14    DIVMIN: -0.475043E-03   23   31   38
  RHMAX :   1.15666       27   28   41    RHMIN :  0.833683E-03   32   27   36
  RHIMAX:   2.22590       27   28   41    RHIMIN:  0.135135E-02   32   27   36
  THEMAX:   371.247       16   25    3    THEMIN:   318.831       70   73   16
  STHEMX:   371.057       15   25    1    STHEMN:   358.298       20   26    1
  QCTOP :  17900.000000    1    1    1    QCBOT :    569.454773    1    1    1
  SFPMAX:   95254.5       11   75    1    SFPMIN:   94853.9       28   28    1
  PSFCMX:   96088.3       11   75    1    PSFCMN:   95685.1       28   28    1
  WSPMAX:   66.9425       27   32   44    WSPMIN:  0.927372       21   34    1
  SWSPMX:   17.3648       23   20    1    SWSPMN:  0.927372       21   34    1
  CFLMAX:      0.702078   23   31   35
  KSHMAX:  0.909315E-02   28   24   41
  KSVMAX:  0.235039       19   28   12
  VORSFC:  0.167622E-02
  VOR1KM:  0.671597E-02
  VOR2KM:  0.738959E-02
  VOR3KM:  0.983639E-02
  VOR4KM:  0.116160E-01
  VOR5KM:  0.108680E-01
  TMASS :  0.207380E+15
  TMOIS :  0.736870E+12
  qv MAS:  0.732012E+12
  qc MAS:  0.173483E+10
  qr MAS:  0.158473E+08
  qi MAS:  0.260428E+10
  qs MAS:  0.185036E+09
  qg MAS:  0.318501E+09
  qhlMAS:  0.000000E+00
  TENERG:  0.521592E+20
  TMU   :  0.529588E+16
  TMV   :  0.330318E+16
  TMW   :  0.721730E+13
  TMFU  :  0.642677E+11
  TMFD  : -0.485191E+11
  tcond :  0.000000E+00
  tevac :  0.000000E+00
  tauto :  0.000000E+00
  taccr :  0.000000E+00
  tevar :  0.000000E+00
  train :  0.394980E+04
  erain :  0.000000E+00
  qsfc  :  0.000000E+00
  esfc  :  0.000000E+00
  erad  :  0.000000E+00
  asqv  :  0.838533E+04
  asqc  :  0.273005E+08
  asqr  :  0.395321E+05
  asqi  :  0.323629E+06
  asqs  :  0.421969E+04
  asqg  :  0.147011E+05
  asqhl :  0.000000E+00
  asccn : -0.646229E+17
  asccw :  0.232970E+19
  ascrw :  0.130578E+15
  ascci :  0.257994E+17
  ascsw :  0.255888E+13
  aschw :  0.255679E+12
  aschl :  0.000000E+00
  asvhw :  0.497275E+02
  asvhl :  0.000000E+00
  bsqv  :  0.000000E+00
  bsqc  :  0.000000E+00
  bsqr  :  0.000000E+00
  bsqi  :  0.000000E+00
  bsqs  :  0.000000E+00
  bsqg  :  0.000000E+00
  bsqhl :  0.000000E+00
  bsccn :  0.000000E+00
  bsccw :  0.000000E+00
  bscrw :  0.000000E+00
  bscci :  0.000000E+00
  bscsw :  0.000000E+00
  bschw :  0.000000E+00
  bschl :  0.000000E+00
  bsvhw :  0.000000E+00
  bsvhl :  0.000000E+00
 cm1out_stats.nc                                                       
   nrec =           20
           152             19.000000 min 
           153             19.125000 min 
           154             19.250000 min 
           155             19.375000 min 
           156             19.500000 min 
           157             19.625000 min 
           158             19.750000 min 
           159             19.875000 min 
   Getting dbz ... 
  WMAX  :   47.2425       24   32   39    WMIN  :  -19.5455       28   31   45
  UMAX  :   66.8023       29   30   43    UMIN  :  -20.7676       23   31   44
  SUMAX :   8.38119       19   30    1    SUMIN :  -8.10557       29   28    1
  VMAX  :   49.0149       25   34   44    VMIN  :  -36.7531       25   29   44
  SVMAX :   17.6377       24   21    1    SVMIN : -0.884905E-01   22   35    1
  PPIMAX:  0.238913E-02   24   32   42    PPIMIN: -0.212532E-02   27   31   46
  PPMAX :   218.748       24   32   39    PPMIN :  -304.637       23   33   18
  THPMAX:   13.8148       27   31   47    THPMIN:  -47.4919       25   31   46
  STHPMX:   1.08142       14   27    1    STHPMN:  0.282843       14   31    1
  MAXqv :  0.214771E-01   15   26    1    MINqv :  0.536365E-06   25   31   46
  MAXqc :  0.852972E-02   23   32   28    MINqc :   0.00000        1    1    1
  MAXqr :  0.381895E-03   24   31   31    MINqr :   0.00000        1    1    1
  MAXqi :  0.941574E-02   25   31   46    MINqi :   0.00000        1    1    1
  MAXqs :  0.136384E-02   24   33   33    MINqs :   0.00000        1    1    1
  MAXqg :  0.224998E-02   24   32   34    MINqg :   0.00000        1    1    1
  MAXqhl:   0.00000        1    1    1    MINqhl:   0.00000        1    1    1
  MAXccn:  0.167420E+10   30   29   32    MINccn:   0.00000       17   27    5
  MAXccw:  0.160744E+10   23   33    7    MINccw:   0.00000        1    1    1
  MAXcrw:   991456.       24   32   31    MINcrw:   0.00000        1    1    1
  MAXcci:  0.635757E+09   24   30   34    MINcci:   0.00000        1    1    1
  MAXcsw:   830558.       25   30   45    MINcsw:   0.00000        1    1    1
  MAXchw:   51342.4       24   33   33    MINchw:   0.00000        1    1    1
  MAXchl:   0.00000        1    1    1    MINchl:   0.00000        1    1    1
  MAXvhw:  0.707230E-05   24   33   34    MINvhw:   0.00000        1    1    1
  MAXvhl:   0.00000        1    1    1    MINvhl:   0.00000        1    1    1
  TKEMAX:   93.1524       28   24   43    TKEMIN:   0.00000        1    1    1
  KMHMAX:   1097.25       28   25   41    KMHMIN:   0.00000        1    1    1
  KMVMAX:   1097.25       28   25   41    KMVMIN:   0.00000        1    1    1
  KHHMAX:   3077.68       28   25   41    KHHMIN:   0.00000        1    1    1
  KHVMAX:   3077.68       28   25   41    KHVMIN:   0.00000        1    1    1
  DIVMAX:  0.343889E-03   21   33   14    DIVMIN: -0.346819E-03   24   32   39
  RHMAX :   1.58415       27   28   42    RHMIN :  0.178559E-02   34   28   34
  RHIMAX:   3.23911       27   28   42    RHIMIN:  0.268458E-02   34   28   34
  THEMAX:   370.944       15   26    1    THEMIN:   318.838       70   73   16
  STHEMX:   370.944       15   26    1    STHEMN:   358.253       20   26    1
  QCTOP :  17900.000000    1    1    1    QCBOT :    569.454773    1    1    1
  SFPMAX:   95218.6       29   57    1    SFPMIN:   94902.6       30   29    1
  PSFCMX:   96052.2       29   57    1    PSFCMN:   95734.2       30   29    1
  WSPMAX:   66.0247       28   33   43    WSPMIN:  0.245416       22   35    1
  SWSPMX:   17.3211       25   21    1    SWSPMN:  0.245416       22   35    1
  CFLMAX:      0.642974   24   32   36
  KSHMAX:  0.577064E-02   28   25   41
  KSVMAX:  0.233245       21   29    9
  VORSFC:  0.192174E-02
  VOR1KM:  0.587958E-02
  VOR2KM:  0.823412E-02
  VOR3KM:  0.967840E-02
  VOR4KM:  0.113930E-01
  VOR5KM:  0.113417E-01
  TMASS :  0.207380E+15
  TMOIS :  0.736926E+12
  qv MAS:  0.731596E+12
  qc MAS:  0.164634E+10
  qr MAS:  0.134910E+08
  qi MAS:  0.305942E+10
  qs MAS:  0.225569E+09
  qg MAS:  0.384905E+09
  qhlMAS:  0.000000E+00
  TENERG:  0.521593E+20
  TMU   :  0.529544E+16
  TMV   :  0.330095E+16
  TMW   : -0.590715E+13
  TMFU  :  0.558647E+11
  TMFD  : -0.712776E+11
  tcond :  0.000000E+00
  tevac :  0.000000E+00
  tauto :  0.000000E+00
  taccr :  0.000000E+00
  tevar :  0.000000E+00
  train :  0.395588E+04
  erain :  0.000000E+00
  qsfc  :  0.000000E+00
  esfc  :  0.000000E+00
  erad  :  0.000000E+00
  asqv  :  0.838533E+04
  asqc  :  0.305230E+08
  asqr  :  0.418729E+05
  asqi  :  0.353979E+06
  asqs  :  0.540301E+04
  asqg  :  0.168472E+05
  asqhl :  0.000000E+00
  asccn : -0.720841E+16
  asccw :  0.253036E+19
  ascrw :  0.138783E+15
  ascci :  0.265976E+17
  ascsw :  0.311903E+13
  aschw :  0.290572E+12
  aschl :  0.000000E+00
  asvhw :  0.576515E+02
  asvhl :  0.000000E+00
  bsqv  :  0.000000E+00
  bsqc  :  0.000000E+00
  bsqr  :  0.000000E+00
  bsqi  :  0.000000E+00
  bsqs  :  0.000000E+00
  bsqg  :  0.000000E+00
  bsqhl :  0.000000E+00
  bsccn :  0.000000E+00
  bsccw :  0.000000E+00
  bscrw :  0.000000E+00
  bscci :  0.000000E+00
  bscsw :  0.000000E+00
  bschw :  0.000000E+00
  bschl :  0.000000E+00
  bsvhw :  0.000000E+00
  bsvhl :  0.000000E+00
 cm1out_stats.nc                                                       
   nrec =           21
           160             20.000000 min 
   string = cm1out_rst_000004.nc                                                  
  USING COMPRESSED netCDF4 
   leaving restart_prelim 

 Total time:    8.25000095    

   sound    :        0.66    8.00%
   poiss    :        0.00    0.00%
   advs     :        1.05   12.79%
   advu     :        0.00    0.06%
   advv     :        0.05    0.67%
   advw     :        0.16    1.94%
   divx     :        0.01    0.12%
   buoyan   :        0.01    0.18%
   turb     :        0.24    2.91%
   sfcphys  :        0.00    0.00%
   tmix     :        0.76    9.27%
   cor      :        0.00    0.00%
   diffu    :        0.00    0.00%
   rdamp    :        0.03    0.36%
   microphy :        0.19    2.36%
   satadj   :        0.00    0.00%
   fallout  :        0.00    0.00%
   radiatio :        0.00    0.00%
   pbl      :        0.00    0.00%
   stat     :        0.14    1.76%
   cflq     :        0.00    0.00%
   bc       :        0.04    0.42%
   integ    :        0.25    3.09%
   write    :        0.38    4.55%
   restart  :        1.25   15.09%
   misc     :        0.20    2.42%
   swaths   :        0.00    0.00%
   pdef     :        0.25    3.03%
   prsrho   :        0.01    0.12%
   parcels  :        0.00    0.00%
   mp_total :        2.54   30.85%

   mpu1     :        0.00    0.00%
   mpu2     :        0.52    6.36%
   mpv1     :        0.00    0.00%
   mpv2     :        0.00    0.00%
   mpw1     :        0.00    0.00%
   mpw2     :        0.00    0.00%
   mpp1     :        0.00    0.00%
   mpp2     :        0.00    0.00%
   mps1     :        0.17    2.12%
   mps2     :        0.69    8.30%
   mps3     :        0.01    0.18%
   mps4     :        0.41    4.91%
   mpq1     :        0.00    0.00%
   mpq2     :        0.00    0.00%
   mptk1    :        0.74    8.97%
   mptk2    :        0.00    0.00%
   mpb      :        0.00    0.00%


   MN =    801163520.    

 Program terminated normally:  myid=           1
 Program terminated normally:  myid=           4
 Program terminated normally:  myid=          16
 Program terminated normally:  myid=          10
 Program terminated normally:  myid=          11
 Program terminated normally:  myid=          14
 Program terminated normally:  myid=           0
 Program terminated normally:  myid=          13
 Program terminated normally:  myid=          17
 Program terminated normally:  myid=          20
 Program terminated normally:  myid=           3
 Program terminated normally:  myid=           8
 Program terminated normally:  myid=           2
 Program terminated normally:  myid=           5
 Program terminated normally:  myid=          22
 Program terminated normally:  myid=          21
 Program terminated normally:  myid=          18
 Program terminated normally:  myid=           9
 Program terminated normally:  myid=          15
 Program terminated normally:  myid=          23
 Program terminated normally:  myid=           7
 Program terminated normally:  myid=          12
 Program terminated normally:  myid=          19
 Program terminated normally:  myid=           6
 Program terminated normally:  myid=          24
 Inside PARAM

   Everything is cool!
   ni,nj=          15          15


 dx        =   2000.00000    
 dy        =   2000.00000    
 dz        =   392.156860    
 dtl       =   7.50000000    
 timax     =   5400.00000    
 run_time  =   300.000000    
 tapfrq    =   900.000000    
 rstfrq    =   300.000000    
 statfrq   =   60.0000000    
 prclfrq   =   60.0000000    

 adapt_dt  =           0
 irst      =           1
 rstnum    =           4
 iconly    =           0
 hadvordrs =           5
 vadvordrs =           5
 hadvordrv =           5
 vadvordrv =           5
 pdscheme  =           1
 apmasscon =           1
 advwenos  =           2
 advwenov  =           0
 idiff     =           0
 mdiff     =           0
 difforder =           6
 imoist    =           1
 iturb     =           1
 tconfig   =           1
 bcturbs   =           1
 dns       =           0
 irdamp    =           1
 hrdamp    =           0
 psolver   =           3
 nsound    =           6
 ptype     =          27
 ihail     =           1
 iautoc    =           1
 icor      =           0
 pertcor   =           0
 eqtset    =           2
 idiss     =           1
 efall     =           0
 rterm     =           0
 wbc       =           2
 ebc       =           2
 sbc       =           2
 nbc       =           2
 bbc       =           1
 tbc       =           1
 irbc      =           4
 roflux    =           0
 isnd      =           7
 iwnd      =           2
 itern     =           0
 iinit     =           0
 irandp    =           0
 ibalance  =           0
 iorigin   =           1
 axisymm   =           0
 imove     =           0
 iptra     =           0
 npt       =           1
 pdtra     =           1
 iprcl     =           0
 nparcels  =           1

 kdiff2    =   75.0000000    
 kdiff6    =   3.99999991E-02
 fcor      =   0.00000000    
 kdiv      =  0.100000001    
 alph      =  0.600000024    
 rdalpha   =   3.33333341E-03
 zd        =   15000.0000    
 xhd       =   100000.000    
 umove     =   0.00000000    
 vmove     =   0.00000000    
 v_t       =   7.00000000    
 l_h       =   100.000000    
 lhref1    =   100.000000    
 lhref2    =   1000.00000    
 l_inf     =   100.000000    
 ndcnst    =   250.000000    

 radopt    =           0
 dtrad     =   300.000000    
 ctrlat    =   35.2358284    
 ctrlon    =  -97.4619370    
 year      =        2003
 month     =           5
 day       =           8
 hour      =          20
 minute    =          40
 second    =           0

 isfcflx   =           0
 sfcmodel  =           0
 oceanmodel=           0
 ipbl      =           0
 initsfc   =           1
 tsk0      =   299.279999    
 tmn0      =   297.279999    
 xland0    =   2.00000000    
 lu0       =          16
 season    =           1
 cecd      =           3
 pertflx   =           0
 cnstce    =   1.00000005E-03
 cnstcd    =   1.00000005E-03
 isftcflx  =           0
 iz0tlnd   =           0
 oml_hml0  =   50.0000000    
 oml_gamma =  0.140000001    

 stretch_x =           0
 dx_inner  =   1000.00000    
 dx_outer  =   7000.00000    
 nos_x_len =   40000.0000    
 tot_x_len =   120000.000    

 stretch_y =           0
 dy_inner  =   1000.00000    
 dy_outer  =   7000.00000    
 nos_y_len =   40000.0000    
 tot_y_len =   120000.000    

 stretch_z =           2
 ztop      =   20000.0000    
 str_bot   =   0.00000000    
 str_top   =   8625.00000    
 dz_bot    =   150.000000    
 dz_top    =   600.000000    

 bc_temp   =           1
 ptc_top   =   250.000000    
 ptc_bot   =   300.000000    
 viscosity =   25.0000000    
 pr_num    =  0.720000029    

 var1      =   0.00000000    
 var2      =   0.00000000    
 var3      =   0.00000000    
 var4      =   0.00000000    
 var5      =   0.00000000    
 var6      =   0.00000000    
 var7      =   0.00000000    
 var8      =   0.00000000    
 var9      =   0.00000000    
 var10     =   0.00000000    

&NSSL2MOM_PARAMS
 RHO_QR=  1000.00000    ,
 CNOR=  8000000.00    ,
 RHO_QS=  100.000000    ,
 CNOS=  3000000.00    ,
 RHO_QH=  500.000000    ,
 CNOH=  40000.0000    ,
 CCN=  2.00000000E+09,
 INFALL=4          ,
 ALPHAH=  0.00000000    ,
 ALPHAHL= 0.500000000    ,
 IMURAIN=1          ,
 ICDX=3          ,
 ICDXHL=3          ,
 DFRZ=  1.50000007E-04,
 HLDNMN=  500.000000    ,
 IFERWISVENTR=2          ,
 IEHW=1          ,
 IEHLW=1          ,
 EHW0= 0.750000000    ,
 EHLW0= 0.750000000    ,
 DMRAUTO=0          ,
 IOLDLIMITER=0          ,
 /

 ZGRID:  STRETCH FAC  =    1.0359004512429237     
 ZGRID:  DOMAIN  HGT  =    20000.0000    

 ZGRID:  STRETCH FAC  =    1.0359004512429237     
 ZGRID:  DOMAIN  HGT  =    20000.0000    

 ZGRID:  STRETCH FAC  =    1.0359004512429237     
 ZGRID:  DOMAIN  HGT  =    20000.0000    

 ZGRID:  STRETCH FAC  =    1.0359004512429237     
 ZGRID:  DOMAIN  HGT  =    20000.0000    

 ZGRID:  STRETCH FAC  =    1.0359004512429237     
 ZGRID:  DOMAIN  HGT  =    20000.0000    

 ZGRID:  STRETCH FAC  =    1.0359004512429237     
 ZGRID:  DOMAIN  HGT  =    20000.0000    

 ZGRID:  STRETCH FAC  =    1.0359004512429237     
 ZGRID:  DOMAIN  HGT  =    20000.0000    

 ZGRID:  STRETCH FAC  =    1.0359004512429237     
 ZGRID:  DOMAIN  HGT  =    20000.0000    

 ZGRID:  STRETCH FAC  =    1.0359004512429237     
 ZGRID:  DOMAIN  HGT  =    20000.0000    

 ZGRID:  STRETCH FAC  =    1.0359004512429237     
 ZGRID:  DOMAIN  HGT  =    20000.0000    

 ZGRID:  STRETCH FAC  =    1.0359004512429237     
 ZGRID:  DOMAIN  HGT  =    20000.0000    

 ZGRID:  STRETCH FAC  =    1.0359004512429237     
 ZGRID:  DOMAIN  HGT  =    20000.0000    

 ZGRID:  STRETCH FAC  =    1.0359004512429237     
 ZGRID:  DOMAIN  HGT  =    20000.0000    

 ZGRID:  STRETCH FAC  =    1.0359004512429237     
 ZGRID:  DOMAIN  HGT  =    20000.0000    

 ZGRID:  STRETCH FAC  =    1.0359004512429237     
 ZGRID:  DOMAIN  HGT  =    20000.0000    

 ZGRID:  STRETCH FAC  =    1.0359004512429237     
 ZGRID:  DOMAIN  HGT  =    20000.0000    

 ZGRID:  STRETCH FAC  =    1.0359004512429237     
 ZGRID:  DOMAIN  HGT  =    20000.0000    

 ZGRID:  STRETCH FAC  =    1.0359004512429237     
 ZGRID:  DOMAIN  HGT  =    20000.0000    

 ZGRID:  STRETCH FAC  =    1.0359004512429237     
 ZGRID:  DOMAIN  HGT  =    20000.0000    

 ZGRID:  STRETCH FAC  =    1.0359004512429237     
 ZGRID:  DOMAIN  HGT  =    20000.0000    

 ZGRID:  STRETCH FAC  =    1.0359004512429237     
 ZGRID:  DOMAIN  HGT  =    20000.0000    

 ZGRID:  STRETCH FAC  =    1.0359004512429237     
 ZGRID:  DOMAIN  HGT  =    20000.0000    

 ZGRID:  STRETCH FAC  =    1.0359004512429237     
 ZGRID:  DOMAIN  HGT  =    20000.0000    

 ZGRID:  STRETCH FAC  =    1.0359004512429237     
 ZGRID:  DOMAIN  HGT  =    20000.0000    

 iice      =           1
 idm       =           1
 idmplus   =           1
 numq      =          16
 nqv       =           1
 nqc       =           2
 nqr       =           3
 nqi       =           4
 nqs       =           5
 nqg       =           6
 nql1      =           2
 nql2      =           3
 nqs1      =           4
 nqs2      =           7
 nnc1      =           8
 nnc2      =          14
 nvl1      =          15
 nvl2      =          16
 nzl1      =           1
 nzl2      =           1

 nrain     =           1


 output_path      = ./                                                                    
 output_basename  = cm1out                                                                
 output_format    =           2
 output_filetype  =           1
 output_interp    =           0
 output_rain      =           1
 output_sws       =           1
 output_svs       =           1
 output_sps       =           1
 output_srs       =           1
 output_sgs       =           1
 output_sus       =           1
 output_shs       =           1
 output_coldpool  =           0
 output_sfcflx    =           0
 output_sfcparams =           0
 output_sfcdiags  =           0
 output_psfc      =           0
 output_zs        =           0
 output_zh        =           0
 output_basestate =           0
 output_th        =           1
 output_thpert    =           0
 output_prs       =           1
 output_prspert   =           0
 output_pi        =           0
 output_pipert    =           0
 output_rho       =           1
 output_rhopert   =           1
 output_tke       =           1
 output_km        =           1
 output_kh        =           1
 output_qv        =           1
 output_qvpert    =           0
 output_q         =           1
 output_dbz       =           1
 output_buoyancy  =           0
 output_u         =           1
 output_upert     =           0
 output_uinterp   =           1
 output_v         =           1
 output_vpert     =           0
 output_vinterp   =           1
 output_w         =           1
 output_winterp   =           1
 output_vort      =           0
 output_pv        =           0
 output_uh        =           0
 output_pblten    =           0
 output_dissten   =           0
 output_dissheat  =           0
 output_mptend    =           0
 output_fallvel   =           0
 output_nm        =           0
 output_def       =           0
 output_turbten   =           0
 output_impdiften =           0
 output_radten    =           0


 restart_format       =            2
 restart_filetype     =            1
 restart_file_theta   =  T
 restart_file_dbz     =  T
 restart_file_th0     =  T
 restart_file_prs0    =  T
 restart_file_pi0     =  T
 restart_file_rho0    =  T
 restart_file_qv0     =  T
 restart_file_u0      =  T
 restart_file_v0      =  T
 restart_file_zs      =  F
 restart_file_zh      =  F
 restart_file_zf      =  F
 restart_file_diags   =  F
 restart_use_theta    =  T
 restart_reset_frqtim =  T

   maxk =           51


   myid,mynode             =            0           0
   nodemaster,nodes,ppnode =            0           1          25
   nodex,nodey             =            5           5

   d2i   =           80
   d2is  =           75
   d2iu  =           76
   d2iv  =           75

   d2j   =           80
   d2js  =           75
   d2ju  =           75
   d2jv  =           76

   d3i   =           16
   d3is  =           15
   d3iu  =           16
   d3iv  =           15

   d3j   =           16
   d3js  =           15
   d3ju  =           15
   d3jv  =           16

   d3n   =           25
   d3t   =           24


 stat_w       =            1
 stat_u       =            1
 stat_v       =            1
 stat_rmw     =            0
 stat_pipert  =            1
 stat_prspert =            1
 stat_thpert  =            1
 stat_q       =            1
 stat_tke     =            1
 stat_km      =            1
 stat_kh      =            1
 stat_div     =            1
 stat_rh      =            1
 stat_rhi     =            1
 stat_the     =            1
 stat_cloud   =            1
 stat_sfcprs  =            1
 stat_wsp     =            1
 stat_cfl     =            1
 stat_vort    =            1
 stat_tmass   =            1
 stat_tmois   =            1
 stat_qmass   =            1
 stat_tenerg  =            1
 stat_mo      =            1
 stat_tmf     =            1
 stat_pcn     =            1
 stat_qsrc    =            1

 stat_out =          150


 prcl_th      =            0
 prcl_t       =            0
 prcl_prs     =            0
 prcl_ptra    =            0
 prcl_q       =            0
 prcl_nc      =            0
 prcl_km      =            0
 prcl_kh      =            0
 prcl_tke     =            0
 prcl_dbz     =            0
 prcl_b       =            0
 prcl_vpg     =            0
 prcl_vort    =            0
 prcl_rho     =            0
 prcl_qsat    =            0
 prcl_sfc     =            0


   c_m,c_l,ri_c  =   0.100000001      0.816500008      0.250000000    
   c_e1,c_e2,sum =   0.200001687      0.786958814      0.986960530    
   c_s,rcs       =   0.178412408       5.60499144    

   nparcels =            1
   npvals   =            1
     prx      =            0
     pry      =            0
     prz      =            0
     pru      =            0
     prv      =            0
     prw      =            0
     prth     =            0
     prt      =            0
     prprs    =            0
     prpt1    =            0
     prpt2    =            0
     prqv     =            0
     prq1     =            0
     prq2     =            0
     prnc1    =            0
     prnc2    =            0
     prkm     =            0
     prkh     =            0
     prtke    =            0
     prdbz    =            0
     prb      =            0
     prvpg    =            0
     przv     =            0
     prrho    =            0
     prqsl    =            0
     prqsi    =            0
     prznt    =            0
     prust    =            0

   myi,myj=           1           1

   mywest  =           4
   myeast  =           1
   mysouth =          20
   mynorth =           5

   mysw    =          24
   mynw    =           9
   myne    =           6
   myse    =          21

   cs1we   =         765
   cs1sn   =         765
   ct1we   =         780
   ct1sn   =         780
   cv1we   =         816
   cu1sn   =         816
   cw1we   =         750
   cw1sn   =         750
   cs2we   =        1530
   cs2sn   =        1530
   cs3we   =        2295
   cs3sn   =        2295
   ct3we   =        2340
   ct3sn   =        2340
   cv3we   =        2448
   cu3sn   =        2448
   cw3we   =        2250
   cw3sn   =        2250


 g     =   9.81000042    
 to    =   273.149994    
 rd    =   287.040009    
 rv    =   461.500000    
 cp    =   1005.70001    
 cv    =   718.660034    
 cpv   =   1870.00000    
 cvv   =   1408.50000    
 p00   =   100000.000    
 rp00  =   9.99999975E-06
 th0r  =   300.000000    
 rcp   =   9.94332251E-04
 pi    =   3.14159274    

 cpdcv =   1.39941001    
 rovcp =  0.285413146    
 rddcv =  0.399410009    
 cvdrd =   2.50369287    
 cpdrd =   3.50369287    
 eps   =  0.621971846    
 reps  =   1.60778975    
 repsm1=  0.607789755    
 cpt   =  0.859401345    
 cvt   =  0.959897518    
 pnum  =  -72634.2500    
 xlv   =   2501000.00    
 xls   =   2834000.00    
 lvdcp =   2486.82495    
 condc =   13476814.0    
 cpl   =   4190.00000    
 cpi   =   2106.00000    
 lv1   =   3134708.00    
 lv2   =   2320.00000    
 ls1   =   2898463.50    
 ls2   =   236.000000    
 karman=  0.400000006    

 timeformat   =           2
 timestats    =           1
 terrain_flag = F
 procfiles    = F

 nx    =          75
 ny    =          75
 nz    =          51

 nodex    =           5
 nodey    =           5
 numprocs =          25
 ppnode   =          25

 ni    =          15
 nj    =          15
 nk    =          51
 nkp1  =          52

 ib,ibm,ibi,ibc,ibt=       -2       -2       -2       -2       -2
 ie,iem,iei,iec,iet=       18       18       18       18       18
 jb,jbm,jbi,jbc,jbt=       -2       -2       -2       -2       -2
 je,jem,jei,jec,jet=       18       18       18       18       18
 kb,kbm,kbi,kbc,kbt=        0        0        0        0        0
 ke,kem,kei,kec,ket=       52       52       52       53       53

 imirror,jmirror =            0           0

 ibp,itb,ipb,ibr,ibb=        1        1        1        1        1
 iep,ite,ipe,ier,ieb=        1        1        1        1        1
 jbp,jtb,jpb,jbr,jbb=        1        1        1        1        1
 jep,jte,jpe,jer,jeb=        1        1        1        1        1
 kbp,ktb,kpb,kbr,kbb=        1        1        1        1        1
 kep,kte,kpe,ker,keb=        1        1        1        1        1

 ibd               =        1
 ied               =        1
 jbd               =        1
 jed               =        1
 kbd               =        1
 ked               =        1

 ibl               =        1
 iel               =        1
 jbl               =        1
 jel               =        1

 imp,jmp,kmp,kmt,rmp,cmp =     15     15     51     52      8      3

 rdx    =   5.00000024E-04
 rdy    =   5.00000024E-04
 rdz    =   2.55000009E-03
 rdx2   =   2.50000012E-04
 rdy2   =   2.50000012E-04
 rdz2   =   1.27500005E-03
 rdx4   =   1.25000006E-04
 rdy4   =   1.25000006E-04
 rdz4   =   6.37500023E-04
 govtwo =   4.90500021    
 clwsat =   9.99999997E-07
 smeps  =   1.00000000E-30
 tsmall =   9.99999975E-05
 qsmall =   9.99999982E-15
 cstar  =   30.0000000    
 csmax  =   350.000000    
 epsilon=   1.00000005E-18


 x:
      i         xf           xh         dx         uf         uh
 ---------------------------------------------------------------
      -2      -6000.00      -5000.00     2000.00     1.0000     1.0000   x
      -1      -4000.00      -3000.00     2000.00     1.0000     1.0000   x
       0      -2000.00      -1000.00     2000.00     1.0000     1.0000   x
       1          0.00       1000.00     2000.00     1.0000     1.0000    
       2       2000.00       3000.00     2000.00     1.0000     1.0000    
       3       4000.00       5000.00     2000.00     1.0000     1.0000    
       4       6000.00       7000.00     2000.00     1.0000     1.0000    
       5       8000.00       9000.00     2000.00     1.0000     1.0000    
       6      10000.00      11000.00     2000.00     1.0000     1.0000    
       7      12000.00      13000.00     2000.00     1.0000     1.0000    
       8      14000.00      15000.00     2000.00     1.0000     1.0000    
       9      16000.00      17000.00     2000.00     1.0000     1.0000    
      10      18000.00      19000.00     2000.00     1.0000     1.0000    
      11      20000.00      21000.00     2000.00     1.0000     1.0000    
      12      22000.00      23000.00     2000.00     1.0000     1.0000    
      13      24000.00      25000.00     2000.00     1.0000     1.0000    
      14      26000.00      27000.00     2000.00     1.0000     1.0000    
      15      28000.00      29000.00     2000.00     1.0000     1.0000    
      16      30000.00      31000.00     2000.00     1.0000     1.0000    
      17      32000.00      33000.00     2000.00     1.0000     1.0000    
      18      34000.00      35000.00     2000.00     1.0000     1.0000    
      19      36000.00      37000.00     2000.00     1.0000     1.0000    
      20      38000.00      39000.00     2000.00     1.0000     1.0000    
      21      40000.00      41000.00     2000.00     1.0000     1.0000    
      22      42000.00      43000.00     2000.00     1.0000     1.0000    
      23      44000.00      45000.00     2000.00     1.0000     1.0000    
      24      46000.00      47000.00     2000.00     1.0000     1.0000    
      25      48000.00      49000.00     2000.00     1.0000     1.0000    
      26      50000.00      51000.00     2000.00     1.0000     1.0000    
      27      52000.00      53000.00     2000.00     1.0000     1.0000    
      28      54000.00      55000.00     2000.00     1.0000     1.0000    
      29      56000.00      57000.00     2000.00     1.0000     1.0000    
      30      58000.00      59000.00     2000.00     1.0000     1.0000    
      31      60000.00      61000.00     2000.00     1.0000     1.0000    
      32      62000.00      63000.00     2000.00     1.0000     1.0000    
      33      64000.00      65000.00     2000.00     1.0000     1.0000    
      34      66000.00      67000.00     2000.00     1.0000     1.0000    
      35      68000.00      69000.00     2000.00     1.0000     1.0000    
      36      70000.00      71000.00     2000.00     1.0000     1.0000    
      37      72000.00      73000.00     2000.00     1.0000     1.0000    
      38      74000.00      75000.00     2000.00     1.0000     1.0000    
      39      76000.00      77000.00     2000.00     1.0000     1.0000    
      40      78000.00      79000.00     2000.00     1.0000     1.0000    
      41      80000.00      81000.00     2000.00     1.0000     1.0000    
      42      82000.00      83000.00     2000.00     1.0000     1.0000    
      43      84000.00      85000.00     2000.00     1.0000     1.0000    
      44      86000.00      87000.00     2000.00     1.0000     1.0000    
      45      88000.00      89000.00     2000.00     1.0000     1.0000    
      46      90000.00      91000.00     2000.00     1.0000     1.0000    
      47      92000.00      93000.00     2000.00     1.0000     1.0000    
      48      94000.00      95000.00     2000.00     1.0000     1.0000    
      49      96000.00      97000.00     2000.00     1.0000     1.0000    
      50      98000.00      99000.00     2000.00     1.0000     1.0000    
      51     100000.00     101000.00     2000.00     1.0000     1.0000    
      52     102000.00     103000.00     2000.00     1.0000     1.0000    
      53     104000.00     105000.00     2000.00     1.0000     1.0000    
      54     106000.00     107000.00     2000.00     1.0000     1.0000    
      55     108000.00     109000.00     2000.00     1.0000     1.0000    
      56     110000.00     111000.00     2000.00     1.0000     1.0000    
      57     112000.00     113000.00     2000.00     1.0000     1.0000    
      58     114000.00     115000.00     2000.00     1.0000     1.0000    
      59     116000.00     117000.00     2000.00     1.0000     1.0000    
      60     118000.00     119000.00     2000.00     1.0000     1.0000    
      61     120000.00     121000.00     2000.00     1.0000     1.0000    
      62     122000.00     123000.00     2000.00     1.0000     1.0000    
      63     124000.00     125000.00     2000.00     1.0000     1.0000    
      64     126000.00     127000.00     2000.00     1.0000     1.0000    
      65     128000.00     129000.00     2000.00     1.0000     1.0000    
      66     130000.00     131000.00     2000.00     1.0000     1.0000    
      67     132000.00     133000.00     2000.00     1.0000     1.0000    
      68     134000.00     135000.00     2000.00     1.0000     1.0000    
      69     136000.00     137000.00     2000.00     1.0000     1.0000    
      70     138000.00     139000.00     2000.00     1.0000     1.0000    
      71     140000.00     141000.00     2000.00     1.0000     1.0000    
      72     142000.00     143000.00     2000.00     1.0000     1.0000    
      73     144000.00     145000.00     2000.00     1.0000     1.0000    
      74     146000.00     147000.00     2000.00     1.0000     1.0000    
      75     148000.00     149000.00     2000.00     1.0000     1.0000    
      76     150000.00     151000.00     2000.00     1.0000     1.0000   x
      77     152000.00     153000.00     2000.00     1.0000     1.0000   x
      78     154000.00     155000.00     2000.00     1.0000     1.0000   x
      79     156000.00                               1.0000


 y:
      j         yf           yh         dy         vf         vh
 ---------------------------------------------------------------
      -2      -6000.00      -5000.00     2000.00     1.0000     1.0000   x
      -1      -4000.00      -3000.00     2000.00     1.0000     1.0000   x
       0      -2000.00      -1000.00     2000.00     1.0000     1.0000   x
       1          0.00       1000.00     2000.00     1.0000     1.0000    
       2       2000.00       3000.00     2000.00     1.0000     1.0000    
       3       4000.00       5000.00     2000.00     1.0000     1.0000    
       4       6000.00       7000.00     2000.00     1.0000     1.0000    
       5       8000.00       9000.00     2000.00     1.0000     1.0000    
       6      10000.00      11000.00     2000.00     1.0000     1.0000    
       7      12000.00      13000.00     2000.00     1.0000     1.0000    
       8      14000.00      15000.00     2000.00     1.0000     1.0000    
       9      16000.00      17000.00     2000.00     1.0000     1.0000    
      10      18000.00      19000.00     2000.00     1.0000     1.0000    
      11      20000.00      21000.00     2000.00     1.0000     1.0000    
      12      22000.00      23000.00     2000.00     1.0000     1.0000    
      13      24000.00      25000.00     2000.00     1.0000     1.0000    
      14      26000.00      27000.00     2000.00     1.0000     1.0000    
      15      28000.00      29000.00     2000.00     1.0000     1.0000    
      16      30000.00      31000.00     2000.00     1.0000     1.0000    
      17      32000.00      33000.00     2000.00     1.0000     1.0000    
      18      34000.00      35000.00     2000.00     1.0000     1.0000    
      19      36000.00      37000.00     2000.00     1.0000     1.0000    
      20      38000.00      39000.00     2000.00     1.0000     1.0000    
      21      40000.00      41000.00     2000.00     1.0000     1.0000    
      22      42000.00      43000.00     2000.00     1.0000     1.0000    
      23      44000.00      45000.00     2000.00     1.0000     1.0000    
      24      46000.00      47000.00     2000.00     1.0000     1.0000    
      25      48000.00      49000.00     2000.00     1.0000     1.0000    
      26      50000.00      51000.00     2000.00     1.0000     1.0000    
      27      52000.00      53000.00     2000.00     1.0000     1.0000    
      28      54000.00      55000.00     2000.00     1.0000     1.0000    
      29      56000.00      57000.00     2000.00     1.0000     1.0000    
      30      58000.00      59000.00     2000.00     1.0000     1.0000    
      31      60000.00      61000.00     2000.00     1.0000     1.0000    
      32      62000.00      63000.00     2000.00     1.0000     1.0000    
      33      64000.00      65000.00     2000.00     1.0000     1.0000    
      34      66000.00      67000.00     2000.00     1.0000     1.0000    
      35      68000.00      69000.00     2000.00     1.0000     1.0000    
      36      70000.00      71000.00     2000.00     1.0000     1.0000    
      37      72000.00      73000.00     2000.00     1.0000     1.0000    
      38      74000.00      75000.00     2000.00     1.0000     1.0000    
      39      76000.00      77000.00     2000.00     1.0000     1.0000    
      40      78000.00      79000.00     2000.00     1.0000     1.0000    
      41      80000.00      81000.00     2000.00     1.0000     1.0000    
      42      82000.00      83000.00     2000.00     1.0000     1.0000    
      43      84000.00      85000.00     2000.00     1.0000     1.0000    
      44      86000.00      87000.00     2000.00     1.0000     1.0000    
      45      88000.00      89000.00     2000.00     1.0000     1.0000    
      46      90000.00      91000.00     2000.00     1.0000     1.0000    
      47      92000.00      93000.00     2000.00     1.0000     1.0000    
      48      94000.00      95000.00     2000.00     1.0000     1.0000    
      49      96000.00      97000.00     2000.00     1.0000     1.0000    
      50      98000.00      99000.00     2000.00     1.0000     1.0000    
      51     100000.00     101000.00     2000.00     1.0000     1.0000    
      52     102000.00     103000.00     2000.00     1.0000     1.0000    
      53     104000.00     105000.00     2000.00     1.0000     1.0000    
      54     106000.00     107000.00     2000.00     1.0000     1.0000    
      55     108000.00     109000.00     2000.00     1.0000     1.0000    
      56     110000.00     111000.00     2000.00     1.0000     1.0000    
      57     112000.00     113000.00     2000.00     1.0000     1.0000    
      58     114000.00     115000.00     2000.00     1.0000     1.0000    
      59     116000.00     117000.00     2000.00     1.0000     1.0000    
      60     118000.00     119000.00     2000.00     1.0000     1.0000    
      61     120000.00     121000.00     2000.00     1.0000     1.0000    
      62     122000.00     123000.00     2000.00     1.0000     1.0000    
      63     124000.00     125000.00     2000.00     1.0000     1.0000    
      64     126000.00     127000.00     2000.00     1.0000     1.0000    
      65     128000.00     129000.00     2000.00     1.0000     1.0000    
      66     130000.00     131000.00     2000.00     1.0000     1.0000    
      67     132000.00     133000.00     2000.00     1.0000     1.0000    
      68     134000.00     135000.00     2000.00     1.0000     1.0000    
      69     136000.00     137000.00     2000.00     1.0000     1.0000    
      70     138000.00     139000.00     2000.00     1.0000     1.0000    
      71     140000.00     141000.00     2000.00     1.0000     1.0000    
      72     142000.00     143000.00     2000.00     1.0000     1.0000    
      73     144000.00     145000.00     2000.00     1.0000     1.0000    
      74     146000.00     147000.00     2000.00     1.0000     1.0000    
      75     148000.00     149000.00     2000.00     1.0000     1.0000    
      76     150000.00     151000.00     2000.00     1.0000     1.0000   x
      77     152000.00     153000.00     2000.00     1.0000     1.0000   x
      78     154000.00     155000.00     2000.00     1.0000     1.0000   x
      79     156000.00                               1.0000


 ZGRID:  STRETCH FAC  =    1.0359004512429237     
 ZGRID:  DOMAIN  HGT  =    20000.0000    
 k,gzc,gze =            1   77.692535400390625        0.0000000000000000     
 k,gzc,gze =            2   235.86680603027344        155.38507080078125     
 k,gzc,gze =            3   399.71958923339844        316.34854125976562     
 k,gzc,gze =            4   569.45477294921875        483.09063720703125     
 k,gzc,gze =            5   745.28353881835938        655.81890869140625     
 k,gzc,gze =            6   927.42462158203125        834.74816894531250     
 k,gzc,gze =            7   1116.1046142578125        1020.1010742187500     
 k,gzc,gze =            8   1311.5583496093750        1212.1081542968750     
 k,gzc,gze =            9   1514.0289916992188        1411.0085449218750     
 k,gzc,gze =           10   1723.7683715820312        1617.0494384765625     
 k,gzc,gze =           11   1941.0374755859375        1830.4873046875000     
 k,gzc,gze =           12   2166.1066894531250        2051.5876464843750     
 k,gzc,gze =           13   2399.2559814453125        2280.6257324218750     
 k,gzc,gze =           14   2640.7753906250000        2517.8862304687500     
 k,gzc,gze =           15   2890.9654541015625        2763.6645507812500     
 k,gzc,gze =           16   3150.1374511718750        3018.2663574218750     
 k,gzc,gze =           17   3418.6138916015625        3282.0085449218750     
 k,gzc,gze =           18   3696.7287597656250        3555.2192382812500     
 k,gzc,gze =           19   3984.8281250000000        3838.2382812500000     
 k,gzc,gze =           20   4283.2702636718750        4131.4179687500000     
 k,gzc,gze =           21   4592.4265136718750        4435.1225585937500     
 k,gzc,gze =           22   4912.6818847656250        4749.7304687500000     
 k,gzc,gze =           23   5244.4345703125000        5075.6333007812500     
 k,gzc,gze =           24   5588.0971679687500        5413.2358398437500     
 k,gzc,gze =           25   5944.0974121093750        5762.9584960937500     
 k,gzc,gze =           26   6312.8781738281250        6125.2363281250000     
 k,gzc,gze =           27   6694.8984375000000        6500.5200195312500     
 k,gzc,gze =           28   7090.6335449218750        6889.2768554687500     
 k,gzc,gze =           29   7500.5754394531250        7291.9902343750000     
 k,gzc,gze =           30   7925.2343750000000        7709.1606445312500     
 k,gzc,gze =           31   8365.1389160156250        8141.3081054687500     
 k,gzc,gze =           32   8820.8364257812500        8588.9697265625000     
 k,gzc,gze =           33   9292.8935546875000        9052.7031250000000     
 k,gzc,gze =           34   9781.8974609375000        9533.0839843750000     
 k,gzc,gze =           35   10288.457031250000        10030.710937500000     
 k,gzc,gze =           36   10813.202636718750        10546.203125000000     
 k,gzc,gze =           37   11356.786621093750        11080.202148437500     
 k,gzc,gze =           38   11919.885253906250        11633.371093750000     
 k,gzc,gze =           39   12503.199707031250        12206.399414062500     
 k,gzc,gze =           40   13100.000000000000        12800.000000000000     
 k,gzc,gze =           41   13700.000000000000        13400.000000000000     
 k,gzc,gze =           42   14300.000000000000        14000.000000000000     
 k,gzc,gze =           43   14900.000000000000        14600.000000000000     
 k,gzc,gze =           44   15500.000000000000        15200.000000000000     
 k,gzc,gze =           45   16100.000000000000        15800.000000000000     
 k,gzc,gze =           46   16700.000000000000        16400.000000000000     
 k,gzc,gze =           47   17300.000000000000        17000.000000000000     
 k,gzc,gze =           48   17900.000000000000        17600.000000000000     
 k,gzc,gze =           49   18500.000000000000        18200.000000000000     
 k,gzc,gze =           50   19100.000000000000        18800.000000000000     
 k,gzc,gze =           51   19700.000000000000        19400.000000000000     
 k,gzc,gze =           52   20300.000000000000        20000.000000000000     

 model heights:
     k       zf         zh         dz         mf         mh
 ---------------------------------------------------------------
      1       0.00      77.69     155.39     2.5238     2.5238
      2     155.39     235.87     160.96     2.4793     2.4363
      3     316.35     399.72     166.74     2.3933     2.3519
      4     483.09     569.45     172.73     2.3104     2.2704
      5     655.82     745.28     178.93     2.2303     2.1917
      6     834.75     927.42     185.35     2.1530     2.1157
      7    1020.10    1116.10     192.01     2.0784     2.0424
      8    1212.11    1311.56     198.90     2.0064     1.9716
      9    1411.01    1514.03     206.04     1.9369     1.9033
     10    1617.05    1723.77     213.44     1.8697     1.8373
     11    1830.49    1941.04     221.10     1.8049     1.7737
     12    2051.59    2166.11     229.04     1.7424     1.7122
     13    2280.63    2399.26     237.26     1.6820     1.6529
     14    2517.89    2640.78     245.78     1.6237     1.5956
     15    2763.66    2890.97     254.60     1.5674     1.5403
     16    3018.27    3150.14     263.74     1.5131     1.4869
     17    3282.01    3418.61     273.21     1.4607     1.4354
     18    3555.22    3696.73     283.02     1.4101     1.3856
     19    3838.24    3984.83     293.18     1.3612     1.3376
     20    4131.42    4283.27     303.70     1.3140     1.2912
     21    4435.12    4592.43     314.61     1.2685     1.2465
     22    4749.73    4912.68     325.90     1.2245     1.2033
     23    5075.63    5244.43     337.60     1.1821     1.1616
     24    5413.24    5588.10     349.72     1.1411     1.1213
     25    5762.96    5944.10     362.28     1.1016     1.0825
     26    6125.24    6312.88     375.28     1.0634     1.0450
     27    6500.52    6694.90     388.76     1.0265     1.0087
     28    6889.28    7090.63     402.71     0.9910     0.9738
     29    7291.99    7500.58     417.17     0.9566     0.9400
     30    7709.16    7925.23     432.15     0.9235     0.9075
     31    8141.31    8365.14     447.66     0.8915     0.8760
     32    8588.97    8820.84     463.73     0.8606     0.8457
     33    9052.70    9292.89     480.38     0.8307     0.8163
     34    9533.08    9781.90     497.63     0.8020     0.7881
     35   10030.71   10288.46     515.49     0.7742     0.7607
     36   10546.20   10813.20     534.00     0.7473     0.7344
     37   11080.20   11356.79     553.17     0.7214     0.7089
     38   11633.37   11919.88     573.03     0.6964     0.6844
     39   12206.40   12503.20     593.60     0.6723     0.6606
     40   12800.00   13100.00     600.00     0.6571     0.6536
     41   13400.00   13700.00     600.00     0.6536     0.6536
     42   14000.00   14300.00     600.00     0.6536     0.6536
     43   14600.00   14900.00     600.00     0.6536     0.6536
     44   15200.00   15500.00     600.00     0.6536     0.6536
     45   15800.00   16100.00     600.00     0.6536     0.6536
     46   16400.00   16700.00     600.00     0.6536     0.6536
     47   17000.00   17300.00     600.00     0.6536     0.6536
     48   17600.00   17900.00     600.00     0.6536     0.6536
     49   18200.00   18500.00     600.00     0.6536     0.6536
     50   18800.00   19100.00     600.00     0.6536     0.6536
     51   19400.00   19700.00     600.00     0.6536     0.6536
     52   20000.00                           0.6536

   patchsww = F
   patchnww = T
   patchsee = F
   patchnee = F
   patchsws = F
   patchses = T
   patchnwn = F
   patchnen = F

   p2tchsww = T
   p2tchnww = F
   p2tchsee = F
   p2tchnee = F
   p2tchsws = T
   p2tchses = F
   p2tchnwn = F
   p2tchnen = F

   minx =    0.00000000    
   maxx =    150000.000    
   miny =    0.00000000    
   maxy =    150000.000    
   maxz =    20000.0000    

   ibw =           1
   ibe =           0
   ibs =           1
   ibn =           0

   min_dx =    2000.00000    
   max_dx =    2000.00000    
   min_dy =    2000.00000    
   max_dy =    2000.00000    
   min_dz =    155.385071    
   max_dz =    600.000000    


   k,c1,c2,zhm1,zf,zh:
      1    0.5000    0.5000     -77.69       0.00      77.69
      2    0.5088    0.4912      77.69     155.39     235.87
      3    0.5088    0.4912     235.87     316.35     399.72
      4    0.5088    0.4912     399.72     483.09     569.45
      5    0.5088    0.4912     569.45     655.82     745.28
      6    0.5088    0.4912     745.28     834.75     927.42
      7    0.5088    0.4912     927.42    1020.10    1116.10
      8    0.5088    0.4912    1116.10    1212.11    1311.56
      9    0.5088    0.4912    1311.56    1411.01    1514.03
     10    0.5088    0.4912    1514.03    1617.05    1723.77
     11    0.5088    0.4912    1723.77    1830.49    1941.04
     12    0.5088    0.4912    1941.04    2051.59    2166.11
     13    0.5088    0.4912    2166.11    2280.63    2399.26
     14    0.5088    0.4912    2399.26    2517.89    2640.78
     15    0.5088    0.4912    2640.78    2763.66    2890.97
     16    0.5088    0.4912    2890.97    3018.27    3150.14
     17    0.5088    0.4912    3150.14    3282.01    3418.61
     18    0.5088    0.4912    3418.61    3555.22    3696.73
     19    0.5088    0.4912    3696.73    3838.24    3984.83
     20    0.5088    0.4912    3984.83    4131.42    4283.27
     21    0.5088    0.4912    4283.27    4435.12    4592.43
     22    0.5088    0.4912    4592.43    4749.73    4912.68
     23    0.5088    0.4912    4912.68    5075.63    5244.43
     24    0.5088    0.4912    5244.43    5413.24    5588.10
     25    0.5088    0.4912    5588.10    5762.96    5944.10
     26    0.5088    0.4912    5944.10    6125.24    6312.88
     27    0.5088    0.4912    6312.88    6500.52    6694.90
     28    0.5088    0.4912    6694.90    6889.28    7090.63
     29    0.5088    0.4912    7090.63    7291.99    7500.58
     30    0.5088    0.4912    7500.58    7709.16    7925.23
     31    0.5088    0.4912    7925.23    8141.31    8365.14
     32    0.5088    0.4912    8365.14    8588.97    8820.84
     33    0.5088    0.4912    8820.84    9052.70    9292.89
     34    0.5088    0.4912    9292.89    9533.08    9781.90
     35    0.5088    0.4912    9781.90   10030.71   10288.46
     36    0.5088    0.4912   10288.46   10546.20   10813.20
     37    0.5088    0.4912   10813.20   11080.20   11356.79
     38    0.5088    0.4912   11356.79   11633.37   11919.88
     39    0.5088    0.4912   11919.88   12206.40   12503.20
     40    0.5027    0.4973   12503.20   12800.00   13100.00
     41    0.5000    0.5000   13100.00   13400.00   13700.00
     42    0.5000    0.5000   13700.00   14000.00   14300.00
     43    0.5000    0.5000   14300.00   14600.00   14900.00
     44    0.5000    0.5000   14900.00   15200.00   15500.00
     45    0.5000    0.5000   15500.00   15800.00   16100.00
     46    0.5000    0.5000   16100.00   16400.00   16700.00
     47    0.5000    0.5000   16700.00   17000.00   17300.00
     48    0.5000    0.5000   17300.00   17600.00   17900.00
     49    0.5000    0.5000   17900.00   18200.00   18500.00
     50    0.5000    0.5000   18500.00   18800.00   19100.00
     51    0.5000    0.5000   19100.00   19400.00   19700.00
     52    0.5000    0.5000   19700.00   20000.00   20300.00


   ------ tauf, tauh -----
           1   0.00000000       0.00000000    
           2   0.00000000       0.00000000    
           3   0.00000000       0.00000000    
           4   0.00000000       0.00000000    
           5   0.00000000       0.00000000    
           6   0.00000000       0.00000000    
           7   0.00000000       0.00000000    
           8   0.00000000       0.00000000    
           9   0.00000000       0.00000000    
          10   0.00000000       0.00000000    
          11   0.00000000       0.00000000    
          12   0.00000000       0.00000000    
          13   0.00000000       0.00000000    
          14   0.00000000       0.00000000    
          15   0.00000000       0.00000000    
          16   0.00000000       0.00000000    
          17   0.00000000       0.00000000    
          18   0.00000000       0.00000000    
          19   0.00000000       0.00000000    
          20   0.00000000       0.00000000    
          21   0.00000000       0.00000000    
          22   0.00000000       0.00000000    
          23   0.00000000       0.00000000    
          24   0.00000000       0.00000000    
          25   0.00000000       0.00000000    
          26   0.00000000       0.00000000    
          27   0.00000000       0.00000000    
          28   0.00000000       0.00000000    
          29   0.00000000       0.00000000    
          30   0.00000000       0.00000000    
          31   0.00000000       0.00000000    
          32   0.00000000       0.00000000    
          33   0.00000000       0.00000000    
          34   0.00000000       0.00000000    
          35   0.00000000       0.00000000    
          36   0.00000000       0.00000000    
          37   0.00000000       0.00000000    
          38   0.00000000       0.00000000    
          39   0.00000000       0.00000000    
          40   0.00000000       0.00000000    
          41   0.00000000       0.00000000    
          42   0.00000000       0.00000000    
          43   0.00000000       0.00000000    
          44   3.94263864E-03   2.44717300E-02
          45   6.18466735E-02  0.114743382    
          46  0.181288034      0.259123147    
          47  0.345491529      0.437333375    
          48  0.531395316      0.624345005    
          49  0.712889671      0.793892622    
          50  0.864484310      0.922163963    
          51  0.964888215      0.991143644    
          52   1.00000000    


   vialpha,vibeta =   0.500000000      0.500000000    


   x0,alpha,delta,sum,predict,maxz:
   0.00000000    
  0.500000000       1.51795030       2.57244539       3.66479731    
   1.85094726      -1.19824338      0.347296089       0.00000000    
   1.00000000       1.52587891E-05   20000.0000    


   cgs1,cgs2,cgs3 =    1.85094726      -1.19824338      0.347296089    
   sum            =    1.00000000    

   dgs1,dgs2,dgs3 =   -1.93890107       2.86228609     -0.923384964    
   sum            =    5.96046448E-08


   x0,alpha,delta,sum,predict,maxz:
   33.3333321    
   32.8333321       31.8333340       30.8333340       29.8333340    
   1.87500155      -1.25000143      0.374999881       0.00000000    
   1.00000000       20000.0020       20000.0000    


   cgt1,cgt2,cgt3 =    1.87500155      -1.25000143      0.374999881    
   sum            =    1.00000000    

   dgt1,dgt2,dgt3 =    2.00000381      -3.00000381       1.00000000    
   sum            =    0.00000000    

 Leaving PARAM
 Inside BASE

  Reading sounding from external file, input_sounding

  p_sfc, th_sfc, qv_sfc =    960.000000       304.899994       19.0599995    
   Found           68   levels (including surface)


     k,z,th,qv:
           1   0.00000000       304.899994       19.0599995    
           2   0.00000000       304.899994       19.0599995    
           3   253.000000       305.200012       17.9099998    
           4   329.000000       305.299988       17.5799999    
           5   557.000000       305.500000       17.2199993    
           6   757.000000       305.600006       16.9099998    
           7   862.000000       306.799988       15.3999996    
           8   1069.00000       309.200012       12.7700005    
           9   1472.00000       310.700012       8.30000019    
          10   1777.00000       311.799988       5.88999987    
          11   1942.00000       312.399994       4.86000013    
          12   2081.00000       312.399994       5.42000008    
          13   2386.00000       312.399994       6.84999990    
          14   2475.00000       312.399994       7.32000017    
          15   2721.00000       312.899994       4.53999996    
          16   2876.00000       313.000000       3.85999990    
          17   3070.00000       314.399994       1.21000004    
          18   3301.00000       315.799988       1.08000004    
          19   3605.00000       317.600006      0.920000017    
          20   3807.00000       318.700012      0.819999993    
          21   3910.00000       318.899994      0.829999983    
          22   4520.00000       319.500000      0.829999983    
          23   4718.00000       319.700012      0.839999974    
          24   5026.00000       323.500000      0.230000004    
          25   5423.00000       324.600006      0.189999998    
          26   5434.00000       324.600006      0.189999998    
          27   5739.00000       325.700012      0.209999993    
          28   6102.00000       327.100006      0.219999999    
          29   7123.00000       328.299988      0.119999997    
          30   7263.00000       328.500000      0.119999997    
          31   8787.00000       331.100006      0.170000002    
          32   9092.00000       331.399994      0.180000007    
          33   9160.00000       331.500000      0.189999998    
          34   9183.00000       331.600006       1.00000005E-03
          35   9701.00000       334.700012       1.00000005E-03
          36   9844.00000       335.500000       1.00000005E-03
          37   10311.0000       338.299988       1.00000005E-03
          38   10413.0000       338.899994       1.00000005E-03
          39   10921.0000       340.600006       1.00000005E-03
          40   11530.0000       342.500000       1.00000005E-03
          41   11863.0000       343.399994       1.00000005E-03
          42   12140.0000       347.799988       1.00000005E-03
          43   12290.0000       350.100006       1.00000005E-03
          44   13664.0000       359.100006       1.00000005E-03
          45   13663.0000       359.100006       1.00000005E-03
          46   14273.0000       362.500000       1.00000005E-03
          47   14391.0000       363.100006       1.00000005E-03
          48   14811.0000       371.299988       1.00000005E-03
          49   14883.0000       372.700012       1.00000005E-03
          50   15797.0000       391.100006       1.00000005E-03
          51   16103.0000       397.399994       1.00000005E-03
          52   16481.0000       399.899994       1.00000005E-03
          53   16637.0000       410.000000       1.00000005E-03
          54   17281.0000       413.000000       1.00000005E-03
          55   17321.0000       415.399994       1.00000005E-03
          56   17527.0000       427.799988       1.00000005E-03
          57   18236.0000       441.399994       1.00000005E-03
          58   18253.0000       441.799988       1.00000005E-03
          59   18517.0000       445.600006       1.00000005E-03
          60   18845.0000       457.100006       1.00000005E-03
          61   19981.0000       498.799988       1.00000005E-03
          62   20323.0000       504.700012       1.00000005E-03
          63   22954.0000       573.599976       1.00000005E-03
          64   23563.0000       595.500000       1.00000005E-03
          65   24663.0000       636.000000       1.00000005E-03
          66   26193.0000       679.000000       1.00000005E-03
          67   26846.0000       706.799988       1.00000005E-03
          68   27739.0000       734.200012       1.00000005E-03

     k,u,v:
           1  -1.68008852      -2.17436504    
           2  -2.28714967       6.28391504    
           3  -3.03701520       17.2238979    
           4  -2.85836720       16.2107277    
           5   0.00000000       18.0039997    
           6   4.05004406       17.5425529    
           7   6.15775585       16.9182167    
           8   10.3266935       14.7479963    
           9   14.1859379       11.9033737    
          10   16.8548927       11.8018789    
          11   17.6976376       12.3919735    
          12   18.5403824       12.9820671    
          13   19.8044987       13.8672075    
          14   20.2258720       14.1622553    
          15   21.0686169       14.7523489    
          16   22.6022434       15.2453480    
          17   24.8654766       15.5376129    
          18   27.1745205       15.6891508    
          19   30.2929077       17.4895458    
          20   30.1988850       19.6113091    
          21   29.9174347       20.9483356    
          22   32.0242958       22.4235706    
          23   30.7601795       21.5384293    
          24   29.0746899       20.3582420    
          25   26.9678288       18.8830070    
          26   26.1250839       18.2929134    
          27   26.1250839       18.2929134    
          28   27.3892021       19.1780529    
          29   30.7601795       21.5384293    
          30   30.3388081       21.2433815    
          31   36.2380219       25.3740406    
          32   34.1311569       23.8988056    
          33   34.1311569       23.8988056    
          34   34.1311569       23.8988056    
          35   44.7556915       20.8698215    
          36   44.7556915       20.8698215    
          37   43.0206604       15.6581488    
          38   41.0871468       14.9544115    
          39   38.2591820       10.2514391    
          40   41.4922562       19.3480644    
          41   40.2466736       10.7839813    
          42   39.5136528       6.96724367    
          43   38.5004807       6.78859663    
          44   27.0691795       9.85231876    
          45   28.8186054       7.72186279    
          46   27.0398979       12.6088505    
          47   29.8371277       13.9132147    
          48   27.9723072       13.0436392    
          49   27.9723072       13.0436392    
          50   27.9723072       13.0436392    
          51   27.9723072       13.0436392    
          52   27.9723072       13.0436392    
          53   27.9723072       13.0436392    
          54   27.9723072       13.0436392    
          55   27.9723072       13.0436392    
          56   27.9723072       13.0436392    
          57   27.9723072       13.0436392    
          58   27.9723072       13.0436392    
          59   27.9723072       13.0436392    
          60   27.9723072       13.0436392    
          61   27.9723072       13.0436392    
          62   27.9723072       13.0436392    
          63   27.9723072       13.0436392    
          64   27.9723072       13.0436392    
          65   27.9723072       13.0436392    
          66   27.9723072       13.0436392    
          67   27.9723072       13.0436392    
          68   27.9723072       13.0436392    


 interpolating sounding to grid: 

           0.00000000       77.6925354       253.000000      0.307085127    
           0.00000000       235.866806       253.000000      0.932279885    
           329.000000       399.719604       557.000000      0.310173690    
           557.000000       569.454773       757.000000       6.22738637E-02
           557.000000       745.283569       757.000000      0.941417873    
           862.000000       927.424622       1069.00000      0.316060960    
           1069.00000       1116.10461       1472.00000      0.116884902    
           1069.00000       1311.55835       1472.00000      0.601881742    
           1472.00000       1514.02905       1777.00000      0.137800172    
           1472.00000       1723.76831       1777.00000      0.825469851    
           1777.00000       1941.03748       1942.00000      0.994166493    
           2081.00000       2166.10669       2386.00000      0.279038340    
           2386.00000       2399.25586       2475.00000      0.148942247    
           2475.00000       2640.77539       2721.00000      0.673883677    
           2876.00000       2890.96533       3070.00000       7.71408901E-02
           3070.00000       3150.13745       3301.00000      0.346915364    
           3301.00000       3418.61377       3605.00000      0.386887401    
           3605.00000       3696.72876       3807.00000      0.454102784    
           3910.00000       3984.82812       4520.00000      0.122669056    
           3910.00000       4283.27051       4520.00000      0.611918867    
           4520.00000       4592.42676       4718.00000      0.365791708    
           4718.00000       4912.68164       5026.00000      0.632083237    
           5026.00000       5244.43457       5423.00000      0.550213039    
           5434.00000       5588.09717       5739.00000      0.505236626    
           5739.00000       5944.09766       6102.00000      0.565007329    
           6102.00000       6312.87793       7123.00000      0.206540585    
           6102.00000       6694.89844       7123.00000      0.580703676    
           6102.00000       7090.63379       7123.00000      0.968299508    
           7263.00000       7500.57520       8787.00000      0.155889243    
           7263.00000       7925.23438       8787.00000      0.434536994    
           7263.00000       8365.13867       8787.00000      0.723188102    
           8787.00000       8820.83594       9092.00000      0.110937499    
           9183.00000       9292.89355       9701.00000      0.212149724    
           9701.00000       9781.89746       9844.00000      0.565716505    
           9844.00000       10288.4570       10311.0000      0.951728106    
           10413.0000       10813.2031       10921.0000      0.787801445    
           10921.0000       11356.7871       11530.0000      0.715578198    
           11863.0000       11919.8848       12140.0000      0.205360159    
           12290.0000       12503.1992       13664.0000      0.155166820    
           12290.0000       13100.0000       13664.0000      0.589519680    
           13663.0000       13700.0000       14273.0000       6.06557392E-02
           14273.0000       14300.0000       14391.0000      0.228813559    
           14883.0000       14900.0000       15797.0000       1.85995623E-02
           14883.0000       15500.0000       15797.0000      0.675054729    
           15797.0000       16100.0000       16103.0000      0.990196049    
           16637.0000       16700.0000       17281.0000       9.78260860E-02
           17281.0000       17300.0000       17321.0000      0.474999994    
           17527.0000       17900.0000       18236.0000      0.526093066    
           18253.0000       18500.0000       18517.0000      0.935606062    
           18845.0000       19100.0000       19981.0000      0.224471837    
           18845.0000       19700.0000       19981.0000      0.752640843    


       k    prs0 (Pa)        pi0        rho0 (kg/m^3)
    ---------------------------------------------------------------------
       1     95166.33     0.9859590     1.0703498
       2     93485.29     0.9809565     1.0573388
       3     91766.82     0.9757757     1.0436164
       4     90011.12     0.9704106     1.0292686
       5     88218.23     0.9648541     1.0147177
       6     86392.74     0.9591130     0.9969282
       7     84539.13     0.9531941     0.9795130
       8     82654.29     0.9470795     0.9649808
       9     80735.77     0.9407526     0.9496903
      10     78784.72     0.9342071     0.9334296
      11     76802.45     0.9274372     0.9163421
      12     74789.16     0.9204324     0.8976445
      13     72744.92     0.9131806     0.8785866
      14     70670.52     0.9056714     0.8617814
      15     68566.91     0.8978937     0.8447158
      16     66439.88     0.8898542     0.8245230
      17     64296.38     0.8815641     0.8015164
      18     62139.18     0.8730192     0.7784428
      19     59967.84     0.8642015     0.7568735
      20     57780.22     0.8550838     0.7363547
      21     55576.87     0.8456476     0.7154992
      22     53367.82     0.8359147     0.6900161
      23     51161.31     0.8259013     0.6656416
      24     48955.23     0.8155763     0.6429248
      25     46750.48     0.8049198     0.6195389
      26     44549.63     0.7939177     0.5970089
      27     42353.16     0.7825432     0.5750714
      28     40163.54     0.7707765     0.5529107
      29     37985.48     0.7586079     0.5302529
      30     35824.05     0.7460288     0.5073733
      31     33683.91     0.7330273     0.4844181
      32     31569.63     0.7195897     0.4614443
      33     29486.92     0.7057083     0.4381128
      34     27446.87     0.6914145     0.4126375
      35     25459.17     0.6767374     0.3875721
      36     23525.05     0.6616473     0.3640629
      37     21644.84     0.6461025     0.3412990
      38     19823.50     0.6300950     0.3183388
      39     18078.52     0.6137401     0.2919538
      40     16435.03     0.5972698     0.2697319
      41     14909.51     0.5808922     0.2488627
      42     13501.69     0.5646787     0.2297055
      43     12215.12     0.5487678     0.2078778
      44     11052.86     0.5333288     0.1874732
      45     10004.23     0.5183693     0.1692158
      46      9058.02     0.5038759     0.1526413
      47      8194.87     0.4896780     0.1407800
      48      7414.63     0.4758924     0.1247940
      49      6713.81     0.4625956     0.1135318
      50      6083.39     0.4497583     0.1010202
      51      5522.05     0.4375008     0.0900174


       k    th0 (K)     thv0 (K)     t0 (K)     l.r. (K/km)     N^2
    ---------------------------------------------------------------------
       1    304.9921    308.3957    300.7097       4.2116      0.0406
       2    305.1797    308.4570    299.3680       8.3355      0.1212
       3    305.3620    308.5506    297.9648       8.4152      0.1784
       4    305.5062    308.6466    296.4665       8.6748      0.1767
       5    305.5941    308.6865    294.8538       9.0131      0.0708
       6    307.5585    310.2476    294.9834      -0.6994      2.6698
       7    309.3753    311.6422    294.8947       0.4617      2.2916
       8    310.1028    311.9650    293.6920       6.0467      0.5105
       9    310.8516    312.3410    292.4344       6.1036      0.5735
      10    311.6080    312.7908    291.1064       6.2221      0.6615
      11    312.3965    313.3159    289.7281       6.2337      0.7441
      12    312.4000    313.5106    287.5431       9.5403      0.2661
      13    312.4000    313.7057    285.2776       9.5483      0.2572
      14    312.7369    313.7564    283.2369       8.3032      0.0645
      15    313.1080    313.8004    281.1377       8.2450      0.0541
      16    314.8857    315.1082    280.2023       3.5465      1.5469
      17    316.4964    316.6917    279.0119       4.3573      1.7999
      18    318.0995    318.2682    277.7070       4.6105      1.7213
      19    318.9736    319.1355    275.6575       6.9907      0.9105
      20    319.2672    319.4302    273.0002       8.7497      0.2982
      21    319.5732    319.7352    270.2462       8.7535      0.2976
      22    322.1019    322.1924    269.2498       3.0576      2.3044
      23    324.1052    324.1460    267.6789       4.6529      1.7566
      24    325.1558    325.1955    265.1893       7.1188      0.9068
      25    326.4910    326.5340    262.7991       6.5979      1.1122
      26    327.3478    327.3865    259.8872       7.7590      0.6816
      27    327.7968    327.8278    256.5152       8.6739      0.3399
      28    328.2620    328.2864    253.0166       8.6876      0.3405
      29    328.9053    328.9351    249.5101       8.4053      0.4642
      30    329.6298    329.6649    245.9133       8.3232      0.5032
      31    330.3803    330.4164    242.1778       8.3446      0.4989
      32    331.1333    331.1679    238.2801       8.4050      0.4806
      33    332.2577    332.2579    234.4770       7.9169      0.6711
      34    335.1526    335.1528    231.7294       5.5215      1.7102
      35    338.1648    338.1650    228.8488       5.5880      1.7027
      36    340.2393    340.2395    225.1184       6.9857      1.1235
      37    341.9596    341.9598    220.9409       7.5518      0.8944
      38    344.3036    344.3038    216.9440       6.9752      1.1695
      39    351.4965    351.4967    215.7275       2.0493      3.4170
      40    355.4057    355.4059    212.2731       5.7574      1.8083
      41    359.3062    359.3065    208.7182       5.9248      1.7846
      42    362.6373    362.6375    204.7735       6.5744      1.5088
      43    373.0422    373.0424    204.7136       0.1000      4.6252
      44    385.1210    385.1213    205.3961      -1.1376      5.2101
      45    397.3382    397.3385    205.9679      -0.9530      5.1061
      46    410.2935    410.2937    206.7370      -1.2818      5.2459
      47    414.1400    414.1403    202.7952       6.5696      1.5257
      48    434.9549    434.9551    206.9917      -6.9941      8.0177
      49    445.3553    445.3556    206.0194       1.6205      3.8635
      50    466.4605    466.4608    209.7945      -6.2918      7.5702
      51    488.4851    488.4855    213.7126      -6.5303      7.5432


   Richardson number:  NOTE!!!  Ri should be > 0.25 for most applications!

   k,z,Ri:           2   156.779663       6.56792847E-03 <---- NOTE!  Ri < 0.25
   k,z,Ri:           3   317.793213      0.439205140    
   k,z,Ri:           4   484.587189       8.08897913E-02 <---- NOTE!  Ri < 0.25
   k,z,Ri:           5   657.369141       1.73391774E-02 <---- NOTE!  Ri < 0.25
   k,z,Ri:           6   836.354126      0.592872560    
   k,z,Ri:           7   1021.76465      0.584386945    
   k,z,Ri:           8   1213.83154      0.367057145    
   k,z,Ri:           9   1412.79370      0.484290212    
   k,z,Ri:          10   1618.89868      0.877767026    
   k,z,Ri:          11   1832.40283       1.76677966    
   k,z,Ri:          12   2053.57202      0.638745427    
   k,z,Ri:          13   2282.68115       1.00608993    
   k,z,Ri:          14   2520.01562      0.299344897    
   k,z,Ri:          15   2765.87036       7.77312294E-02 <---- NOTE!  Ri < 0.25
   k,z,Ri:          16   3020.55127       1.25069678    
   k,z,Ri:          17   3284.37549       1.65002930    
   k,z,Ri:          18   3557.67139       1.74417806    
   k,z,Ri:          19   3840.77832       1.07290030    
   k,z,Ri:          20   4134.04932       1.70674646    
   k,z,Ri:          21   4437.84863       15.3919201    
   k,z,Ri:          22   4752.55420       4.62953997    
   k,z,Ri:          23   5078.55811       4.16976404    
   k,z,Ri:          24   5416.26562       2.28135395    
   k,z,Ri:          25   5766.09766       18.8682423    
   k,z,Ri:          26   6128.48779       4.07634592    
   k,z,Ri:          27   6503.88818       2.12920070    
   k,z,Ri:          28   6892.76611       2.13297796    
   k,z,Ri:          29   7295.60449       14.5481768    
   k,z,Ri:          30   7712.90479       2.29302764    
   k,z,Ri:          31   8145.18652       2.27365947    
   k,z,Ri:          32   8592.98730       3.48084259    
   k,z,Ri:          33   9056.86523       3.83905840    
   k,z,Ri:          34   9537.39551      0.549297452    
   k,z,Ri:          35   10035.1777       1.62694931    
   k,z,Ri:          36   10550.8301      0.792215824    
   k,z,Ri:          37   11084.9951      0.807363927    
   k,z,Ri:          38   11638.3359      0.821527362    
   k,z,Ri:          39   12211.5420       6.28008318    
   k,z,Ri:          40   12801.5996       2.45053101    
   k,z,Ri:          41   13400.0000       6.66491270    
   k,z,Ri:          42   14000.0000       2.17567515    
   k,z,Ri:          43   14600.0000       1600.02026    
   k,z,Ri:          44   15200.0000       521010880.    
   k,z,Ri:          45   15800.0000       510614496.    
   k,z,Ri:          46   16400.0000       524586304.    
   k,z,Ri:          47   17000.0000       152568752.    
   k,z,Ri:          48   17600.0000       801772096.    
   k,z,Ri:          49   18200.0000       386353664.    
   k,z,Ri:          50   18800.0000       757021440.    
   k,z,Ri:          51   19400.0000       754319168.    


       k  theta-e (K)       rh0          qv0          qc0          qi0
    ---------------------------------------------------------------------
       1    361.2180     0.746565     0.018704     0.000000     0.000000
       2    359.2769     0.765035     0.017987     0.000000     0.000000
       3    357.9687     0.795197     0.017480     0.000000     0.000000
       4    357.3099     0.842005     0.017204     0.000000     0.000000
       5    356.5935     0.898027     0.016931     0.000000     0.000000
       6    351.9169     0.751467     0.014595     0.000000     0.000000
       7    346.8395     0.617836     0.012203     0.000000     0.000000
       8    340.9742     0.532665     0.009978     0.000000     0.000000
       9    335.6923     0.448644     0.007946     0.000000     0.000000
      10    331.4999     0.376910     0.006285     0.000000     0.000000
      11    328.0279     0.310897     0.004866     0.000000     0.000000
      12    331.1370     0.422303     0.005884     0.000000     0.000000
      13    334.2994     0.561836     0.006924     0.000000     0.000000
      14    330.0004     0.487704     0.005392     0.000000     0.000000
      15    325.0440     0.369899     0.003652     0.000000     0.000000
      16    318.9708     0.121831     0.001164     0.000000     0.000000
      17    320.1140     0.111821     0.001016     0.000000     0.000000
      18    321.2564     0.101819     0.000874     0.000000     0.000000
      19    322.0104     0.108726     0.000835     0.000000     0.000000
      20    322.3262     0.127866     0.000841     0.000000     0.000000
      21    322.6159     0.149776     0.000835     0.000000     0.000000
      22    323.8599     0.085740     0.000462     0.000000     0.000000
      23    324.9351     0.041509     0.000207     0.000000     0.000000
      24    325.9660     0.046739     0.000201     0.000000     0.000000
      25    327.3644     0.058020     0.000217     0.000000     0.000000
      26    328.1400     0.062841     0.000195     0.000000     0.000000
      27    328.4380     0.063032     0.000155     0.000000     0.000000
      28    328.7739     0.063391     0.000122     0.000000     0.000000
      29    329.5230     0.099196     0.000149     0.000000     0.000000
      30    330.3536     0.152810     0.000175     0.000000     0.000000
      31    331.1224     0.208787     0.000180     0.000000     0.000000
      32    331.8469     0.273358     0.000172     0.000000     0.000000
      33    332.2629     0.002189     0.000001     0.000000     0.000000
      34    335.1579     0.002701     0.000001     0.000000     0.000000
      35    338.1702     0.003410     0.000001     0.000000     0.000000
      36    340.2447     0.004804     0.000001     0.000000     0.000000
      37    341.9651     0.007228     0.000001     0.000000     0.000000
      38    344.3091     0.010474     0.000001     0.000000     0.000000
      39    351.5024     0.011706     0.000001     0.000000     0.000000
      40    355.4118     0.016890     0.000001     0.000000     0.000000
      41    359.3120     0.022788     0.000001     0.000000     0.000000
      42    362.6431     0.035243     0.000001     0.000000     0.000000
      43    373.0482     0.032143     0.000001     0.000000     0.000000
      44    385.1273     0.026608     0.000001     0.000000     0.000000
      45    397.3446     0.022091     0.000001     0.000000     0.000000
      46    410.3002     0.018306     0.000001     0.000000     0.000000
      47    414.1467     0.028352     0.000001     0.000000     0.000000
      48    434.9620     0.014202     0.000001     0.000000     0.000000
      49    445.3626     0.014721     0.000001     0.000000     0.000000
      50    466.4689     0.008796     0.000001     0.000000     0.000000
      51    488.4944     0.005053     0.000001     0.000000     0.000000


   Thermodynamic properties of base-state sounding:

     for surface parcel:
        source p(mb),T(K),qv(g/kg) =      960.0     301.4      19.1
        LCL,LFC,EL (m AGL)         =      647.6     650.9     844.1
        CAPE,CIN (J/kg)            =     4784.3       6.6

     for most-unstable parcel:
        source p(mb),T(K),qv(g/kg) =      960.0     301.4      19.1
        LCL,LFC,EL (m AGL)         =      647.6     650.9     844.1
        CAPE,CIN (J/kg)            =     4784.3       6.6

     for mixed-layer parcel:
        source p(mb),T(K),qv(g/kg) =      960.0     301.7      18.0
        LCL,LFC,EL (m AGL)         =      793.2    1463.4   13694.8
        CAPE,CIN (J/kg)            =     4180.8      18.9



       k     u0 (m/s)     v0 (m/s)
    ---------------------------------------------------------------------
       1      -2.5174       9.6434
       2      -2.9862      16.4830
       3      -1.9718      16.7670
       4       0.2522      17.9753
       5       3.8128      17.5696
       6       7.4754      16.2323
       7      10.7778      14.4155
       8      12.6495      13.0359
       9      14.5537      11.8894
      10      16.3891      11.8196
      11      17.6927      12.3885
      12      18.8931      13.2291
      13      19.8673      13.9112
      14      20.7938      14.5599
      15      22.7768      15.2679
      16      25.6665      15.5902
      17      28.3810      16.3857
      18      30.2502      18.4530
      19      30.1759      21.1293
      20      31.2067      21.8511
      21      31.5619      22.0998
      22      29.6948      20.7925
      23      27.9155      19.5465
      24      26.1251      18.2929
      25      26.8393      18.7930
      26      28.0854      19.6656
      27      29.3467      20.5487
      28      30.6533      21.4636
      29      31.2584      21.8873
      30      32.9022      23.0383
      31      34.6050      24.2306
      32      36.0043      25.2104
      33      36.3851      23.2562
      34      44.7557      20.8698
      35      43.1044      15.9097
      36      38.8593      11.2494
      37      40.5727      16.7608
      38      40.0961      10.0002
      39      36.7267       7.2640
      40      31.7615       8.5947
      41      28.7107       8.0183
      42      27.6799      12.9073
      43      27.9723      13.0436
      44      27.9723      13.0436
      45      27.9723      13.0436
      46      27.9723      13.0436
      47      27.9723      13.0436
      48      27.9723      13.0436
      49      27.9723      13.0436
      50      27.9723      13.0436
      51      27.9723      13.0436


   psurf,tsurf  =    96000.0000       301.368195    
   qsurf,thsurf =    1.90599989E-02   304.899994    

 Leaving BASE
   rbufsz,nrad2d =            1          10
 Inside INIT3D

   seed_size =            8
   rand-1 =   0.620773196    

 Leaving INIT3D

   allocating diagnostic arrays:  ntdiag,nqdiag =            1           1


   strlen          =            0
   baselen         =            6
   totlen          =            6
   output_basename = cm1out
   statfile        = cm1out_stats.dat                                                      



   Settings used in this simulation:
   isfcflx  =            0
   bbc      =            1
   dosfcflx =  F

   string = cm1out_rst_000004.nc                                                  
   nvar_npt =            0
   nvar_parcels =            0

   From restart file: 

    mtime   =    1200.0000000000000     
    stattim =    1260.0000000000000     
    taptim  =    1800.0000000000000     
    rsttim  =    1500.0000000000000     
    radtim  =    0.0000000000000000     
    prcltim =    1.0000000000000000E+030

    nstep   =          160
    nrec    =           22
    prec    =            1
    nwrite  =            2
    nrst    =            4


   Using the following: 

    stattim =    1260.0000000000000     
    taptim  =    2100.0000000000000     
    rsttim  =    1500.0000000000000     
    radtim  =    0.0000000000000000     


   Detected positive value for run_time. 
      Using the following values: 
         run_time =    300.000000    
         timax    =    1500.00000    


   strlen          =            0
   baselen         =            6
   totlen          =            6
   output_basename = cm1out
   statfile        = cm1out_stats.dat                                                      


 Inside GETSET


 Leaving GETSET

   ... skipping sfc stuff ... 

  WMAX  :   48.2887       24   32   38    WMIN  :  -27.2292       22   30   30
  UMAX  :   66.8023       29   30   43    UMIN  :  -20.7676       23   31   44
  SUMAX :   8.16633       14   27    1    SUMIN :  -10.6716       23   28    1
  VMAX  :   49.0149       25   34   44    VMIN  :  -36.7531       25   29   44
  SVMAX :   13.9570       27   21    1    SVMIN :  -5.91005       21   23    1
  PPIMAX:  0.238913E-02   24   32   42    PPIMIN: -0.212532E-02   27   31   46
  PPMAX :   218.748       24   32   39    PPMIN :  -304.637       23   33   18
  THPMAX:   13.8148       27   31   47    THPMIN:  -47.4919       25   31   46
  STHPMX:   1.82608       13   28    1    STHPMN:  0.221130       19   34    1
  MAXqv :  0.243800E-01   17   31    6    MINqv :   0.00000       25   16   16
  MAXqc :  0.475048E-02   22   28   29    MINqc :   0.00000        1    1    1
  MAXqr :  0.317075E-03   22   27   31    MINqr :   0.00000        1    1    1
  MAXqi :  0.941574E-02   25   31   46    MINqi :   0.00000        1    1    1
  MAXqs :  0.129477E-02   24   30   45    MINqs :   0.00000        1    1    1
  MAXqg :  0.198402E-02   23   32   34    MINqg :   0.00000        1    1    1
  MAXqhl:   0.00000        1    1    1    MINqhl:   0.00000        1    1    1
  MAXccn:  0.167420E+10   30   29   32    MINccn:   0.00000       17   27    5
  MAXccw:  0.160744E+10   23   33    7    MINccw:   0.00000        1    1    1
  MAXcrw:   991456.       24   32   31    MINcrw:   0.00000        1    1    1
  MAXcci:  0.635757E+09   24   30   34    MINcci:   0.00000        1    1    1
  MAXcsw:   830558.       25   30   45    MINcsw:   0.00000        1    1    1
  MAXchw:   51342.4       24   33   33    MINchw:   0.00000        1    1    1
  MAXchl:   0.00000        1    1    1    MINchl:   0.00000        1    1    1
  MAXvhw:  0.707230E-05   24   33   34    MINvhw:   0.00000        1    1    1
  MAXvhl:   0.00000        1    1    1    MINvhl:   0.00000        1    1    1
  TKEMAX:   93.1524       28   24   43    TKEMIN:   0.00000        1    1    1
  KMHMAX:   1215.84       28   25   41    KMHMIN:   0.00000        1    1    1
  KMVMAX:   1215.84       28   25   41    KMVMIN:   0.00000        1    1    1
  KHHMAX:   3647.53       28   25   41    KHHMIN:   0.00000        1    1    1
  KHVMAX:   3647.53       28   25   41    KHVMIN:   0.00000        1    1    1
  DIVMAX:  0.112859E-01   24   31   35    DIVMIN: -0.626029E-02   22   23   28
  RHMAX :   2.11595       26   23   17    RHMIN :   0.00000       25   16   16
  RHIMAX:   3.23911       27   28   42    RHIMIN:   0.00000       25   16   16
  THEMAX:   381.801       18   32    9    THEMIN:   314.053       25   49   15
  STHEMX:   378.042       14   28    1    STHEMN:   357.850       12   16    1
  QCTOP :  17900.000000    1    1    1    QCBOT :    569.454773    1    1    1
  SFPMAX:   95218.6       29   57    1    SFPMIN:   94902.6       30   29    1
  PSFCMX:   96052.2       29   57    1    PSFCMN:   95734.2       30   29    1
  WSPMAX:   66.0247       28   33   43    WSPMIN:  0.860130       19   24    1
  SWSPMX:   15.9362       27   21    1    SWSPMN:  0.860130       19   24    1
  CFLMAX:      0.658099   24   32   37
  KSHMAX:  0.683912E-02   28   25   41
  KSVMAX:  0.233245       21   29    9
  VORSFC:  0.257238E-02
  VOR1KM:  0.437836E-02
  VOR2KM:  0.781268E-02
  VOR3KM:  0.138838E-01
  VOR4KM:  0.132774E-01
  VOR5KM:  0.895123E-02
  TMASS :  0.207380E+15
  TMOIS :  0.751424E+12
  qv MAS:  0.744111E+12
  qc MAS:  0.310849E+10
  qr MAS:  0.311904E+08
  qi MAS:  0.338410E+10
  qs MAS:  0.282691E+09
  qg MAS:  0.506662E+09
  qhlMAS:  0.000000E+00
  TENERG:  0.521572E+20
  TMU   :  0.524927E+16
  TMV   :  0.327931E+16
  TMW   :  0.117068E+13
  TMFU  :  0.726766E+11
  TMFD  : -0.672888E+11
  tcond :  0.000000E+00
  tevac :  0.000000E+00
  tauto :  0.000000E+00
  taccr :  0.000000E+00
  tevar :  0.000000E+00
  train :  0.395588E+04
  erain :  0.000000E+00
  qsfc  :  0.000000E+00
  esfc  :  0.000000E+00
  erad  :  0.000000E+00
  asqv  :  0.838533E+04
  asqc  :  0.305230E+08
  asqr  :  0.418729E+05
  asqi  :  0.353979E+06
  asqs  :  0.540301E+04
  asqg  :  0.168472E+05
  asqhl :  0.000000E+00
  asccn : -0.720841E+16
  asccw :  0.253036E+19
  ascrw :  0.138783E+15
  ascci :  0.265976E+17
  ascsw :  0.311903E+13
  aschw :  0.290572E+12
  aschl :  0.000000E+00
  asvhw :  0.576515E+02
  asvhl :  0.000000E+00
  bsqv  :  0.000000E+00
  bsqc  :  0.000000E+00
  bsqr  :  0.000000E+00
  bsqi  :  0.000000E+00
  bsqs  :  0.000000E+00
  bsqg  :  0.000000E+00
  bsqhl :  0.000000E+00
  bsccn :  0.000000E+00
  bsccw :  0.000000E+00
  bscrw :  0.000000E+00
  bscci :  0.000000E+00
  bscsw :  0.000000E+00
  bschw :  0.000000E+00
  bschl :  0.000000E+00
  bsvhw :  0.000000E+00
  bsvhl :  0.000000E+00
 cm1out_stats.nc                                                       
   nrec =           21
           160             20.000000 min 

 -------------Done with Preprocessors-----------

           161             20.125000 min 
           162             20.250000 min 
           163             20.375000 min 
           164             20.500000 min 
           165             20.625000 min 
           166             20.750000 min 
           167             20.875000 min 
  WMAX  :   33.6392       25   33   40    WMIN  :  -21.2893       28   32   44
  UMAX  :   61.3028       30   31   42    UMIN  :  -9.54479       27   29    1
  SUMAX :   9.80242       19   30    1    SUMIN :  -9.54479       27   29    1
  VMAX  :   47.0827       26   35   44    VMIN  :  -31.2544       27   29   44
  SVMAX :   16.0226       27   19    1    SVMIN :  -2.27473       20   23    1
  PPIMAX:  0.904418E-02   17   24   51    PPIMIN: -0.729077E-02   31   34   51
  PPMAX :   927.664       30   23    1    PPMIN :  -1519.23       30   37    1
  THPMAX:   23.0111       27   31   47    THPMIN:  -40.4604       25   32   45
  STHPMX:   1.65237       14   28    1    STHPMN:  0.214314       19   34    1
  MAXqv :  0.230831E-01   14   28    1    MINqv :  0.718885E-06   25   32   45
  MAXqc :  0.488096E-02   22   28   21    MINqc :   0.00000        1    1    1
  MAXqr :  0.117655E-02   20   27   14    MINqr :   0.00000        1    1    1
  MAXqi :  0.835761E-02   25   30   42    MINqi :   0.00000        1    1    1
  MAXqs :  0.111734E-02   24   30   44    MINqs :   0.00000        1    1    1
  MAXqg :  0.179434E-02   23   29   33    MINqg :   0.00000        1    1    1
  MAXqhl:  0.780953E-06   21   28   25    MINqhl:   0.00000        1    1    1
  MAXccn:  0.176798E+10   23   26   25    MINccn:   0.00000       14   27    4
  MAXccw:  0.646351E+10   23   28   27    MINccw:   0.00000        1    1    1
  MAXcrw:  0.107761E+07   21   26   14    MINcrw:   0.00000        1    1    1
  MAXcci:  0.186522E+10   24   28   34    MINcci:   0.00000        1    1    1
  MAXcsw:   707080.       25   31   45    MINcsw:   0.00000        1    1    1
  MAXchw:   40692.2       25   33   36    MINchw:   0.00000        1    1    1
  MAXchl:  0.439389E-02   21   28   26    MINchl:   0.00000        1    1    1
  MAXvhw:  0.710045E-05   25   33   36    MINvhw:   0.00000        1    1    1
  MAXvhl:  0.890797E-09   21   28   25    MINvhl:   0.00000        1    1    1
  TKEMAX:   69.4684       29   25   42    TKEMIN:   0.00000        1    1    1
  KMHMAX:   1003.27       29   25   42    KMHMIN:   0.00000        1    1    1
  KMVMAX:   1003.27       29   25   42    KMVMIN:   0.00000        1    1    1
  KHHMAX:   2808.91       29   25   42    KHHMIN:   0.00000        1    1    1
  KHVMAX:   2808.91       29   25   42    KHVMIN:   0.00000        1    1    1
  DIVMAX:  0.151976E-02   28   23    1    DIVMIN: -0.183149E-02   30   29    1
  RHMAX :   1.32967       28   28   40    RHMIN :  0.883525E-04   28   40   15
  RHIMAX:   2.49471       28   28   40    RHIMIN:  0.799017E-04   28   40   15
  THEMAX:   377.812       18   32    7    THEMIN:   314.336       26   50   15
  STHEMX:   376.861       14   28    1    STHEMN:   357.895       12   16    1
  QCTOP :  17900.000000    1    1    1    QCBOT :    399.719604    1    1    1
  SFPMAX:   96094.0       30   23    1    SFPMIN:   93647.1       30   37    1
  PSFCMX:   96933.1       30   23    1    PSFCMN:   94470.7       30   37    1
  WSPMAX:   63.4175       28   34   43    WSPMIN:  0.254198       18   23    1
  SWSPMX:   16.2065       23   28    1    SWSPMN:  0.254198       18   23    1
  CFLMAX:      0.439724   26   34   37
  KSHMAX:  0.526671E-02   29   25   42
  KSVMAX:  0.273295       22   30   10
  VORSFC:  0.239632E-02
  VOR1KM:  0.398922E-02
  VOR2KM:  0.692150E-02
  VOR3KM:  0.913490E-02
  VOR4KM:  0.957030E-02
  VOR5KM:  0.846918E-02
  TMASS :  0.207380E+15
  TMOIS :  0.751480E+12
  qv MAS:  0.743977E+12
  qc MAS:  0.287033E+10
  qr MAS:  0.787234E+08
  qi MAS:  0.363985E+10
  qs MAS:  0.321408E+09
  qg MAS:  0.593128E+09
  qhlMAS:  0.106403E+05
  TENERG:  0.521588E+20
  TMU   :  0.524970E+16
  TMV   :  0.327702E+16
  TMW   :  0.405308E+13
  TMFU  :  0.794813E+11
  TMFD  : -0.685536E+11
  tcond :  0.000000E+00
  tevac :  0.000000E+00
  tauto :  0.000000E+00
  taccr :  0.000000E+00
  tevar :  0.000000E+00
  train :  0.406666E+04
  erain :  0.000000E+00
  qsfc  :  0.000000E+00
  esfc  :  0.000000E+00
  erad  :  0.000000E+00
  asqv  :  0.263703E+05
  asqc  :  0.317208E+08
  asqr  :  0.434226E+05
  asqi  :  0.362806E+06
  asqs  :  0.643861E+04
  asqg  :  0.192825E+05
  asqhl :  0.102152E+02
  asccn :  0.555129E+17
  asccw :  0.294178E+19
  ascrw :  0.141810E+15
  ascci :  0.280285E+17
  ascsw :  0.354827E+13
  aschw :  0.313713E+12
  aschl :  0.438077E+05
  asvhw :  0.629454E+02
  asvhl :  0.297167E-01
  bsqv  :  0.000000E+00
  bsqc  :  0.000000E+00
  bsqr  :  0.000000E+00
  bsqi  :  0.000000E+00
  bsqs  :  0.000000E+00
  bsqg  :  0.000000E+00
  bsqhl :  0.000000E+00
  bsccn :  0.000000E+00
  bsccw :  0.000000E+00
  bscrw :  0.000000E+00
  bscci :  0.000000E+00
  bscsw :  0.000000E+00
  bschw :  0.000000E+00
  bschl :  0.000000E+00
  bsvhw :  0.000000E+00
  bsvhl :  0.000000E+00
 cm1out_stats.nc                                                       
   nrec =           22
           168             21.000000 min 
           169             21.125000 min 
           170             21.250000 min 
           171             21.375000 min 
           172             21.500000 min 
           173             21.625000 min 
           174             21.750000 min 
           175             21.875000 min 
  WMAX  :   26.1462       26   34   40    WMIN  :  -16.9994       26   32   46
  UMAX  :   59.8800       31   31   42    UMIN  :  -9.46199       30   23    1
  SUMAX :   9.55614       14   28    1    SUMIN :  -9.46199       30   23    1
  VMAX  :   45.1148       26   36   43    VMIN  :  -29.5573       27   29   43
  SVMAX :   16.9444       27   20    1    SVMIN :  -2.25523       21   23    1
  PPIMAX:  0.375961E-02   34   42   51    PPIMIN: -0.373016E-02   16   18   51
  PPMAX :   643.336       15   22    1    PPMIN :  -850.641       32   16    1
  THPMAX:   25.7178       28   32   45    THPMIN:  -32.0109       26   33   44
  STHPMX:   1.58041       14   28    1    STHPMN:  0.146062       17   28    1
  MAXqv :  0.228460E-01   14   29    1    MINqv :  0.684336E-10   34   35   16
  MAXqc :  0.542051E-02   22   33   19    MINqc :   0.00000        1    1    1
  MAXqr :  0.144424E-02   21   27   14    MINqr :   0.00000        1    1    1
  MAXqi :  0.815016E-02   24   31   43    MINqi :   0.00000        1    1    1
  MAXqs :  0.897981E-03   26   35   33    MINqs :   0.00000        1    1    1
  MAXqg :  0.231114E-02   24   29   33    MINqg :   0.00000        1    1    1
  MAXqhl:  0.323695E-06   22   29   23    MINqhl:   0.00000        1    1    1
  MAXccn:  0.165135E+10   24   23   32    MINccn:   0.00000       16   25    5
  MAXccw:  0.573453E+10   28   19   30    MINccw:   0.00000        1    1    1
  MAXcrw:   593699.       21   26   13    MINcrw:   0.00000        1    1    1
  MAXcci:  0.252137E+10   25   20   34    MINcci:   0.00000        1    1    1
  MAXcsw:   569116.       28   31   43    MINcsw:   0.00000        1    1    1
  MAXchw:   31997.7       26   34   39    MINchw:   0.00000        1    1    1
  MAXchl:  0.188395E-02   22   29   25    MINchl:   0.00000        1    1    1
  MAXvhw:  0.708709E-05   24   29   33    MINvhw:   0.00000        1    1    1
  MAXvhl:  0.371145E-09   22   29   24    MINvhl:   0.00000        1    1    1
  TKEMAX:   51.8241       21   32   21    TKEMIN:   0.00000        1    1    1
  KMHMAX:   872.952       25   29   42    KMHMIN:   0.00000        1    1    1
  KMVMAX:   872.952       25   29   42    KMVMIN:   0.00000        1    1    1
  KHHMAX:   2618.86       25   29   42    KHHMIN:   0.00000        1    1    1
  KHVMAX:   2618.86       25   29   42    KHVMIN:   0.00000        1    1    1
  DIVMAX:  0.938952E-03   34   15    1    DIVMIN: -0.762592E-03   30   17    1
  RHMAX :   1.06178       27   32   23    RHMIN :  0.626909E-08   34   35   16
  RHIMAX:   1.99190       29   33   42    RHIMIN:  0.573251E-08   34   35   16
  THEMAX:   376.036       19   33    8    THEMIN:   314.916       27   51   15
  STHEMX:   375.703       14   29    1    STHEMN:   357.941       44   54    1
  QCTOP :  17300.000000    1    1    1    QCBOT :    569.454773    1    1    1
  SFPMAX:   95809.7       15   22    1    SFPMIN:   94315.7       32   16    1
  PSFCMX:   96646.1       15   22    1    PSFCMN:   95143.4       32   16    1
  WSPMAX:   61.6572       29   36   42    WSPMIN:   1.15225       18   23    1
  SWSPMX:   17.4030       28   21    1    SWSPMN:   1.15225       18   23    1
  CFLMAX:      0.407312   24   29   30
  KSHMAX:  0.491036E-02   25   29   42
  KSVMAX:  0.296100       23   30   11
  VORSFC:  0.240346E-02
  VOR1KM:  0.502376E-02
  VOR2KM:  0.643599E-02
  VOR3KM:  0.961221E-02
  VOR4KM:  0.864948E-02
  VOR5KM:  0.722671E-02
  TMASS :  0.207380E+15
  TMOIS :  0.751535E+12
  qv MAS:  0.743778E+12
  qc MAS:  0.280466E+10
  qr MAS:  0.856040E+08
  qi MAS:  0.383765E+10
  qs MAS:  0.361747E+09
  qg MAS:  0.667605E+09
  qhlMAS:  0.118672E+05
  TENERG:  0.521593E+20
  TMU   :  0.525447E+16
  TMV   :  0.327622E+16
  TMW   : -0.120406E+13
  TMFU  :  0.783661E+11
  TMFD  : -0.798862E+11
  tcond :  0.000000E+00
  tevac :  0.000000E+00
  tauto :  0.000000E+00
  taccr :  0.000000E+00
  tevar :  0.000000E+00
  train :  0.412894E+05
  erain :  0.000000E+00
  qsfc  :  0.000000E+00
  esfc  :  0.000000E+00
  erad  :  0.000000E+00
  asqv  :  0.298733E+05
  asqc  :  0.321995E+08
  asqr  :  0.440122E+05
  asqi  :  0.366126E+06
  asqs  :  0.687803E+04
  asqg  :  0.206113E+05
  asqhl :  0.134034E+02
  asccn :  0.894827E+17
  asccw :  0.341052E+19
  ascrw :  0.142777E+15
  ascci :  0.308397E+17
  ascsw :  0.376464E+13
  aschw :  0.327395E+12
  aschl :  0.613442E+05
  asvhw :  0.662988E+02
  asvhl :  0.431308E-01
  bsqv  :  0.000000E+00
  bsqc  :  0.000000E+00
  bsqr  :  0.000000E+00
  bsqi  :  0.000000E+00
  bsqs  :  0.000000E+00
  bsqg  :  0.000000E+00
  bsqhl :  0.000000E+00
  bsccn :  0.000000E+00
  bsccw :  0.000000E+00
  bscrw :  0.000000E+00
  bscci :  0.000000E+00
  bscsw :  0.000000E+00
  bschw :  0.000000E+00
  bschl :  0.000000E+00
  bsvhw :  0.000000E+00
  bsvhl :  0.000000E+00
 cm1out_stats.nc                                                       
   nrec =           23
           176             22.000000 min 
           177             22.125000 min 
           178             22.250000 min 
           179             22.375000 min 
           180             22.500000 min 
           181             22.625000 min 
           182             22.750000 min 
           183             22.875000 min 
  WMAX  :   19.5937       25   30   33    WMIN  :  -15.4839       27   33   45
  UMAX  :   56.3296       31   32   42    UMIN  :  -9.47773       28   30    1
  SUMAX :   9.91725       20   30    1    SUMIN :  -9.47773       28   30    1
  VMAX  :   40.6536       27   37   43    VMIN  :  -18.6964       29   29   42
  SVMAX :   18.1256       27   20    1    SVMIN :  -2.20092       21   23    1
  PPIMAX:  0.319311E-02   45   36   51    PPIMIN: -0.233680E-02   29   33   43
  PPMAX :   472.570        1   28    1    PPMIN :  -490.531       13   14    1
  THPMAX:   27.5646       28   33   45    THPMIN:  -23.2633       27   35   43
  STHPMX:   1.47473       14   28    1    STHPMN:  0.602722E-01   17   28    1
  MAXqv :  0.227597E-01   14   29    1    MINqv :  0.774357E-06   25   25   34
  MAXqc :  0.646354E-02   24   29   25    MINqc :   0.00000        1    1    1
  MAXqr :  0.181415E-02   21   28   14    MINqr :   0.00000        1    1    1
  MAXqi :  0.766535E-02   25   32   43    MINqi :   0.00000        1    1    1
  MAXqs :  0.935437E-03   28   36   33    MINqs :   0.00000        1    1    1
  MAXqg :  0.274452E-02   25   30   33    MINqg :   0.00000        1    1    1
  MAXqhl:  0.175637E-06   23   30   21    MINqhl:   0.00000        1    1    1
  MAXccn:  0.172761E+10   29   23   28    MINccn:   0.00000       14   29    8
  MAXccw:  0.506177E+10   28   20   29    MINccw:   0.00000        1    1    1
  MAXcrw:   383297.       22   26   14    MINcrw:   0.00000        1    1    1
  MAXcci:  0.196376E+10   26   20   34    MINcci:   0.00000        1    1    1
  MAXcsw:   518687.       30   32   42    MINcsw:   0.00000        1    1    1
  MAXchw:   28119.5       27   35   41    MINchw:   0.00000        1    1    1
  MAXchl:  0.113326E-02   23   30   23    MINchl:   0.00000        1    1    1
  MAXvhw:  0.931115E-05   25   30   33    MINvhw:   0.00000        1    1    1
  MAXvhl:  0.204733E-09   23   30   21    MINvhl:   0.00000        1    1    1
  TKEMAX:   63.2108       27   50   20    TKEMIN:   0.00000        1    1    1
  KMHMAX:   985.631       26   29   42    KMHMIN:   0.00000        1    1    1
  KMVMAX:   985.631       26   29   42    KMVMIN:   0.00000        1    1    1
  KHHMAX:   2956.89       26   29   42    KHHMIN:   0.00000        1    1    1
  KHVMAX:   2956.89       26   29   42    KHVMIN:   0.00000        1    1    1
  DIVMAX:  0.500739E-03   22   49    1    DIVMIN: -0.447560E-03   36   50    1
  RHMAX :   1.03662       19   37    5    RHMIN :  0.181176E-02   25   25   34
  RHIMAX:   1.64261       31   33   40    RHIMIN:  0.272310E-02   25   25   34
  THEMAX:   375.548       14   29    1    THEMIN:   315.655       31   33   15
  STHEMX:   375.548       14   29    1    STHEMN:   357.936       12   17    1
  QCTOP :  17900.000000    1    1    1    QCBOT :    569.454773    1    1    1
  SFPMAX:   95638.9        1   28    1    SFPMIN:   94675.8       13   14    1
  PSFCMX:   96475.0        1   28    1    PSFCMN:   95505.9       13   14    1
  WSPMAX:   58.3434       29   37   42    WSPMIN:   1.48796       18   23    1
  SWSPMX:   18.3562       27   20    1    SWSPMN:   1.48796       18   23    1
  CFLMAX:      0.436641   24   29   22
  KSHMAX:  0.554417E-02   26   29   42
  KSVMAX:  0.295605       23   31   11
  VORSFC:  0.248012E-02
  VOR1KM:  0.395057E-02
  VOR2KM:  0.628567E-02
  VOR3KM:  0.992215E-02
  VOR4KM:  0.105582E-01
  VOR5KM:  0.832029E-02
  TMASS :  0.207380E+15
  TMOIS :  0.751600E+12
  qv MAS:  0.743533E+12
  qc MAS:  0.278914E+10
  qr MAS:  0.961702E+08
  qi MAS:  0.401131E+10
  qs MAS:  0.411144E+09
  qg MAS:  0.759190E+09
  qhlMAS:  0.121176E+05
  TENERG:  0.521602E+20
  TMU   :  0.527009E+16
  TMV   :  0.328168E+16
  TMW   :  0.439437E+13
  TMFU  :  0.856832E+11
  TMFD  : -0.742518E+11
  tcond :  0.000000E+00
  tevac :  0.000000E+00
  tauto :  0.000000E+00
  taccr :  0.000000E+00
  tevar :  0.000000E+00
  train :  0.395997E+06
  erain :  0.000000E+00
  qsfc  :  0.000000E+00
  esfc  :  0.000000E+00
  erad  :  0.000000E+00
  asqv  :  0.298733E+05
  asqc  :  0.326862E+08
  asqr  :  0.444883E+05
  asqi  :  0.367765E+06
  asqs  :  0.702533E+04
  asqg  :  0.212826E+05
  asqhl :  0.142391E+02
  asccn :  0.107996E+18
  asccw :  0.370955E+19
  ascrw :  0.143458E+15
  ascci :  0.326311E+17
  ascsw :  0.375469E+13
  aschw :  0.334575E+12
  aschl :  0.680359E+05
  asvhw :  0.683993E+02
  asvhl :  0.438428E-01
  bsqv  :  0.000000E+00
  bsqc  :  0.000000E+00
  bsqr  :  0.000000E+00
  bsqi  :  0.000000E+00
  bsqs  :  0.000000E+00
  bsqg  :  0.000000E+00
  bsqhl :  0.000000E+00
  bsccn :  0.000000E+00
  bsccw :  0.000000E+00
  bscrw :  0.000000E+00
  bscci :  0.000000E+00
  bscsw :  0.000000E+00
  bschw :  0.000000E+00
  bschl :  0.000000E+00
  bsvhw :  0.000000E+00
  bsvhl :  0.000000E+00
 cm1out_stats.nc                                                       
   nrec =           24
           184             23.000000 min 
           185             23.125000 min 
           186             23.250000 min 
           187             23.375000 min 
           188             23.500000 min 
           189             23.625000 min 
           190             23.750000 min 
           191             23.875000 min 
  WMAX  :   20.7645       26   30   35    WMIN  :  -10.7995       27   34   45
  UMAX  :   53.8815       33   33   41    UMIN  :  -10.0520       28   30    1
  SUMAX :   10.6515       20   30    1    SUMIN :  -10.0520       28   30    1
  VMAX  :   35.7260       22   45   31    VMIN  :  -12.6279       29   29   42
  SVMAX :   19.1955       27   21    1    SVMIN :  -1.19896       21   23    1
  PPIMAX:  0.240478E-02    1   16   51    PPIMIN: -0.282910E-02   39    1   51
  PPMAX :   455.766       50   33    1    PPMIN :  -284.461       64   38    1
  THPMAX:   30.5209       28   33   44    THPMIN:  -18.3781       24   31   45
  STHPMX:   1.43204       14   29    1    STHPMN: -0.148621E-01   18   29    1
  MAXqv :  0.224512E-01   14   29    1    MINqv :  0.119135E-06   26   25   35
  MAXqc :  0.707248E-02   23   34   21    MINqc :   0.00000        1    1    1
  MAXqr :  0.219989E-02   22   28   15    MINqr :   0.00000        1    1    1
  MAXqi :  0.770429E-02   35   31   41    MINqi :   0.00000        1    1    1
  MAXqs :  0.919239E-03   29   36   33    MINqs :   0.00000        1    1    1
  MAXqg :  0.341388E-02   26   30   33    MINqg :   0.00000        1    1    1
  MAXqhl:  0.161649E-04   25   30   25    MINqhl:   0.00000        1    1    1
  MAXccn:  0.177039E+10   30   24   29    MINccn:   0.00000       14   29    6
  MAXccw:  0.464950E+10   30   20   31    MINccw:   0.00000        1    1    1
  MAXcrw:   315888.       23   34   21    MINcrw:   0.00000        1    1    1
  MAXcci:  0.153365E+10   25   30   35    MINcci:   0.00000        1    1    1
  MAXcsw:   460243.       31   33   42    MINcsw:   0.00000        1    1    1
  MAXchw:   27649.7       27   36   41    MINchw:   0.00000        1    1    1
  MAXchl:   3.19189       24   30   25    MINchl:   0.00000        1    1    1
  MAXvhw:  0.121619E-04   26   30   33    MINvhw:   0.00000        1    1    1
  MAXvhl:  0.230605E-07   24   30   25    MINvhl:   0.00000        1    1    1
  TKEMAX:   62.8908       23   34   24    TKEMIN:   0.00000        1    1    1
  KMHMAX:   878.098       23   34   24    KMHMIN:   0.00000        1    1    1
  KMVMAX:   878.098       23   34   24    KMVMIN:   0.00000        1    1    1
  KHHMAX:   2634.29       23   34   24    KHHMIN:   0.00000        1    1    1
  KHVMAX:   2634.29       23   34   24    KHVMIN:   0.00000        1    1    1
  DIVMAX:  0.273178E-03   41   57    1    DIVMIN: -0.282454E-03   46   57    1
  RHMAX :   1.04054       32   38   33    RHMIN :  0.363531E-03   26   25   35
  RHIMAX:   1.55802       30   33   47    RHIMIN:  0.564797E-03   26   25   35
  THEMAX:   374.578       14   29    1    THEMIN:   316.957       31   33   15
  STHEMX:   374.578       14   29    1    STHEMN:   357.919       12   17    1
  QCTOP :  18500.000000    1    1    1    QCBOT :    569.454773    1    1    1
  SFPMAX:   95622.1       50   33    1    SFPMIN:   94881.9       64   38    1
  PSFCMX:   96458.1       50   33    1    PSFCMN:   95713.2       64   38    1
  WSPMAX:   56.5611       32   33   41    WSPMIN:   1.92459       18   23    1
  SWSPMX:   18.9488       28   21    1    SWSPMN:   1.92459       18   23    1
  CFLMAX:      0.443565   23   34   19
  KSHMAX:  0.493930E-02   23   34   24
  KSVMAX:  0.298067       24   31   12
  VORSFC:  0.300849E-02
  VOR1KM:  0.492969E-02
  VOR2KM:  0.738410E-02
  VOR3KM:  0.105974E-01
  VOR4KM:  0.711999E-02
  VOR5KM:  0.736366E-02
  TMASS :  0.207380E+15
  TMOIS :  0.751705E+12
  qv MAS:  0.743205E+12
  qc MAS:  0.287013E+10
  qr MAS:  0.117424E+09
  qi MAS:  0.417217E+10
  qs MAS:  0.470807E+09
  qg MAS:  0.869531E+09
  qhlMAS:  0.596628E+05
  TENERG:  0.521606E+20
  TMU   :  0.527670E+16
  TMV   :  0.328602E+16
  TMW   : -0.333318E+12
  TMFU  :  0.801292E+11
  TMFD  : -0.802412E+11
  tcond :  0.000000E+00
  tevac :  0.000000E+00
  tauto :  0.000000E+00
  taccr :  0.000000E+00
  tevar :  0.000000E+00
  train :  0.968554E+06
  erain :  0.000000E+00
  qsfc  :  0.000000E+00
  esfc  :  0.000000E+00
  erad  :  0.000000E+00
  asqv  :  0.298733E+05
  asqc  :  0.331688E+08
  asqr  :  0.451096E+05
  asqi  :  0.368426E+06
  asqs  :  0.707524E+04
  asqg  :  0.217665E+05
  asqhl :  0.175860E+02
  asccn :  0.127691E+18
  asccw :  0.392532E+19
  ascrw :  0.144070E+15
  ascci :  0.340600E+17
  ascsw :  0.385216E+13
  aschw :  0.339179E+12
  aschl :  0.294814E+07
  asvhw :  0.702940E+02
  asvhl :  0.500964E-01
  bsqv  :  0.000000E+00
  bsqc  :  0.000000E+00
  bsqr  :  0.000000E+00
  bsqi  :  0.000000E+00
  bsqs  :  0.000000E+00
  bsqg  :  0.000000E+00
  bsqhl :  0.000000E+00
  bsccn :  0.000000E+00
  bsccw :  0.000000E+00
  bscrw :  0.000000E+00
  bscci :  0.000000E+00
  bscsw :  0.000000E+00
  bschw :  0.000000E+00
  bschl :  0.000000E+00
  bsvhw :  0.000000E+00
  bsvhl :  0.000000E+00
 cm1out_stats.nc                                                       
   nrec =           25
           192             24.000000 min 
           193             24.125000 min 
           194             24.250000 min 
           195             24.375000 min 
           196             24.500000 min 
           197             24.625000 min 
           198             24.750000 min 
           199             24.875000 min 
   Getting dbz ... 
  WMAX  :   20.5303       25   30   27    WMIN  :  -10.0799       24   32   20
  UMAX  :   52.5975       34   33   41    UMIN  :  -9.99471       28   30    1
  SUMAX :   10.2909       20   30    1    SUMIN :  -9.99471       28   30    1
  VMAX  :   37.1147       23   46   31    VMIN  :  -8.82154       31   26   42
  SVMAX :   19.4664       27   21    1    SVMIN : -0.244092       22   23    1
  PPIMAX:  0.164549E-02   53   34   51    PPIMIN: -0.176692E-02    1    5   51
  PPMAX :   372.320        1   62    1    PPMIN :  -251.852        1   75    1
  THPMAX:   28.3853       29   34   44    THPMIN:  -17.7036       24   32   44
  STHPMX:   1.39838       14   29    1    STHPMN: -0.540771E-01   18   29    1
  MAXqv :  0.222139E-01   14   30    1    MINqv :  0.366988E-07   26   25   35
  MAXqc :  0.771557E-02   24   35   23    MINqc :   0.00000        1    1    1
  MAXqr :  0.234403E-02   22   29   14    MINqr :   0.00000        1    1    1
  MAXqi :  0.770815E-02   36   32   41    MINqi :   0.00000        1    1    1
  MAXqs :  0.100887E-02   33   33   32    MINqs :   0.00000        1    1    1
  MAXqg :  0.340403E-02   26   31   33    MINqg :   0.00000        1    1    1
  MAXqhl:  0.351526E-04   25   30   25    MINqhl:   0.00000        1    1    1
  MAXccn:  0.173854E+10   31   24   28    MINccn:   0.00000       19   19    6
  MAXccw:  0.445766E+10   30   21   30    MINccw:   0.00000        1    1    1
  MAXcrw:   449537.       24   35   23    MINcrw:   0.00000        1    1    1
  MAXcci:  0.144680E+10   27   30   37    MINcci:   0.00000        1    1    1
  MAXcsw:   463593.       33   33   42    MINcsw:   0.00000        1    1    1
  MAXchw:   26119.8       28   37   41    MINchw:   0.00000        1    1    1
  MAXchl:   5.15745       26   30   24    MINchl:   0.00000        1    1    1
  MAXvhw:  0.122944E-04   27   31   33    MINvhw:   0.00000        1    1    1
  MAXvhl:  0.422912E-07   25   30   25    MINvhl:   0.00000        1    1    1
  TKEMAX:   65.5432       24   35   26    TKEMIN:   0.00000        1    1    1
  KMHMAX:   918.445       24   35   26    KMHMIN:   0.00000        1    1    1
  KMVMAX:   918.445       24   35   26    KMVMIN:   0.00000        1    1    1
  KHHMAX:   2755.33       24   35   26    KHHMIN:   0.00000        1    1    1
  KHVMAX:   2755.33       24   35   26    KHVMIN:   0.00000        1    1    1
  DIVMAX:  0.289020E-03    1   17    1    DIVMIN: -0.291505E-03   13   31    6
  RHMAX :   1.11801       30   33   48    RHMIN :  0.113050E-03   26   25   35
  RHIMAX:   2.28704       30   33   48    RHIMIN:  0.175796E-03   26   25   35
  THEMAX:   373.720       14   30    1    THEMIN:   317.234       37   36   16
  STHEMX:   373.720       14   30    1    STHEMN:   357.953       44   55    1
  QCTOP :  19100.000000    1    1    1    QCBOT :    569.454773    1    1    1
  SFPMAX:   95538.6        1   62    1    SFPMIN:   94914.5        1   75    1
  PSFCMX:   96374.1        1   62    1    PSFCMN:   95746.0        1   75    1
  WSPMAX:   54.8366       33   33   41    WSPMIN:   1.17224       23   36    1
  SWSPMX:   19.3196       28   21    1    SWSPMN:   1.17224       23   36    1
  CFLMAX:      0.468563   25   30   21
  KSHMAX:  0.516625E-02   24   35   26
  KSVMAX:  0.295758       24   32   12
  VORSFC:  0.317629E-02
  VOR1KM:  0.510543E-02
  VOR2KM:  0.743401E-02
  VOR3KM:  0.105014E-01
  VOR4KM:  0.102381E-01
  VOR5KM:  0.818785E-02
  TMASS :  0.207380E+15
  TMOIS :  0.751840E+12
  qv MAS:  0.742918E+12
  qc MAS:  0.292362E+10
  qr MAS:  0.157757E+09
  qi MAS:  0.430226E+10
  qs MAS:  0.537494E+09
  qg MAS:  0.100133E+10
  qhlMAS:  0.311167E+06
  TENERG:  0.521608E+20
  TMU   :  0.528193E+16
  TMV   :  0.328960E+16
  TMW   :  0.608405E+13
  TMFU  :  0.940984E+11
  TMFD  : -0.793813E+11
  tcond :  0.000000E+00
  tevac :  0.000000E+00
  tauto :  0.000000E+00
  taccr :  0.000000E+00
  tevar :  0.000000E+00
  train :  0.180165E+07
  erain :  0.000000E+00
  qsfc  :  0.000000E+00
  esfc  :  0.000000E+00
  erad  :  0.000000E+00
  asqv  :  0.298733E+05
  asqc  :  0.336396E+08
  asqr  :  0.459012E+05
  asqi  :  0.369168E+06
  asqs  :  0.709770E+04
  asqg  :  0.221264E+05
  asqhl :  0.379287E+02
  asccn :  0.141306E+18
  asccw :  0.410993E+19
  ascrw :  0.144546E+15
  ascci :  0.349903E+17
  ascsw :  0.387466E+13
  aschw :  0.342194E+12
  aschl :  0.797045E+07
  asvhw :  0.717740E+02
  asvhl :  0.968054E-01
  bsqv  :  0.000000E+00
  bsqc  :  0.000000E+00
  bsqr  :  0.000000E+00
  bsqi  :  0.000000E+00
  bsqs  :  0.000000E+00
  bsqg  :  0.000000E+00
  bsqhl :  0.000000E+00
  bsccn :  0.000000E+00
  bsccw :  0.000000E+00
  bscrw :  0.000000E+00
  bscci :  0.000000E+00
  bscsw :  0.000000E+00
  bschw :  0.000000E+00
  bschl :  0.000000E+00
  bsvhw :  0.000000E+00
  bsvhl :  0.000000E+00
 cm1out_stats.nc                                                       
   nrec =           26
           200             25.000000 min 
   string = cm1out_rst_000005.nc                                                  
  USING COMPRESSED netCDF4 
   leaving restart_prelim 

 Total time:    2.50000000    

   sound    :        0.15    6.00%
   poiss    :        0.00    0.00%
   advs     :        0.28   11.40%
   advu     :        0.00    0.00%
   advv     :        0.00    0.00%
   advw     :        0.08    3.00%
   divx     :        0.01    0.40%
   buoyan   :        0.04    1.40%
   turb     :        0.02    0.80%
   sfcphys  :        0.00    0.00%
   tmix     :        0.19    7.80%
   cor      :        0.00    0.00%
   diffu    :        0.00    0.00%
   rdamp    :        0.12    4.80%
   microphy :        0.06    2.40%
   satadj   :        0.00    0.00%
   fallout  :        0.00    0.00%
   radiatio :        0.00    0.00%
   pbl      :        0.00    0.00%
   stat     :        0.01    0.40%
   cflq     :        0.00    0.00%
   bc       :        0.00    0.00%
   integ    :        0.04    1.40%
   write    :        0.00    0.00%
   restart  :        0.37   14.80%
   misc     :        0.12    4.80%
   swaths   :        0.00    0.00%
   pdef     :        0.09    3.60%
   prsrho   :        0.00    0.20%
   parcels  :        0.00    0.00%
   mp_total :        0.92   36.80%

   mpu1     :        0.00    0.00%
   mpu2     :        0.15    6.00%
   mpv1     :        0.00    0.00%
   mpv2     :        0.00    0.00%
   mpw1     :        0.00    0.20%
   mpw2     :        0.00    0.00%
   mpp1     :        0.00    0.00%
   mpp2     :        0.00    0.00%
   mps1     :        0.13    5.20%
   mps2     :        0.14    5.80%
   mps3     :        0.00    0.00%
   mps4     :        0.31   12.40%
   mpq1     :        0.00    0.00%
   mpq2     :        0.00    0.00%
   mptk1    :        0.18    7.20%
   mptk2    :        0.00    0.00%
   mpb      :        0.00    0.00%


   MN =    660960000.    

 Program terminated normally:  myid=          14
 Program terminated normally:  myid=           9
 Program terminated normally:  myid=          11
 Program terminated normally:  myid=          10
 Program terminated normally:  myid=           8
 Program terminated normally:  myid=          15
 Program terminated normally:  myid=          12
 Program terminated normally:  myid=          13
 Program terminated normally:  myid=          23
 Program terminated normally:  myid=          22
 Program terminated normally:  myid=          16
 Program terminated normally:  myid=          21
 Program terminated normally:  myid=          18
 Program terminated normally:  myid=          20
 Program terminated normally:  myid=           0
 Program terminated normally:  myid=           4
 Program terminated normally:  myid=           5
 Program terminated normally:  myid=           3
 Program terminated normally:  myid=           1
 Program terminated normally:  myid=          19
 Program terminated normally:  myid=          17
 Program terminated normally:  myid=           2
 Program terminated normally:  myid=           7
 Program terminated normally:  myid=           6
 Program terminated normally:  myid=          24
