 Inside PARAM

   Everything is cool!
   ni,nj=          15          15


 dx        =   2000.00000    
 dy        =   2000.00000    
 dz        =   392.156860    
 dtl       =   7.50000000    
 timax     =   5400.00000    
 run_time  =   0.00000000    
 tapfrq    =   900.000000    
 rstfrq    =   0.00000000    
 statfrq   =   60.0000000    
 prclfrq   =   60.0000000    

 adapt_dt  =           0
 irst      =           0
 rstnum    =           0
 iconly    =           0
 hadvordrs =           5
 vadvordrs =           5
 hadvordrv =           5
 vadvordrv =           5
 pdscheme  =           1
 apmasscon =           1
 advwenos  =           2
 advwenov  =           0
 idiff     =           0
 mdiff     =           0
 difforder =           6
 imoist    =           1
 iturb     =           1
 tconfig   =           1
 bcturbs   =           1
 dns       =           0
 irdamp    =           1
 hrdamp    =           0
 psolver   =           3
 nsound    =           6
 ptype     =          27
 ihail     =           1
 iautoc    =           1
 icor      =           0
 pertcor   =           0
 eqtset    =           2
 idiss     =           1
 efall     =           0
 rterm     =           0
 wbc       =           2
 ebc       =           2
 sbc       =           2
 nbc       =           2
 bbc       =           1
 tbc       =           1
 irbc      =           4
 roflux    =           0
 isnd      =           7
 iwnd      =           2
 itern     =           0
 iinit     =           0
 irandp    =           0
 ibalance  =           0
 iorigin   =           1
 axisymm   =           0
 imove     =           0
 iptra     =           0
 npt       =           1
 pdtra     =           1
 iprcl     =           0
 nparcels  =           1

 kdiff2    =   75.0000000    
 kdiff6    =   3.99999991E-02
 fcor      =   0.00000000    
 kdiv      =  0.100000001    
 alph      =  0.600000024    
 rdalpha   =   3.33333341E-03
 zd        =   15000.0000    
 xhd       =   100000.000    
 umove     =   0.00000000    
 vmove     =   0.00000000    
 v_t       =   7.00000000    
 l_h       =   100.000000    
 lhref1    =   100.000000    
 lhref2    =   1000.00000    
 l_inf     =   100.000000    
 ndcnst    =   250.000000    

 radopt    =           0
 dtrad     =   300.000000    
 ctrlat    =   35.2358284    
 ctrlon    =  -97.4619370    
 year      =        2003
 month     =           5
 day       =           8
 hour      =          20
 minute    =          40
 second    =           0

 isfcflx   =           0
 sfcmodel  =           0
 oceanmodel=           0
 ipbl      =           0
 initsfc   =           1
 tsk0      =   299.279999    
 tmn0      =   297.279999    
 xland0    =   2.00000000    
 lu0       =          16
 season    =           1
 cecd      =           3
 pertflx   =           0
 cnstce    =   1.00000005E-03
 cnstcd    =   1.00000005E-03
 isftcflx  =           0
 iz0tlnd   =           0
 oml_hml0  =   50.0000000    
 oml_gamma =  0.140000001    

 stretch_x =           0
 dx_inner  =   1000.00000    
 dx_outer  =   7000.00000    
 nos_x_len =   40000.0000    
 tot_x_len =   120000.000    

 stretch_y =           0
 dy_inner  =   1000.00000    
 dy_outer  =   7000.00000    
 nos_y_len =   40000.0000    
 tot_y_len =   120000.000    

 stretch_z =           2
 ztop      =   20000.0000    
 str_bot   =   0.00000000    
 str_top   =   8625.00000    
 dz_bot    =   150.000000    
 dz_top    =   600.000000    

 bc_temp   =           1
 ptc_top   =   250.000000    
 ptc_bot   =   300.000000    
 viscosity =   25.0000000    
 pr_num    =  0.720000029    

 var1      =   0.00000000    
 var2      =   0.00000000    
 var3      =   0.00000000    
 var4      =   0.00000000    
 var5      =   0.00000000    
 var6      =   0.00000000    
 var7      =   0.00000000    
 var8      =   0.00000000    
 var9      =   0.00000000    
 var10     =   0.00000000    

&NSSL2MOM_PARAMS
 RHO_QR=  1000.00000    ,
 CNOR=  8000000.00    ,
 RHO_QS=  100.000000    ,
 CNOS=  3000000.00    ,
 RHO_QH=  500.000000    ,
 CNOH=  40000.0000    ,
 CCN=  2.00000000E+09,
 INFALL=4          ,
 ALPHAH=  0.00000000    ,
 ALPHAHL= 0.500000000    ,
 IMURAIN=1          ,
 ICDX=3          ,
 ICDXHL=3          ,
 DFRZ=  1.50000007E-04,
 HLDNMN=  500.000000    ,
 IFERWISVENTR=2          ,
 IEHW=1          ,
 IEHLW=1          ,
 EHW0= 0.750000000    ,
 EHLW0= 0.750000000    ,
 DMRAUTO=0          ,
 IOLDLIMITER=0          ,
 /

 ZGRID:  STRETCH FAC  =    1.0359004512429237     
 ZGRID:  DOMAIN  HGT  =    20000.0000    

 ZGRID:  STRETCH FAC  =    1.0359004512429237     
 ZGRID:  DOMAIN  HGT  =    20000.0000    

 ZGRID:  STRETCH FAC  =    1.0359004512429237     
 ZGRID:  DOMAIN  HGT  =    20000.0000    

 ZGRID:  STRETCH FAC  =    1.0359004512429237     
 ZGRID:  DOMAIN  HGT  =    20000.0000    

 ZGRID:  STRETCH FAC  =    1.0359004512429237     
 ZGRID:  DOMAIN  HGT  =    20000.0000    

 ZGRID:  STRETCH FAC  =    1.0359004512429237     
 ZGRID:  DOMAIN  HGT  =    20000.0000    

 ZGRID:  STRETCH FAC  =    1.0359004512429237     
 ZGRID:  DOMAIN  HGT  =    20000.0000    

 ZGRID:  STRETCH FAC  =    1.0359004512429237     
 ZGRID:  DOMAIN  HGT  =    20000.0000    

 ZGRID:  STRETCH FAC  =    1.0359004512429237     
 ZGRID:  DOMAIN  HGT  =    20000.0000    

 ZGRID:  STRETCH FAC  =    1.0359004512429237     
 ZGRID:  DOMAIN  HGT  =    20000.0000    

 ZGRID:  STRETCH FAC  =    1.0359004512429237     
 ZGRID:  DOMAIN  HGT  =    20000.0000    

 ZGRID:  STRETCH FAC  =    1.0359004512429237     

 ZGRID:  STRETCH FAC  =    1.0359004512429237     
 ZGRID:  DOMAIN  HGT  =    20000.0000    
 ZGRID:  DOMAIN  HGT  =    20000.0000    

 ZGRID:  STRETCH FAC  =    1.0359004512429237     
 ZGRID:  DOMAIN  HGT  =    20000.0000    

 iice      =           1
 idm       =           1
 idmplus   =           1
 numq      =          16
 nqv       =           1
 nqc       =           2
 nqr       =           3
 nqi       =           4
 nqs       =           5
 nqg       =           6
 nql1      =           2
 nql2      =           3
 nqs1      =           4
 nqs2      =           7
 nnc1      =           8
 nnc2      =          14

 ZGRID:  STRETCH FAC  =    1.0359004512429237     
 ZGRID:  DOMAIN  HGT  =    20000.0000    
 nvl1      =          15
 nvl2      =          16
 nzl1      =           1
 nzl2      =           1

 nrain     =           1



 ZGRID:  STRETCH FAC  =    1.0359004512429237     
 ZGRID:  DOMAIN  HGT  =    20000.0000    
 output_path      = ./                                                                    
 output_basename  = cm1out                                                                
 output_format    =           2
 output_filetype  =           1
 output_interp    =           0
 output_rain      =           1
 output_sws       =           1
 output_svs       =           1
 output_sps       =           1
 output_srs       =           1
 output_sgs       =           1
 output_sus       =           1
 output_shs       =           1
 output_coldpool  =           0
 output_sfcflx    =           0
 output_sfcparams =           0
 output_sfcdiags  =           0
 output_psfc      =           0
 output_zs        =           0
 output_zh        =           0
 output_basestate =           0
 output_th        =           1
 output_thpert    =           0

 ZGRID:  STRETCH FAC  =    1.0359004512429237     
 ZGRID:  DOMAIN  HGT  =    20000.0000    
 output_prs       =           1
 output_prspert   =           0
 output_pi        =           0
 output_pipert    =           0
 output_rho       =           1
 output_rhopert   =           1
 output_tke       =           1
 output_km        =           1
 output_kh        =           1
 output_qv        =           1
 output_qvpert    =           0
 output_q         =           1
 output_dbz       =           1
 output_buoyancy  =           0
 output_u         =           1
 output_upert     =           0
 output_uinterp   =           1
 output_v         =           1
 output_vpert     =           0
 output_vinterp   =           1
 output_w         =           1
 output_winterp   =           1
 output_vort      =           0
 output_pv        =           0
 output_uh        =           0
 output_pblten    =           0
 output_dissten   =           0
 output_dissheat  =           0
 output_mptend    =           0
 output_fallvel   =           0
 output_nm        =           0
 output_def       =           0
 output_turbten   =           0
 output_impdiften =           0
 output_radten    =           0


 ZGRID:  STRETCH FAC  =    1.0359004512429237     
 ZGRID:  DOMAIN  HGT  =    20000.0000    

 ZGRID:  STRETCH FAC  =    1.0359004512429237     
 ZGRID:  DOMAIN  HGT  =    20000.0000    

 restart_format       =            2
 restart_filetype     =            1
 restart_file_theta   =  T
 restart_file_dbz     =  T
 restart_file_th0     =  T
 restart_file_prs0    =  T
 restart_file_pi0     =  T
 restart_file_rho0    =  T
 restart_file_qv0     =  T
 restart_file_u0      =  T
 restart_file_v0      =  T
 restart_file_zs      =  F
 restart_file_zh      =  F
 restart_file_zf      =  F
 restart_file_diags   =  F
 restart_use_theta    =  T
 restart_reset_frqtim =  T

   maxk =           51

 ZGRID:  STRETCH FAC  =    1.0359004512429237     
 ZGRID:  DOMAIN  HGT  =    20000.0000    


   myid,mynode             =            0           0
   nodemaster,nodes,ppnode =            0           1          25
   nodex,nodey             =            5           5

   d2i   =           80
   d2is  =           75
   d2iu  =           76
   d2iv  =           75

   d2j   =           80
   d2js  =           75
   d2ju  =           75
   d2jv  =           76

   d3i   =           16
   d3is  =           15
   d3iu  =           16
   d3iv  =           15

   d3j   =           16
   d3js  =           15
   d3ju  =           15
   d3jv  =           16

   d3n   =           25
   d3t   =           24


 ZGRID:  STRETCH FAC  =    1.0359004512429237     

 stat_w       =            1
 stat_u       =            1
 stat_v       =            1
 stat_rmw     =            0
 stat_pipert  =            1
 stat_prspert =            1
 ZGRID:  DOMAIN  HGT  =    20000.0000    
 stat_thpert  =            1
 stat_q       =            1
 stat_tke     =            1
 stat_km      =            1
 stat_kh      =            1
 stat_div     =            1
 stat_rh      =            1
 stat_rhi     =            1
 stat_the     =            1
 stat_cloud   =            1
 stat_sfcprs  =            1

 ZGRID:  STRETCH FAC  =    1.0359004512429237     
 ZGRID:  DOMAIN  HGT  =    20000.0000    
 stat_wsp     =            1
 stat_cfl     =            1
 stat_vort    =            1
 stat_tmass   =            1
 stat_tmois   =            1
 stat_qmass   =            1
 stat_tenerg  =            1
 stat_mo      =            1
 stat_tmf     =            1
 stat_pcn     =            1
 stat_qsrc    =            1

 stat_out =          150


 prcl_th      =            0
 prcl_t       =            0
 prcl_prs     =            0
 prcl_ptra    =            0
 prcl_q       =            0
 prcl_nc      =            0
 prcl_km      =            0
 prcl_kh      =            0
 prcl_tke     =            0
 prcl_dbz     =            0
 prcl_b       =            0
 prcl_vpg     =            0
 prcl_vort    =            0
 prcl_rho     =            0
 prcl_qsat    =            0
 prcl_sfc     =            0


   c_m,c_l,ri_c  =   0.100000001      0.816500008      0.250000000    

 ZGRID:  STRETCH FAC  =    1.0359004512429237     
 ZGRID:  DOMAIN  HGT  =    20000.0000    
   c_e1,c_e2,sum =   0.200001687      0.786958814      0.986960530    
   c_s,rcs       =   0.178412408       5.60499144    

   nparcels =            1
   npvals   =            1
     prx      =            0
     pry      =            0
     prz      =            0
     pru      =            0
     prv      =            0
     prw      =            0
     prth     =            0
     prt      =            0
     prprs    =            0
     prpt1    =            0
     prpt2    =            0
     prqv     =            0

 ZGRID:  STRETCH FAC  =    1.0359004512429237     
 ZGRID:  DOMAIN  HGT  =    20000.0000    
     prq1     =            0
     prq2     =            0
     prnc1    =            0
     prnc2    =            0
     prkm     =            0
     prkh     =            0
     prtke    =            0
     prdbz    =            0
     prb      =            0
     prvpg    =            0
     przv     =            0
     prrho    =            0
     prqsl    =            0
     prqsi    =            0
     prznt    =            0
     prust    =            0

   myi,myj=           1           1

   mywest  =           4
   myeast  =           1
   mysouth =          20
   mynorth =           5

   mysw    =          24
   mynw    =           9
   myne    =           6
   myse    =          21

   cs1we   =         765
   cs1sn   =         765
   ct1we   =         780
   ct1sn   =         780
   cv1we   =         816
   cu1sn   =         816
   cw1we   =         750
   cw1sn   =         750
   cs2we   =        1530
   cs2sn   =        1530
   cs3we   =        2295
   cs3sn   =        2295
   ct3we   =        2340
   ct3sn   =        2340
   cv3we   =        2448
   cu3sn   =        2448
   cw3we   =        2250
   cw3sn   =        2250


 g     =   9.81000042    
 to    =   273.149994    
 rd    =   287.040009    
 rv    =   461.500000    
 cp    =   1005.70001    
 cv    =   718.660034    
 cpv   =   1870.00000    
 cvv   =   1408.50000    
 p00   =   100000.000    
 rp00  =   9.99999975E-06
 th0r  =   300.000000    
 rcp   =   9.94332251E-04
 pi    =   3.14159274    

 cpdcv =   1.39941001    
 rovcp =  0.285413146    
 rddcv =  0.399410009    
 cvdrd =   2.50369287    
 cpdrd =   3.50369287    
 eps   =  0.621971846    
 reps  =   1.60778975    
 repsm1=  0.607789755    
 cpt   =  0.859401345    
 cvt   =  0.959897518    
 pnum  =  -72634.2500    
 xlv   =   2501000.00    
 xls   =   2834000.00    
 lvdcp =   2486.82495    
 condc =   13476814.0    
 cpl   =   4190.00000    
 cpi   =   2106.00000    
 lv1   =   3134708.00    
 lv2   =   2320.00000    
 ls1   =   2898463.50    
 ls2   =   236.000000    
 karman=  0.400000006    

 timeformat   =           2
 timestats    =           1
 terrain_flag = F
 procfiles    = F

 nx    =          75
 ny    =          75
 nz    =          51

 nodex    =           5
 nodey    =           5
 numprocs =          25
 ppnode   =          25

 ni    =          15
 nj    =          15
 nk    =          51
 nkp1  =          52

 ib,ibm,ibi,ibc,ibt=       -2       -2       -2       -2       -2
 ie,iem,iei,iec,iet=       18       18       18       18       18
 jb,jbm,jbi,jbc,jbt=       -2       -2       -2       -2       -2
 je,jem,jei,jec,jet=       18       18       18       18       18
 kb,kbm,kbi,kbc,kbt=        0        0        0        0        0
 ke,kem,kei,kec,ket=       52       52       52       53       53

 imirror,jmirror =            0           0

 ibp,itb,ipb,ibr,ibb=        1        1        1        1        1
 iep,ite,ipe,ier,ieb=        1        1        1        1        1
 jbp,jtb,jpb,jbr,jbb=        1        1        1        1        1
 jep,jte,jpe,jer,jeb=        1        1        1        1        1
 kbp,ktb,kpb,kbr,kbb=        1        1        1        1        1
 kep,kte,kpe,ker,keb=        1        1        1        1        1

 ibd               =        1
 ied               =        1
 jbd               =        1
 jed               =        1
 kbd               =        1
 ked               =        1

 ibl               =        1
 iel               =        1
 jbl               =        1
 jel               =        1

 imp,jmp,kmp,kmt,rmp,cmp =     15     15     51     52      8      3

 rdx    =   5.00000024E-04
 rdy    =   5.00000024E-04
 rdz    =   2.55000009E-03
 rdx2   =   2.50000012E-04
 rdy2   =   2.50000012E-04
 rdz2   =   1.27500005E-03
 rdx4   =   1.25000006E-04
 rdy4   =   1.25000006E-04
 rdz4   =   6.37500023E-04
 govtwo =   4.90500021    
 clwsat =   9.99999997E-07
 smeps  =   1.00000000E-30
 tsmall =   9.99999975E-05
 qsmall =   9.99999982E-15
 cstar  =   30.0000000    
 csmax  =   350.000000    
 epsilon=   1.00000005E-18


 x:
      i         xf           xh         dx         uf         uh
 ---------------------------------------------------------------
      -2      -6000.00      -5000.00     2000.00     1.0000     1.0000   x
      -1      -4000.00      -3000.00     2000.00     1.0000     1.0000   x
       0      -2000.00      -1000.00     2000.00     1.0000     1.0000   x
       1          0.00       1000.00     2000.00     1.0000     1.0000    
       2       2000.00       3000.00     2000.00     1.0000     1.0000    
       3       4000.00       5000.00     2000.00     1.0000     1.0000    
       4       6000.00       7000.00     2000.00     1.0000     1.0000    
       5       8000.00       9000.00     2000.00     1.0000     1.0000    
       6      10000.00      11000.00     2000.00     1.0000     1.0000    
       7      12000.00      13000.00     2000.00     1.0000     1.0000    
       8      14000.00      15000.00     2000.00     1.0000     1.0000    
       9      16000.00      17000.00     2000.00     1.0000     1.0000    
      10      18000.00      19000.00     2000.00     1.0000     1.0000    
      11      20000.00      21000.00     2000.00     1.0000     1.0000    
      12      22000.00      23000.00     2000.00     1.0000     1.0000    
      13      24000.00      25000.00     2000.00     1.0000     1.0000    
      14      26000.00      27000.00     2000.00     1.0000     1.0000    
      15      28000.00      29000.00     2000.00     1.0000     1.0000    
      16      30000.00      31000.00     2000.00     1.0000     1.0000    
      17      32000.00      33000.00     2000.00     1.0000     1.0000    
      18      34000.00      35000.00     2000.00     1.0000     1.0000    
      19      36000.00      37000.00     2000.00     1.0000     1.0000    
      20      38000.00      39000.00     2000.00     1.0000     1.0000    
      21      40000.00      41000.00     2000.00     1.0000     1.0000    
      22      42000.00      43000.00     2000.00     1.0000     1.0000    
      23      44000.00      45000.00     2000.00     1.0000     1.0000    
      24      46000.00      47000.00     2000.00     1.0000     1.0000    
      25      48000.00      49000.00     2000.00     1.0000     1.0000    
      26      50000.00      51000.00     2000.00     1.0000     1.0000    
      27      52000.00      53000.00     2000.00     1.0000     1.0000    
      28      54000.00      55000.00     2000.00     1.0000     1.0000    
      29      56000.00      57000.00     2000.00     1.0000     1.0000    
      30      58000.00      59000.00     2000.00     1.0000     1.0000    
      31      60000.00      61000.00     2000.00     1.0000     1.0000    
      32      62000.00      63000.00     2000.00     1.0000     1.0000    
      33      64000.00      65000.00     2000.00     1.0000     1.0000    
      34      66000.00      67000.00     2000.00     1.0000     1.0000    
      35      68000.00      69000.00     2000.00     1.0000     1.0000    
      36      70000.00      71000.00     2000.00     1.0000     1.0000    
      37      72000.00      73000.00     2000.00     1.0000     1.0000    
      38      74000.00      75000.00     2000.00     1.0000     1.0000    
      39      76000.00      77000.00     2000.00     1.0000     1.0000    
      40      78000.00      79000.00     2000.00     1.0000     1.0000    
      41      80000.00      81000.00     2000.00     1.0000     1.0000    
      42      82000.00      83000.00     2000.00     1.0000     1.0000    
      43      84000.00      85000.00     2000.00     1.0000     1.0000    
      44      86000.00      87000.00     2000.00     1.0000     1.0000    
      45      88000.00      89000.00     2000.00     1.0000     1.0000    
      46      90000.00      91000.00     2000.00     1.0000     1.0000    
      47      92000.00      93000.00     2000.00     1.0000     1.0000    
      48      94000.00      95000.00     2000.00     1.0000     1.0000    
      49      96000.00      97000.00     2000.00     1.0000     1.0000    
      50      98000.00      99000.00     2000.00     1.0000     1.0000    
      51     100000.00     101000.00     2000.00     1.0000     1.0000    
      52     102000.00     103000.00     2000.00     1.0000     1.0000    
      53     104000.00     105000.00     2000.00     1.0000     1.0000    
      54     106000.00     107000.00     2000.00     1.0000     1.0000    
      55     108000.00     109000.00     2000.00     1.0000     1.0000    
      56     110000.00     111000.00     2000.00     1.0000     1.0000    
      57     112000.00     113000.00     2000.00     1.0000     1.0000    
      58     114000.00     115000.00     2000.00     1.0000     1.0000    
      59     116000.00     117000.00     2000.00     1.0000     1.0000    
      60     118000.00     119000.00     2000.00     1.0000     1.0000    
      61     120000.00     121000.00     2000.00     1.0000     1.0000    
      62     122000.00     123000.00     2000.00     1.0000     1.0000    
      63     124000.00     125000.00     2000.00     1.0000     1.0000    
      64     126000.00     127000.00     2000.00     1.0000     1.0000    
      65     128000.00     129000.00     2000.00     1.0000     1.0000    
      66     130000.00     131000.00     2000.00     1.0000     1.0000    
      67     132000.00     133000.00     2000.00     1.0000     1.0000    
      68     134000.00     135000.00     2000.00     1.0000     1.0000    
      69     136000.00     137000.00     2000.00     1.0000     1.0000    
      70     138000.00     139000.00     2000.00     1.0000     1.0000    
      71     140000.00     141000.00     2000.00     1.0000     1.0000    
      72     142000.00     143000.00     2000.00     1.0000     1.0000    
      73     144000.00     145000.00     2000.00     1.0000     1.0000    
      74     146000.00     147000.00     2000.00     1.0000     1.0000    
      75     148000.00     149000.00     2000.00     1.0000     1.0000    
      76     150000.00     151000.00     2000.00     1.0000     1.0000   x
      77     152000.00     153000.00     2000.00     1.0000     1.0000   x
      78     154000.00     155000.00     2000.00     1.0000     1.0000   x
      79     156000.00                               1.0000


 y:
      j         yf           yh         dy         vf         vh
 ---------------------------------------------------------------
      -2      -6000.00      -5000.00     2000.00     1.0000     1.0000   x
      -1      -4000.00      -3000.00     2000.00     1.0000     1.0000   x
       0      -2000.00      -1000.00     2000.00     1.0000     1.0000   x
       1          0.00       1000.00     2000.00     1.0000     1.0000    
       2       2000.00       3000.00     2000.00     1.0000     1.0000    
       3       4000.00       5000.00     2000.00     1.0000     1.0000    
       4       6000.00       7000.00     2000.00     1.0000     1.0000    
       5       8000.00       9000.00     2000.00     1.0000     1.0000    
       6      10000.00      11000.00     2000.00     1.0000     1.0000    
       7      12000.00      13000.00     2000.00     1.0000     1.0000    
       8      14000.00      15000.00     2000.00     1.0000     1.0000    
       9      16000.00      17000.00     2000.00     1.0000     1.0000    
      10      18000.00      19000.00     2000.00     1.0000     1.0000    
      11      20000.00      21000.00     2000.00     1.0000     1.0000    
      12      22000.00      23000.00     2000.00     1.0000     1.0000    
      13      24000.00      25000.00     2000.00     1.0000     1.0000    
      14      26000.00      27000.00     2000.00     1.0000     1.0000    
      15      28000.00      29000.00     2000.00     1.0000     1.0000    
      16      30000.00      31000.00     2000.00     1.0000     1.0000    
      17      32000.00      33000.00     2000.00     1.0000     1.0000    
      18      34000.00      35000.00     2000.00     1.0000     1.0000    
      19      36000.00      37000.00     2000.00     1.0000     1.0000    
      20      38000.00      39000.00     2000.00     1.0000     1.0000    
      21      40000.00      41000.00     2000.00     1.0000     1.0000    
      22      42000.00      43000.00     2000.00     1.0000     1.0000    
      23      44000.00      45000.00     2000.00     1.0000     1.0000    
      24      46000.00      47000.00     2000.00     1.0000     1.0000    
      25      48000.00      49000.00     2000.00     1.0000     1.0000    
      26      50000.00      51000.00     2000.00     1.0000     1.0000    
      27      52000.00      53000.00     2000.00     1.0000     1.0000    
      28      54000.00      55000.00     2000.00     1.0000     1.0000    
      29      56000.00      57000.00     2000.00     1.0000     1.0000    
      30      58000.00      59000.00     2000.00     1.0000     1.0000    
      31      60000.00      61000.00     2000.00     1.0000     1.0000    
      32      62000.00      63000.00     2000.00     1.0000     1.0000    
      33      64000.00      65000.00     2000.00     1.0000     1.0000    
      34      66000.00      67000.00     2000.00     1.0000     1.0000    
      35      68000.00      69000.00     2000.00     1.0000     1.0000    
      36      70000.00      71000.00     2000.00     1.0000     1.0000    
      37      72000.00      73000.00     2000.00     1.0000     1.0000    
      38      74000.00      75000.00     2000.00     1.0000     1.0000    
      39      76000.00      77000.00     2000.00     1.0000     1.0000    
      40      78000.00      79000.00     2000.00     1.0000     1.0000    
      41      80000.00      81000.00     2000.00     1.0000     1.0000    
      42      82000.00      83000.00     2000.00     1.0000     1.0000    
      43      84000.00      85000.00     2000.00     1.0000     1.0000    
      44      86000.00      87000.00     2000.00     1.0000     1.0000    
      45      88000.00      89000.00     2000.00     1.0000     1.0000    
      46      90000.00      91000.00     2000.00     1.0000     1.0000    
      47      92000.00      93000.00     2000.00     1.0000     1.0000    
      48      94000.00      95000.00     2000.00     1.0000     1.0000    
      49      96000.00      97000.00     2000.00     1.0000     1.0000    
      50      98000.00      99000.00     2000.00     1.0000     1.0000    
      51     100000.00     101000.00     2000.00     1.0000     1.0000    
      52     102000.00     103000.00     2000.00     1.0000     1.0000    
      53     104000.00     105000.00     2000.00     1.0000     1.0000    
      54     106000.00     107000.00     2000.00     1.0000     1.0000    
      55     108000.00     109000.00     2000.00     1.0000     1.0000    
      56     110000.00     111000.00     2000.00     1.0000     1.0000    
      57     112000.00     113000.00     2000.00     1.0000     1.0000    
      58     114000.00     115000.00     2000.00     1.0000     1.0000    
      59     116000.00     117000.00     2000.00     1.0000     1.0000    
      60     118000.00     119000.00     2000.00     1.0000     1.0000    
      61     120000.00     121000.00     2000.00     1.0000     1.0000    
      62     122000.00     123000.00     2000.00     1.0000     1.0000    
      63     124000.00     125000.00     2000.00     1.0000     1.0000    
      64     126000.00     127000.00     2000.00     1.0000     1.0000    
      65     128000.00     129000.00     2000.00     1.0000     1.0000    
      66     130000.00     131000.00     2000.00     1.0000     1.0000    
      67     132000.00     133000.00     2000.00     1.0000     1.0000    
      68     134000.00     135000.00     2000.00     1.0000     1.0000    
      69     136000.00     137000.00     2000.00     1.0000     1.0000    
      70     138000.00     139000.00     2000.00     1.0000     1.0000    
      71     140000.00     141000.00     2000.00     1.0000     1.0000    
      72     142000.00     143000.00     2000.00     1.0000     1.0000    
      73     144000.00     145000.00     2000.00     1.0000     1.0000    
      74     146000.00     147000.00     2000.00     1.0000     1.0000    
      75     148000.00     149000.00     2000.00     1.0000     1.0000    
      76     150000.00     151000.00     2000.00     1.0000     1.0000   x
      77     152000.00     153000.00     2000.00     1.0000     1.0000   x
      78     154000.00     155000.00     2000.00     1.0000     1.0000   x
      79     156000.00                               1.0000


 ZGRID:  STRETCH FAC  =    1.0359004512429237     
 ZGRID:  DOMAIN  HGT  =    20000.0000    
 k,gzc,gze =            1   77.692535400390625        0.0000000000000000     
 k,gzc,gze =            2   235.86680603027344        155.38507080078125     
 k,gzc,gze =            3   399.71958923339844        316.34854125976562     
 k,gzc,gze =            4   569.45477294921875        483.09063720703125     
 k,gzc,gze =            5   745.28353881835938        655.81890869140625     
 k,gzc,gze =            6   927.42462158203125        834.74816894531250     
 k,gzc,gze =            7   1116.1046142578125        1020.1010742187500     
 k,gzc,gze =            8   1311.5583496093750        1212.1081542968750     
 k,gzc,gze =            9   1514.0289916992188        1411.0085449218750     
 k,gzc,gze =           10   1723.7683715820312        1617.0494384765625     
 k,gzc,gze =           11   1941.0374755859375        1830.4873046875000     
 k,gzc,gze =           12   2166.1066894531250        2051.5876464843750     
 k,gzc,gze =           13   2399.2559814453125        2280.6257324218750     
 k,gzc,gze =           14   2640.7753906250000        2517.8862304687500     
 k,gzc,gze =           15   2890.9654541015625        2763.6645507812500     
 k,gzc,gze =           16   3150.1374511718750        3018.2663574218750     
 k,gzc,gze =           17   3418.6138916015625        3282.0085449218750     
 k,gzc,gze =           18   3696.7287597656250        3555.2192382812500     
 k,gzc,gze =           19   3984.8281250000000        3838.2382812500000     
 k,gzc,gze =           20   4283.2702636718750        4131.4179687500000     
 k,gzc,gze =           21   4592.4265136718750        4435.1225585937500     
 k,gzc,gze =           22   4912.6818847656250        4749.7304687500000     
 k,gzc,gze =           23   5244.4345703125000        5075.6333007812500     
 k,gzc,gze =           24   5588.0971679687500        5413.2358398437500     
 k,gzc,gze =           25   5944.0974121093750        5762.9584960937500     
 k,gzc,gze =           26   6312.8781738281250        6125.2363281250000     
 k,gzc,gze =           27   6694.8984375000000        6500.5200195312500     
 k,gzc,gze =           28   7090.6335449218750        6889.2768554687500     
 k,gzc,gze =           29   7500.5754394531250        7291.9902343750000     
 k,gzc,gze =           30   7925.2343750000000        7709.1606445312500     
 k,gzc,gze =           31   8365.1389160156250        8141.3081054687500     
 k,gzc,gze =           32   8820.8364257812500        8588.9697265625000     
 k,gzc,gze =           33   9292.8935546875000        9052.7031250000000     
 k,gzc,gze =           34   9781.8974609375000        9533.0839843750000     
 k,gzc,gze =           35   10288.457031250000        10030.710937500000     
 k,gzc,gze =           36   10813.202636718750        10546.203125000000     
 k,gzc,gze =           37   11356.786621093750        11080.202148437500     
 k,gzc,gze =           38   11919.885253906250        11633.371093750000     
 k,gzc,gze =           39   12503.199707031250        12206.399414062500     
 k,gzc,gze =           40   13100.000000000000        12800.000000000000     
 k,gzc,gze =           41   13700.000000000000        13400.000000000000     
 k,gzc,gze =           42   14300.000000000000        14000.000000000000     
 k,gzc,gze =           43   14900.000000000000        14600.000000000000     
 k,gzc,gze =           44   15500.000000000000        15200.000000000000     
 k,gzc,gze =           45   16100.000000000000        15800.000000000000     
 k,gzc,gze =           46   16700.000000000000        16400.000000000000     
 k,gzc,gze =           47   17300.000000000000        17000.000000000000     
 k,gzc,gze =           48   17900.000000000000        17600.000000000000     
 k,gzc,gze =           49   18500.000000000000        18200.000000000000     
 k,gzc,gze =           50   19100.000000000000        18800.000000000000     
 k,gzc,gze =           51   19700.000000000000        19400.000000000000     
 k,gzc,gze =           52   20300.000000000000        20000.000000000000     

 model heights:
     k       zf         zh         dz         mf         mh
 ---------------------------------------------------------------
      1       0.00      77.69     155.39     2.5238     2.5238
      2     155.39     235.87     160.96     2.4793     2.4363
      3     316.35     399.72     166.74     2.3933     2.3519
      4     483.09     569.45     172.73     2.3104     2.2704
      5     655.82     745.28     178.93     2.2303     2.1917
      6     834.75     927.42     185.35     2.1530     2.1157
      7    1020.10    1116.10     192.01     2.0784     2.0424
      8    1212.11    1311.56     198.90     2.0064     1.9716
      9    1411.01    1514.03     206.04     1.9369     1.9033
     10    1617.05    1723.77     213.44     1.8697     1.8373
     11    1830.49    1941.04     221.10     1.8049     1.7737
     12    2051.59    2166.11     229.04     1.7424     1.7122
     13    2280.63    2399.26     237.26     1.6820     1.6529
     14    2517.89    2640.78     245.78     1.6237     1.5956
     15    2763.66    2890.97     254.60     1.5674     1.5403
     16    3018.27    3150.14     263.74     1.5131     1.4869
     17    3282.01    3418.61     273.21     1.4607     1.4354
     18    3555.22    3696.73     283.02     1.4101     1.3856
     19    3838.24    3984.83     293.18     1.3612     1.3376
     20    4131.42    4283.27     303.70     1.3140     1.2912
     21    4435.12    4592.43     314.61     1.2685     1.2465
     22    4749.73    4912.68     325.90     1.2245     1.2033
     23    5075.63    5244.43     337.60     1.1821     1.1616
     24    5413.24    5588.10     349.72     1.1411     1.1213
     25    5762.96    5944.10     362.28     1.1016     1.0825
     26    6125.24    6312.88     375.28     1.0634     1.0450
     27    6500.52    6694.90     388.76     1.0265     1.0087
     28    6889.28    7090.63     402.71     0.9910     0.9738
     29    7291.99    7500.58     417.17     0.9566     0.9400
     30    7709.16    7925.23     432.15     0.9235     0.9075
     31    8141.31    8365.14     447.66     0.8915     0.8760
     32    8588.97    8820.84     463.73     0.8606     0.8457
     33    9052.70    9292.89     480.38     0.8307     0.8163
     34    9533.08    9781.90     497.63     0.8020     0.7881
     35   10030.71   10288.46     515.49     0.7742     0.7607
     36   10546.20   10813.20     534.00     0.7473     0.7344
     37   11080.20   11356.79     553.17     0.7214     0.7089
     38   11633.37   11919.88     573.03     0.6964     0.6844
     39   12206.40   12503.20     593.60     0.6723     0.6606
     40   12800.00   13100.00     600.00     0.6571     0.6536
     41   13400.00   13700.00     600.00     0.6536     0.6536
     42   14000.00   14300.00     600.00     0.6536     0.6536
     43   14600.00   14900.00     600.00     0.6536     0.6536
     44   15200.00   15500.00     600.00     0.6536     0.6536
     45   15800.00   16100.00     600.00     0.6536     0.6536
     46   16400.00   16700.00     600.00     0.6536     0.6536
     47   17000.00   17300.00     600.00     0.6536     0.6536
     48   17600.00   17900.00     600.00     0.6536     0.6536
     49   18200.00   18500.00     600.00     0.6536     0.6536
     50   18800.00   19100.00     600.00     0.6536     0.6536
     51   19400.00   19700.00     600.00     0.6536     0.6536
     52   20000.00                           0.6536

   patchsww = F
   patchnww = T
   patchsee = F
   patchnee = F
   patchsws = F
   patchses = T
   patchnwn = F
   patchnen = F

   p2tchsww = T
   p2tchnww = F
   p2tchsee = F
   p2tchnee = F
   p2tchsws = T
   p2tchses = F
   p2tchnwn = F
   p2tchnen = F

   minx =    0.00000000    
   maxx =    150000.000    
   miny =    0.00000000    
   maxy =    150000.000    
   maxz =    20000.0000    

   ibw =           1
   ibe =           0
   ibs =           1
   ibn =           0

   min_dx =    2000.00000    
   max_dx =    2000.00000    
   min_dy =    2000.00000    
   max_dy =    2000.00000    
   min_dz =    155.385071    
   max_dz =    600.000000    


   k,c1,c2,zhm1,zf,zh:
      1    0.5000    0.5000     -77.69       0.00      77.69
      2    0.5088    0.4912      77.69     155.39     235.87
      3    0.5088    0.4912     235.87     316.35     399.72
      4    0.5088    0.4912     399.72     483.09     569.45
      5    0.5088    0.4912     569.45     655.82     745.28
      6    0.5088    0.4912     745.28     834.75     927.42
      7    0.5088    0.4912     927.42    1020.10    1116.10
      8    0.5088    0.4912    1116.10    1212.11    1311.56
      9    0.5088    0.4912    1311.56    1411.01    1514.03
     10    0.5088    0.4912    1514.03    1617.05    1723.77
     11    0.5088    0.4912    1723.77    1830.49    1941.04
     12    0.5088    0.4912    1941.04    2051.59    2166.11
     13    0.5088    0.4912    2166.11    2280.63    2399.26
     14    0.5088    0.4912    2399.26    2517.89    2640.78
     15    0.5088    0.4912    2640.78    2763.66    2890.97
     16    0.5088    0.4912    2890.97    3018.27    3150.14
     17    0.5088    0.4912    3150.14    3282.01    3418.61
     18    0.5088    0.4912    3418.61    3555.22    3696.73
     19    0.5088    0.4912    3696.73    3838.24    3984.83
     20    0.5088    0.4912    3984.83    4131.42    4283.27
     21    0.5088    0.4912    4283.27    4435.12    4592.43
     22    0.5088    0.4912    4592.43    4749.73    4912.68
     23    0.5088    0.4912    4912.68    5075.63    5244.43
     24    0.5088    0.4912    5244.43    5413.24    5588.10
     25    0.5088    0.4912    5588.10    5762.96    5944.10
     26    0.5088    0.4912    5944.10    6125.24    6312.88
     27    0.5088    0.4912    6312.88    6500.52    6694.90
     28    0.5088    0.4912    6694.90    6889.28    7090.63
     29    0.5088    0.4912    7090.63    7291.99    7500.58
     30    0.5088    0.4912    7500.58    7709.16    7925.23
     31    0.5088    0.4912    7925.23    8141.31    8365.14
     32    0.5088    0.4912    8365.14    8588.97    8820.84
     33    0.5088    0.4912    8820.84    9052.70    9292.89
     34    0.5088    0.4912    9292.89    9533.08    9781.90
     35    0.5088    0.4912    9781.90   10030.71   10288.46
     36    0.5088    0.4912   10288.46   10546.20   10813.20
     37    0.5088    0.4912   10813.20   11080.20   11356.79
     38    0.5088    0.4912   11356.79   11633.37   11919.88
     39    0.5088    0.4912   11919.88   12206.40   12503.20
     40    0.5027    0.4973   12503.20   12800.00   13100.00
     41    0.5000    0.5000   13100.00   13400.00   13700.00
     42    0.5000    0.5000   13700.00   14000.00   14300.00
     43    0.5000    0.5000   14300.00   14600.00   14900.00
     44    0.5000    0.5000   14900.00   15200.00   15500.00
     45    0.5000    0.5000   15500.00   15800.00   16100.00
     46    0.5000    0.5000   16100.00   16400.00   16700.00
     47    0.5000    0.5000   16700.00   17000.00   17300.00
     48    0.5000    0.5000   17300.00   17600.00   17900.00
     49    0.5000    0.5000   17900.00   18200.00   18500.00
     50    0.5000    0.5000   18500.00   18800.00   19100.00
     51    0.5000    0.5000   19100.00   19400.00   19700.00
     52    0.5000    0.5000   19700.00   20000.00   20300.00


   ------ tauf, tauh -----
           1   0.00000000       0.00000000    
           2   0.00000000       0.00000000    
           3   0.00000000       0.00000000    
           4   0.00000000       0.00000000    
           5   0.00000000       0.00000000    
           6   0.00000000       0.00000000    
           7   0.00000000       0.00000000    
           8   0.00000000       0.00000000    
           9   0.00000000       0.00000000    
          10   0.00000000       0.00000000    
          11   0.00000000       0.00000000    
          12   0.00000000       0.00000000    
          13   0.00000000       0.00000000    
          14   0.00000000       0.00000000    
          15   0.00000000       0.00000000    
          16   0.00000000       0.00000000    
          17   0.00000000       0.00000000    
          18   0.00000000       0.00000000    
          19   0.00000000       0.00000000    
          20   0.00000000       0.00000000    
          21   0.00000000       0.00000000    
          22   0.00000000       0.00000000    
          23   0.00000000       0.00000000    
          24   0.00000000       0.00000000    
          25   0.00000000       0.00000000    
          26   0.00000000       0.00000000    
          27   0.00000000       0.00000000    
          28   0.00000000       0.00000000    
          29   0.00000000       0.00000000    
          30   0.00000000       0.00000000    
          31   0.00000000       0.00000000    
          32   0.00000000       0.00000000    
          33   0.00000000       0.00000000    
          34   0.00000000       0.00000000    
          35   0.00000000       0.00000000    
          36   0.00000000       0.00000000    
          37   0.00000000       0.00000000    
          38   0.00000000       0.00000000    
          39   0.00000000       0.00000000    
          40   0.00000000       0.00000000    
          41   0.00000000       0.00000000    
          42   0.00000000       0.00000000    
          43   0.00000000       0.00000000    
          44   3.94263864E-03   2.44717300E-02
          45   6.18466735E-02  0.114743382    
          46  0.181288034      0.259123147    
          47  0.345491529      0.437333375    
          48  0.531395316      0.624345005    
          49  0.712889671      0.793892622    
          50  0.864484310      0.922163963    
          51  0.964888215      0.991143644    
          52   1.00000000    


   vialpha,vibeta =   0.500000000      0.500000000    


   x0,alpha,delta,sum,predict,maxz:
   0.00000000    
  0.500000000       1.51795030       2.57244539       3.66479731    
   1.85094726      -1.19824338      0.347296089       0.00000000    
   1.00000000       1.52587891E-05   20000.0000    


   cgs1,cgs2,cgs3 =    1.85094726      -1.19824338      0.347296089    
   sum            =    1.00000000    

   dgs1,dgs2,dgs3 =   -1.93890107       2.86228609     -0.923384964    
   sum            =    5.96046448E-08


   x0,alpha,delta,sum,predict,maxz:
   33.3333321    
   32.8333321       31.8333340       30.8333340       29.8333340    
   1.87500155      -1.25000143      0.374999881       0.00000000    
   1.00000000       20000.0020       20000.0000    


   cgt1,cgt2,cgt3 =    1.87500155      -1.25000143      0.374999881    
   sum            =    1.00000000    

   dgt1,dgt2,dgt3 =    2.00000381      -3.00000381       1.00000000    
   sum            =    0.00000000    

 Leaving PARAM
 Inside BASE

  Reading sounding from external file, input_sounding

  p_sfc, th_sfc, qv_sfc =    960.000000       304.899994       19.0599995    
   Found           68   levels (including surface)


     k,z,th,qv:
           1   0.00000000       304.899994       19.0599995    
           2   0.00000000       304.899994       19.0599995    
           3   253.000000       305.200012       17.9099998    
           4   329.000000       305.299988       17.5799999    
           5   557.000000       305.500000       17.2199993    
           6   757.000000       305.600006       16.9099998    
           7   862.000000       306.799988       15.3999996    
           8   1069.00000       309.200012       12.7700005    
           9   1472.00000       310.700012       8.30000019    
          10   1777.00000       311.799988       5.88999987    
          11   1942.00000       312.399994       4.86000013    
          12   2081.00000       312.399994       5.42000008    
          13   2386.00000       312.399994       6.84999990    
          14   2475.00000       312.399994       7.32000017    
          15   2721.00000       312.899994       4.53999996    
          16   2876.00000       313.000000       3.85999990    
          17   3070.00000       314.399994       1.21000004    
          18   3301.00000       315.799988       1.08000004    
          19   3605.00000       317.600006      0.920000017    
          20   3807.00000       318.700012      0.819999993    
          21   3910.00000       318.899994      0.829999983    
          22   4520.00000       319.500000      0.829999983    
          23   4718.00000       319.700012      0.839999974    
          24   5026.00000       323.500000      0.230000004    
          25   5423.00000       324.600006      0.189999998    
          26   5434.00000       324.600006      0.189999998    
          27   5739.00000       325.700012      0.209999993    
          28   6102.00000       327.100006      0.219999999    
          29   7123.00000       328.299988      0.119999997    
          30   7263.00000       328.500000      0.119999997    
          31   8787.00000       331.100006      0.170000002    
          32   9092.00000       331.399994      0.180000007    
          33   9160.00000       331.500000      0.189999998    
          34   9183.00000       331.600006       1.00000005E-03
          35   9701.00000       334.700012       1.00000005E-03
          36   9844.00000       335.500000       1.00000005E-03
          37   10311.0000       338.299988       1.00000005E-03
          38   10413.0000       338.899994       1.00000005E-03
          39   10921.0000       340.600006       1.00000005E-03
          40   11530.0000       342.500000       1.00000005E-03
          41   11863.0000       343.399994       1.00000005E-03
          42   12140.0000       347.799988       1.00000005E-03
          43   12290.0000       350.100006       1.00000005E-03
          44   13664.0000       359.100006       1.00000005E-03
          45   13663.0000       359.100006       1.00000005E-03
          46   14273.0000       362.500000       1.00000005E-03
          47   14391.0000       363.100006       1.00000005E-03
          48   14811.0000       371.299988       1.00000005E-03
          49   14883.0000       372.700012       1.00000005E-03
          50   15797.0000       391.100006       1.00000005E-03
          51   16103.0000       397.399994       1.00000005E-03
          52   16481.0000       399.899994       1.00000005E-03
          53   16637.0000       410.000000       1.00000005E-03
          54   17281.0000       413.000000       1.00000005E-03
          55   17321.0000       415.399994       1.00000005E-03
          56   17527.0000       427.799988       1.00000005E-03
          57   18236.0000       441.399994       1.00000005E-03
          58   18253.0000       441.799988       1.00000005E-03
          59   18517.0000       445.600006       1.00000005E-03
          60   18845.0000       457.100006       1.00000005E-03
          61   19981.0000       498.799988       1.00000005E-03
          62   20323.0000       504.700012       1.00000005E-03
          63   22954.0000       573.599976       1.00000005E-03
          64   23563.0000       595.500000       1.00000005E-03
          65   24663.0000       636.000000       1.00000005E-03
          66   26193.0000       679.000000       1.00000005E-03
          67   26846.0000       706.799988       1.00000005E-03
          68   27739.0000       734.200012       1.00000005E-03

     k,u,v:
           1  -1.68008852      -2.17436504    
           2  -2.28714967       6.28391504    
           3  -3.03701520       17.2238979    
           4  -2.85836720       16.2107277    
           5   0.00000000       18.0039997    
           6   4.05004406       17.5425529    
           7   6.15775585       16.9182167    
           8   10.3266935       14.7479963    
           9   14.1859379       11.9033737    
          10   16.8548927       11.8018789    
          11   17.6976376       12.3919735    
          12   18.5403824       12.9820671    
          13   19.8044987       13.8672075    
          14   20.2258720       14.1622553    
          15   21.0686169       14.7523489    
          16   22.6022434       15.2453480    
          17   24.8654766       15.5376129    
          18   27.1745205       15.6891508    
          19   30.2929077       17.4895458    
          20   30.1988850       19.6113091    
          21   29.9174347       20.9483356    
          22   32.0242958       22.4235706    
          23   30.7601795       21.5384293    
          24   29.0746899       20.3582420    
          25   26.9678288       18.8830070    
          26   26.1250839       18.2929134    
          27   26.1250839       18.2929134    
          28   27.3892021       19.1780529    
          29   30.7601795       21.5384293    
          30   30.3388081       21.2433815    
          31   36.2380219       25.3740406    
          32   34.1311569       23.8988056    
          33   34.1311569       23.8988056    
          34   34.1311569       23.8988056    
          35   44.7556915       20.8698215    
          36   44.7556915       20.8698215    
          37   43.0206604       15.6581488    
          38   41.0871468       14.9544115    
          39   38.2591820       10.2514391    
          40   41.4922562       19.3480644    
          41   40.2466736       10.7839813    
          42   39.5136528       6.96724367    
          43   38.5004807       6.78859663    
          44   27.0691795       9.85231876    
          45   28.8186054       7.72186279    
          46   27.0398979       12.6088505    
          47   29.8371277       13.9132147    
          48   27.9723072       13.0436392    
          49   27.9723072       13.0436392    
          50   27.9723072       13.0436392    
          51   27.9723072       13.0436392    
          52   27.9723072       13.0436392    
          53   27.9723072       13.0436392    
          54   27.9723072       13.0436392    
          55   27.9723072       13.0436392    
          56   27.9723072       13.0436392    
          57   27.9723072       13.0436392    
          58   27.9723072       13.0436392    
          59   27.9723072       13.0436392    
          60   27.9723072       13.0436392    
          61   27.9723072       13.0436392    
          62   27.9723072       13.0436392    
          63   27.9723072       13.0436392    
          64   27.9723072       13.0436392    
          65   27.9723072       13.0436392    
          66   27.9723072       13.0436392    
          67   27.9723072       13.0436392    
          68   27.9723072       13.0436392    


 interpolating sounding to grid: 

           0.00000000       77.6925354       253.000000      0.307085127    
           0.00000000       235.866806       253.000000      0.932279885    
           329.000000       399.719604       557.000000      0.310173690    
           557.000000       569.454773       757.000000       6.22738637E-02
           557.000000       745.283569       757.000000      0.941417873    
           862.000000       927.424622       1069.00000      0.316060960    
           1069.00000       1116.10461       1472.00000      0.116884902    
           1069.00000       1311.55835       1472.00000      0.601881742    
           1472.00000       1514.02905       1777.00000      0.137800172    
           1472.00000       1723.76831       1777.00000      0.825469851    
           1777.00000       1941.03748       1942.00000      0.994166493    
           2081.00000       2166.10669       2386.00000      0.279038340    
           2386.00000       2399.25586       2475.00000      0.148942247    
           2475.00000       2640.77539       2721.00000      0.673883677    
           2876.00000       2890.96533       3070.00000       7.71408901E-02
           3070.00000       3150.13745       3301.00000      0.346915364    
           3301.00000       3418.61377       3605.00000      0.386887401    
           3605.00000       3696.72876       3807.00000      0.454102784    
           3910.00000       3984.82812       4520.00000      0.122669056    
           3910.00000       4283.27051       4520.00000      0.611918867    
           4520.00000       4592.42676       4718.00000      0.365791708    
           4718.00000       4912.68164       5026.00000      0.632083237    
           5026.00000       5244.43457       5423.00000      0.550213039    
           5434.00000       5588.09717       5739.00000      0.505236626    
           5739.00000       5944.09766       6102.00000      0.565007329    
           6102.00000       6312.87793       7123.00000      0.206540585    
           6102.00000       6694.89844       7123.00000      0.580703676    
           6102.00000       7090.63379       7123.00000      0.968299508    
           7263.00000       7500.57520       8787.00000      0.155889243    
           7263.00000       7925.23438       8787.00000      0.434536994    
           7263.00000       8365.13867       8787.00000      0.723188102    
           8787.00000       8820.83594       9092.00000      0.110937499    
           9183.00000       9292.89355       9701.00000      0.212149724    
           9701.00000       9781.89746       9844.00000      0.565716505    
           9844.00000       10288.4570       10311.0000      0.951728106    
           10413.0000       10813.2031       10921.0000      0.787801445    
           10921.0000       11356.7871       11530.0000      0.715578198    
           11863.0000       11919.8848       12140.0000      0.205360159    
           12290.0000       12503.1992       13664.0000      0.155166820    
           12290.0000       13100.0000       13664.0000      0.589519680    
           13663.0000       13700.0000       14273.0000       6.06557392E-02
           14273.0000       14300.0000       14391.0000      0.228813559    
           14883.0000       14900.0000       15797.0000       1.85995623E-02
           14883.0000       15500.0000       15797.0000      0.675054729    
           15797.0000       16100.0000       16103.0000      0.990196049    
           16637.0000       16700.0000       17281.0000       9.78260860E-02
           17281.0000       17300.0000       17321.0000      0.474999994    
           17527.0000       17900.0000       18236.0000      0.526093066    
           18253.0000       18500.0000       18517.0000      0.935606062    
           18845.0000       19100.0000       19981.0000      0.224471837    
           18845.0000       19700.0000       19981.0000      0.752640843    


       k    prs0 (Pa)        pi0        rho0 (kg/m^3)
    ---------------------------------------------------------------------
       1     95166.33     0.9859590     1.0703498
       2     93485.29     0.9809565     1.0573388
       3     91766.82     0.9757757     1.0436164
       4     90011.12     0.9704106     1.0292686
       5     88218.23     0.9648541     1.0147177
       6     86392.74     0.9591130     0.9969282
       7     84539.13     0.9531941     0.9795130
       8     82654.29     0.9470795     0.9649808
       9     80735.77     0.9407526     0.9496903
      10     78784.72     0.9342071     0.9334296
      11     76802.45     0.9274372     0.9163421
      12     74789.16     0.9204324     0.8976445
      13     72744.92     0.9131806     0.8785866
      14     70670.52     0.9056714     0.8617814
      15     68566.91     0.8978937     0.8447158
      16     66439.88     0.8898542     0.8245230
      17     64296.38     0.8815641     0.8015164
      18     62139.18     0.8730192     0.7784428
      19     59967.84     0.8642015     0.7568735
      20     57780.22     0.8550838     0.7363547
      21     55576.87     0.8456476     0.7154992
      22     53367.82     0.8359147     0.6900161
      23     51161.31     0.8259013     0.6656416
      24     48955.23     0.8155763     0.6429248
      25     46750.48     0.8049198     0.6195389
      26     44549.63     0.7939177     0.5970089
      27     42353.16     0.7825432     0.5750714
      28     40163.54     0.7707765     0.5529107
      29     37985.48     0.7586079     0.5302529
      30     35824.05     0.7460288     0.5073733
      31     33683.91     0.7330273     0.4844181
      32     31569.63     0.7195897     0.4614443
      33     29486.92     0.7057083     0.4381128
      34     27446.87     0.6914145     0.4126375
      35     25459.17     0.6767374     0.3875721
      36     23525.05     0.6616473     0.3640629
      37     21644.84     0.6461025     0.3412990
      38     19823.50     0.6300950     0.3183388
      39     18078.52     0.6137401     0.2919538
      40     16435.03     0.5972698     0.2697319
      41     14909.51     0.5808922     0.2488627
      42     13501.69     0.5646787     0.2297055
      43     12215.12     0.5487678     0.2078778
      44     11052.86     0.5333288     0.1874732
      45     10004.23     0.5183693     0.1692158
      46      9058.02     0.5038759     0.1526413
      47      8194.87     0.4896780     0.1407800
      48      7414.63     0.4758924     0.1247940
      49      6713.81     0.4625956     0.1135318
      50      6083.39     0.4497583     0.1010202
      51      5522.05     0.4375008     0.0900174


       k    th0 (K)     thv0 (K)     t0 (K)     l.r. (K/km)     N^2
    ---------------------------------------------------------------------
       1    304.9921    308.3957    300.7097       4.2116      0.0406
       2    305.1797    308.4570    299.3680       8.3355      0.1212
       3    305.3620    308.5506    297.9648       8.4152      0.1784
       4    305.5062    308.6466    296.4665       8.6748      0.1767
       5    305.5941    308.6865    294.8538       9.0131      0.0708
       6    307.5585    310.2476    294.9834      -0.6994      2.6698
       7    309.3753    311.6422    294.8947       0.4617      2.2916
       8    310.1028    311.9650    293.6920       6.0467      0.5105
       9    310.8516    312.3410    292.4344       6.1036      0.5735
      10    311.6080    312.7908    291.1064       6.2221      0.6615
      11    312.3965    313.3159    289.7281       6.2337      0.7441
      12    312.4000    313.5106    287.5431       9.5403      0.2661
      13    312.4000    313.7057    285.2776       9.5483      0.2572
      14    312.7369    313.7564    283.2369       8.3032      0.0645
      15    313.1080    313.8004    281.1377       8.2450      0.0541
      16    314.8857    315.1082    280.2023       3.5465      1.5469
      17    316.4964    316.6917    279.0119       4.3573      1.7999
      18    318.0995    318.2682    277.7070       4.6105      1.7213
      19    318.9736    319.1355    275.6575       6.9907      0.9105
      20    319.2672    319.4302    273.0002       8.7497      0.2982
      21    319.5732    319.7352    270.2462       8.7535      0.2976
      22    322.1019    322.1924    269.2498       3.0576      2.3044
      23    324.1052    324.1460    267.6789       4.6529      1.7566
      24    325.1558    325.1955    265.1893       7.1188      0.9068
      25    326.4910    326.5340    262.7991       6.5979      1.1122
      26    327.3478    327.3865    259.8872       7.7590      0.6816
      27    327.7968    327.8278    256.5152       8.6739      0.3399
      28    328.2620    328.2864    253.0166       8.6876      0.3405
      29    328.9053    328.9351    249.5101       8.4053      0.4642
      30    329.6298    329.6649    245.9133       8.3232      0.5032
      31    330.3803    330.4164    242.1778       8.3446      0.4989
      32    331.1333    331.1679    238.2801       8.4050      0.4806
      33    332.2577    332.2579    234.4770       7.9169      0.6711
      34    335.1526    335.1528    231.7294       5.5215      1.7102
      35    338.1648    338.1650    228.8488       5.5880      1.7027
      36    340.2393    340.2395    225.1184       6.9857      1.1235
      37    341.9596    341.9598    220.9409       7.5518      0.8944
      38    344.3036    344.3038    216.9440       6.9752      1.1695
      39    351.4965    351.4967    215.7275       2.0493      3.4170
      40    355.4057    355.4059    212.2731       5.7574      1.8083
      41    359.3062    359.3065    208.7182       5.9248      1.7846
      42    362.6373    362.6375    204.7735       6.5744      1.5088
      43    373.0422    373.0424    204.7136       0.1000      4.6252
      44    385.1210    385.1213    205.3961      -1.1376      5.2101
      45    397.3382    397.3385    205.9679      -0.9530      5.1061
      46    410.2935    410.2937    206.7370      -1.2818      5.2459
      47    414.1400    414.1403    202.7952       6.5696      1.5257
      48    434.9549    434.9551    206.9917      -6.9941      8.0177
      49    445.3553    445.3556    206.0194       1.6205      3.8635
      50    466.4605    466.4608    209.7945      -6.2918      7.5702
      51    488.4851    488.4855    213.7126      -6.5303      7.5432


   Richardson number:  NOTE!!!  Ri should be > 0.25 for most applications!

   k,z,Ri:           2   156.779663       6.56792847E-03 <---- NOTE!  Ri < 0.25
   k,z,Ri:           3   317.793213      0.439205140    
   k,z,Ri:           4   484.587189       8.08897913E-02 <---- NOTE!  Ri < 0.25
   k,z,Ri:           5   657.369141       1.73391774E-02 <---- NOTE!  Ri < 0.25
   k,z,Ri:           6   836.354126      0.592872560    
   k,z,Ri:           7   1021.76465      0.584386945    
   k,z,Ri:           8   1213.83154      0.367057145    
   k,z,Ri:           9   1412.79370      0.484290212    
   k,z,Ri:          10   1618.89868      0.877767026    
   k,z,Ri:          11   1832.40283       1.76677966    
   k,z,Ri:          12   2053.57202      0.638745427    
   k,z,Ri:          13   2282.68115       1.00608993    
   k,z,Ri:          14   2520.01562      0.299344897    
   k,z,Ri:          15   2765.87036       7.77312294E-02 <---- NOTE!  Ri < 0.25
   k,z,Ri:          16   3020.55127       1.25069678    
   k,z,Ri:          17   3284.37549       1.65002930    
   k,z,Ri:          18   3557.67139       1.74417806    
   k,z,Ri:          19   3840.77832       1.07290030    
   k,z,Ri:          20   4134.04932       1.70674646    
   k,z,Ri:          21   4437.84863       15.3919201    
   k,z,Ri:          22   4752.55420       4.62953997    
   k,z,Ri:          23   5078.55811       4.16976404    
   k,z,Ri:          24   5416.26562       2.28135395    
   k,z,Ri:          25   5766.09766       18.8682423    
   k,z,Ri:          26   6128.48779       4.07634592    
   k,z,Ri:          27   6503.88818       2.12920070    
   k,z,Ri:          28   6892.76611       2.13297796    
   k,z,Ri:          29   7295.60449       14.5481768    
   k,z,Ri:          30   7712.90479       2.29302764    
   k,z,Ri:          31   8145.18652       2.27365947    
   k,z,Ri:          32   8592.98730       3.48084259    
   k,z,Ri:          33   9056.86523       3.83905840    
   k,z,Ri:          34   9537.39551      0.549297452    
   k,z,Ri:          35   10035.1777       1.62694931    
   k,z,Ri:          36   10550.8301      0.792215824    
   k,z,Ri:          37   11084.9951      0.807363927    
   k,z,Ri:          38   11638.3359      0.821527362    
   k,z,Ri:          39   12211.5420       6.28008318    
   k,z,Ri:          40   12801.5996       2.45053101    
   k,z,Ri:          41   13400.0000       6.66491270    
   k,z,Ri:          42   14000.0000       2.17567515    
   k,z,Ri:          43   14600.0000       1600.02026    
   k,z,Ri:          44   15200.0000       521010880.    
   k,z,Ri:          45   15800.0000       510614496.    
   k,z,Ri:          46   16400.0000       524586304.    
   k,z,Ri:          47   17000.0000       152568752.    
   k,z,Ri:          48   17600.0000       801772096.    
   k,z,Ri:          49   18200.0000       386353664.    
   k,z,Ri:          50   18800.0000       757021440.    
   k,z,Ri:          51   19400.0000       754319168.    


       k  theta-e (K)       rh0          qv0          qc0          qi0
    ---------------------------------------------------------------------
       1    361.2180     0.746565     0.018704     0.000000     0.000000
       2    359.2769     0.765035     0.017987     0.000000     0.000000
       3    357.9687     0.795197     0.017480     0.000000     0.000000
       4    357.3099     0.842005     0.017204     0.000000     0.000000
       5    356.5935     0.898027     0.016931     0.000000     0.000000
       6    351.9169     0.751467     0.014595     0.000000     0.000000
       7    346.8395     0.617836     0.012203     0.000000     0.000000
       8    340.9742     0.532665     0.009978     0.000000     0.000000
       9    335.6923     0.448644     0.007946     0.000000     0.000000
      10    331.4999     0.376910     0.006285     0.000000     0.000000
      11    328.0279     0.310897     0.004866     0.000000     0.000000
      12    331.1370     0.422303     0.005884     0.000000     0.000000
      13    334.2994     0.561836     0.006924     0.000000     0.000000
      14    330.0004     0.487704     0.005392     0.000000     0.000000
      15    325.0440     0.369899     0.003652     0.000000     0.000000
      16    318.9708     0.121831     0.001164     0.000000     0.000000
      17    320.1140     0.111821     0.001016     0.000000     0.000000
      18    321.2564     0.101819     0.000874     0.000000     0.000000
      19    322.0104     0.108726     0.000835     0.000000     0.000000
      20    322.3262     0.127866     0.000841     0.000000     0.000000
      21    322.6159     0.149776     0.000835     0.000000     0.000000
      22    323.8599     0.085740     0.000462     0.000000     0.000000
      23    324.9351     0.041509     0.000207     0.000000     0.000000
      24    325.9660     0.046739     0.000201     0.000000     0.000000
      25    327.3644     0.058020     0.000217     0.000000     0.000000
      26    328.1400     0.062841     0.000195     0.000000     0.000000
      27    328.4380     0.063032     0.000155     0.000000     0.000000
      28    328.7739     0.063391     0.000122     0.000000     0.000000
      29    329.5230     0.099196     0.000149     0.000000     0.000000
      30    330.3536     0.152810     0.000175     0.000000     0.000000
      31    331.1224     0.208787     0.000180     0.000000     0.000000
      32    331.8469     0.273358     0.000172     0.000000     0.000000
      33    332.2629     0.002189     0.000001     0.000000     0.000000
      34    335.1579     0.002701     0.000001     0.000000     0.000000
      35    338.1702     0.003410     0.000001     0.000000     0.000000
      36    340.2447     0.004804     0.000001     0.000000     0.000000
      37    341.9651     0.007228     0.000001     0.000000     0.000000
      38    344.3091     0.010474     0.000001     0.000000     0.000000
      39    351.5024     0.011706     0.000001     0.000000     0.000000
      40    355.4118     0.016890     0.000001     0.000000     0.000000
      41    359.3120     0.022788     0.000001     0.000000     0.000000
      42    362.6431     0.035243     0.000001     0.000000     0.000000
      43    373.0482     0.032143     0.000001     0.000000     0.000000
      44    385.1273     0.026608     0.000001     0.000000     0.000000
      45    397.3446     0.022091     0.000001     0.000000     0.000000
      46    410.3002     0.018306     0.000001     0.000000     0.000000
      47    414.1467     0.028352     0.000001     0.000000     0.000000
      48    434.9620     0.014202     0.000001     0.000000     0.000000
      49    445.3626     0.014721     0.000001     0.000000     0.000000
      50    466.4689     0.008796     0.000001     0.000000     0.000000
      51    488.4944     0.005053     0.000001     0.000000     0.000000


   Thermodynamic properties of base-state sounding:

     for surface parcel:
        source p(mb),T(K),qv(g/kg) =      960.0     301.4      19.1
        LCL,LFC,EL (m AGL)         =      647.6     650.9     844.1
        CAPE,CIN (J/kg)            =     4784.3       6.6

     for most-unstable parcel:
        source p(mb),T(K),qv(g/kg) =      960.0     301.4      19.1
        LCL,LFC,EL (m AGL)         =      647.6     650.9     844.1
        CAPE,CIN (J/kg)            =     4784.3       6.6

     for mixed-layer parcel:
        source p(mb),T(K),qv(g/kg) =      960.0     301.7      18.0
        LCL,LFC,EL (m AGL)         =      793.2    1463.4   13694.8
        CAPE,CIN (J/kg)            =     4180.8      18.9



       k     u0 (m/s)     v0 (m/s)
    ---------------------------------------------------------------------
       1      -2.5174       9.6434
       2      -2.9862      16.4830
       3      -1.9718      16.7670
       4       0.2522      17.9753
       5       3.8128      17.5696
       6       7.4754      16.2323
       7      10.7778      14.4155
       8      12.6495      13.0359
       9      14.5537      11.8894
      10      16.3891      11.8196
      11      17.6927      12.3885
      12      18.8931      13.2291
      13      19.8673      13.9112
      14      20.7938      14.5599
      15      22.7768      15.2679
      16      25.6665      15.5902
      17      28.3810      16.3857
      18      30.2502      18.4530
      19      30.1759      21.1293
      20      31.2067      21.8511
      21      31.5619      22.0998
      22      29.6948      20.7925
      23      27.9155      19.5465
      24      26.1251      18.2929
      25      26.8393      18.7930
      26      28.0854      19.6656
      27      29.3467      20.5487
      28      30.6533      21.4636
      29      31.2584      21.8873
      30      32.9022      23.0383
      31      34.6050      24.2306
      32      36.0043      25.2104
      33      36.3851      23.2562
      34      44.7557      20.8698
      35      43.1044      15.9097
      36      38.8593      11.2494
      37      40.5727      16.7608
      38      40.0961      10.0002
      39      36.7267       7.2640
      40      31.7615       8.5947
      41      28.7107       8.0183
      42      27.6799      12.9073
      43      27.9723      13.0436
      44      27.9723      13.0436
      45      27.9723      13.0436
      46      27.9723      13.0436
      47      27.9723      13.0436
      48      27.9723      13.0436
      49      27.9723      13.0436
      50      27.9723      13.0436
      51      27.9723      13.0436


   psurf,tsurf  =    96000.0000       301.368195    
   qsurf,thsurf =    1.90599989E-02   304.899994    

 Leaving BASE
   rbufsz,nrad2d =            1          10
 Inside INIT3D

   seed_size =            8
   rand-1 =   0.620773196    

 Leaving INIT3D

   allocating diagnostic arrays:  ntdiag,nqdiag =            1           1


   strlen          =            0
   baselen         =            6
   totlen          =            6
   output_basename = cm1out
   statfile        = cm1out_stats.dat                                                      



   Settings used in this simulation:
   isfcflx  =            0
   bbc      =            1
   dosfcflx =  F

 Inside GETSET

   mass1 =    207379573283024.75     

 Leaving GETSET

   zf,grdscl:
           2   155.385071       322.806396    
           3   316.348541       549.380249    
           4   483.090637       682.472656    
           5   655.818909       760.946350    
           6   834.748169       810.955566    
           7   1020.10107       845.898438    
           8   1212.10815       872.462646    
           9   1411.00854       894.119019    
          10   1617.04944       912.767090    
          11   1830.48730       929.503540    
          12   2051.58765       944.990601    
          13   2280.62573       959.646301    
          14   2517.88623       973.744629    
          15   2763.66455       987.469299    
          16   3018.26636       1000.94989    
          17   3282.00854       1014.27673    
          18   3555.21924       1027.51782    
          19   3838.23828       1040.72192    
          20   4131.41797       1053.92712    
          21   4435.12256       1067.16235    
          22   4749.73047       1080.45081    
          23   5075.63330       1093.81213    
          24   5413.23584       1107.25879    
          25   5762.95850       1120.80518    
          26   6125.23633       1134.45959    
          27   6500.52002       1148.23352    
          28   6889.27686       1162.13232    
          29   7291.99023       1176.16211    
          30   7709.16064       1190.33142    
          31   8141.30811       1204.64282    
          32   8588.96973       1219.10242    
          33   9052.70312       1233.71436    
          34   9533.08398       1248.48120    
          35   10030.7109       1263.40857    
          36   10546.2031       1278.49988    
          37   11080.2021       1293.75659    
          38   11633.3711       1309.18262    
          39   12206.3994       1324.78333    
          40   12800.0000       1335.03540    
          41   13400.0000       1337.53870    
          42   14000.0000       1337.64990    
          43   14600.0000       1337.74768    
          44   15200.0000       1337.83411    
          45   15800.0000       1337.91089    
          46   16400.0000       1337.97949    
          47   17000.0000       1338.04102    
          48   17600.0000       1338.09619    
          49   18200.0000       1338.14612    
          50   18800.0000       1338.19128    
          51   19400.0000       1338.23242    

   initial conditions:

  WMAX  :   0.00000        1    1    1    WMIN  :   0.00000        1    1    1
  UMAX  :   44.7557        1    1   34    UMIN  :  -2.98623        1    1    2
  SUMAX :  -2.51742        1    1    1    SUMIN :  -2.51742        1    1    1
  VMAX  :   25.2104        1    1   32    VMIN  :   7.26398        1    1   39
  SVMAX :   9.64342        1    1    1    SVMIN :   9.64342        1    1    1
  PPIMAX:   0.00000        1    1    1    PPIMIN:   0.00000        1    1    1
  PPMAX :   0.00000        1    1    1    PPMIN :   0.00000        1    1    1
  THPMAX:   0.00000        1    1    1    THPMIN:   0.00000        1    1    1
  STHPMX:   0.00000        1    1    1    STHPMN:   0.00000        1    1    1
  MAXqv :  0.187040E-01    1    1    1    MINqv :  0.998735E-06    1    1   48
  MAXqc :   0.00000        1    1    1    MINqc :   0.00000        1    1    1
  MAXqr :   0.00000        1    1    1    MINqr :   0.00000        1    1    1
  MAXqi :   0.00000        1    1    1    MINqi :   0.00000        1    1    1
  MAXqs :   0.00000        1    1    1    MINqs :   0.00000        1    1    1
  MAXqg :   0.00000        1    1    1    MINqg :   0.00000        1    1    1
  MAXqhl:   0.00000        1    1    1    MINqhl:   0.00000        1    1    1
  MAXccn:  0.163265E+10    1    1    1    MINccn:  0.163265E+10    1    1    1
  MAXccw:   0.00000        1    1    1    MINccw:   0.00000        1    1    1
  MAXcrw:   0.00000        1    1    1    MINcrw:   0.00000        1    1    1
  MAXcci:   0.00000        1    1    1    MINcci:   0.00000        1    1    1
  MAXcsw:   0.00000        1    1    1    MINcsw:   0.00000        1    1    1
  MAXchw:   0.00000        1    1    1    MINchw:   0.00000        1    1    1
  MAXchl:   0.00000        1    1    1    MINchl:   0.00000        1    1    1
  MAXvhw:   0.00000        1    1    1    MINvhw:   0.00000        1    1    1
  MAXvhl:   0.00000        1    1    1    MINvhl:   0.00000        1    1    1
  TKEMAX:   0.00000        1    1    1    TKEMIN:   0.00000        1    1    1
  KMHMAX:  0.133823        1    1   51    KMHMIN:   0.00000        1    1    1
  KMVMAX:  0.133823        1    1   51    KMVMIN:   0.00000        1    1    1
  KHHMAX:  0.401470        1    1   51    KHHMIN:   0.00000        1    1    1
  KHVMAX:  0.401470        1    1   51    KHVMIN:   0.00000        1    1    1
  DIVMAX:   0.00000        1    1    1    DIVMIN:   0.00000        1    1    1
  RHMAX :  0.900729        1    1    5    RHMIN :  0.219052E-02    1    1   33
  RHIMAX:  0.732294        1    1    5    RHIMIN:  0.324651E-02    1    1   33
  THEMAX:   361.111        1    1    1    THEMIN:   318.752        1    1   16
  STHEMX:   361.111        1    1    1    STHEMN:   361.111        1    1    1
  QCTOP :      0.000000    1    1    1    QCBOT :      0.000000    1    1    1
  SFPMAX:   95166.3        1    1    1    SFPMIN:   95166.3        1    1    1
  PSFCMX:   96000.0        1    1    1    PSFCMN:   96000.0        1    1    1
  WSPMAX:   49.3824        1    1   34    WSPMIN:   9.96659        1    1    1
  SWSPMX:   9.96659        1    1    1    SWSPMN:   9.96659        1    1    1
  CFLMAX:      0.185184    1    1   34
  KSHMAX:  0.752756E-06    1    1   51
  KSVMAX:  0.553805E-04    1    1    5
  VORSFC:  0.000000E+00
  VOR1KM:  0.000000E+00
  VOR2KM:  0.000000E+00
  VOR3KM:  0.000000E+00
  VOR4KM:  0.000000E+00
  VOR5KM:  0.000000E+00
  TMASS :  0.207380E+15
  TMOIS :  0.728009E+12
  qv MAS:  0.728009E+12
  qc MAS:  0.000000E+00
  qr MAS:  0.000000E+00
  qi MAS:  0.000000E+00
  qs MAS:  0.000000E+00
  qg MAS:  0.000000E+00
  qhlMAS:  0.000000E+00
  TENERG:  0.521540E+20
  TMU   :  0.528525E+16
  TMV   :  0.346814E+16
  TMW   :  0.000000E+00
  TMFU  :  0.000000E+00
  TMFD  :  0.000000E+00
  tcond :  0.000000E+00
  tevac :  0.000000E+00
  tauto :  0.000000E+00
  taccr :  0.000000E+00
  tevar :  0.000000E+00
  train :  0.000000E+00
  erain :  0.000000E+00
  qsfc  :  0.000000E+00
  esfc  :  0.000000E+00
  erad  :  0.000000E+00
  asqv  :  0.000000E+00
  asqc  :  0.000000E+00
  asqr  :  0.000000E+00
  asqi  :  0.000000E+00
  asqs  :  0.000000E+00
  asqg  :  0.000000E+00
  asqhl :  0.000000E+00
  asccn :  0.000000E+00
  asccw :  0.000000E+00
  ascrw :  0.000000E+00
  ascci :  0.000000E+00
  ascsw :  0.000000E+00
  aschw :  0.000000E+00
  aschl :  0.000000E+00
  asvhw :  0.000000E+00
  asvhl :  0.000000E+00
  bsqv  :  0.000000E+00
  bsqc  :  0.000000E+00
  bsqr  :  0.000000E+00
  bsqi  :  0.000000E+00
  bsqs  :  0.000000E+00
  bsqg  :  0.000000E+00
  bsqhl :  0.000000E+00
  bsccn :  0.000000E+00
  bsccw :  0.000000E+00
  bscrw :  0.000000E+00
  bscci :  0.000000E+00
  bscsw :  0.000000E+00
  bschw :  0.000000E+00
  bschl :  0.000000E+00
  bsvhw :  0.000000E+00
  bsvhl :  0.000000E+00
 cm1out_stats.nc                                                       
   nrec =            1
   calling nf90_create 
   nwrite =            1
 cm1out.nc                                                             
   calling nf90_create 
     2d vars 
     s vars 
     u vars 
     v vars 
     w vars 

 Done Writing Data to File 

             0              0.000000 min 

 -------------Done with Preprocessors-----------


   Detected rstfrq = 0 
   ... writing restart file ... 

   string = cm1out_rst_000000.nc                                                  
  USING COMPRESSED netCDF4 
   leaving restart_prelim 

   ... stopping ... 

 Inside PARAM

   Everything is cool!
   ni,nj=          15          15


 dx        =   2000.00000    
 dy        =   2000.00000    
 dz        =   392.156860    
 dtl       =   7.50000000    
 timax     =   5400.00000    
 run_time  =   1200.00000    
 tapfrq    =   900.000000    
 rstfrq    =   300.000000    
 statfrq   =   60.0000000    
 prclfrq   =   60.0000000    

 adapt_dt  =           0
 irst      =           1
 rstnum    =           0
 iconly    =           0
 hadvordrs =           5
 vadvordrs =           5
 hadvordrv =           5
 vadvordrv =           5
 pdscheme  =           1
 apmasscon =           1
 advwenos  =           2
 advwenov  =           0
 idiff     =           0
 mdiff     =           0
 difforder =           6
 imoist    =           1
 iturb     =           1
 tconfig   =           1
 bcturbs   =           1
 dns       =           0
 irdamp    =           1
 hrdamp    =           0
 psolver   =           3
 nsound    =           6
 ptype     =          27
 ihail     =           1
 iautoc    =           1
 icor      =           0
 pertcor   =           0
 eqtset    =           2
 idiss     =           1
 efall     =           0
 rterm     =           0
 wbc       =           2
 ebc       =           2
 sbc       =           2
 nbc       =           2
 bbc       =           1
 tbc       =           1
 irbc      =           4
 roflux    =           0
 isnd      =           7
 iwnd      =           2
 itern     =           0
 iinit     =           0
 irandp    =           0
 ibalance  =           0
 iorigin   =           1
 axisymm   =           0
 imove     =           0
 iptra     =           0
 npt       =           1
 pdtra     =           1
 iprcl     =           0
 nparcels  =           1

 kdiff2    =   75.0000000    
 kdiff6    =   3.99999991E-02
 fcor      =   0.00000000    
 kdiv      =  0.100000001    
 alph      =  0.600000024    
 rdalpha   =   3.33333341E-03
 zd        =   15000.0000    
 xhd       =   100000.000    
 umove     =   0.00000000    
 vmove     =   0.00000000    
 v_t       =   7.00000000    
 l_h       =   100.000000    
 lhref1    =   100.000000    
 lhref2    =   1000.00000    
 l_inf     =   100.000000    
 ndcnst    =   250.000000    

 radopt    =           0
 dtrad     =   300.000000    
 ctrlat    =   35.2358284    
 ctrlon    =  -97.4619370    
 year      =        2003
 month     =           5
 day       =           8
 hour      =          20
 minute    =          40
 second    =           0

 isfcflx   =           0
 sfcmodel  =           0
 oceanmodel=           0
 ipbl      =           0
 initsfc   =           1
 tsk0      =   299.279999    
 tmn0      =   297.279999    
 xland0    =   2.00000000    
 lu0       =          16
 season    =           1
 cecd      =           3
 pertflx   =           0
 cnstce    =   1.00000005E-03
 cnstcd    =   1.00000005E-03
 isftcflx  =           0
 iz0tlnd   =           0
 oml_hml0  =   50.0000000    
 oml_gamma =  0.140000001    

 stretch_x =           0
 dx_inner  =   1000.00000    
 dx_outer  =   7000.00000    
 nos_x_len =   40000.0000    
 tot_x_len =   120000.000    

 stretch_y =           0
 dy_inner  =   1000.00000    
 dy_outer  =   7000.00000    
 nos_y_len =   40000.0000    
 tot_y_len =   120000.000    

 stretch_z =           2
 ztop      =   20000.0000    
 str_bot   =   0.00000000    
 str_top   =   8625.00000    
 dz_bot    =   150.000000    
 dz_top    =   600.000000    

 bc_temp   =           1
 ptc_top   =   250.000000    
 ptc_bot   =   300.000000    
 viscosity =   25.0000000    
 pr_num    =  0.720000029    

 var1      =   0.00000000    
 var2      =   0.00000000    
 var3      =   0.00000000    
 var4      =   0.00000000    
 var5      =   0.00000000    
 var6      =   0.00000000    
 var7      =   0.00000000    
 var8      =   0.00000000    
 var9      =   0.00000000    
 var10     =   0.00000000    

&NSSL2MOM_PARAMS
 RHO_QR=  1000.00000    ,
 CNOR=  8000000.00    ,
 RHO_QS=  100.000000    ,
 CNOS=  3000000.00    ,
 RHO_QH=  500.000000    ,
 CNOH=  40000.0000    ,
 CCN=  2.00000000E+09,
 INFALL=4          ,
 ALPHAH=  0.00000000    ,
 ALPHAHL= 0.500000000    ,
 IMURAIN=1          ,
 ICDX=3          ,
 ICDXHL=3          ,
 DFRZ=  1.50000007E-04,
 HLDNMN=  500.000000    ,
 IFERWISVENTR=2          ,
 IEHW=1          ,
 IEHLW=1          ,
 EHW0= 0.750000000    ,
 EHLW0= 0.750000000    ,
 DMRAUTO=0          ,
 IOLDLIMITER=0          ,
 /

 ZGRID:  STRETCH FAC  =    1.0359004512429237     
 ZGRID:  DOMAIN  HGT  =    20000.0000    

 ZGRID:  STRETCH FAC  =    1.0359004512429237     
 ZGRID:  DOMAIN  HGT  =    20000.0000    

 ZGRID:  STRETCH FAC  =    1.0359004512429237     
 ZGRID:  DOMAIN  HGT  =    20000.0000    

 ZGRID:  STRETCH FAC  =    1.0359004512429237     
 ZGRID:  DOMAIN  HGT  =    20000.0000    

 ZGRID:  STRETCH FAC  =    1.0359004512429237     
 ZGRID:  DOMAIN  HGT  =    20000.0000    

 ZGRID:  STRETCH FAC  =    1.0359004512429237     
 ZGRID:  DOMAIN  HGT  =    20000.0000    

 ZGRID:  STRETCH FAC  =    1.0359004512429237     

 ZGRID:  STRETCH FAC  =    1.0359004512429237     
 ZGRID:  DOMAIN  HGT  =    20000.0000    
 ZGRID:  DOMAIN  HGT  =    20000.0000    

 ZGRID:  STRETCH FAC  =    1.0359004512429237     
 ZGRID:  DOMAIN  HGT  =    20000.0000    

 ZGRID:  STRETCH FAC  =    1.0359004512429237     
 ZGRID:  DOMAIN  HGT  =    20000.0000    

 ZGRID:  STRETCH FAC  =    1.0359004512429237     
 ZGRID:  DOMAIN  HGT  =    20000.0000    

 ZGRID:  STRETCH FAC  =    1.0359004512429237     
 ZGRID:  DOMAIN  HGT  =    20000.0000    

 ZGRID:  STRETCH FAC  =    1.0359004512429237     
 ZGRID:  DOMAIN  HGT  =    20000.0000    

 ZGRID:  STRETCH FAC  =    1.0359004512429237     
 ZGRID:  DOMAIN  HGT  =    20000.0000    

 ZGRID:  STRETCH FAC  =    1.0359004512429237     
 ZGRID:  DOMAIN  HGT  =    20000.0000    

 ZGRID:  STRETCH FAC  =    1.0359004512429237     
 ZGRID:  DOMAIN  HGT  =    20000.0000    

 ZGRID:  STRETCH FAC  =    1.0359004512429237     
 ZGRID:  DOMAIN  HGT  =    20000.0000    

 ZGRID:  STRETCH FAC  =    1.0359004512429237     
 ZGRID:  DOMAIN  HGT  =    20000.0000    

 ZGRID:  STRETCH FAC  =    1.0359004512429237     
 ZGRID:  DOMAIN  HGT  =    20000.0000    

 ZGRID:  STRETCH FAC  =    1.0359004512429237     
 ZGRID:  DOMAIN  HGT  =    20000.0000    

 ZGRID:  STRETCH FAC  =    1.0359004512429237     
 ZGRID:  DOMAIN  HGT  =    20000.0000    

 ZGRID:  STRETCH FAC  =    1.0359004512429237     
 ZGRID:  DOMAIN  HGT  =    20000.0000    

 iice      =           1
 idm       =           1
 idmplus   =           1
 numq      =          16
 nqv       =           1
 nqc       =           2
 nqr       =           3
 nqi       =           4
 nqs       =           5
 nqg       =           6
 nql1      =           2
 nql2      =           3

 ZGRID:  STRETCH FAC  =    1.0359004512429237     
 ZGRID:  DOMAIN  HGT  =    20000.0000    
 nqs1      =           4
 nqs2      =           7
 nnc1      =           8
 nnc2      =          14
 nvl1      =          15
 nvl2      =          16
 nzl1      =           1
 nzl2      =           1

 nrain     =           1


 output_path      = ./                                                                    
 output_basename  = cm1out                                                                
 output_format    =           2
 output_filetype  =           1
 output_interp    =           0
 output_rain      =           1
 output_sws       =           1
 output_svs       =           1
 output_sps       =           1
 output_srs       =           1
 output_sgs       =           1
 output_sus       =           1
 output_shs       =           1
 output_coldpool  =           0
 output_sfcflx    =           0
 output_sfcparams =           0
 output_sfcdiags  =           0
 output_psfc      =           0
 output_zs        =           0
 output_zh        =           0
 output_basestate =           0
 output_th        =           1
 output_thpert    =           0
 output_prs       =           1
 output_prspert   =           0
 output_pi        =           0
 output_pipert    =           0
 output_rho       =           1
 output_rhopert   =           1
 output_tke       =           1
 output_km        =           1
 output_kh        =           1
 output_qv        =           1
 output_qvpert    =           0
 output_q         =           1
 output_dbz       =           1
 output_buoyancy  =           0
 output_u         =           1
 output_upert     =           0
 output_uinterp   =           1
 output_v         =           1
 output_vpert     =           0
 output_vinterp   =           1
 output_w         =           1
 output_winterp   =           1
 output_vort      =           0

 ZGRID:  STRETCH FAC  =    1.0359004512429237     
 ZGRID:  DOMAIN  HGT  =    20000.0000    
 output_pv        =           0
 output_uh        =           0
 output_pblten    =           0
 output_dissten   =           0
 output_dissheat  =           0
 output_mptend    =           0
 output_fallvel   =           0
 output_nm        =           0
 output_def       =           0
 output_turbten   =           0
 output_impdiften =           0
 output_radten    =           0


 restart_format       =            2
 restart_filetype     =            1
 restart_file_theta   =  T
 restart_file_dbz     =  T
 restart_file_th0     =  T
 restart_file_prs0    =  T
 restart_file_pi0     =  T
 restart_file_rho0    =  T
 restart_file_qv0     =  T
 restart_file_u0      =  T
 restart_file_v0      =  T
 restart_file_zs      =  F
 restart_file_zh      =  F
 restart_file_zf      =  F
 restart_file_diags   =  F
 restart_use_theta    =  T
 restart_reset_frqtim =  T

   maxk =           51


   myid,mynode             =            0           0
   nodemaster,nodes,ppnode =            0           1          25
   nodex,nodey             =            5           5

   d2i   =           80
   d2is  =           75
   d2iu  =           76
   d2iv  =           75

   d2j   =           80
   d2js  =           75
   d2ju  =           75
   d2jv  =           76

   d3i   =           16
   d3is  =           15
   d3iu  =           16
   d3iv  =           15

   d3j   =           16
   d3js  =           15
   d3ju  =           15
   d3jv  =           16

   d3n   =           25
   d3t   =           24


 stat_w       =            1
 stat_u       =            1
 stat_v       =            1
 stat_rmw     =            0
 stat_pipert  =            1
 stat_prspert =            1
 stat_thpert  =            1
 stat_q       =            1
 stat_tke     =            1
 stat_km      =            1
 stat_kh      =            1
 stat_div     =            1
 stat_rh      =            1
 stat_rhi     =            1
 stat_the     =            1
 stat_cloud   =            1
 stat_sfcprs  =            1
 stat_wsp     =            1
 stat_cfl     =            1
 stat_vort    =            1
 stat_tmass   =            1
 stat_tmois   =            1
 stat_qmass   =            1
 stat_tenerg  =            1
 stat_mo      =            1
 stat_tmf     =            1
 stat_pcn     =            1
 stat_qsrc    =            1

 stat_out =          150


 prcl_th      =            0
 prcl_t       =            0
 prcl_prs     =            0
 prcl_ptra    =            0
 prcl_q       =            0
 prcl_nc      =            0
 prcl_km      =            0
 prcl_kh      =            0
 prcl_tke     =            0
 prcl_dbz     =            0
 prcl_b       =            0
 prcl_vpg     =            0
 prcl_vort    =            0
 prcl_rho     =            0
 prcl_qsat    =            0
 prcl_sfc     =            0


   c_m,c_l,ri_c  =   0.100000001      0.816500008      0.250000000    
   c_e1,c_e2,sum =   0.200001687      0.786958814      0.986960530    
   c_s,rcs       =   0.178412408       5.60499144    

   nparcels =            1
   npvals   =            1
     prx      =            0
     pry      =            0
     prz      =            0
     pru      =            0
     prv      =            0
     prw      =            0
     prth     =            0
     prt      =            0
     prprs    =            0
     prpt1    =            0
     prpt2    =            0
     prqv     =            0
     prq1     =            0
     prq2     =            0
     prnc1    =            0
     prnc2    =            0
     prkm     =            0
     prkh     =            0
     prtke    =            0
     prdbz    =            0
     prb      =            0
     prvpg    =            0
     przv     =            0
     prrho    =            0
     prqsl    =            0
     prqsi    =            0
     prznt    =            0
     prust    =            0

   myi,myj=           1           1

   mywest  =           4
   myeast  =           1
   mysouth =          20
   mynorth =           5

   mysw    =          24
   mynw    =           9
   myne    =           6
   myse    =          21

   cs1we   =         765
   cs1sn   =         765
   ct1we   =         780
   ct1sn   =         780
   cv1we   =         816
   cu1sn   =         816
   cw1we   =         750
   cw1sn   =         750
   cs2we   =        1530
   cs2sn   =        1530
   cs3we   =        2295
   cs3sn   =        2295
   ct3we   =        2340
   ct3sn   =        2340
   cv3we   =        2448
   cu3sn   =        2448
   cw3we   =        2250
   cw3sn   =        2250


 g     =   9.81000042    
 to    =   273.149994    
 rd    =   287.040009    
 rv    =   461.500000    
 cp    =   1005.70001    
 cv    =   718.660034    
 cpv   =   1870.00000    
 cvv   =   1408.50000    
 p00   =   100000.000    
 rp00  =   9.99999975E-06
 th0r  =   300.000000    
 rcp   =   9.94332251E-04
 pi    =   3.14159274    

 cpdcv =   1.39941001    
 rovcp =  0.285413146    
 rddcv =  0.399410009    
 cvdrd =   2.50369287    
 cpdrd =   3.50369287    
 eps   =  0.621971846    
 reps  =   1.60778975    
 repsm1=  0.607789755    
 cpt   =  0.859401345    
 cvt   =  0.959897518    
 pnum  =  -72634.2500    
 xlv   =   2501000.00    
 xls   =   2834000.00    
 lvdcp =   2486.82495    
 condc =   13476814.0    
 cpl   =   4190.00000    
 cpi   =   2106.00000    
 lv1   =   3134708.00    
 lv2   =   2320.00000    
 ls1   =   2898463.50    
 ls2   =   236.000000    
 karman=  0.400000006    

 timeformat   =           2
 timestats    =           1
 terrain_flag = F
 procfiles    = F

 nx    =          75
 ny    =          75
 nz    =          51

 nodex    =           5
 nodey    =           5
 numprocs =          25
 ppnode   =          25

 ni    =          15
 nj    =          15
 nk    =          51
 nkp1  =          52

 ib,ibm,ibi,ibc,ibt=       -2       -2       -2       -2       -2
 ie,iem,iei,iec,iet=       18       18       18       18       18
 jb,jbm,jbi,jbc,jbt=       -2       -2       -2       -2       -2
 je,jem,jei,jec,jet=       18       18       18       18       18
 kb,kbm,kbi,kbc,kbt=        0        0        0        0        0
 ke,kem,kei,kec,ket=       52       52       52       53       53

 imirror,jmirror =            0           0

 ibp,itb,ipb,ibr,ibb=        1        1        1        1        1
 iep,ite,ipe,ier,ieb=        1        1        1        1        1
 jbp,jtb,jpb,jbr,jbb=        1        1        1        1        1
 jep,jte,jpe,jer,jeb=        1        1        1        1        1
 kbp,ktb,kpb,kbr,kbb=        1        1        1        1        1
 kep,kte,kpe,ker,keb=        1        1        1        1        1

 ibd               =        1
 ied               =        1
 jbd               =        1
 jed               =        1
 kbd               =        1
 ked               =        1

 ibl               =        1
 iel               =        1
 jbl               =        1
 jel               =        1

 imp,jmp,kmp,kmt,rmp,cmp =     15     15     51     52      8      3

 rdx    =   5.00000024E-04
 rdy    =   5.00000024E-04
 rdz    =   2.55000009E-03
 rdx2   =   2.50000012E-04
 rdy2   =   2.50000012E-04
 rdz2   =   1.27500005E-03
 rdx4   =   1.25000006E-04
 rdy4   =   1.25000006E-04
 rdz4   =   6.37500023E-04
 govtwo =   4.90500021    
 clwsat =   9.99999997E-07
 smeps  =   1.00000000E-30
 tsmall =   9.99999975E-05
 qsmall =   9.99999982E-15
 cstar  =   30.0000000    
 csmax  =   350.000000    
 epsilon=   1.00000005E-18


 x:
      i         xf           xh         dx         uf         uh
 ---------------------------------------------------------------
      -2      -6000.00      -5000.00     2000.00     1.0000     1.0000   x
      -1      -4000.00      -3000.00     2000.00     1.0000     1.0000   x
       0      -2000.00      -1000.00     2000.00     1.0000     1.0000   x
       1          0.00       1000.00     2000.00     1.0000     1.0000    
       2       2000.00       3000.00     2000.00     1.0000     1.0000    
       3       4000.00       5000.00     2000.00     1.0000     1.0000    
       4       6000.00       7000.00     2000.00     1.0000     1.0000    
       5       8000.00       9000.00     2000.00     1.0000     1.0000    
       6      10000.00      11000.00     2000.00     1.0000     1.0000    
       7      12000.00      13000.00     2000.00     1.0000     1.0000    
       8      14000.00      15000.00     2000.00     1.0000     1.0000    
       9      16000.00      17000.00     2000.00     1.0000     1.0000    
      10      18000.00      19000.00     2000.00     1.0000     1.0000    
      11      20000.00      21000.00     2000.00     1.0000     1.0000    
      12      22000.00      23000.00     2000.00     1.0000     1.0000    
      13      24000.00      25000.00     2000.00     1.0000     1.0000    
      14      26000.00      27000.00     2000.00     1.0000     1.0000    
      15      28000.00      29000.00     2000.00     1.0000     1.0000    
      16      30000.00      31000.00     2000.00     1.0000     1.0000    
      17      32000.00      33000.00     2000.00     1.0000     1.0000    
      18      34000.00      35000.00     2000.00     1.0000     1.0000    
      19      36000.00      37000.00     2000.00     1.0000     1.0000    
      20      38000.00      39000.00     2000.00     1.0000     1.0000    
      21      40000.00      41000.00     2000.00     1.0000     1.0000    
      22      42000.00      43000.00     2000.00     1.0000     1.0000    
      23      44000.00      45000.00     2000.00     1.0000     1.0000    
      24      46000.00      47000.00     2000.00     1.0000     1.0000    
      25      48000.00      49000.00     2000.00     1.0000     1.0000    
      26      50000.00      51000.00     2000.00     1.0000     1.0000    
      27      52000.00      53000.00     2000.00     1.0000     1.0000    
      28      54000.00      55000.00     2000.00     1.0000     1.0000    
      29      56000.00      57000.00     2000.00     1.0000     1.0000    
      30      58000.00      59000.00     2000.00     1.0000     1.0000    
      31      60000.00      61000.00     2000.00     1.0000     1.0000    
      32      62000.00      63000.00     2000.00     1.0000     1.0000    
      33      64000.00      65000.00     2000.00     1.0000     1.0000    
      34      66000.00      67000.00     2000.00     1.0000     1.0000    
      35      68000.00      69000.00     2000.00     1.0000     1.0000    
      36      70000.00      71000.00     2000.00     1.0000     1.0000    
      37      72000.00      73000.00     2000.00     1.0000     1.0000    
      38      74000.00      75000.00     2000.00     1.0000     1.0000    
      39      76000.00      77000.00     2000.00     1.0000     1.0000    
      40      78000.00      79000.00     2000.00     1.0000     1.0000    
      41      80000.00      81000.00     2000.00     1.0000     1.0000    
      42      82000.00      83000.00     2000.00     1.0000     1.0000    
      43      84000.00      85000.00     2000.00     1.0000     1.0000    
      44      86000.00      87000.00     2000.00     1.0000     1.0000    
      45      88000.00      89000.00     2000.00     1.0000     1.0000    
      46      90000.00      91000.00     2000.00     1.0000     1.0000    
      47      92000.00      93000.00     2000.00     1.0000     1.0000    
      48      94000.00      95000.00     2000.00     1.0000     1.0000    
      49      96000.00      97000.00     2000.00     1.0000     1.0000    
      50      98000.00      99000.00     2000.00     1.0000     1.0000    
      51     100000.00     101000.00     2000.00     1.0000     1.0000    
      52     102000.00     103000.00     2000.00     1.0000     1.0000    
      53     104000.00     105000.00     2000.00     1.0000     1.0000    
      54     106000.00     107000.00     2000.00     1.0000     1.0000    
      55     108000.00     109000.00     2000.00     1.0000     1.0000    
      56     110000.00     111000.00     2000.00     1.0000     1.0000    
      57     112000.00     113000.00     2000.00     1.0000     1.0000    
      58     114000.00     115000.00     2000.00     1.0000     1.0000    
      59     116000.00     117000.00     2000.00     1.0000     1.0000    
      60     118000.00     119000.00     2000.00     1.0000     1.0000    
      61     120000.00     121000.00     2000.00     1.0000     1.0000    
      62     122000.00     123000.00     2000.00     1.0000     1.0000    
      63     124000.00     125000.00     2000.00     1.0000     1.0000    
      64     126000.00     127000.00     2000.00     1.0000     1.0000    
      65     128000.00     129000.00     2000.00     1.0000     1.0000    
      66     130000.00     131000.00     2000.00     1.0000     1.0000    
      67     132000.00     133000.00     2000.00     1.0000     1.0000    
      68     134000.00     135000.00     2000.00     1.0000     1.0000    
      69     136000.00     137000.00     2000.00     1.0000     1.0000    
      70     138000.00     139000.00     2000.00     1.0000     1.0000    
      71     140000.00     141000.00     2000.00     1.0000     1.0000    
      72     142000.00     143000.00     2000.00     1.0000     1.0000    
      73     144000.00     145000.00     2000.00     1.0000     1.0000    
      74     146000.00     147000.00     2000.00     1.0000     1.0000    
      75     148000.00     149000.00     2000.00     1.0000     1.0000    
      76     150000.00     151000.00     2000.00     1.0000     1.0000   x
      77     152000.00     153000.00     2000.00     1.0000     1.0000   x
      78     154000.00     155000.00     2000.00     1.0000     1.0000   x
      79     156000.00                               1.0000


 y:
      j         yf           yh         dy         vf         vh
 ---------------------------------------------------------------
      -2      -6000.00      -5000.00     2000.00     1.0000     1.0000   x
      -1      -4000.00      -3000.00     2000.00     1.0000     1.0000   x
       0      -2000.00      -1000.00     2000.00     1.0000     1.0000   x
       1          0.00       1000.00     2000.00     1.0000     1.0000    
       2       2000.00       3000.00     2000.00     1.0000     1.0000    
       3       4000.00       5000.00     2000.00     1.0000     1.0000    
       4       6000.00       7000.00     2000.00     1.0000     1.0000    
       5       8000.00       9000.00     2000.00     1.0000     1.0000    
       6      10000.00      11000.00     2000.00     1.0000     1.0000    
       7      12000.00      13000.00     2000.00     1.0000     1.0000    
       8      14000.00      15000.00     2000.00     1.0000     1.0000    
       9      16000.00      17000.00     2000.00     1.0000     1.0000    
      10      18000.00      19000.00     2000.00     1.0000     1.0000    
      11      20000.00      21000.00     2000.00     1.0000     1.0000    
      12      22000.00      23000.00     2000.00     1.0000     1.0000    
      13      24000.00      25000.00     2000.00     1.0000     1.0000    
      14      26000.00      27000.00     2000.00     1.0000     1.0000    
      15      28000.00      29000.00     2000.00     1.0000     1.0000    
      16      30000.00      31000.00     2000.00     1.0000     1.0000    
      17      32000.00      33000.00     2000.00     1.0000     1.0000    
      18      34000.00      35000.00     2000.00     1.0000     1.0000    
      19      36000.00      37000.00     2000.00     1.0000     1.0000    
      20      38000.00      39000.00     2000.00     1.0000     1.0000    
      21      40000.00      41000.00     2000.00     1.0000     1.0000    
      22      42000.00      43000.00     2000.00     1.0000     1.0000    
      23      44000.00      45000.00     2000.00     1.0000     1.0000    
      24      46000.00      47000.00     2000.00     1.0000     1.0000    
      25      48000.00      49000.00     2000.00     1.0000     1.0000    
      26      50000.00      51000.00     2000.00     1.0000     1.0000    
      27      52000.00      53000.00     2000.00     1.0000     1.0000    
      28      54000.00      55000.00     2000.00     1.0000     1.0000    
      29      56000.00      57000.00     2000.00     1.0000     1.0000    
      30      58000.00      59000.00     2000.00     1.0000     1.0000    
      31      60000.00      61000.00     2000.00     1.0000     1.0000    
      32      62000.00      63000.00     2000.00     1.0000     1.0000    
      33      64000.00      65000.00     2000.00     1.0000     1.0000    
      34      66000.00      67000.00     2000.00     1.0000     1.0000    
      35      68000.00      69000.00     2000.00     1.0000     1.0000    
      36      70000.00      71000.00     2000.00     1.0000     1.0000    
      37      72000.00      73000.00     2000.00     1.0000     1.0000    
      38      74000.00      75000.00     2000.00     1.0000     1.0000    
      39      76000.00      77000.00     2000.00     1.0000     1.0000    
      40      78000.00      79000.00     2000.00     1.0000     1.0000    
      41      80000.00      81000.00     2000.00     1.0000     1.0000    
      42      82000.00      83000.00     2000.00     1.0000     1.0000    
      43      84000.00      85000.00     2000.00     1.0000     1.0000    
      44      86000.00      87000.00     2000.00     1.0000     1.0000    
      45      88000.00      89000.00     2000.00     1.0000     1.0000    
      46      90000.00      91000.00     2000.00     1.0000     1.0000    
      47      92000.00      93000.00     2000.00     1.0000     1.0000    
      48      94000.00      95000.00     2000.00     1.0000     1.0000    
      49      96000.00      97000.00     2000.00     1.0000     1.0000    
      50      98000.00      99000.00     2000.00     1.0000     1.0000    
      51     100000.00     101000.00     2000.00     1.0000     1.0000    
      52     102000.00     103000.00     2000.00     1.0000     1.0000    
      53     104000.00     105000.00     2000.00     1.0000     1.0000    
      54     106000.00     107000.00     2000.00     1.0000     1.0000    
      55     108000.00     109000.00     2000.00     1.0000     1.0000    
      56     110000.00     111000.00     2000.00     1.0000     1.0000    
      57     112000.00     113000.00     2000.00     1.0000     1.0000    
      58     114000.00     115000.00     2000.00     1.0000     1.0000    
      59     116000.00     117000.00     2000.00     1.0000     1.0000    
      60     118000.00     119000.00     2000.00     1.0000     1.0000    
      61     120000.00     121000.00     2000.00     1.0000     1.0000    
      62     122000.00     123000.00     2000.00     1.0000     1.0000    
      63     124000.00     125000.00     2000.00     1.0000     1.0000    
      64     126000.00     127000.00     2000.00     1.0000     1.0000    
      65     128000.00     129000.00     2000.00     1.0000     1.0000    
      66     130000.00     131000.00     2000.00     1.0000     1.0000    
      67     132000.00     133000.00     2000.00     1.0000     1.0000    
      68     134000.00     135000.00     2000.00     1.0000     1.0000    
      69     136000.00     137000.00     2000.00     1.0000     1.0000    
      70     138000.00     139000.00     2000.00     1.0000     1.0000    
      71     140000.00     141000.00     2000.00     1.0000     1.0000    
      72     142000.00     143000.00     2000.00     1.0000     1.0000    
      73     144000.00     145000.00     2000.00     1.0000     1.0000    
      74     146000.00     147000.00     2000.00     1.0000     1.0000    
      75     148000.00     149000.00     2000.00     1.0000     1.0000    
      76     150000.00     151000.00     2000.00     1.0000     1.0000   x
      77     152000.00     153000.00     2000.00     1.0000     1.0000   x
      78     154000.00     155000.00     2000.00     1.0000     1.0000   x
      79     156000.00                               1.0000


 ZGRID:  STRETCH FAC  =    1.0359004512429237     
 ZGRID:  DOMAIN  HGT  =    20000.0000    
 k,gzc,gze =            1   77.692535400390625        0.0000000000000000     
 k,gzc,gze =            2   235.86680603027344        155.38507080078125     
 k,gzc,gze =            3   399.71958923339844        316.34854125976562     
 k,gzc,gze =            4   569.45477294921875        483.09063720703125     
 k,gzc,gze =            5   745.28353881835938        655.81890869140625     
 k,gzc,gze =            6   927.42462158203125        834.74816894531250     
 k,gzc,gze =            7   1116.1046142578125        1020.1010742187500     
 k,gzc,gze =            8   1311.5583496093750        1212.1081542968750     
 k,gzc,gze =            9   1514.0289916992188        1411.0085449218750     
 k,gzc,gze =           10   1723.7683715820312        1617.0494384765625     
 k,gzc,gze =           11   1941.0374755859375        1830.4873046875000     
 k,gzc,gze =           12   2166.1066894531250        2051.5876464843750     
 k,gzc,gze =           13   2399.2559814453125        2280.6257324218750     
 k,gzc,gze =           14   2640.7753906250000        2517.8862304687500     
 k,gzc,gze =           15   2890.9654541015625        2763.6645507812500     
 k,gzc,gze =           16   3150.1374511718750        3018.2663574218750     
 k,gzc,gze =           17   3418.6138916015625        3282.0085449218750     
 k,gzc,gze =           18   3696.7287597656250        3555.2192382812500     
 k,gzc,gze =           19   3984.8281250000000        3838.2382812500000     
 k,gzc,gze =           20   4283.2702636718750        4131.4179687500000     
 k,gzc,gze =           21   4592.4265136718750        4435.1225585937500     
 k,gzc,gze =           22   4912.6818847656250        4749.7304687500000     
 k,gzc,gze =           23   5244.4345703125000        5075.6333007812500     
 k,gzc,gze =           24   5588.0971679687500        5413.2358398437500     
 k,gzc,gze =           25   5944.0974121093750        5762.9584960937500     
 k,gzc,gze =           26   6312.8781738281250        6125.2363281250000     
 k,gzc,gze =           27   6694.8984375000000        6500.5200195312500     
 k,gzc,gze =           28   7090.6335449218750        6889.2768554687500     
 k,gzc,gze =           29   7500.5754394531250        7291.9902343750000     
 k,gzc,gze =           30   7925.2343750000000        7709.1606445312500     
 k,gzc,gze =           31   8365.1389160156250        8141.3081054687500     
 k,gzc,gze =           32   8820.8364257812500        8588.9697265625000     
 k,gzc,gze =           33   9292.8935546875000        9052.7031250000000     
 k,gzc,gze =           34   9781.8974609375000        9533.0839843750000     
 k,gzc,gze =           35   10288.457031250000        10030.710937500000     
 k,gzc,gze =           36   10813.202636718750        10546.203125000000     
 k,gzc,gze =           37   11356.786621093750        11080.202148437500     
 k,gzc,gze =           38   11919.885253906250        11633.371093750000     
 k,gzc,gze =           39   12503.199707031250        12206.399414062500     
 k,gzc,gze =           40   13100.000000000000        12800.000000000000     
 k,gzc,gze =           41   13700.000000000000        13400.000000000000     
 k,gzc,gze =           42   14300.000000000000        14000.000000000000     
 k,gzc,gze =           43   14900.000000000000        14600.000000000000     
 k,gzc,gze =           44   15500.000000000000        15200.000000000000     
 k,gzc,gze =           45   16100.000000000000        15800.000000000000     
 k,gzc,gze =           46   16700.000000000000        16400.000000000000     
 k,gzc,gze =           47   17300.000000000000        17000.000000000000     
 k,gzc,gze =           48   17900.000000000000        17600.000000000000     
 k,gzc,gze =           49   18500.000000000000        18200.000000000000     
 k,gzc,gze =           50   19100.000000000000        18800.000000000000     
 k,gzc,gze =           51   19700.000000000000        19400.000000000000     
 k,gzc,gze =           52   20300.000000000000        20000.000000000000     

 model heights:
     k       zf         zh         dz         mf         mh
 ---------------------------------------------------------------
      1       0.00      77.69     155.39     2.5238     2.5238
      2     155.39     235.87     160.96     2.4793     2.4363
      3     316.35     399.72     166.74     2.3933     2.3519
      4     483.09     569.45     172.73     2.3104     2.2704
      5     655.82     745.28     178.93     2.2303     2.1917
      6     834.75     927.42     185.35     2.1530     2.1157
      7    1020.10    1116.10     192.01     2.0784     2.0424
      8    1212.11    1311.56     198.90     2.0064     1.9716
      9    1411.01    1514.03     206.04     1.9369     1.9033
     10    1617.05    1723.77     213.44     1.8697     1.8373
     11    1830.49    1941.04     221.10     1.8049     1.7737
     12    2051.59    2166.11     229.04     1.7424     1.7122
     13    2280.63    2399.26     237.26     1.6820     1.6529
     14    2517.89    2640.78     245.78     1.6237     1.5956
     15    2763.66    2890.97     254.60     1.5674     1.5403
     16    3018.27    3150.14     263.74     1.5131     1.4869
     17    3282.01    3418.61     273.21     1.4607     1.4354
     18    3555.22    3696.73     283.02     1.4101     1.3856
     19    3838.24    3984.83     293.18     1.3612     1.3376
     20    4131.42    4283.27     303.70     1.3140     1.2912
     21    4435.12    4592.43     314.61     1.2685     1.2465
     22    4749.73    4912.68     325.90     1.2245     1.2033
     23    5075.63    5244.43     337.60     1.1821     1.1616
     24    5413.24    5588.10     349.72     1.1411     1.1213
     25    5762.96    5944.10     362.28     1.1016     1.0825
     26    6125.24    6312.88     375.28     1.0634     1.0450
     27    6500.52    6694.90     388.76     1.0265     1.0087
     28    6889.28    7090.63     402.71     0.9910     0.9738
     29    7291.99    7500.58     417.17     0.9566     0.9400
     30    7709.16    7925.23     432.15     0.9235     0.9075
     31    8141.31    8365.14     447.66     0.8915     0.8760
     32    8588.97    8820.84     463.73     0.8606     0.8457
     33    9052.70    9292.89     480.38     0.8307     0.8163
     34    9533.08    9781.90     497.63     0.8020     0.7881
     35   10030.71   10288.46     515.49     0.7742     0.7607
     36   10546.20   10813.20     534.00     0.7473     0.7344
     37   11080.20   11356.79     553.17     0.7214     0.7089
     38   11633.37   11919.88     573.03     0.6964     0.6844
     39   12206.40   12503.20     593.60     0.6723     0.6606
     40   12800.00   13100.00     600.00     0.6571     0.6536
     41   13400.00   13700.00     600.00     0.6536     0.6536
     42   14000.00   14300.00     600.00     0.6536     0.6536
     43   14600.00   14900.00     600.00     0.6536     0.6536
     44   15200.00   15500.00     600.00     0.6536     0.6536
     45   15800.00   16100.00     600.00     0.6536     0.6536
     46   16400.00   16700.00     600.00     0.6536     0.6536
     47   17000.00   17300.00     600.00     0.6536     0.6536
     48   17600.00   17900.00     600.00     0.6536     0.6536
     49   18200.00   18500.00     600.00     0.6536     0.6536
     50   18800.00   19100.00     600.00     0.6536     0.6536
     51   19400.00   19700.00     600.00     0.6536     0.6536
     52   20000.00                           0.6536

   patchsww = F
   patchnww = T
   patchsee = F
   patchnee = F
   patchsws = F
   patchses = T
   patchnwn = F
   patchnen = F

   p2tchsww = T
   p2tchnww = F
   p2tchsee = F
   p2tchnee = F
   p2tchsws = T
   p2tchses = F
   p2tchnwn = F
   p2tchnen = F

   minx =    0.00000000    
   maxx =    150000.000    
   miny =    0.00000000    
   maxy =    150000.000    
   maxz =    20000.0000    

   ibw =           1
   ibe =           0
   ibs =           1
   ibn =           0

   min_dx =    2000.00000    
   max_dx =    2000.00000    
   min_dy =    2000.00000    
   max_dy =    2000.00000    
   min_dz =    155.385071    
   max_dz =    600.000000    


   k,c1,c2,zhm1,zf,zh:
      1    0.5000    0.5000     -77.69       0.00      77.69
      2    0.5088    0.4912      77.69     155.39     235.87
      3    0.5088    0.4912     235.87     316.35     399.72
      4    0.5088    0.4912     399.72     483.09     569.45
      5    0.5088    0.4912     569.45     655.82     745.28
      6    0.5088    0.4912     745.28     834.75     927.42
      7    0.5088    0.4912     927.42    1020.10    1116.10
      8    0.5088    0.4912    1116.10    1212.11    1311.56
      9    0.5088    0.4912    1311.56    1411.01    1514.03
     10    0.5088    0.4912    1514.03    1617.05    1723.77
     11    0.5088    0.4912    1723.77    1830.49    1941.04
     12    0.5088    0.4912    1941.04    2051.59    2166.11
     13    0.5088    0.4912    2166.11    2280.63    2399.26
     14    0.5088    0.4912    2399.26    2517.89    2640.78
     15    0.5088    0.4912    2640.78    2763.66    2890.97
     16    0.5088    0.4912    2890.97    3018.27    3150.14
     17    0.5088    0.4912    3150.14    3282.01    3418.61
     18    0.5088    0.4912    3418.61    3555.22    3696.73
     19    0.5088    0.4912    3696.73    3838.24    3984.83
     20    0.5088    0.4912    3984.83    4131.42    4283.27
     21    0.5088    0.4912    4283.27    4435.12    4592.43
     22    0.5088    0.4912    4592.43    4749.73    4912.68
     23    0.5088    0.4912    4912.68    5075.63    5244.43
     24    0.5088    0.4912    5244.43    5413.24    5588.10
     25    0.5088    0.4912    5588.10    5762.96    5944.10
     26    0.5088    0.4912    5944.10    6125.24    6312.88
     27    0.5088    0.4912    6312.88    6500.52    6694.90
     28    0.5088    0.4912    6694.90    6889.28    7090.63
     29    0.5088    0.4912    7090.63    7291.99    7500.58
     30    0.5088    0.4912    7500.58    7709.16    7925.23
     31    0.5088    0.4912    7925.23    8141.31    8365.14
     32    0.5088    0.4912    8365.14    8588.97    8820.84
     33    0.5088    0.4912    8820.84    9052.70    9292.89
     34    0.5088    0.4912    9292.89    9533.08    9781.90
     35    0.5088    0.4912    9781.90   10030.71   10288.46
     36    0.5088    0.4912   10288.46   10546.20   10813.20
     37    0.5088    0.4912   10813.20   11080.20   11356.79
     38    0.5088    0.4912   11356.79   11633.37   11919.88
     39    0.5088    0.4912   11919.88   12206.40   12503.20
     40    0.5027    0.4973   12503.20   12800.00   13100.00
     41    0.5000    0.5000   13100.00   13400.00   13700.00
     42    0.5000    0.5000   13700.00   14000.00   14300.00
     43    0.5000    0.5000   14300.00   14600.00   14900.00
     44    0.5000    0.5000   14900.00   15200.00   15500.00
     45    0.5000    0.5000   15500.00   15800.00   16100.00
     46    0.5000    0.5000   16100.00   16400.00   16700.00
     47    0.5000    0.5000   16700.00   17000.00   17300.00
     48    0.5000    0.5000   17300.00   17600.00   17900.00
     49    0.5000    0.5000   17900.00   18200.00   18500.00
     50    0.5000    0.5000   18500.00   18800.00   19100.00
     51    0.5000    0.5000   19100.00   19400.00   19700.00
     52    0.5000    0.5000   19700.00   20000.00   20300.00


   ------ tauf, tauh -----
           1   0.00000000       0.00000000    
           2   0.00000000       0.00000000    
           3   0.00000000       0.00000000    
           4   0.00000000       0.00000000    
           5   0.00000000       0.00000000    
           6   0.00000000       0.00000000    
           7   0.00000000       0.00000000    
           8   0.00000000       0.00000000    
           9   0.00000000       0.00000000    
          10   0.00000000       0.00000000    
          11   0.00000000       0.00000000    
          12   0.00000000       0.00000000    
          13   0.00000000       0.00000000    
          14   0.00000000       0.00000000    
          15   0.00000000       0.00000000    
          16   0.00000000       0.00000000    
          17   0.00000000       0.00000000    
          18   0.00000000       0.00000000    
          19   0.00000000       0.00000000    
          20   0.00000000       0.00000000    
          21   0.00000000       0.00000000    
          22   0.00000000       0.00000000    
          23   0.00000000       0.00000000    
          24   0.00000000       0.00000000    
          25   0.00000000       0.00000000    
          26   0.00000000       0.00000000    
          27   0.00000000       0.00000000    
          28   0.00000000       0.00000000    
          29   0.00000000       0.00000000    
          30   0.00000000       0.00000000    
          31   0.00000000       0.00000000    
          32   0.00000000       0.00000000    
          33   0.00000000       0.00000000    
          34   0.00000000       0.00000000    
          35   0.00000000       0.00000000    
          36   0.00000000       0.00000000    
          37   0.00000000       0.00000000    
          38   0.00000000       0.00000000    
          39   0.00000000       0.00000000    
          40   0.00000000       0.00000000    
          41   0.00000000       0.00000000    
          42   0.00000000       0.00000000    
          43   0.00000000       0.00000000    
          44   3.94263864E-03   2.44717300E-02
          45   6.18466735E-02  0.114743382    
          46  0.181288034      0.259123147    
          47  0.345491529      0.437333375    
          48  0.531395316      0.624345005    
          49  0.712889671      0.793892622    
          50  0.864484310      0.922163963    
          51  0.964888215      0.991143644    
          52   1.00000000    


   vialpha,vibeta =   0.500000000      0.500000000    


   x0,alpha,delta,sum,predict,maxz:
   0.00000000    
  0.500000000       1.51795030       2.57244539       3.66479731    
   1.85094726      -1.19824338      0.347296089       0.00000000    
   1.00000000       1.52587891E-05   20000.0000    


   cgs1,cgs2,cgs3 =    1.85094726      -1.19824338      0.347296089    
   sum            =    1.00000000    

   dgs1,dgs2,dgs3 =   -1.93890107       2.86228609     -0.923384964    
   sum            =    5.96046448E-08


   x0,alpha,delta,sum,predict,maxz:
   33.3333321    
   32.8333321       31.8333340       30.8333340       29.8333340    
   1.87500155      -1.25000143      0.374999881       0.00000000    
   1.00000000       20000.0020       20000.0000    


   cgt1,cgt2,cgt3 =    1.87500155      -1.25000143      0.374999881    
   sum            =    1.00000000    

   dgt1,dgt2,dgt3 =    2.00000381      -3.00000381       1.00000000    
   sum            =    0.00000000    

 Leaving PARAM
 Inside BASE

  Reading sounding from external file, input_sounding

  p_sfc, th_sfc, qv_sfc =    960.000000       304.899994       19.0599995    
   Found           68   levels (including surface)


     k,z,th,qv:
           1   0.00000000       304.899994       19.0599995    
           2   0.00000000       304.899994       19.0599995    
           3   253.000000       305.200012       17.9099998    
           4   329.000000       305.299988       17.5799999    
           5   557.000000       305.500000       17.2199993    
           6   757.000000       305.600006       16.9099998    
           7   862.000000       306.799988       15.3999996    
           8   1069.00000       309.200012       12.7700005    
           9   1472.00000       310.700012       8.30000019    
          10   1777.00000       311.799988       5.88999987    
          11   1942.00000       312.399994       4.86000013    
          12   2081.00000       312.399994       5.42000008    
          13   2386.00000       312.399994       6.84999990    
          14   2475.00000       312.399994       7.32000017    
          15   2721.00000       312.899994       4.53999996    
          16   2876.00000       313.000000       3.85999990    
          17   3070.00000       314.399994       1.21000004    
          18   3301.00000       315.799988       1.08000004    
          19   3605.00000       317.600006      0.920000017    
          20   3807.00000       318.700012      0.819999993    
          21   3910.00000       318.899994      0.829999983    
          22   4520.00000       319.500000      0.829999983    
          23   4718.00000       319.700012      0.839999974    
          24   5026.00000       323.500000      0.230000004    
          25   5423.00000       324.600006      0.189999998    
          26   5434.00000       324.600006      0.189999998    
          27   5739.00000       325.700012      0.209999993    
          28   6102.00000       327.100006      0.219999999    
          29   7123.00000       328.299988      0.119999997    
          30   7263.00000       328.500000      0.119999997    
          31   8787.00000       331.100006      0.170000002    
          32   9092.00000       331.399994      0.180000007    
          33   9160.00000       331.500000      0.189999998    
          34   9183.00000       331.600006       1.00000005E-03
          35   9701.00000       334.700012       1.00000005E-03
          36   9844.00000       335.500000       1.00000005E-03
          37   10311.0000       338.299988       1.00000005E-03
          38   10413.0000       338.899994       1.00000005E-03
          39   10921.0000       340.600006       1.00000005E-03
          40   11530.0000       342.500000       1.00000005E-03
          41   11863.0000       343.399994       1.00000005E-03
          42   12140.0000       347.799988       1.00000005E-03
          43   12290.0000       350.100006       1.00000005E-03
          44   13664.0000       359.100006       1.00000005E-03
          45   13663.0000       359.100006       1.00000005E-03
          46   14273.0000       362.500000       1.00000005E-03
          47   14391.0000       363.100006       1.00000005E-03
          48   14811.0000       371.299988       1.00000005E-03
          49   14883.0000       372.700012       1.00000005E-03
          50   15797.0000       391.100006       1.00000005E-03
          51   16103.0000       397.399994       1.00000005E-03
          52   16481.0000       399.899994       1.00000005E-03
          53   16637.0000       410.000000       1.00000005E-03
          54   17281.0000       413.000000       1.00000005E-03
          55   17321.0000       415.399994       1.00000005E-03
          56   17527.0000       427.799988       1.00000005E-03
          57   18236.0000       441.399994       1.00000005E-03
          58   18253.0000       441.799988       1.00000005E-03
          59   18517.0000       445.600006       1.00000005E-03
          60   18845.0000       457.100006       1.00000005E-03
          61   19981.0000       498.799988       1.00000005E-03
          62   20323.0000       504.700012       1.00000005E-03
          63   22954.0000       573.599976       1.00000005E-03
          64   23563.0000       595.500000       1.00000005E-03
          65   24663.0000       636.000000       1.00000005E-03
          66   26193.0000       679.000000       1.00000005E-03
          67   26846.0000       706.799988       1.00000005E-03
          68   27739.0000       734.200012       1.00000005E-03

     k,u,v:
           1  -1.68008852      -2.17436504    
           2  -2.28714967       6.28391504    
           3  -3.03701520       17.2238979    
           4  -2.85836720       16.2107277    
           5   0.00000000       18.0039997    
           6   4.05004406       17.5425529    
           7   6.15775585       16.9182167    
           8   10.3266935       14.7479963    
           9   14.1859379       11.9033737    
          10   16.8548927       11.8018789    
          11   17.6976376       12.3919735    
          12   18.5403824       12.9820671    
          13   19.8044987       13.8672075    
          14   20.2258720       14.1622553    
          15   21.0686169       14.7523489    
          16   22.6022434       15.2453480    
          17   24.8654766       15.5376129    
          18   27.1745205       15.6891508    
          19   30.2929077       17.4895458    
          20   30.1988850       19.6113091    
          21   29.9174347       20.9483356    
          22   32.0242958       22.4235706    
          23   30.7601795       21.5384293    
          24   29.0746899       20.3582420    
          25   26.9678288       18.8830070    
          26   26.1250839       18.2929134    
          27   26.1250839       18.2929134    
          28   27.3892021       19.1780529    
          29   30.7601795       21.5384293    
          30   30.3388081       21.2433815    
          31   36.2380219       25.3740406    
          32   34.1311569       23.8988056    
          33   34.1311569       23.8988056    
          34   34.1311569       23.8988056    
          35   44.7556915       20.8698215    
          36   44.7556915       20.8698215    
          37   43.0206604       15.6581488    
          38   41.0871468       14.9544115    
          39   38.2591820       10.2514391    
          40   41.4922562       19.3480644    
          41   40.2466736       10.7839813    
          42   39.5136528       6.96724367    
          43   38.5004807       6.78859663    
          44   27.0691795       9.85231876    
          45   28.8186054       7.72186279    
          46   27.0398979       12.6088505    
          47   29.8371277       13.9132147    
          48   27.9723072       13.0436392    
          49   27.9723072       13.0436392    
          50   27.9723072       13.0436392    
          51   27.9723072       13.0436392    
          52   27.9723072       13.0436392    
          53   27.9723072       13.0436392    
          54   27.9723072       13.0436392    
          55   27.9723072       13.0436392    
          56   27.9723072       13.0436392    
          57   27.9723072       13.0436392    
          58   27.9723072       13.0436392    
          59   27.9723072       13.0436392    
          60   27.9723072       13.0436392    
          61   27.9723072       13.0436392    
          62   27.9723072       13.0436392    
          63   27.9723072       13.0436392    
          64   27.9723072       13.0436392    
          65   27.9723072       13.0436392    
          66   27.9723072       13.0436392    
          67   27.9723072       13.0436392    
          68   27.9723072       13.0436392    


 interpolating sounding to grid: 

           0.00000000       77.6925354       253.000000      0.307085127    
           0.00000000       235.866806       253.000000      0.932279885    
           329.000000       399.719604       557.000000      0.310173690    
           557.000000       569.454773       757.000000       6.22738637E-02
           557.000000       745.283569       757.000000      0.941417873    
           862.000000       927.424622       1069.00000      0.316060960    
           1069.00000       1116.10461       1472.00000      0.116884902    
           1069.00000       1311.55835       1472.00000      0.601881742    
           1472.00000       1514.02905       1777.00000      0.137800172    
           1472.00000       1723.76831       1777.00000      0.825469851    
           1777.00000       1941.03748       1942.00000      0.994166493    
           2081.00000       2166.10669       2386.00000      0.279038340    
           2386.00000       2399.25586       2475.00000      0.148942247    
           2475.00000       2640.77539       2721.00000      0.673883677    
           2876.00000       2890.96533       3070.00000       7.71408901E-02
           3070.00000       3150.13745       3301.00000      0.346915364    
           3301.00000       3418.61377       3605.00000      0.386887401    
           3605.00000       3696.72876       3807.00000      0.454102784    
           3910.00000       3984.82812       4520.00000      0.122669056    
           3910.00000       4283.27051       4520.00000      0.611918867    
           4520.00000       4592.42676       4718.00000      0.365791708    
           4718.00000       4912.68164       5026.00000      0.632083237    
           5026.00000       5244.43457       5423.00000      0.550213039    
           5434.00000       5588.09717       5739.00000      0.505236626    
           5739.00000       5944.09766       6102.00000      0.565007329    
           6102.00000       6312.87793       7123.00000      0.206540585    
           6102.00000       6694.89844       7123.00000      0.580703676    
           6102.00000       7090.63379       7123.00000      0.968299508    
           7263.00000       7500.57520       8787.00000      0.155889243    
           7263.00000       7925.23438       8787.00000      0.434536994    
           7263.00000       8365.13867       8787.00000      0.723188102    
           8787.00000       8820.83594       9092.00000      0.110937499    
           9183.00000       9292.89355       9701.00000      0.212149724    
           9701.00000       9781.89746       9844.00000      0.565716505    
           9844.00000       10288.4570       10311.0000      0.951728106    
           10413.0000       10813.2031       10921.0000      0.787801445    
           10921.0000       11356.7871       11530.0000      0.715578198    
           11863.0000       11919.8848       12140.0000      0.205360159    
           12290.0000       12503.1992       13664.0000      0.155166820    
           12290.0000       13100.0000       13664.0000      0.589519680    
           13663.0000       13700.0000       14273.0000       6.06557392E-02
           14273.0000       14300.0000       14391.0000      0.228813559    
           14883.0000       14900.0000       15797.0000       1.85995623E-02
           14883.0000       15500.0000       15797.0000      0.675054729    
           15797.0000       16100.0000       16103.0000      0.990196049    
           16637.0000       16700.0000       17281.0000       9.78260860E-02
           17281.0000       17300.0000       17321.0000      0.474999994    
           17527.0000       17900.0000       18236.0000      0.526093066    
           18253.0000       18500.0000       18517.0000      0.935606062    
           18845.0000       19100.0000       19981.0000      0.224471837    
           18845.0000       19700.0000       19981.0000      0.752640843    


       k    prs0 (Pa)        pi0        rho0 (kg/m^3)
    ---------------------------------------------------------------------
       1     95166.33     0.9859590     1.0703498
       2     93485.29     0.9809565     1.0573388
       3     91766.82     0.9757757     1.0436164
       4     90011.12     0.9704106     1.0292686
       5     88218.23     0.9648541     1.0147177
       6     86392.74     0.9591130     0.9969282
       7     84539.13     0.9531941     0.9795130
       8     82654.29     0.9470795     0.9649808
       9     80735.77     0.9407526     0.9496903
      10     78784.72     0.9342071     0.9334296
      11     76802.45     0.9274372     0.9163421
      12     74789.16     0.9204324     0.8976445
      13     72744.92     0.9131806     0.8785866
      14     70670.52     0.9056714     0.8617814
      15     68566.91     0.8978937     0.8447158
      16     66439.88     0.8898542     0.8245230
      17     64296.38     0.8815641     0.8015164
      18     62139.18     0.8730192     0.7784428
      19     59967.84     0.8642015     0.7568735
      20     57780.22     0.8550838     0.7363547
      21     55576.87     0.8456476     0.7154992
      22     53367.82     0.8359147     0.6900161
      23     51161.31     0.8259013     0.6656416
      24     48955.23     0.8155763     0.6429248
      25     46750.48     0.8049198     0.6195389
      26     44549.63     0.7939177     0.5970089
      27     42353.16     0.7825432     0.5750714
      28     40163.54     0.7707765     0.5529107
      29     37985.48     0.7586079     0.5302529
      30     35824.05     0.7460288     0.5073733
      31     33683.91     0.7330273     0.4844181
      32     31569.63     0.7195897     0.4614443
      33     29486.92     0.7057083     0.4381128
      34     27446.87     0.6914145     0.4126375
      35     25459.17     0.6767374     0.3875721
      36     23525.05     0.6616473     0.3640629
      37     21644.84     0.6461025     0.3412990
      38     19823.50     0.6300950     0.3183388
      39     18078.52     0.6137401     0.2919538
      40     16435.03     0.5972698     0.2697319
      41     14909.51     0.5808922     0.2488627
      42     13501.69     0.5646787     0.2297055
      43     12215.12     0.5487678     0.2078778
      44     11052.86     0.5333288     0.1874732
      45     10004.23     0.5183693     0.1692158
      46      9058.02     0.5038759     0.1526413
      47      8194.87     0.4896780     0.1407800
      48      7414.63     0.4758924     0.1247940
      49      6713.81     0.4625956     0.1135318
      50      6083.39     0.4497583     0.1010202
      51      5522.05     0.4375008     0.0900174


       k    th0 (K)     thv0 (K)     t0 (K)     l.r. (K/km)     N^2
    ---------------------------------------------------------------------
       1    304.9921    308.3957    300.7097       4.2116      0.0406
       2    305.1797    308.4570    299.3680       8.3355      0.1212
       3    305.3620    308.5506    297.9648       8.4152      0.1784
       4    305.5062    308.6466    296.4665       8.6748      0.1767
       5    305.5941    308.6865    294.8538       9.0131      0.0708
       6    307.5585    310.2476    294.9834      -0.6994      2.6698
       7    309.3753    311.6422    294.8947       0.4617      2.2916
       8    310.1028    311.9650    293.6920       6.0467      0.5105
       9    310.8516    312.3410    292.4344       6.1036      0.5735
      10    311.6080    312.7908    291.1064       6.2221      0.6615
      11    312.3965    313.3159    289.7281       6.2337      0.7441
      12    312.4000    313.5106    287.5431       9.5403      0.2661
      13    312.4000    313.7057    285.2776       9.5483      0.2572
      14    312.7369    313.7564    283.2369       8.3032      0.0645
      15    313.1080    313.8004    281.1377       8.2450      0.0541
      16    314.8857    315.1082    280.2023       3.5465      1.5469
      17    316.4964    316.6917    279.0119       4.3573      1.7999
      18    318.0995    318.2682    277.7070       4.6105      1.7213
      19    318.9736    319.1355    275.6575       6.9907      0.9105
      20    319.2672    319.4302    273.0002       8.7497      0.2982
      21    319.5732    319.7352    270.2462       8.7535      0.2976
      22    322.1019    322.1924    269.2498       3.0576      2.3044
      23    324.1052    324.1460    267.6789       4.6529      1.7566
      24    325.1558    325.1955    265.1893       7.1188      0.9068
      25    326.4910    326.5340    262.7991       6.5979      1.1122
      26    327.3478    327.3865    259.8872       7.7590      0.6816
      27    327.7968    327.8278    256.5152       8.6739      0.3399
      28    328.2620    328.2864    253.0166       8.6876      0.3405
      29    328.9053    328.9351    249.5101       8.4053      0.4642
      30    329.6298    329.6649    245.9133       8.3232      0.5032
      31    330.3803    330.4164    242.1778       8.3446      0.4989
      32    331.1333    331.1679    238.2801       8.4050      0.4806
      33    332.2577    332.2579    234.4770       7.9169      0.6711
      34    335.1526    335.1528    231.7294       5.5215      1.7102
      35    338.1648    338.1650    228.8488       5.5880      1.7027
      36    340.2393    340.2395    225.1184       6.9857      1.1235
      37    341.9596    341.9598    220.9409       7.5518      0.8944
      38    344.3036    344.3038    216.9440       6.9752      1.1695
      39    351.4965    351.4967    215.7275       2.0493      3.4170
      40    355.4057    355.4059    212.2731       5.7574      1.8083
      41    359.3062    359.3065    208.7182       5.9248      1.7846
      42    362.6373    362.6375    204.7735       6.5744      1.5088
      43    373.0422    373.0424    204.7136       0.1000      4.6252
      44    385.1210    385.1213    205.3961      -1.1376      5.2101
      45    397.3382    397.3385    205.9679      -0.9530      5.1061
      46    410.2935    410.2937    206.7370      -1.2818      5.2459
      47    414.1400    414.1403    202.7952       6.5696      1.5257
      48    434.9549    434.9551    206.9917      -6.9941      8.0177
      49    445.3553    445.3556    206.0194       1.6205      3.8635
      50    466.4605    466.4608    209.7945      -6.2918      7.5702
      51    488.4851    488.4855    213.7126      -6.5303      7.5432


   Richardson number:  NOTE!!!  Ri should be > 0.25 for most applications!

   k,z,Ri:           2   156.779663       6.56792847E-03 <---- NOTE!  Ri < 0.25
   k,z,Ri:           3   317.793213      0.439205140    
   k,z,Ri:           4   484.587189       8.08897913E-02 <---- NOTE!  Ri < 0.25
   k,z,Ri:           5   657.369141       1.73391774E-02 <---- NOTE!  Ri < 0.25
   k,z,Ri:           6   836.354126      0.592872560    
   k,z,Ri:           7   1021.76465      0.584386945    
   k,z,Ri:           8   1213.83154      0.367057145    
   k,z,Ri:           9   1412.79370      0.484290212    
   k,z,Ri:          10   1618.89868      0.877767026    
   k,z,Ri:          11   1832.40283       1.76677966    
   k,z,Ri:          12   2053.57202      0.638745427    
   k,z,Ri:          13   2282.68115       1.00608993    
   k,z,Ri:          14   2520.01562      0.299344897    
   k,z,Ri:          15   2765.87036       7.77312294E-02 <---- NOTE!  Ri < 0.25
   k,z,Ri:          16   3020.55127       1.25069678    
   k,z,Ri:          17   3284.37549       1.65002930    
   k,z,Ri:          18   3557.67139       1.74417806    
   k,z,Ri:          19   3840.77832       1.07290030    
   k,z,Ri:          20   4134.04932       1.70674646    
   k,z,Ri:          21   4437.84863       15.3919201    
   k,z,Ri:          22   4752.55420       4.62953997    
   k,z,Ri:          23   5078.55811       4.16976404    
   k,z,Ri:          24   5416.26562       2.28135395    
   k,z,Ri:          25   5766.09766       18.8682423    
   k,z,Ri:          26   6128.48779       4.07634592    
   k,z,Ri:          27   6503.88818       2.12920070    
   k,z,Ri:          28   6892.76611       2.13297796    
   k,z,Ri:          29   7295.60449       14.5481768    
   k,z,Ri:          30   7712.90479       2.29302764    
   k,z,Ri:          31   8145.18652       2.27365947    
   k,z,Ri:          32   8592.98730       3.48084259    
   k,z,Ri:          33   9056.86523       3.83905840    
   k,z,Ri:          34   9537.39551      0.549297452    
   k,z,Ri:          35   10035.1777       1.62694931    
   k,z,Ri:          36   10550.8301      0.792215824    
   k,z,Ri:          37   11084.9951      0.807363927    
   k,z,Ri:          38   11638.3359      0.821527362    
   k,z,Ri:          39   12211.5420       6.28008318    
   k,z,Ri:          40   12801.5996       2.45053101    
   k,z,Ri:          41   13400.0000       6.66491270    
   k,z,Ri:          42   14000.0000       2.17567515    
   k,z,Ri:          43   14600.0000       1600.02026    
   k,z,Ri:          44   15200.0000       521010880.    
   k,z,Ri:          45   15800.0000       510614496.    
   k,z,Ri:          46   16400.0000       524586304.    
   k,z,Ri:          47   17000.0000       152568752.    
   k,z,Ri:          48   17600.0000       801772096.    
   k,z,Ri:          49   18200.0000       386353664.    
   k,z,Ri:          50   18800.0000       757021440.    
   k,z,Ri:          51   19400.0000       754319168.    


       k  theta-e (K)       rh0          qv0          qc0          qi0
    ---------------------------------------------------------------------
       1    361.2180     0.746565     0.018704     0.000000     0.000000
       2    359.2769     0.765035     0.017987     0.000000     0.000000
       3    357.9687     0.795197     0.017480     0.000000     0.000000
       4    357.3099     0.842005     0.017204     0.000000     0.000000
       5    356.5935     0.898027     0.016931     0.000000     0.000000
       6    351.9169     0.751467     0.014595     0.000000     0.000000
       7    346.8395     0.617836     0.012203     0.000000     0.000000
       8    340.9742     0.532665     0.009978     0.000000     0.000000
       9    335.6923     0.448644     0.007946     0.000000     0.000000
      10    331.4999     0.376910     0.006285     0.000000     0.000000
      11    328.0279     0.310897     0.004866     0.000000     0.000000
      12    331.1370     0.422303     0.005884     0.000000     0.000000
      13    334.2994     0.561836     0.006924     0.000000     0.000000
      14    330.0004     0.487704     0.005392     0.000000     0.000000
      15    325.0440     0.369899     0.003652     0.000000     0.000000
      16    318.9708     0.121831     0.001164     0.000000     0.000000
      17    320.1140     0.111821     0.001016     0.000000     0.000000
      18    321.2564     0.101819     0.000874     0.000000     0.000000
      19    322.0104     0.108726     0.000835     0.000000     0.000000
      20    322.3262     0.127866     0.000841     0.000000     0.000000
      21    322.6159     0.149776     0.000835     0.000000     0.000000
      22    323.8599     0.085740     0.000462     0.000000     0.000000
      23    324.9351     0.041509     0.000207     0.000000     0.000000
      24    325.9660     0.046739     0.000201     0.000000     0.000000
      25    327.3644     0.058020     0.000217     0.000000     0.000000
      26    328.1400     0.062841     0.000195     0.000000     0.000000
      27    328.4380     0.063032     0.000155     0.000000     0.000000
      28    328.7739     0.063391     0.000122     0.000000     0.000000
      29    329.5230     0.099196     0.000149     0.000000     0.000000
      30    330.3536     0.152810     0.000175     0.000000     0.000000
      31    331.1224     0.208787     0.000180     0.000000     0.000000
      32    331.8469     0.273358     0.000172     0.000000     0.000000
      33    332.2629     0.002189     0.000001     0.000000     0.000000
      34    335.1579     0.002701     0.000001     0.000000     0.000000
      35    338.1702     0.003410     0.000001     0.000000     0.000000
      36    340.2447     0.004804     0.000001     0.000000     0.000000
      37    341.9651     0.007228     0.000001     0.000000     0.000000
      38    344.3091     0.010474     0.000001     0.000000     0.000000
      39    351.5024     0.011706     0.000001     0.000000     0.000000
      40    355.4118     0.016890     0.000001     0.000000     0.000000
      41    359.3120     0.022788     0.000001     0.000000     0.000000
      42    362.6431     0.035243     0.000001     0.000000     0.000000
      43    373.0482     0.032143     0.000001     0.000000     0.000000
      44    385.1273     0.026608     0.000001     0.000000     0.000000
      45    397.3446     0.022091     0.000001     0.000000     0.000000
      46    410.3002     0.018306     0.000001     0.000000     0.000000
      47    414.1467     0.028352     0.000001     0.000000     0.000000
      48    434.9620     0.014202     0.000001     0.000000     0.000000
      49    445.3626     0.014721     0.000001     0.000000     0.000000
      50    466.4689     0.008796     0.000001     0.000000     0.000000
      51    488.4944     0.005053     0.000001     0.000000     0.000000


   Thermodynamic properties of base-state sounding:

     for surface parcel:
        source p(mb),T(K),qv(g/kg) =      960.0     301.4      19.1
        LCL,LFC,EL (m AGL)         =      647.6     650.9     844.1
        CAPE,CIN (J/kg)            =     4784.3       6.6

     for most-unstable parcel:
        source p(mb),T(K),qv(g/kg) =      960.0     301.4      19.1
        LCL,LFC,EL (m AGL)         =      647.6     650.9     844.1
        CAPE,CIN (J/kg)            =     4784.3       6.6

     for mixed-layer parcel:
        source p(mb),T(K),qv(g/kg) =      960.0     301.7      18.0
        LCL,LFC,EL (m AGL)         =      793.2    1463.4   13694.8
        CAPE,CIN (J/kg)            =     4180.8      18.9



       k     u0 (m/s)     v0 (m/s)
    ---------------------------------------------------------------------
       1      -2.5174       9.6434
       2      -2.9862      16.4830
       3      -1.9718      16.7670
       4       0.2522      17.9753
       5       3.8128      17.5696
       6       7.4754      16.2323
       7      10.7778      14.4155
       8      12.6495      13.0359
       9      14.5537      11.8894
      10      16.3891      11.8196
      11      17.6927      12.3885
      12      18.8931      13.2291
      13      19.8673      13.9112
      14      20.7938      14.5599
      15      22.7768      15.2679
      16      25.6665      15.5902
      17      28.3810      16.3857
      18      30.2502      18.4530
      19      30.1759      21.1293
      20      31.2067      21.8511
      21      31.5619      22.0998
      22      29.6948      20.7925
      23      27.9155      19.5465
      24      26.1251      18.2929
      25      26.8393      18.7930
      26      28.0854      19.6656
      27      29.3467      20.5487
      28      30.6533      21.4636
      29      31.2584      21.8873
      30      32.9022      23.0383
      31      34.6050      24.2306
      32      36.0043      25.2104
      33      36.3851      23.2562
      34      44.7557      20.8698
      35      43.1044      15.9097
      36      38.8593      11.2494
      37      40.5727      16.7608
      38      40.0961      10.0002
      39      36.7267       7.2640
      40      31.7615       8.5947
      41      28.7107       8.0183
      42      27.6799      12.9073
      43      27.9723      13.0436
      44      27.9723      13.0436
      45      27.9723      13.0436
      46      27.9723      13.0436
      47      27.9723      13.0436
      48      27.9723      13.0436
      49      27.9723      13.0436
      50      27.9723      13.0436
      51      27.9723      13.0436


   psurf,tsurf  =    96000.0000       301.368195    
   qsurf,thsurf =    1.90599989E-02   304.899994    

 Leaving BASE
   rbufsz,nrad2d =            1          10
 Inside INIT3D

   seed_size =            8
   rand-1 =   0.620773196    

 Leaving INIT3D

   allocating diagnostic arrays:  ntdiag,nqdiag =            1           1


   strlen          =            0
   baselen         =            6
   totlen          =            6
   output_basename = cm1out
   statfile        = cm1out_stats.dat                                                      



   Settings used in this simulation:
   isfcflx  =            0
   bbc      =            1
   dosfcflx =  F

   string = cm1out_rst_000000.nc                                                  
   nvar_npt =            0
   nvar_parcels =            0

   From restart file: 

    mtime   =    0.0000000000000000     
    stattim =    60.000000000000000     
    taptim  =    900.00000000000000     
    rsttim  =    0.0000000000000000     
    radtim  =    0.0000000000000000     
    prcltim =    1.0000000000000000E+030

    nstep   =            0
    nrec    =            2
    prec    =            1
    nwrite  =            1
    nrst    =            0


   Using the following: 

    stattim =    60.000000000000000     
    taptim  =    900.00000000000000     
    rsttim  =    300.00000000000000     
    radtim  =    0.0000000000000000     


   Detected positive value for run_time. 
      Using the following values: 
         run_time =    1200.00000    
         timax    =    1200.00000    


   strlen          =            0
   baselen         =            6
   totlen          =            6
   output_basename = cm1out
   statfile        = cm1out_stats.dat                                                      


 Inside GETSET


 Leaving GETSET

   ... skipping sfc stuff ... 


   zf,grdscl:
           2   155.385071       322.806396    
           3   316.348541       549.380249    
           4   483.090637       682.472656    
           5   655.818909       760.946350    
           6   834.748169       810.955566    
           7   1020.10107       845.898438    
           8   1212.10815       872.462646    
           9   1411.00854       894.119019    
          10   1617.04944       912.767090    
          11   1830.48730       929.503540    
          12   2051.58765       944.990601    
          13   2280.62573       959.646301    
          14   2517.88623       973.744629    
          15   2763.66455       987.469299    
          16   3018.26636       1000.94989    
          17   3282.00854       1014.27673    
          18   3555.21924       1027.51782    
          19   3838.23828       1040.72192    
          20   4131.41797       1053.92712    
          21   4435.12256       1067.16235    
          22   4749.73047       1080.45081    
          23   5075.63330       1093.81213    
          24   5413.23584       1107.25879    
          25   5762.95850       1120.80518    
          26   6125.23633       1134.45959    
          27   6500.52002       1148.23352    
          28   6889.27686       1162.13232    
          29   7291.99023       1176.16211    
          30   7709.16064       1190.33142    
          31   8141.30811       1204.64282    
          32   8588.96973       1219.10242    
          33   9052.70312       1233.71436    
          34   9533.08398       1248.48120    
          35   10030.7109       1263.40857    
          36   10546.2031       1278.49988    
          37   11080.2021       1293.75659    
          38   11633.3711       1309.18262    
          39   12206.3994       1324.78333    
          40   12800.0000       1335.03540    
          41   13400.0000       1337.53870    
          42   14000.0000       1337.64990    
          43   14600.0000       1337.74768    
          44   15200.0000       1337.83411    
          45   15800.0000       1337.91089    
          46   16400.0000       1337.97949    
          47   17000.0000       1338.04102    
          48   17600.0000       1338.09619    
          49   18200.0000       1338.14612    
          50   18800.0000       1338.19128    
          51   19400.0000       1338.23242    
  WMAX  :  0.997258       18   20    9    WMIN  : -0.562011E-01   10   16   11
  UMAX  :   47.4857        1    1   34    UMIN  :  -2.75116        2    1    1
  SUMAX :  -2.75116        1    1    1    SUMIN :  -2.75116        2    1    1
  VMAX  :   29.0093        1    1   32    VMIN  :   5.88625        1    3   40
  SVMAX :   8.86552        1    1    1    SVMIN :   8.86552        1    1    1
  PPIMAX:   0.00000        1    1    1    PPIMIN:   0.00000        1    1    1
  PPMAX :   0.00000        1    1    1    PPMIN :   0.00000        1    1    1
  THPMAX:   2.00000       18   20    9    THPMIN:   0.00000        1    1    1
  STHPMX:  0.382751       18   20    1    STHPMN:   0.00000        1    1    1
  MAXqv :  0.243415E-01   18   20    1    MINqv :  0.998735E-06    1    1   48
  MAXqc :   0.00000        1    1    1    MINqc :   0.00000        1    1    1
  MAXqr :   0.00000        1    1    1    MINqr :   0.00000        1    1    1
  MAXqi :   0.00000        1    1    1    MINqi :   0.00000        1    1    1
  MAXqs :   0.00000        1    1    1    MINqs :   0.00000        1    1    1
  MAXqg :   0.00000        1    1    1    MINqg :   0.00000        1    1    1
  MAXqhl:   0.00000        1    1    1    MINqhl:   0.00000        1    1    1
  MAXccn:  0.163265E+10    1    1    1    MINccn:  0.163265E+10    1    1    1
  MAXccw:   0.00000        1    1    1    MINccw:   0.00000        1    1    1
  MAXcrw:   0.00000        1    1    1    MINcrw:   0.00000        1    1    1
  MAXcci:   0.00000        1    1    1    MINcci:   0.00000        1    1    1
  MAXcsw:   0.00000        1    1    1    MINcsw:   0.00000        1    1    1
  MAXchw:   0.00000        1    1    1    MINchw:   0.00000        1    1    1
  MAXchl:   0.00000        1    1    1    MINchl:   0.00000        1    1    1
  MAXvhw:   0.00000        1    1    1    MINvhw:   0.00000        1    1    1
  MAXvhl:   0.00000        1    1    1    MINvhl:   0.00000        1    1    1
  TKEMAX:   0.00000        1    1    1    TKEMIN:   0.00000        1    1    1
  KMHMAX:  0.133823        1    1   51    KMHMIN:   0.00000        1    1    1
  KMVMAX:  0.133823        1    1   51    KMVMIN:   0.00000        1    1    1
  KHHMAX:  0.401470        1    1   51    KHHMIN:   0.00000        1    1    1
  KHVMAX:  0.401470        1    1   51    KHVMIN:   0.00000        1    1    1
  DIVMAX:  0.176595E-02   10   16   11    DIVMIN: -0.212443E-02   10   16    6
  RHMAX :  0.951426       18   20    1    RHMIN :  0.219052E-02    1    1   33
  RHIMAX:  0.897766       10   20   17    RHIMIN:  0.324651E-02    1    1   33
  THEMAX:   379.344       18   20    1    THEMIN:   318.752        1    1   16
  STHEMX:   379.344       18   20    1    STHEMN:   361.111        1    1    1
  QCTOP :      0.000000    1    1    1    QCBOT :      0.000000    1    1    1
  SFPMAX:   95166.3        1    1    1    SFPMIN:   95166.3        1    1    1
  PSFCMX:   96000.0        1    1    1    PSFCMN:   96000.0        1    1    1
  WSPMAX:   50.2884        1    1   34    WSPMIN:   9.28258        1    1    1
  SWSPMX:   9.28258        1    1    1    SWSPMN:   9.28258        1    1    1
  CFLMAX:      0.188581    1    1   34
  KSHMAX:  0.752756E-06    1    1   51
  KSVMAX:  0.553805E-04    1    1    5
  VORSFC:  0.000000E+00
  VOR1KM:  0.000000E+00
  VOR2KM:  0.000000E+00
  VOR3KM:  0.000000E+00
  VOR4KM:  0.000000E+00
  VOR5KM:  0.000000E+00
  TMASS :  0.207380E+15
  TMOIS :  0.737506E+12
  qv MAS:  0.737506E+12
  qc MAS:  0.000000E+00
  qr MAS:  0.000000E+00
  qi MAS:  0.000000E+00
  qs MAS:  0.000000E+00
  qg MAS:  0.000000E+00
  qhlMAS:  0.000000E+00
  TENERG:  0.521596E+20
  TMU   :  0.526802E+16
  TMV   :  0.350827E+16
  TMW   :  0.328271E+12
  TMFU  :  0.159656E+10
  TMFD  : -0.998667E+06
  tcond :  0.000000E+00
  tevac :  0.000000E+00
  tauto :  0.000000E+00
  taccr :  0.000000E+00
  tevar :  0.000000E+00
  train :  0.000000E+00
  erain :  0.000000E+00
  qsfc  :  0.000000E+00
  esfc  :  0.000000E+00
  erad  :  0.000000E+00
  asqv  :  0.000000E+00
  asqc  :  0.000000E+00
  asqr  :  0.000000E+00
  asqi  :  0.000000E+00
  asqs  :  0.000000E+00
  asqg  :  0.000000E+00
  asqhl :  0.000000E+00
  asccn :  0.000000E+00
  asccw :  0.000000E+00
  ascrw :  0.000000E+00
  ascci :  0.000000E+00
  ascsw :  0.000000E+00
  aschw :  0.000000E+00
  aschl :  0.000000E+00
  asvhw :  0.000000E+00
  asvhl :  0.000000E+00
  bsqv  :  0.000000E+00
  bsqc  :  0.000000E+00
  bsqr  :  0.000000E+00
  bsqi  :  0.000000E+00
  bsqs  :  0.000000E+00
  bsqg  :  0.000000E+00
  bsqhl :  0.000000E+00
  bsccn :  0.000000E+00
  bsccw :  0.000000E+00
  bscrw :  0.000000E+00
  bscci :  0.000000E+00
  bscsw :  0.000000E+00
  bschw :  0.000000E+00
  bschl :  0.000000E+00
  bsvhw :  0.000000E+00
  bsvhl :  0.000000E+00
 cm1out_stats.nc                                                       
   nrec =            1
   calling nf90_create 
             0              0.000000 min 

 -------------Done with Preprocessors-----------

             1              0.125000 min 
             2              0.250000 min 
             3              0.375000 min 
             4              0.500000 min 
             5              0.625000 min 
             6              0.750000 min 
             7              0.875000 min 
  WMAX  :   3.97913       15   19   49    WMIN  :  -3.00743       14   20   40
  UMAX  :   48.0828       27   20   34    UMIN  :  -5.35248       20   20    1
  SUMAX : -0.995825        8   16    1    SUMIN :  -5.35248       20   20    1
  VMAX  :   29.6826       15   32   32    VMIN  :   5.03374       16   12   40
  SVMAX :   10.2371       18   17    1    SVMIN :   7.51467       12   24    1
  PPIMAX:  0.463118E-02   14   20   51    PPIMIN: -0.300366E-02   14   20   39
  PPMAX :   216.592       14   20   50    PPMIN :  -458.594       12   22    1
  THPMAX:   2.01462       12   21    9    THPMIN:  -1.90577       14   20   48
  STHPMX:  0.408064       11   21    1    STHPMN: -0.336191E-03   20    8    1
  MAXqv :  0.243443E-01   18   20    1    MINqv :  0.985186E-06   26   23   34
  MAXqc :  0.348232E-03   12   21   17    MINqc :   0.00000        1    1    1
  MAXqr :  0.114350E-06   17   20    6    MINqr :   0.00000        1    1    1
  MAXqi :   0.00000        1    1    1    MINqi :   0.00000        1    1    1
  MAXqs :   0.00000        1    1    1    MINqs :   0.00000        1    1    1
  MAXqg :   0.00000        1    1    1    MINqg :   0.00000        1    1    1
  MAXqhl:   0.00000        1    1    1    MINqhl:   0.00000        1    1    1
  MAXccn:  0.163589E+10   16   21   13    MINccn:  0.543881E+09   12   21   17
  MAXccw:  0.993711E+09   12   21   17    MINccw:   0.00000        1    1    1
  MAXcrw:   22.4594       17   20    6    MINcrw:   0.00000        1    1    1
  MAXcci:   0.00000        1    1    1    MINcci:   0.00000        1    1    1
  MAXcsw:   0.00000        1    1    1    MINcsw:   0.00000        1    1    1
  MAXchw:   0.00000        1    1    1    MINchw:   0.00000        1    1    1
  MAXchl:   0.00000        1    1    1    MINchl:   0.00000        1    1    1
  MAXvhw:   0.00000        1    1    1    MINvhw:   0.00000        1    1    1
  MAXvhl:   0.00000        1    1    1    MINvhl:   0.00000        1    1    1
  TKEMAX:   1.81764       10   17    2    TKEMIN:   0.00000        1    1    1
  KMHMAX:   106.108       12   21   13    KMHMIN:   0.00000        1    1    1
  KMVMAX:   106.108       12   21   13    KMVMIN:   0.00000        1    1    1
  KHHMAX:   318.324       12   21   13    KHHMIN:   0.00000        1    1    1
  KHVMAX:   318.324       12   21   13    KHVMIN:   0.00000        1    1    1
  DIVMAX:  0.544201E-03   14   19   41    DIVMIN: -0.476734E-03   14   20   30
  RHMAX :   1.00121       12   21   16    RHMIN :  0.222772E-02    2    4   33
  RHIMAX:  0.941169       19   21   17    RHIMIN:  0.330159E-02    2    4   33
  THEMAX:   379.370       18   20    1    THEMIN:   318.460       16   23   16
  STHEMX:   379.370       18   20    1    STHEMN:   360.723       14   18    1
  QCTOP :   3418.613770    1    1    1    QCBOT :     77.692535    1    1    1
  SFPMAX:   95340.9       20    8    1    SFPMIN:   94707.7       12   22    1
  PSFCMX:   96175.6       20    8    1    PSFCMN:   95535.0       12   22    1
  WSPMAX:   50.8508       27   21   34    WSPMIN:   7.88715       11   23    1
  SWSPMX:   10.5539       19   17    1    SWSPMN:   7.88715       11   23    1
  CFLMAX:      0.190751   27   21   34
  KSHMAX:  0.596857E-03   12   21   13
  KSVMAX:  0.725663E-01   11   16    5
  VORSFC:  0.137813E-03
  VOR1KM:  0.343975E-03
  VOR2KM:  0.110045E-03
  VOR3KM:  0.157568E-03
  VOR4KM:  0.149907E-03
  VOR5KM:  0.694685E-04
  TMASS :  0.207380E+15
  TMOIS :  0.737514E+12
  qv MAS:  0.737512E+12
  qc MAS:  0.160471E+07
  qr MAS:  0.141196E+04
  qi MAS:  0.000000E+00
  qs MAS:  0.000000E+00
  qg MAS:  0.000000E+00
  qhlMAS:  0.000000E+00
  TENERG:  0.521610E+20
  TMU   :  0.526824E+16
  TMV   :  0.350708E+16
  TMW   :  0.817461E+12
  TMFU  :  0.712531E+10
  TMFD  : -0.624423E+10
  tcond :  0.000000E+00
  tevac :  0.000000E+00
  tauto :  0.000000E+00
  taccr :  0.000000E+00
  tevar :  0.000000E+00
  train :  0.519027E+02
  erain :  0.000000E+00
  qsfc  :  0.000000E+00
  esfc  :  0.000000E+00
  erad  :  0.000000E+00
  asqv  :  0.000000E+00
  asqc  :  0.717338E+04
  asqr  :  0.228184E+00
  asqi  :  0.000000E+00
  asqs  :  0.000000E+00
  asqg  :  0.000000E+00
  asqhl :  0.000000E+00
  asccn :  0.000000E+00
  asccw :  0.196590E+16
  ascrw :  0.332272E+08
  ascci :  0.000000E+00
  ascsw :  0.000000E+00
  aschw :  0.000000E+00
  aschl :  0.000000E+00
  asvhw :  0.000000E+00
  asvhl :  0.000000E+00
  bsqv  :  0.000000E+00
  bsqc  :  0.000000E+00
  bsqr  :  0.000000E+00
  bsqi  :  0.000000E+00
  bsqs  :  0.000000E+00
  bsqg  :  0.000000E+00
  bsqhl :  0.000000E+00
  bsccn :  0.000000E+00
  bsccw :  0.000000E+00
  bscrw :  0.000000E+00
  bscci :  0.000000E+00
  bscsw :  0.000000E+00
  bschw :  0.000000E+00
  bschl :  0.000000E+00
  bsvhw :  0.000000E+00
  bsvhl :  0.000000E+00
 cm1out_stats.nc                                                       
   nrec =            2
             8              1.000000 min 
             9              1.125000 min 
            10              1.250000 min 
            11              1.375000 min 
            12              1.500000 min 
            13              1.625000 min 
            14              1.750000 min 
            15              1.875000 min 
  WMAX  :   2.43807       19   21   11    WMIN  :  -1.35875       16   16   13
  UMAX  :   47.8960       32   20   34    UMIN  :  -6.57053       20   21    1
  SUMAX :  0.425523E-01    8   17    1    SUMIN :  -6.57053       20   21    1
  VMAX  :   29.3103       16   43   32    VMIN  :   5.40763        9    4   40
  SVMAX :   10.8813       18   18    1    SVMIN :   6.59466       19   24    1
  PPIMAX:  0.935892E-03   23    3   51    PPIMIN: -0.158122E-02    8   27   51
  PPMAX :   255.227       16   20   13    PPMIN :  -208.844       15   19   31
  THPMAX:   2.07089       19   21   10    THPMIN:  -1.69029       15   20   48
  STHPMX:  0.507172       11   21    1    STHPMN: -0.112914E-02   13   25    1
  MAXqv :  0.243397E-01   10   16    1    MINqv :  0.990400E-06   14   19   35
  MAXqc :  0.270420E-03   19   21   10    MINqc :   0.00000        1    1    1
  MAXqr :  0.481028E-07   18   20    5    MINqr :   0.00000        1    1    1
  MAXqi :   0.00000        1    1    1    MINqi :   0.00000        1    1    1
  MAXqs :   0.00000        1    1    1    MINqs :   0.00000        1    1    1
  MAXqg :   0.00000        1    1    1    MINqg :   0.00000        1    1    1
  MAXqhl:   0.00000        1    1    1    MINqhl:   0.00000        1    1    1
  MAXccn:  0.166578E+10   16   21   13    MINccn:   0.00000       19   21   10
  MAXccw:  0.157761E+10   19   21   10    MINccw:   0.00000        1    1    1
  MAXcrw:   13.0416       18   20    6    MINcrw:   0.00000        1    1    1
  MAXcci:   0.00000        1    1    1    MINcci:   0.00000        1    1    1
  MAXcsw:   0.00000        1    1    1    MINcsw:   0.00000        1    1    1
  MAXchw:   0.00000        1    1    1    MINchw:   0.00000        1    1    1
  MAXchl:   0.00000        1    1    1    MINchl:   0.00000        1    1    1
  MAXvhw:   0.00000        1    1    1    MINvhw:   0.00000        1    1    1
  MAXvhl:   0.00000        1    1    1    MINvhl:   0.00000        1    1    1
  TKEMAX:   7.12166       13   22   13    TKEMIN:   0.00000        1    1    1
  KMHMAX:   256.095       13   22   13    KMHMIN:   0.00000        1    1    1
  KMVMAX:   256.095       13   22   13    KMVMIN:   0.00000        1    1    1
  KHHMAX:   768.286       13   22   13    KHHMIN:   0.00000        1    1    1
  KHVMAX:   768.286       13   22   13    KHVMIN:   0.00000        1    1    1
  DIVMAX:  0.387639E-03   15   20   23    DIVMIN: -0.316133E-03   17   18    1
  RHMAX :   1.02816       20   21   17    RHMIN :  0.226442E-02    3   72   33
  RHIMAX:  0.975072       20   21   17    RHIMIN:  0.335585E-02    3   72   33
  THEMAX:   379.279       18   21    1    THEMIN:   318.756       31   44   16
  STHEMX:   379.279       18   21    1    STHEMN:   360.569       14   18    1
  QCTOP :   3418.613770    1    1    1    QCBOT :    399.719604    1    1    1
  SFPMAX:   95341.4       16   19    1    SFPMIN:   95093.4       26   13    1
  PSFCMX:   96173.2       16   19    1    PSFCMN:   95926.6       26   13    1
  WSPMAX:   50.6667       32   21   34    WSPMIN:   7.09773       11   24    1
  SWSPMX:   11.4132       20   19    1    SWSPMN:   7.09773       11   24    1
  CFLMAX:      0.190011   31   22   34
  KSHMAX:  0.144054E-02   13   22   13
  KSVMAX:  0.118700       11   17    5
  VORSFC:  0.378429E-03
  VOR1KM:  0.929955E-03
  VOR2KM:  0.353569E-03
  VOR3KM:  0.543713E-03
  VOR4KM:  0.313183E-03
  VOR5KM:  0.180557E-03
  TMASS :  0.207380E+15
  TMOIS :  0.737514E+12
  qv MAS:  0.737498E+12
  qc MAS:  0.159859E+08
  qr MAS:  0.130046E+04
  qi MAS:  0.000000E+00
  qs MAS:  0.000000E+00
  qg MAS:  0.000000E+00
  qhlMAS:  0.000000E+00
  TENERG:  0.521611E+20
  TMU   :  0.526965E+16
  TMV   :  0.350660E+16
  TMW   : -0.310003E+13
  TMFU  :  0.779839E+10
  TMFD  : -0.193244E+11
  tcond :  0.000000E+00
  tevac :  0.000000E+00
  tauto :  0.000000E+00
  taccr :  0.000000E+00
  tevar :  0.000000E+00
  train :  0.149201E+03
  erain :  0.000000E+00
  qsfc  :  0.000000E+00
  esfc  :  0.000000E+00
  erad  :  0.000000E+00
  asqv  :  0.000000E+00
  asqc  :  0.157682E+05
  asqr  :  0.395557E+00
  asqi  :  0.000000E+00
  asqs  :  0.000000E+00
  asqg  :  0.000000E+00
  asqhl :  0.000000E+00
  asccn :  0.000000E+00
  asccw :  0.140300E+17
  ascrw :  0.514139E+08
  ascci :  0.000000E+00
  ascsw :  0.000000E+00
  aschw :  0.000000E+00
  aschl :  0.000000E+00
  asvhw :  0.000000E+00
  asvhl :  0.000000E+00
  bsqv  :  0.000000E+00
  bsqc  :  0.000000E+00
  bsqr  :  0.000000E+00
  bsqi  :  0.000000E+00
  bsqs  :  0.000000E+00
  bsqg  :  0.000000E+00
  bsqhl :  0.000000E+00
  bsccn :  0.000000E+00
  bsccw :  0.000000E+00
  bscrw :  0.000000E+00
  bscci :  0.000000E+00
  bscsw :  0.000000E+00
  bschw :  0.000000E+00
  bschl :  0.000000E+00
  bsvhw :  0.000000E+00
  bsvhl :  0.000000E+00
 cm1out_stats.nc                                                       
   nrec =            3
            16              2.000000 min 
            17              2.125000 min 
            18              2.250000 min 
            19              2.375000 min 
            20              2.500000 min 
            21              2.625000 min 
            22              2.750000 min 
            23              2.875000 min 
  WMAX  :   3.52839       19   22   11    WMIN  :  -1.26035       22   21   12
  UMAX  :   47.7826       43   19   34    UMIN  :  -6.99946       20   21    1
  SUMAX :   1.03515       10   22    1    SUMIN :  -6.99946       20   21    1
  VMAX  :   29.2339        1   46   32    VMIN  :   5.39512       19   25    1
  SVMAX :   11.6922       18   18    1    SVMIN :   5.39512       19   25    1
  PPIMAX:  0.838426E-03   17   20   47    PPIMIN: -0.976335E-03    1   36   51
  PPMAX :   124.094       12   22   16    PPMIN :  -235.453        4   28    1
  THPMAX:   2.51138       13   22   13    THPMIN:  -1.68995       16   20   48
  STHPMX:  0.575378       11   21    1    STHPMN: -0.211285E-02   13   25    1
  MAXqv :  0.242373E-01   10   16    1    MINqv :  0.991213E-06   32   24   34
  MAXqc :  0.651163E-03   20   21   16    MINqc :   0.00000        1    1    1
  MAXqr :  0.371473E-07   18   21    5    MINqr :   0.00000        1    1    1
  MAXqi :   0.00000        1    1    1    MINqi :   0.00000        1    1    1
  MAXqs :   0.00000        1    1    1    MINqs :   0.00000        1    1    1
  MAXqg :   0.00000        1    1    1    MINqg :   0.00000        1    1    1
  MAXqhl:   0.00000        1    1    1    MINqhl:   0.00000        1    1    1
  MAXccn:  0.175341E+10   12   19   15    MINccn:   0.00000       11   16    6
  MAXccw:  0.165223E+10   20   22   16    MINccw:   0.00000        1    1    1
  MAXcrw:   32.5561       16   24    5    MINcrw:   0.00000        1    1    1
  MAXcci:   0.00000        1    1    1    MINcci:   0.00000        1    1    1
  MAXcsw:   0.00000        1    1    1    MINcsw:   0.00000        1    1    1
  MAXchw:   0.00000        1    1    1    MINchw:   0.00000        1    1    1
  MAXchl:   0.00000        1    1    1    MINchl:   0.00000        1    1    1
  MAXvhw:   0.00000        1    1    1    MINvhw:   0.00000        1    1    1
  MAXvhl:   0.00000        1    1    1    MINvhl:   0.00000        1    1    1
  TKEMAX:   13.7419       13   22   14    TKEMIN:   0.00000        1    1    1
  KMHMAX:   363.628       13   22   15    KMHMIN:   0.00000        1    1    1
  KMVMAX:   363.628       13   22   15    KMVMIN:   0.00000        1    1    1
  KHHMAX:   1090.88       13   22   15    KHHMIN:   0.00000        1    1    1
  KHVMAX:   1090.88       13   22   15    KHVMIN:   0.00000        1    1    1
  DIVMAX:  0.202974E-03   11   21    4    DIVMIN: -0.164704E-03   26   18    1
  RHMAX :   1.01640        9   20    5    RHMIN :  0.230155E-02   71    2   33
  RHIMAX:  0.940229       14   22   17    RHIMIN:  0.341077E-02   71    2   33
  THEMAX:   378.868       10   16    1    THEMIN:   318.756       48    2   16
  STHEMX:   378.868       10   16    1    STHEMN:   360.519       17   15    1
  QCTOP :   3418.613770    1    1    1    QCBOT :    235.866806    1    1    1
  SFPMAX:   95288.3       26    1    1    SFPMIN:   94930.9        4   28    1
  PSFCMX:   96122.7       26    1    1    PSFCMN:   95763.0        4   28    1
  WSPMAX:   50.5450       42   27   34    WSPMIN:   5.95628       11   25    1
  SWSPMX:   12.3947       20   19    1    SWSPMN:   5.95628       11   25    1
  CFLMAX:      0.189544   42   27   34
  KSHMAX:  0.204541E-02   13   22   15
  KSVMAX:  0.139234       13   22   14
  VORSFC:  0.605521E-03
  VOR1KM:  0.164373E-02
  VOR2KM:  0.582919E-03
  VOR3KM:  0.122811E-02
  VOR4KM:  0.449440E-03
  VOR5KM:  0.232393E-03
  TMASS :  0.207380E+15
  TMOIS :  0.737515E+12
  qv MAS:  0.737425E+12
  qc MAS:  0.899443E+08
  qr MAS:  0.124347E+04
  qi MAS:  0.000000E+00
  qs MAS:  0.000000E+00
  qg MAS:  0.000000E+00
  qhlMAS:  0.000000E+00
  TENERG:  0.521611E+20
  TMU   :  0.526937E+16
  TMV   :  0.350434E+16
  TMW   :  0.101712E+13
  TMFU  :  0.174516E+11
  TMFD  : -0.167922E+11
  tcond :  0.000000E+00
  tevac :  0.000000E+00
  tauto :  0.000000E+00
  taccr :  0.000000E+00
  tevar :  0.000000E+00
  train :  0.213099E+03
  erain :  0.000000E+00
  qsfc  :  0.000000E+00
  esfc  :  0.000000E+00
  erad  :  0.000000E+00
  asqv  :  0.000000E+00
  asqc  :  0.542055E+05
  asqr  :  0.455683E+00
  asqi  :  0.000000E+00
  asqs  :  0.000000E+00
  asqg  :  0.000000E+00
  asqhl :  0.000000E+00
  asccn : -0.118920E+16
  asccw :  0.689121E+17
  ascrw :  0.619580E+08
  ascci :  0.000000E+00
  ascsw :  0.000000E+00
  aschw :  0.000000E+00
  aschl :  0.000000E+00
  asvhw :  0.000000E+00
  asvhl :  0.000000E+00
  bsqv  :  0.000000E+00
  bsqc  :  0.000000E+00
  bsqr  :  0.000000E+00
  bsqi  :  0.000000E+00
  bsqs  :  0.000000E+00
  bsqg  :  0.000000E+00
  bsqhl :  0.000000E+00
  bsccn :  0.000000E+00
  bsccw :  0.000000E+00
  bscrw :  0.000000E+00
  bscci :  0.000000E+00
  bscsw :  0.000000E+00
  bschw :  0.000000E+00
  bschl :  0.000000E+00
  bsvhw :  0.000000E+00
  bsvhl :  0.000000E+00
 cm1out_stats.nc                                                       
   nrec =            4
            24              3.000000 min 
            25              3.125000 min 
            26              3.250000 min 
            27              3.375000 min 
            28              3.500000 min 
            29              3.625000 min 
            30              3.750000 min 
            31              3.875000 min 
  WMAX  :   4.38468       20   22   14    WMIN  :  -1.36077       17   16   11
  UMAX  :   47.6865       49    1   34    UMIN  :  -7.52103       21   22    3
  SUMAX :   1.93886       10   22    1    SUMIN :  -7.48504       21   21    1
  VMAX  :   29.2313        1   57   32    VMIN  :   4.35148       19   25    1
  SVMAX :   12.2892       12   15    1    SVMIN :   4.35148       19   25    1
  PPIMAX:  0.852226E-03   31    1   51    PPIMIN: -0.122899E-02    3   29   51
  PPMAX :   173.961       14   24   17    PPMIN :  -192.242        1    1    1
  THPMAX:   3.49097       20   22   14    THPMIN:  -2.40680       20   21   18
  STHPMX:  0.679169       11   22    1    STHPMN: -0.355173E-02   13   25    1
  MAXqv :  0.241538E-01   17   22    1    MINqv :  0.995048E-06   39    1   34
  MAXqc :  0.987294E-03   20   22   15    MINqc :   0.00000        1    1    1
  MAXqr :  0.134466E-05    9   20    5    MINqr :   0.00000        1    1    1
  MAXqi :   0.00000        1    1    1    MINqi :   0.00000        1    1    1
  MAXqs :   0.00000        1    1    1    MINqs :   0.00000        1    1    1
  MAXqg :   0.00000        1    1    1    MINqg :   0.00000        1    1    1
  MAXqhl:   0.00000        1    1    1    MINqhl:   0.00000        1    1    1
  MAXccn:  0.170737E+10   17   21   16    MINccn:   0.00000       10   16    5
  MAXccw:  0.175681E+10   10   17    6    MINccw:   0.00000        1    1    1
  MAXcrw:   1239.57       16   24    5    MINcrw:   0.00000        1    1    1
  MAXcci:   0.00000        1    1    1    MINcci:   0.00000        1    1    1
  MAXcsw:   0.00000        1    1    1    MINcsw:   0.00000        1    1    1
  MAXchw:   0.00000        1    1    1    MINchw:   0.00000        1    1    1
  MAXchl:   0.00000        1    1    1    MINchl:   0.00000        1    1    1
  MAXvhw:   0.00000        1    1    1    MINvhw:   0.00000        1    1    1
  MAXvhl:   0.00000        1    1    1    MINvhl:   0.00000        1    1    1
  TKEMAX:   19.8820       20   22   16    TKEMIN:   0.00000        1    1    1
  KMHMAX:   446.316       20   22   16    KMHMIN:   0.00000        1    1    1
  KMVMAX:   446.316       20   22   16    KMVMIN:   0.00000        1    1    1
  KHHMAX:   1338.95       20   22   16    KHHMIN:   0.00000        1    1    1
  KHVMAX:   1338.95       20   22   16    KHVMIN:   0.00000        1    1    1
  DIVMAX:  0.103072E-03   19   21   30    DIVMIN: -0.143215E-03    1   39    1
  RHMAX :   1.01245        9   20    5    RHMIN :  0.233931E-02   74    3   33
  RHIMAX:  0.961804       20   22   18    RHIMIN:  0.346671E-02   74    3   33
  THEMAX:   378.593       17   22    1    THEMIN:   318.622       18   25   16
  STHEMX:   378.593       17   22    1    STHEMN:   360.167       17   15    1
  QCTOP :   3696.728760    1    1    1    QCBOT :    235.866806    1    1    1
  SFPMAX:   95253.8       53   19    1    SFPMIN:   94974.1        1    1    1
  PSFCMX:   96088.0       53   20    1    PSFCMN:   95806.5        1    1    1
  WSPMAX:   50.4616       49    1   34    WSPMIN:   4.95871       12   25    1
  SWSPMX:   13.1215       20   19    1    SWSPMN:   4.95871       12   25    1
  CFLMAX:      0.189234   49    1   34
  KSHMAX:  0.251053E-02   20   22   16
  KSVMAX:  0.159308       14   22   14
  VORSFC:  0.776753E-03
  VOR1KM:  0.219807E-02
  VOR2KM:  0.840837E-03
  VOR3KM:  0.176001E-02
  VOR4KM:  0.669572E-03
  VOR5KM:  0.304606E-03
  TMASS :  0.207380E+15
  TMOIS :  0.737524E+12
  qv MAS:  0.737353E+12
  qc MAS:  0.171234E+09
  qr MAS:  0.356702E+04
  qi MAS:  0.000000E+00
  qs MAS:  0.000000E+00
  qg MAS:  0.000000E+00
  qhlMAS:  0.000000E+00
  TENERG:  0.521610E+20
  TMU   :  0.526760E+16
  TMV   :  0.349816E+16
  TMW   : -0.245505E+13
  TMFU  :  0.127051E+11
  TMFD  : -0.202529E+11
  tcond :  0.000000E+00
  tevac :  0.000000E+00
  tauto :  0.000000E+00
  taccr :  0.000000E+00
  tevar :  0.000000E+00
  train :  0.271503E+03
  erain :  0.000000E+00
  qsfc  :  0.000000E+00
  esfc  :  0.000000E+00
  erad  :  0.000000E+00
  asqv  :  0.000000E+00
  asqc  :  0.126062E+06
  asqr  :  0.504194E+00
  asqi  :  0.000000E+00
  asqs  :  0.000000E+00
  asqg  :  0.000000E+00
  asqhl :  0.000000E+00
  asccn : -0.295441E+17
  asccw :  0.167472E+18
  ascrw :  0.897669E+08
  ascci :  0.000000E+00
  ascsw :  0.000000E+00
  aschw :  0.000000E+00
  aschl :  0.000000E+00
  asvhw :  0.000000E+00
  asvhl :  0.000000E+00
  bsqv  :  0.000000E+00
  bsqc  :  0.000000E+00
  bsqr  :  0.000000E+00
  bsqi  :  0.000000E+00
  bsqs  :  0.000000E+00
  bsqg  :  0.000000E+00
  bsqhl :  0.000000E+00
  bsccn :  0.000000E+00
  bsccw :  0.000000E+00
  bscrw :  0.000000E+00
  bscci :  0.000000E+00
  bscsw :  0.000000E+00
  bschw :  0.000000E+00
  bschl :  0.000000E+00
  bsvhw :  0.000000E+00
  bsvhl :  0.000000E+00
 cm1out_stats.nc                                                       
   nrec =            5
            32              4.000000 min 
            33              4.125000 min 
            34              4.250000 min 
            35              4.375000 min 
            36              4.500000 min 
            37              4.625000 min 
            38              4.750000 min 
            39              4.875000 min 
   Getting dbz ... 
  WMAX  :   5.16891       20   22   14    WMIN  :  -1.51277       23   22   12
  UMAX  :   47.6848       60    1   34    UMIN  :  -8.14435       22   22    1
  SUMAX :   2.68958       11   22    1    SUMIN :  -8.14435       22   22    1
  VMAX  :   29.2372        1   67   32    VMIN  :   3.30747       13   25    1
  SVMAX :   12.6635       12   15    1    SVMIN :   3.30747       13   25    1
  PPIMAX:  0.534364E-03    1   26   36    PPIMIN: -0.664580E-03    1   47   51
  PPMAX :   114.219        1   49    1    PPMIN :  -214.883        2   30    1
  THPMAX:   4.33432       21   22   15    THPMIN:  -2.83432       13   24   18
  STHPMX:  0.755554       11   22    1    STHPMN: -0.512205E-02   13   25    1
  MAXqv :  0.239879E-01   17   22    1    MINqv :  0.997027E-06   38   39   34
  MAXqc :  0.142911E-02   21   22   16    MINqc :   0.00000        1    1    1
  MAXqr :  0.207761E-04   16   21    5    MINqr :   0.00000        1    1    1
  MAXqi :   0.00000        1    1    1    MINqi :   0.00000        1    1    1
  MAXqs :   0.00000        1    1    1    MINqs :   0.00000        1    1    1
  MAXqg :   0.00000        1    1    1    MINqg :   0.00000        1    1    1
  MAXqhl:   0.00000        1    1    1    MINqhl:   0.00000        1    1    1
  MAXccn:  0.174277E+10   13   19    8    MINccn:   0.00000       12   22    5
  MAXccw:  0.174237E+10   11   17    7    MINccw:   0.00000        1    1    1
  MAXcrw:   8478.92       16   21    5    MINcrw:   0.00000        1    1    1
  MAXcci:   0.00000        1    1    1    MINcci:   0.00000        1    1    1
  MAXcsw:   0.00000        1    1    1    MINcsw:   0.00000        1    1    1
  MAXchw:   0.00000        1    1    1    MINchw:   0.00000        1    1    1
  MAXchl:   0.00000        1    1    1    MINchl:   0.00000        1    1    1
  MAXvhw:   0.00000        1    1    1    MINvhw:   0.00000        1    1    1
  MAXvhl:   0.00000        1    1    1    MINvhl:   0.00000        1    1    1
  TKEMAX:   26.3910       20   22   17    TKEMIN:   0.00000        1    1    1
  KMHMAX:   521.056       20   22   17    KMHMIN:   0.00000        1    1    1
  KMVMAX:   521.056       20   22   17    KMVMIN:   0.00000        1    1    1
  KHHMAX:   1563.17       20   22   17    KHHMIN:   0.00000        1    1    1
  KHVMAX:   1563.17       20   22   17    KHVMIN:   0.00000        1    1    1
  DIVMAX:  0.148010E-03   28    1    1    DIVMIN: -0.129047E-03    4   22    1
  RHMAX :  0.999751       16   21    5    RHMIN :  0.237728E-02   74   50   33
  RHIMAX:  0.966162       13   23   18    RHIMIN:  0.352293E-02   74   50   33
  THEMAX:   378.190       17   22    1    THEMIN:   318.757       75   19   16
  STHEMX:   378.190       17   22    1    STHEMN:   359.967       22   21    1
  QCTOP :   3696.728760    1    1    1    QCBOT :    399.719604    1    1    1
  SFPMAX:   95280.5        1   49    1    SFPMIN:   94951.4        2   30    1
  PSFCMX:   96114.9        1   49    1    PSFCMN:   95783.6        2   30    1
  WSPMAX:   50.4668       60    1   34    WSPMIN:   3.80158       12   25    1
  SWSPMX:   13.6124       20   19    1    SWSPMN:   3.80158       12   25    1
  CFLMAX:      0.189251   60    1   34
  KSHMAX:  0.293094E-02   20   22   17
  KSVMAX:  0.172482       14   22   14
  VORSFC:  0.900311E-03
  VOR1KM:  0.329652E-02
  VOR2KM:  0.125933E-02
  VOR3KM:  0.208635E-02
  VOR4KM:  0.833890E-03
  VOR5KM:  0.311294E-03
  TMASS :  0.207380E+15
  TMOIS :  0.737526E+12
  qv MAS:  0.737264E+12
  qc MAS:  0.262328E+09
  qr MAS:  0.374487E+05
  qi MAS:  0.000000E+00
  qs MAS:  0.000000E+00
  qg MAS:  0.000000E+00
  qhlMAS:  0.000000E+00
  TENERG:  0.521610E+20
  TMU   :  0.526675E+16
  TMV   :  0.349324E+16
  TMW   :  0.125207E+13
  TMFU  :  0.225944E+11
  TMFD  : -0.216425E+11
  tcond :  0.000000E+00
  tevac :  0.000000E+00
  tauto :  0.000000E+00
  taccr :  0.000000E+00
  tevar :  0.000000E+00
  train :  0.345016E+03
  erain :  0.000000E+00
  qsfc  :  0.000000E+00
  esfc  :  0.000000E+00
  erad  :  0.000000E+00
  asqv  :  0.000000E+00
  asqc  :  0.234204E+06
  asqr  :  0.623583E+00
  asqi  :  0.000000E+00
  asqs  :  0.000000E+00
  asqg  :  0.000000E+00
  asqhl :  0.000000E+00
  asccn : -0.517504E+17
  asccw :  0.248616E+18
  ascrw :  0.291982E+09
  ascci :  0.000000E+00
  ascsw :  0.000000E+00
  aschw :  0.000000E+00
  aschl :  0.000000E+00
  asvhw :  0.000000E+00
  asvhl :  0.000000E+00
  bsqv  :  0.000000E+00
  bsqc  :  0.000000E+00
  bsqr  :  0.000000E+00
  bsqi  :  0.000000E+00
  bsqs  :  0.000000E+00
  bsqg  :  0.000000E+00
  bsqhl :  0.000000E+00
  bsccn :  0.000000E+00
  bsccw :  0.000000E+00
  bscrw :  0.000000E+00
  bscci :  0.000000E+00
  bscsw :  0.000000E+00
  bschw :  0.000000E+00
  bschl :  0.000000E+00
  bsvhw :  0.000000E+00
  bsvhl :  0.000000E+00
 cm1out_stats.nc                                                       
   nrec =            6
            40              5.000000 min 
   string = cm1out_rst_000001.nc                                                  
  USING COMPRESSED netCDF4 
   leaving restart_prelim 
            41              5.125000 min 
            42              5.250000 min 
            43              5.375000 min 
            44              5.500000 min 
            45              5.625000 min 
            46              5.750000 min 
            47              5.875000 min 
  WMAX  :   6.33325       21   23   16    WMIN  :  -1.62355       23   24   22
  UMAX  :   47.6789       71    1   34    UMIN  :  -8.24909       22   22    1
  SUMAX :   3.40823       11   22    1    SUMIN :  -8.24909       22   22    1
  VMAX  :   29.2009        1   76   32    VMIN  :   2.42109       13   26    1
  SVMAX :   13.1357       20   20    1    SVMIN :   2.42109       13   26    1
  PPIMAX:  0.591218E-03   14   23   18    PPIMIN: -0.126564E-02    1   29   51
  PPMAX :   149.176       13   22   17    PPMIN :  -185.680       15   24    1
  THPMAX:   5.26413       21   23   15    THPMIN:  -3.16858       12   18   18
  STHPMX:  0.803680       11   22    1    STHPMN: -0.649720E-02   13   25    1
  MAXqv :  0.235861E-01   17   22    1    MINqv :  0.994962E-06   51    4   34
  MAXqc :  0.188545E-02   21   23   16    MINqc :   0.00000        1    1    1
  MAXqr :  0.128740E-04   16   21    5    MINqr :   0.00000        1    1    1
  MAXqi :   0.00000        1    1    1    MINqi :   0.00000        1    1    1
  MAXqs :   0.00000        1    1    1    MINqs :   0.00000        1    1    1
  MAXqg :   0.00000        1    1    1    MINqg :   0.00000        1    1    1
  MAXqhl:   0.00000        1    1    1    MINqhl:   0.00000        1    1    1
  MAXccn:  0.176873E+10   16   23    6    MINccn:   0.00000       11   17    4
  MAXccw:  0.170503E+10   12   17    8    MINccw:   0.00000        1    1    1
  MAXcrw:   6584.32       16   21    5    MINcrw:   0.00000        1    1    1
  MAXcci:   0.00000        1    1    1    MINcci:   0.00000        1    1    1
  MAXcsw:   0.00000        1    1    1    MINcsw:   0.00000        1    1    1
  MAXchw:   0.00000        1    1    1    MINchw:   0.00000        1    1    1
  MAXchl:   0.00000        1    1    1    MINchl:   0.00000        1    1    1
  MAXvhw:   0.00000        1    1    1    MINvhw:   0.00000        1    1    1
  MAXvhl:   0.00000        1    1    1    MINvhl:   0.00000        1    1    1
  TKEMAX:   35.0421       21   22   18    TKEMIN:   0.00000        1    1    1
  KMHMAX:   608.253       21   22   18    KMHMIN:   0.00000        1    1    1
  KMVMAX:   608.253       21   22   18    KMVMIN:   0.00000        1    1    1
  KHHMAX:   1824.76       21   22   18    KHHMIN:   0.00000        1    1    1
  KHVMAX:   1824.76       21   22   18    KHVMIN:   0.00000        1    1    1
  DIVMAX:  0.119337E-03   22   22   13    DIVMIN: -0.134171E-03   22   22   16
  RHMAX :   1.02019       16   21    5    RHMIN :  0.241559E-02   71   74   33
  RHIMAX:  0.982874       14   24   19    RHIMIN:  0.357952E-02   71   74   33
  THEMAX:   377.078       17   22    1    THEMIN:   318.757       74   58   16
  STHEMX:   377.078       17   22    1    STHEMN:   359.811       22   21    1
  QCTOP :   3984.828125    1    1    1    QCBOT :    399.719604    1    1    1
  SFPMAX:   95286.0        1   61    1    SFPMIN:   94980.6       15   24    1
  PSFCMX:   96120.3        1   61    1    PSFCMN:   95812.2       15   24    1
  WSPMAX:   50.4676       71    1   34    WSPMIN:   2.99425       12   25    1
  SWSPMX:   14.0688       20   20    1    SWSPMN:   2.99425       12   25    1
  CFLMAX:      0.213050   21   23   15
  KSHMAX:  0.342143E-02   21   22   18
  KSVMAX:  0.185995       21   21   15
  VORSFC:  0.967001E-03
  VOR1KM:  0.393275E-02
  VOR2KM:  0.139689E-02
  VOR3KM:  0.223511E-02
  VOR4KM:  0.148035E-02
  VOR5KM:  0.333654E-03
  TMASS :  0.207380E+15
  TMOIS :  0.737535E+12
  qv MAS:  0.737183E+12
  qc MAS:  0.352257E+09
  qr MAS:  0.679466E+05
  qi MAS:  0.000000E+00
  qs MAS:  0.000000E+00
  qg MAS:  0.000000E+00
  qhlMAS:  0.000000E+00
  TENERG:  0.521609E+20
  TMU   :  0.526430E+16
  TMV   :  0.348646E+16
  TMW   : -0.227411E+13
  TMFU  :  0.158907E+11
  TMFD  : -0.214234E+11
  tcond :  0.000000E+00
  tevac :  0.000000E+00
  tauto :  0.000000E+00
  taccr :  0.000000E+00
  tevar :  0.000000E+00
  train :  0.872120E+03
  erain :  0.000000E+00
  qsfc  :  0.000000E+00
  esfc  :  0.000000E+00
  erad  :  0.000000E+00
  asqv  :  0.000000E+00
  asqc  :  0.360592E+06
  asqr  :  0.826935E+00
  asqi  :  0.000000E+00
  asqs  :  0.000000E+00
  asqg  :  0.000000E+00
  asqhl :  0.000000E+00
  asccn : -0.848893E+17
  asccw :  0.339059E+18
  ascrw :  0.843030E+09
  ascci :  0.000000E+00
  ascsw :  0.000000E+00
  aschw :  0.000000E+00
  aschl :  0.000000E+00
  asvhw :  0.000000E+00
  asvhl :  0.000000E+00
  bsqv  :  0.000000E+00
  bsqc  :  0.000000E+00
  bsqr  :  0.000000E+00
  bsqi  :  0.000000E+00
  bsqs  :  0.000000E+00
  bsqg  :  0.000000E+00
  bsqhl :  0.000000E+00
  bsccn :  0.000000E+00
  bsccw :  0.000000E+00
  bscrw :  0.000000E+00
  bscci :  0.000000E+00
  bscsw :  0.000000E+00
  bschw :  0.000000E+00
  bschl :  0.000000E+00
  bsvhw :  0.000000E+00
  bsvhl :  0.000000E+00
 cm1out_stats.nc                                                       
   nrec =            7
            48              6.000000 min 
            49              6.125000 min 
            50              6.250000 min 
            51              6.375000 min 
            52              6.500000 min 
            53              6.625000 min 
            54              6.750000 min 
            55              6.875000 min 
  WMAX  :   7.40475       15   24   17    WMIN  :  -2.50444       23   25   22
  UMAX  :   47.5642       73   63   34    UMIN  :  -8.38393       23   23    1
  SUMAX :   3.82890       11   23    1    SUMIN :  -8.38393       23   23    1
  VMAX  :   29.1294       11   30   32    VMIN  :   1.62550       13   26    1
  SVMAX :   13.4976       20   20    1    SVMIN :   1.62550       13   26    1
  PPIMAX:  0.663645E-03    1    1   51    PPIMIN: -0.699639E-03   16   24    1
  PPMAX :   102.348       16   23   20    PPMIN :  -236.406       16   24    1
  THPMAX:   6.08105       15   24   15    THPMIN:  -3.52656       15   24   23
  STHPMX:  0.852631       11   23    1    STHPMN: -0.374649E-02   13   25    1
  MAXqv :  0.231226E-01   17   23    1    MINqv :  0.997165E-06   64    3   34
  MAXqc :  0.246908E-02   22   23   17    MINqc :   0.00000        1    1    1
  MAXqr :  0.786582E-05   16   22    4    MINqr :   0.00000        1    1    1
  MAXqi :  0.453013E-12   16   24   21    MINqi :   0.00000        1    1    1
  MAXqs :   0.00000        1    1    1    MINqs :   0.00000        1    1    1
  MAXqg :   0.00000        1    1    1    MINqg :   0.00000        1    1    1
  MAXqhl:   0.00000        1    1    1    MINqhl:   0.00000        1    1    1
  MAXccn:  0.182220E+10   17   23    8    MINccn:   0.00000       13   23    4
  MAXccw:  0.162124E+10   20   24   10    MINccw:   0.00000        1    1    1
  MAXcrw:   5134.17       16   22    5    MINcrw:   0.00000        1    1    1
  MAXcci:  0.458610       16   24   21    MINcci:   0.00000        1    1    1
  MAXcsw:   0.00000        1    1    1    MINcsw:   0.00000        1    1    1
  MAXchw:   0.00000        1    1    1    MINchw:   0.00000        1    1    1
  MAXchl:   0.00000        1    1    1    MINchl:   0.00000        1    1    1
  MAXvhw:   0.00000        1    1    1    MINvhw:   0.00000        1    1    1
  MAXvhl:   0.00000        1    1    1    MINvhl:   0.00000        1    1    1
  TKEMAX:   42.4111       22   23   20    TKEMIN:   0.00000        1    1    1
  KMHMAX:   686.358       22   23   20    KMHMIN:   0.00000        1    1    1
  KMVMAX:   686.358       22   23   20    KMVMIN:   0.00000        1    1    1
  KHHMAX:   2059.07       22   23   20    KHHMIN:   0.00000        1    1    1
  KHVMAX:   2059.07       22   23   20    KHVMIN:   0.00000        1    1    1
  DIVMAX:  0.205150E-03   23   24   18    DIVMIN: -0.178834E-03   23   24   16
  RHMAX :   1.00395       16   21    5    RHMIN :  0.246910E-02   75   75   33
  RHIMAX:   1.01003       15   25   20    RHIMIN:  0.365856E-02   75   75   33
  THEMAX:   375.769       17   23    1    THEMIN:   318.758       74   75   16
  STHEMX:   375.769       17   23    1    STHEMN:   359.648       21   21    1
  QCTOP :   4283.270508    1    1    1    QCBOT :    399.719604    1    1    1
  SFPMAX:   95250.5        1   48    1    SFPMIN:   94929.9       16   24    1
  PSFCMX:   96084.5        1   48    1    PSFCMN:   95759.5       16   24    1
  WSPMAX:   50.3880       71   65   34    WSPMIN:   2.20373       13   25    1
  SWSPMX:   14.4276       20   20    1    SWSPMN:   2.20373       13   25    1
  CFLMAX:      0.234578   15   24   15
  KSHMAX:  0.386076E-02   22   23   20
  KSVMAX:  0.207790       10   18    7
  VORSFC:  0.981953E-03
  VOR1KM:  0.429707E-02
  VOR2KM:  0.195616E-02
  VOR3KM:  0.199729E-02
  VOR4KM:  0.205485E-02
  VOR5KM:  0.437014E-03
  TMASS :  0.207380E+15
  TMOIS :  0.737546E+12
  qv MAS:  0.737089E+12
  qc MAS:  0.456684E+09
  qr MAS:  0.636187E+05
  qi MAS:  0.134039E-02
  qs MAS:  0.000000E+00
  qg MAS:  0.000000E+00
  qhlMAS:  0.000000E+00
  TENERG:  0.521608E+20
  TMU   :  0.526149E+16
  TMV   :  0.348221E+16
  TMW   :  0.307740E+13
  TMFU  :  0.270477E+11
  TMFD  : -0.200113E+11
  tcond :  0.000000E+00
  tevac :  0.000000E+00
  tauto :  0.000000E+00
  taccr :  0.000000E+00
  tevar :  0.000000E+00
  train :  0.317487E+04
  erain :  0.000000E+00
  qsfc  :  0.000000E+00
  esfc  :  0.000000E+00
  erad  :  0.000000E+00
  asqv  :  0.000000E+00
  asqc  :  0.536384E+06
  asqr  :  0.564340E+00
  asqi  :  0.270012E-04
  asqs  :  0.000000E+00
  asqg  :  0.000000E+00
  asqhl :  0.000000E+00
  asccn : -0.119229E+18
  asccw :  0.429739E+18
  ascrw :  0.122795E+10
  ascci :  0.134501E+07
  ascsw :  0.000000E+00
  aschw :  0.000000E+00
  aschl :  0.000000E+00
  asvhw :  0.000000E+00
  asvhl :  0.000000E+00
  bsqv  :  0.000000E+00
  bsqc  :  0.000000E+00
  bsqr  :  0.000000E+00
  bsqi  :  0.000000E+00
  bsqs  :  0.000000E+00
  bsqg  :  0.000000E+00
  bsqhl :  0.000000E+00
  bsccn :  0.000000E+00
  bsccw :  0.000000E+00
  bscrw :  0.000000E+00
  bscci :  0.000000E+00
  bscsw :  0.000000E+00
  bschw :  0.000000E+00
  bschl :  0.000000E+00
  bsvhw :  0.000000E+00
  bsvhl :  0.000000E+00
 cm1out_stats.nc                                                       
   nrec =            8
            56              7.000000 min 
            57              7.125000 min 
            58              7.250000 min 
            59              7.375000 min 
            60              7.500000 min 
            61              7.625000 min 
            62              7.750000 min 
            63              7.875000 min 
  WMAX  :   9.45138       22   24   17    WMIN  :  -2.94614       24   25   22
  UMAX  :   47.5459       76   75   34    UMIN  :  -8.23482       24   23    1
  SUMAX :   3.96077       12   23    1    SUMIN :  -8.23482       24   23    1
  VMAX  :   29.1865       11   31   32    VMIN  :   1.24462       13   26    1
  SVMAX :   13.9594       15   22    1    SVMIN :   1.24462       13   26    1
  PPIMAX:  0.977099E-03   16   24   22    PPIMIN: -0.104442E-02    1   28   51
  PPMAX :   218.883       16   24   22    PPMIN :  -193.531       23   24    1
  THPMAX:   6.71640       15   24   15    THPMIN:  -4.60876       16   24   23
  STHPMX:  0.925671       11   23    1    STHPMN:  0.857071E-02   13   25    1
  MAXqv :  0.229436E-01   17   23    1    MINqv :  0.998196E-06   68   23   34
  MAXqc :  0.299501E-02   16   24   18    MINqc :   0.00000        1    1    1
  MAXqr :  0.458554E-05   16   22    4    MINqr :   0.00000        1    1    1
  MAXqi :  0.557870E-09   16   24   22    MINqi :   0.00000        1    1    1
  MAXqs :   0.00000        1    1    1    MINqs :   0.00000        1    1    1
  MAXqg :   0.00000        1    1    1    MINqg :   0.00000        1    1    1
  MAXqhl:   0.00000        1    1    1    MINqhl:   0.00000        1    1    1
  MAXccn:  0.180994E+10   17   23    8    MINccn:   0.00000       11   18    5
  MAXccw:  0.161730E+10   13   18    8    MINccw:   0.00000        1    1    1
  MAXcrw:   3230.41       16   22    5    MINcrw:   0.00000        1    1    1
  MAXcci:   806.820       16   24   22    MINcci:   0.00000        1    1    1
  MAXcsw:   0.00000        1    1    1    MINcsw:   0.00000        1    1    1
  MAXchw:   0.00000        1    1    1    MINchw:   0.00000        1    1    1
  MAXchl:   0.00000        1    1    1    MINchl:   0.00000        1    1    1
  MAXvhw:   0.00000        1    1    1    MINvhw:   0.00000        1    1    1
  MAXvhl:   0.00000        1    1    1    MINvhl:   0.00000        1    1    1
  TKEMAX:   52.6616       23   24   21    TKEMIN:   0.00000        1    1    1
  KMHMAX:   774.421       23   24   21    KMHMIN:   0.00000        1    1    1
  KMVMAX:   774.421       23   24   21    KMVMIN:   0.00000        1    1    1
  KHHMAX:   2323.26       23   24   21    KHHMIN:   0.00000        1    1    1
  KHVMAX:   2323.26       23   24   21    KHVMIN:   0.00000        1    1    1
  DIVMAX:  0.174721E-03   24   24   18    DIVMIN: -0.130535E-03   22   25   22
  RHMAX :  0.992523       16   19   19    RHMIN :  0.268840E-02   75   75   34
  RHIMAX:   1.05894       16   24   22    RHIMIN:  0.402472E-02   70   68   33
  THEMAX:   375.288       17   23    1    THEMIN:   318.759       73   72   16
  STHEMX:   375.288       17   23    1    STHEMN:   359.474       21   20    1
  QCTOP :   4912.681641    1    1    1    QCBOT :    399.719604    1    1    1
  SFPMAX:   95294.9        1    1    1    SFPMIN:   94972.8       23   24    1
  PSFCMX:   96129.1        1    1    1    PSFCMN:   95805.1       23   24    1
  WSPMAX:   50.3615       75   75   34    WSPMIN:   1.53302       13   25    1
  SWSPMX:   14.5699       20   20    1    SWSPMN:   1.53302       13   25    1
  CFLMAX:      0.285321   22   24   16
  KSHMAX:  0.435612E-02   23   24   21
  KSVMAX:  0.213322       11   19    8
  VORSFC:  0.104064E-02
  VOR1KM:  0.459746E-02
  VOR2KM:  0.262545E-02
  VOR3KM:  0.206462E-02
  VOR4KM:  0.251608E-02
  VOR5KM:  0.669613E-03
  TMASS :  0.207380E+15
  TMOIS :  0.737564E+12
  qv MAS:  0.737016E+12
  qc MAS:  0.547993E+09
  qr MAS:  0.521113E+05
  qi MAS:  0.523844E+00
  qs MAS:  0.000000E+00
  qg MAS:  0.000000E+00
  qhlMAS:  0.000000E+00
  TENERG:  0.521607E+20
  TMU   :  0.526094E+16
  TMV   :  0.347841E+16
  TMW   : -0.235828E+13
  TMFU  :  0.197677E+11
  TMFD  : -0.243541E+11
  tcond :  0.000000E+00
  tevac :  0.000000E+00
  tauto :  0.000000E+00
  taccr :  0.000000E+00
  tevar :  0.000000E+00
  train :  0.665492E+04
  erain :  0.000000E+00
  qsfc  :  0.000000E+00
  esfc  :  0.000000E+00
  erad  :  0.000000E+00
  asqv  :  0.000000E+00
  asqc  :  0.789123E+06
  asqr  :  0.604368E+00
  asqi  :  0.112667E-03
  asqs  :  0.000000E+00
  asqg  :  0.000000E+00
  asqhl :  0.000000E+00
  asccn : -0.143691E+18
  asccw :  0.517147E+18
  ascrw :  0.164551E+10
  ascci :  0.187332E+08
  ascsw :  0.000000E+00
  aschw :  0.000000E+00
  aschl :  0.000000E+00
  asvhw :  0.000000E+00
  asvhl :  0.000000E+00
  bsqv  :  0.000000E+00
  bsqc  :  0.000000E+00
  bsqr  :  0.000000E+00
  bsqi  :  0.000000E+00
  bsqs  :  0.000000E+00
  bsqg  :  0.000000E+00
  bsqhl :  0.000000E+00
  bsccn :  0.000000E+00
  bsccw :  0.000000E+00
  bscrw :  0.000000E+00
  bscci :  0.000000E+00
  bscsw :  0.000000E+00
  bschw :  0.000000E+00
  bschl :  0.000000E+00
  bsvhw :  0.000000E+00
  bsvhl :  0.000000E+00
 cm1out_stats.nc                                                       
   nrec =            9
            64              8.000000 min 
            65              8.125000 min 
            66              8.250000 min 
            67              8.375000 min 
            68              8.500000 min 
            69              8.625000 min 
            70              8.750000 min 
            71              8.875000 min 
  WMAX  :   12.6789       16   25   19    WMIN  :  -4.17127       24   26   22
  UMAX  :   47.5010       70   64   34    UMIN  :  -8.09025       24   24    1
  SUMAX :   4.26500       12   24    1    SUMIN :  -8.09025       24   24    1
  VMAX  :   29.9003       16   27   23    VMIN  :   1.01190       13   26    1
  SVMAX :   14.2050       15   17    1    SVMIN :   1.01190       13   26    1
  PPIMAX:  0.114787E-02   17   26   22    PPIMIN: -0.862123E-03   17   25    1
  PPMAX :   257.199       17   26   22    PPMIN :  -291.234       17   25    1
  THPMAX:   7.06799       16   25   15    THPMIN:  -5.39053       17   24   23
  STHPMX:  0.968445       12   24    1    STHPMN:  0.346471E-01   13   26    1
  MAXqv :  0.226698E-01   17   23    1    MINqv :  0.998412E-06   73   10   34
  MAXqc :  0.403480E-02   16   25   18    MINqc :   0.00000        1    1    1
  MAXqr :  0.283064E-05   16   23    4    MINqr :   0.00000        1    1    1
  MAXqi :  0.973217E-08   17   25   23    MINqi :   0.00000        1    1    1
  MAXqs :   0.00000        1    1    1    MINqs :   0.00000        1    1    1
  MAXqg :  0.107422E-11   17   26   22    MINqg :   0.00000        1    1    1
  MAXqhl:   0.00000        1    1    1    MINqhl:   0.00000        1    1    1
  MAXccn:  0.168850E+10   21   26   20    MINccn:   0.00000       12   18    5
  MAXccw:  0.159745E+10   16   23    6    MINccw:   0.00000        1    1    1
  MAXcrw:   2068.91       16   23    4    MINcrw:   0.00000        1    1    1
  MAXcci:   575.929       17   25   23    MINcci:   0.00000        1    1    1
  MAXcsw:   0.00000        1    1    1    MINcsw:   0.00000        1    1    1
  MAXchw:  0.134819E-03   17   26   22    MINchw:   0.00000        1    1    1
  MAXchl:   0.00000        1    1    1    MINchl:   0.00000        1    1    1
  MAXvhw:  0.210309E-14   17   26   22    MINvhw:   0.00000        1    1    1
  MAXvhl:   0.00000        1    1    1    MINvhl:   0.00000        1    1    1
  TKEMAX:   64.9649       17   25   22    TKEMIN:   0.00000        1    1    1
  KMHMAX:   870.852       17   25   22    KMHMIN:   0.00000        1    1    1
  KMVMAX:   870.852       17   25   22    KMVMIN:   0.00000        1    1    1
  KHHMAX:   2612.56       17   25   22    KHHMIN:   0.00000        1    1    1
  KHVMAX:   2612.56       17   25   22    KHVMIN:   0.00000        1    1    1
  DIVMAX:  0.311887E-03   24   25   20    DIVMIN: -0.290223E-03   24   25   23
  RHMAX :   1.00225       20   25   17    RHMIN :  0.269170E-02   71   55   34
  RHIMAX:   1.07851       23   24   23    RHIMIN:  0.410288E-02   71   55   34
  THEMAX:   374.502       17   23    1    THEMIN:   318.760       72   71   16
  STHEMX:   374.502       17   23    1    STHEMN:   359.287       17   16    1
  QCTOP :   5244.434570    1    1    1    QCBOT :    569.454773    1    1    1
  SFPMAX:   95240.4        1   66    1    SFPMIN:   94875.1       17   25    1
  PSFCMX:   96074.3        1   66    1    PSFCMN:   95705.0       17   25    1
  WSPMAX:   50.4460       18   27   34    WSPMIN:   1.55075       13   25    1
  SWSPMX:   14.8787       16   17    1    SWSPMN:   1.55075       13   25    1
  CFLMAX:      0.354284   16   25   17
  KSHMAX:  0.489854E-02   17   25   22
  KSVMAX:  0.230953       11   19    8
  VORSFC:  0.115684E-02
  VOR1KM:  0.479980E-02
  VOR2KM:  0.412709E-02
  VOR3KM:  0.249643E-02
  VOR4KM:  0.275197E-02
  VOR5KM:  0.111780E-02
  TMASS :  0.207380E+15
  TMOIS :  0.737580E+12
  qv MAS:  0.736899E+12
  qc MAS:  0.680900E+09
  qr MAS:  0.459962E+05
  qi MAS:  0.552646E+02
  qs MAS:  0.000000E+00
  qg MAS:  0.972627E-03
  qhlMAS:  0.000000E+00
  TENERG:  0.521608E+20
  TMU   :  0.526100E+16
  TMV   :  0.347545E+16
  TMW   :  0.458911E+13
  TMFU  :  0.305733E+11
  TMFD  : -0.173989E+11
  tcond :  0.000000E+00
  tevac :  0.000000E+00
  tauto :  0.000000E+00
  taccr :  0.000000E+00
  tevar :  0.000000E+00
  train :  0.982189E+04
  erain :  0.000000E+00
  qsfc  :  0.000000E+00
  esfc  :  0.000000E+00
  erad  :  0.000000E+00
  asqv  :  0.000000E+00
  asqc  :  0.119314E+07
  asqr  :  0.817988E+00
  asqi  :  0.525796E-01
  asqs  :  0.000000E+00
  asqg  :  0.135741E-04
  asqhl :  0.000000E+00
  asccn : -0.180072E+18
  asccw :  0.642570E+18
  ascrw :  0.243697E+10
  ascci :  0.492369E+10
  ascsw :  0.000000E+00
  aschw :  0.185830E+03
  aschl :  0.000000E+00
  asvhw :  0.253886E-07
  asvhl :  0.000000E+00
  bsqv  :  0.000000E+00
  bsqc  :  0.000000E+00
  bsqr  :  0.000000E+00
  bsqi  :  0.000000E+00
  bsqs  :  0.000000E+00
  bsqg  :  0.000000E+00
  bsqhl :  0.000000E+00
  bsccn :  0.000000E+00
  bsccw :  0.000000E+00
  bscrw :  0.000000E+00
  bscci :  0.000000E+00
  bscsw :  0.000000E+00
  bschw :  0.000000E+00
  bschl :  0.000000E+00
  bsvhw :  0.000000E+00
  bsvhl :  0.000000E+00
 cm1out_stats.nc                                                       
   nrec =           10
            72              9.000000 min 
            73              9.125000 min 
            74              9.250000 min 
            75              9.375000 min 
            76              9.500000 min 
            77              9.625000 min 
            78              9.750000 min 
            79              9.875000 min 
   Getting dbz ... 
  WMAX  :   16.4027       17   25   21    WMIN  :  -5.00913       24   27   22
  UMAX  :   47.7314       20   27   34    UMIN  :  -9.22408       19   24    1
  SUMAX :   4.31753       12   24    1    SUMIN :  -9.22408       19   24    1
  VMAX  :   31.2434       17   27   24    VMIN  :  0.861367       16   27    1
  SVMAX :   14.7264       15   23    1    SVMIN :  0.861367       16   27    1
  PPIMAX:  0.139844E-02   17   25   25    PPIMIN: -0.693596E-03   18   25    1
  PPMAX :   285.203       17   25   25    PPMIN :  -234.359       18   25    1
  THPMAX:   8.37735       17   25   21    THPMIN:  -5.11493       16   24   23
  STHPMX:   1.06370       12   24    1    STHPMN:  0.417135E-01   13   26    1
  MAXqv :  0.224825E-01   17   24    1    MINqv :  0.998721E-06    7   29   48
  MAXqc :  0.516762E-02   17   25   20    MINqc :   0.00000        1    1    1
  MAXqr :  0.344473E-05   17   25   20    MINqr :   0.00000        1    1    1
  MAXqi :  0.253837E-07   17   25   24    MINqi :   0.00000        1    1    1
  MAXqs :  0.219356E-11   17   25   25    MINqs :   0.00000        1    1    1
  MAXqg :  0.166453E-10   25   25   23    MINqg :   0.00000        1    1    1
  MAXqhl:   0.00000        1    1    1    MINqhl:   0.00000        1    1    1
  MAXccn:  0.172279E+10   21   25   22    MINccn:   0.00000       13   23    5
  MAXccw:  0.167669E+10   17   25    9    MINccw:   0.00000        1    1    1
  MAXcrw:   11962.7       17   25   20    MINcrw:   0.00000        1    1    1
  MAXcci:   1266.40       17   25   25    MINcci:   0.00000        1    1    1
  MAXcsw:  0.380442E-03   17   25   25    MINcsw:   0.00000        1    1    1
  MAXchw:  0.217935E-02   25   25   23    MINchw:   0.00000        1    1    1
  MAXchl:   0.00000        1    1    1    MINchl:   0.00000        1    1    1
  MAXvhw:  0.311953E-13   25   25   23    MINvhw:   0.00000        1    1    1
  MAXvhl:   0.00000        1    1    1    MINvhl:   0.00000        1    1    1
  TKEMAX:   78.1407       24   25   23    TKEMIN:   0.00000        1    1    1
  KMHMAX:   966.900       24   25   23    KMHMIN:   0.00000        1    1    1
  KMVMAX:   966.900       24   25   23    KMVMIN:   0.00000        1    1    1
  KHHMAX:   2900.70       24   25   23    KHHMIN:   0.00000        1    1    1
  KHVMAX:   2900.70       24   25   23    KHVMIN:   0.00000        1    1    1
  DIVMAX:  0.303515E-03   25   25   21    DIVMIN: -0.276920E-03   17   26   22
  RHMAX :  0.995964       24   26   22    RHMIN :  0.269516E-02   72   74   34
  RHIMAX:   1.13767       17   25   25    RHIMIN:  0.410836E-02   72   74   34
  THEMAX:   374.068       12   24    1    THEMIN:   318.763       74   72   16
  STHEMX:   374.068       12   24    1    STHEMN:   359.129       17   16    1
  QCTOP :   5944.097656    1    1    1    QCBOT :    569.454773    1    1    1
  SFPMAX:   95318.0        1    1    1    SFPMIN:   94932.0       18   25    1
  PSFCMX:   96152.3        1    1    1    PSFCMN:   95761.4       17   25    1
  WSPMAX:   50.7404       19   27   34    WSPMIN:   1.41276       15   26    1
  SWSPMX:   15.3132       16   17    1    SWSPMN:   1.41276       15   26    1
  CFLMAX:      0.422444   17   25   19
  KSHMAX:  0.543881E-02   24   25   23
  KSVMAX:  0.223006       12   19   10
  VORSFC:  0.127448E-02
  VOR1KM:  0.507845E-02
  VOR2KM:  0.480969E-02
  VOR3KM:  0.325140E-02
  VOR4KM:  0.295537E-02
  VOR5KM:  0.164939E-02
  TMASS :  0.207380E+15
  TMOIS :  0.737603E+12
  qv MAS:  0.736780E+12
  qc MAS:  0.823249E+09
  qr MAS:  0.100661E+06
  qi MAS:  0.241539E+03
  qs MAS:  0.676876E-02
  qg MAS:  0.752087E-01
  qhlMAS:  0.000000E+00
  TENERG:  0.521608E+20
  TMU   :  0.526082E+16
  TMV   :  0.347196E+16
  TMW   : -0.239735E+13
  TMFU  :  0.235855E+11
  TMFD  : -0.275675E+11
  tcond :  0.000000E+00
  tevac :  0.000000E+00
  tauto :  0.000000E+00
  taccr :  0.000000E+00
  tevar :  0.000000E+00
  train :  0.120878E+05
  erain :  0.000000E+00
  qsfc  :  0.000000E+00
  esfc  :  0.000000E+00
  erad  :  0.000000E+00
  asqv  :  0.000000E+00
  asqc  :  0.175948E+07
  asqr  :  0.357791E+01
  asqi  :  0.179787E+00
  asqs  :  0.106181E-04
  asqg  :  0.591755E-03
  asqhl :  0.000000E+00
  asccn : -0.213139E+18
  asccw :  0.775930E+18
  ascrw :  0.116545E+11
  ascci :  0.874127E+10
  ascsw :  0.326987E+03
  aschw :  0.133453E+05
  aschl :  0.000000E+00
  asvhw :  0.112790E-05
  asvhl :  0.000000E+00
  bsqv  :  0.000000E+00
  bsqc  :  0.000000E+00
  bsqr  :  0.000000E+00
  bsqi  :  0.000000E+00
  bsqs  :  0.000000E+00
  bsqg  :  0.000000E+00
  bsqhl :  0.000000E+00
  bsccn :  0.000000E+00
  bsccw :  0.000000E+00
  bscrw :  0.000000E+00
  bscci :  0.000000E+00
  bscsw :  0.000000E+00
  bschw :  0.000000E+00
  bschl :  0.000000E+00
  bsvhw :  0.000000E+00
  bsvhl :  0.000000E+00
 cm1out_stats.nc                                                       
   nrec =           11
            80             10.000000 min 
   string = cm1out_rst_000002.nc                                                  
  USING COMPRESSED netCDF4 
   leaving restart_prelim 
            81             10.125000 min 
            82             10.250000 min 
            83             10.375000 min 
            84             10.500000 min 
            85             10.625000 min 
            86             10.750000 min 
            87             10.875000 min 
  WMAX  :   21.1896       18   26   23    WMIN  :  -5.84989       25   27   22
  UMAX  :   47.9408       21   28   34    UMIN  :  -10.1336       19   25    1
  SUMAX :   4.02042       12   24    1    SUMIN :  -10.1336       19   25    1
  VMAX  :   32.5916       17   28   23    VMIN  :  0.344599       17   27    1
  SVMAX :   15.0715       17   18    1    SVMIN :  0.344599       17   27    1
  PPIMAX:  0.146908E-02   18   27   25    PPIMIN: -0.904104E-03   18   26    1
  PPMAX :   299.633       18   27   25    PPMIN :  -305.391       18   26    1
  THPMAX:   10.0335       17   26   21    THPMIN:  -5.35297       16   26   25
  STHPMX:   1.12630       12   24    1    STHPMN:  0.561804E-01   13   26    1
  MAXqv :  0.222930E-01   17   24    1    MINqv :  0.998721E-06    9   36   48
  MAXqc :  0.689894E-02   18   26   23    MINqc :   0.00000        1    1    1
  MAXqr :  0.172411E-04   18   26   22    MINqr :   0.00000        1    1    1
  MAXqi :  0.727988E-07   18   26   26    MINqi :   0.00000        1    1    1
  MAXqs :  0.138666E-09   17   26   27    MINqs :   0.00000        1    1    1
  MAXqg :  0.850073E-10   19   26   25    MINqg :   0.00000        1    1    1
  MAXqhl:   0.00000        1    1    1    MINqhl:   0.00000        1    1    1
  MAXccn:  0.170235E+10   22   27   22    MINccn:   0.00000       13   24    5
  MAXccw:  0.151312E+10   18   26   25    MINccw:   0.00000        1    1    1
  MAXcrw:   59652.0       18   26   22    MINcrw:   0.00000        1    1    1
  MAXcci:   997.984       18   26   26    MINcci:   0.00000        1    1    1
  MAXcsw:  0.251219E-01   17   26   27    MINcsw:   0.00000        1    1    1
  MAXchw:  0.844377E-02   19   26   25    MINchw:   0.00000        1    1    1
  MAXchl:   0.00000        1    1    1    MINchl:   0.00000        1    1    1
  MAXvhw:  0.169461E-12   19   26   25    MINvhw:   0.00000        1    1    1
  MAXvhl:   0.00000        1    1    1    MINvhl:   0.00000        1    1    1
  TKEMAX:   98.0416       18   26   26    TKEMIN:   0.00000        1    1    1
  KMHMAX:   1123.30       18   26   26    KMHMIN:   0.00000        1    1    1
  KMVMAX:   1123.30       18   26   26    KMVMIN:   0.00000        1    1    1
  KHHMAX:   3369.89       18   26   26    KHHMIN:   0.00000        1    1    1
  KHVMAX:   3369.89       18   26   26    KHVMIN:   0.00000        1    1    1
  DIVMAX:  0.301257E-03   25   25   20    DIVMIN: -0.402207E-03   18   26   24
  RHMAX :   1.00288       22   26    6    RHMIN :  0.269868E-02   69   70   34
  RHIMAX:   1.16296       24   25   26    RHIMIN:  0.411445E-02   69   70   34
  THEMAX:   373.516       12   24    1    THEMIN:   318.764       73   71   16
  STHEMX:   373.516       12   24    1    STHEMN:   358.986       17   17    1
  QCTOP :   6312.877930    1    1    1    QCBOT :    569.454773    1    1    1
  SFPMAX:   95228.9       66    1    1    SFPMIN:   94860.9       18   26    1
  PSFCMX:   96062.6       66    1    1    PSFCMN:   95691.6       18   26    1
  WSPMAX:   50.9514       20   27   34    WSPMIN:  0.853385       16   26    1
  SWSPMX:   15.8061       18   18    1    SWSPMN:  0.853385       16   26    1
  CFLMAX:      0.522362   17   26   20
  KSHMAX:  0.631854E-02   18   26   26
  KSVMAX:  0.229949       12   20    9
  VORSFC:  0.150626E-02
  VOR1KM:  0.576278E-02
  VOR2KM:  0.610285E-02
  VOR3KM:  0.498240E-02
  VOR4KM:  0.381477E-02
  VOR5KM:  0.195124E-02
  TMASS :  0.207380E+15
  TMOIS :  0.737632E+12
  qv MAS:  0.736625E+12
  qc MAS:  0.100613E+10
  qr MAS:  0.478076E+06
  qi MAS:  0.834242E+03
  qs MAS:  0.128955E+01
  qg MAS:  0.211204E+01
  qhlMAS:  0.000000E+00
  TENERG:  0.521608E+20
  TMU   :  0.526132E+16
  TMV   :  0.346993E+16
  TMW   :  0.575521E+13
  TMFU  :  0.347382E+11
  TMFD  : -0.185569E+11
  tcond :  0.000000E+00
  tevac :  0.000000E+00
  tauto :  0.000000E+00
  taccr :  0.000000E+00
  tevar :  0.000000E+00
  train :  0.135148E+05
  erain :  0.000000E+00
  qsfc  :  0.000000E+00
  esfc  :  0.000000E+00
  erad  :  0.000000E+00
  asqv  :  0.000000E+00
  asqc  :  0.264935E+07
  asqr  :  0.160136E+02
  asqi  :  0.420570E+00
  asqs  :  0.527979E-03
  asqg  :  0.363595E-02
  asqhl :  0.000000E+00
  asccn : -0.241578E+18
  asccw :  0.948745E+18
  ascrw :  0.558226E+11
  ascci :  0.157745E+11
  ascsw :  0.391102E+05
  aschw :  0.764391E+05
  aschl :  0.000000E+00
  asvhw :  0.707161E-05
  asvhl :  0.000000E+00
  bsqv  :  0.000000E+00
  bsqc  :  0.000000E+00
  bsqr  :  0.000000E+00
  bsqi  :  0.000000E+00
  bsqs  :  0.000000E+00
  bsqg  :  0.000000E+00
  bsqhl :  0.000000E+00
  bsccn :  0.000000E+00
  bsccw :  0.000000E+00
  bscrw :  0.000000E+00
  bscci :  0.000000E+00
  bscsw :  0.000000E+00
  bschw :  0.000000E+00
  bschl :  0.000000E+00
  bsvhw :  0.000000E+00
  bsvhl :  0.000000E+00
 cm1out_stats.nc                                                       
   nrec =           12
            88             11.000000 min 
            89             11.125000 min 
            90             11.250000 min 
            91             11.375000 min 
            92             11.500000 min 
            93             11.625000 min 
            94             11.750000 min 
            95             11.875000 min 
  WMAX  :   27.4637       18   26   25    WMIN  :  -6.88844       19   24   23
  UMAX  :   48.4414       20   26   35    UMIN  :  -10.2879       19   25    1
  SUMAX :   3.89403       13   24    1    SUMIN :  -10.2879       19   25    1
  VMAX  :   33.9129       18   28   26    VMIN  :  0.344828E-01   17   27    1
  SVMAX :   15.5909       18   19    1    SVMIN :  0.344828E-01   17   27    1
  PPIMAX:  0.179011E-02   18   26   29    PPIMIN: -0.813723E-03   20   26   10
  PPMAX :   314.988       18   26   29    PPMIN :  -268.789       19   26    1
  THPMAX:   10.4055       18   26   24    THPMIN:  -4.73117       16   26   23
  STHPMX:   1.14060       12   24    1    STHPMN:  0.801813E-01   13   26    1
  MAXqv :  0.221374E-01   12   25    1    MINqv :  0.998722E-06   10   37   48
  MAXqc :  0.795290E-02   18   26   25    MINqc :   0.00000        1    1    1
  MAXqr :  0.672127E-04   18   26   25    MINqr :   0.00000        1    1    1
  MAXqi :  0.169380E-06   18   26   28    MINqi :   0.00000        1    1    1
  MAXqs :  0.891064E-07   18   26   29    MINqs :   0.00000        1    1    1
  MAXqg :  0.315442E-08   18   26   27    MINqg :   0.00000        1    1    1
  MAXqhl:   0.00000        1    1    1    MINqhl:   0.00000        1    1    1
  MAXccn:  0.169982E+10   17   23   21    MINccn:   0.00000       14   25    5
  MAXccw:  0.140634E+10   25   26   26    MINccw:   0.00000        1    1    1
  MAXcrw:   225675.       18   26   25    MINcrw:   0.00000        1    1    1
  MAXcci:   6939.51       18   26   29    MINcci:   0.00000        1    1    1
  MAXcsw:   16.1395       18   26   29    MINcsw:   0.00000        1    1    1
  MAXchw:  0.907940E-01   18   26   29    MINchw:   0.00000        1    1    1
  MAXchl:   0.00000        1    1    1    MINchl:   0.00000        1    1    1
  MAXvhw:  0.816851E-11   18   26   28    MINvhw:   0.00000        1    1    1
  MAXvhl:   0.00000        1    1    1    MINvhl:   0.00000        1    1    1
  TKEMAX:   96.6196       18   26   28    TKEMIN:   0.00000        1    1    1
  KMHMAX:   1142.32       18   26   28    KMHMIN:   0.00000        1    1    1
  KMVMAX:   1142.32       18   26   28    KMVMIN:   0.00000        1    1    1
  KHHMAX:   3426.96       18   26   28    KHHMIN:   0.00000        1    1    1
  KHVMAX:   3426.96       18   26   28    KHVMIN:   0.00000        1    1    1
  DIVMAX:  0.322641E-03   19   26   28    DIVMIN: -0.417903E-03   20   27   26
  RHMAX :  0.993893       26   26   16    RHMIN :  0.270174E-02   70   65   34
  RHIMAX:   1.25707       18   26   29    RHIMIN:  0.348414E-02   22   25   24
  THEMAX:   373.187       12   25    1    THEMIN:   318.769       74   71   16
  STHEMX:   373.187       12   25    1    STHEMN:   358.866       17   17    1
  QCTOP :   7500.575195    1    1    1    QCBOT :    569.454773    1    1    1
  SFPMAX:   95333.6        1    1    1    SFPMIN:   94897.5       19   26    1
  PSFCMX:   96168.0        1    1    1    PSFCMN:   95728.6       19   26    1
  WSPMAX:   51.3831       19   26   35    WSPMIN:   1.30756       16   27    1
  SWSPMX:   16.2735       18   18    1    SWSPMN:   1.30756       16   27    1
  CFLMAX:      0.607948   18   26   23
  KSHMAX:  0.642556E-02   18   26   28
  KSVMAX:  0.229906       21   26   13
  VORSFC:  0.168310E-02
  VOR1KM:  0.591784E-02
  VOR2KM:  0.674422E-02
  VOR3KM:  0.697572E-02
  VOR4KM:  0.500079E-02
  VOR5KM:  0.321000E-02
  TMASS :  0.207380E+15
  TMOIS :  0.737662E+12
  qv MAS:  0.736412E+12
  qc MAS:  0.124856E+10
  qr MAS:  0.204497E+07
  qi MAS:  0.330024E+04
  qs MAS:  0.298759E+03
  qg MAS:  0.486755E+02
  qhlMAS:  0.000000E+00
  TENERG:  0.521609E+20
  TMU   :  0.526126E+16
  TMV   :  0.346722E+16
  TMW   : -0.336214E+13
  TMFU  :  0.277642E+11
  TMFD  : -0.340995E+11
  tcond :  0.000000E+00
  tevac :  0.000000E+00
  tauto :  0.000000E+00
  taccr :  0.000000E+00
  tevar :  0.000000E+00
  train :  0.143674E+05
  erain :  0.000000E+00
  qsfc  :  0.000000E+00
  esfc  :  0.000000E+00
  erad  :  0.000000E+00
  asqv  :  0.821873E+03
  asqc  :  0.366567E+07
  asqr  :  0.642826E+02
  asqi  :  0.123234E+01
  asqs  :  0.200378E-01
  asqg  :  0.101252E-01
  asqhl :  0.000000E+00
  asccn : -0.278115E+18
  asccw :  0.111989E+19
  ascrw :  0.215938E+12
  ascci :  0.280174E+11
  ascsw :  0.141679E+07
  aschw :  0.342007E+06
  aschl :  0.000000E+00
  asvhw :  0.283067E-04
  asvhl :  0.000000E+00
  bsqv  :  0.000000E+00
  bsqc  :  0.000000E+00
  bsqr  :  0.000000E+00
  bsqi  :  0.000000E+00
  bsqs  :  0.000000E+00
  bsqg  :  0.000000E+00
  bsqhl :  0.000000E+00
  bsccn :  0.000000E+00
  bsccw :  0.000000E+00
  bscrw :  0.000000E+00
  bscci :  0.000000E+00
  bscsw :  0.000000E+00
  bschw :  0.000000E+00
  bschl :  0.000000E+00
  bsvhw :  0.000000E+00
  bsvhl :  0.000000E+00
 cm1out_stats.nc                                                       
   nrec =           13
            96             12.000000 min 
            97             12.125000 min 
            98             12.250000 min 
            99             12.375000 min 
           100             12.500000 min 
           101             12.625000 min 
           102             12.750000 min 
           103             12.875000 min 
  WMAX  :   37.9214       19   27   27    WMIN  :  -9.43250       19   24   22
  UMAX  :   50.1627       21   27   35    UMIN  :  -10.0854       20   26    4
  SUMAX :   5.44955       16   26    1    SUMIN :  -9.92877       21   25    1
  VMAX  :   35.3197       19   29   28    VMIN  :  0.153114       18   29    9
  SVMAX :   16.1845       18   19    1    SVMIN :  0.205147       17   28    1
  PPIMAX:  0.169396E-02   19   27   31    PPIMIN: -0.977635E-03   20   26    9
  PPMAX :   275.074       19   27   30    PPMIN :  -293.570       20   26    9
  THPMAX:   15.7948       19   27   28    THPMIN:  -4.35767       16   20   23
  STHPMX:   1.18731       12   25    1    STHPMN:  0.122874       13   26    1
  MAXqv :  0.220098E-01   12   25    1    MINqv :  0.998722E-06   13    6   48
  MAXqc :  0.108585E-01   19   27   28    MINqc :   0.00000        1    1    1
  MAXqr :  0.259365E-03   19   27   27    MINqr :   0.00000        1    1    1
  MAXqi :  0.778174E-05   19   26   32    MINqi :   0.00000        1    1    1
  MAXqs :  0.103300E-04   19   26   31    MINqs :   0.00000        1    1    1
  MAXqg :  0.348252E-06   19   27   30    MINqg :   0.00000        1    1    1
  MAXqhl:   0.00000        1    1    1    MINqhl:   0.00000        1    1    1
  MAXccn:  0.173376E+10   23   27   25    MINccn:   0.00000       15   25    5
  MAXccw:  0.156802E+10   19   27   30    MINccw:   0.00000        1    1    1
  MAXcrw:   814507.       19   27   27    MINcrw:   0.00000        1    1    1
  MAXcci:  0.405790E+07   19   26   33    MINcci:   0.00000        1    1    1
  MAXcsw:   3711.92       19   26   31    MINcsw:   0.00000        1    1    1
  MAXchw:   33.7504       19   26   31    MINchw:   0.00000        1    1    1
  MAXchl:   0.00000        1    1    1    MINchl:   0.00000        1    1    1
  MAXvhw:  0.164504E-08   19   27   30    MINvhw:   0.00000        1    1    1
  MAXvhl:   0.00000        1    1    1    MINvhl:   0.00000        1    1    1
  TKEMAX:   139.364       19   27   30    TKEMIN:   0.00000        1    1    1
  KMHMAX:   1405.21       19   27   30    KMHMIN:   0.00000        1    1    1
  KMVMAX:   1405.21       19   27   30    KMVMIN:   0.00000        1    1    1
  KHHMAX:   4215.64       19   27   30    KHHMIN:   0.00000        1    1    1
  KHVMAX:   4215.64       19   27   30    KHVMIN:   0.00000        1    1    1
  DIVMAX:  0.332780E-03   20   28   31    DIVMIN: -0.462660E-03   20   28   29
  RHMAX :   1.01783       23   27    6    RHMIN :  0.612902E-03   23   28   24
  RHIMAX:   1.40383       19   26   32    RHIMIN:  0.659709E-03   23   28   24
  THEMAX:   372.887       12   25    1    THEMIN:   318.773       75   71   16
  STHEMX:   372.887       12   25    1    STHEMN:   358.762       17   17    1
  QCTOP :   9292.893555    1    1    1    QCBOT :    569.454773    1    1    1
  SFPMAX:   95270.4        2   75    1    SFPMIN:   94878.1       20   26    1
  PSFCMX:   96104.4        2   75    1    PSFCMN:   95709.4       20   26    1
  WSPMAX:   53.2034       20   27   35    WSPMIN:  0.640902       17   27    1
  SWSPMX:   16.7947       19   19    1    SWSPMN:  0.640902       17   27    1
  CFLMAX:      0.762742   19   27   26
  KSHMAX:  0.790433E-02   19   27   30
  KSVMAX:  0.229538       15   25   11
  VORSFC:  0.177439E-02
  VOR1KM:  0.651121E-02
  VOR2KM:  0.737527E-02
  VOR3KM:  0.781280E-02
  VOR4KM:  0.784539E-02
  VOR5KM:  0.587766E-02
  TMASS :  0.207380E+15
  TMOIS :  0.737704E+12
  qv MAS:  0.736144E+12
  qc MAS:  0.155283E+10
  qr MAS:  0.698299E+07
  qi MAS:  0.270095E+05
  qs MAS:  0.547242E+05
  qg MAS:  0.374965E+04
  qhlMAS:  0.000000E+00
  TENERG:  0.521610E+20
  TMU   :  0.526193E+16
  TMV   :  0.346540E+16
  TMW   :  0.660014E+13
  TMFU  :  0.399510E+11
  TMFD  : -0.232497E+11
  tcond :  0.000000E+00
  tevac :  0.000000E+00
  tauto :  0.000000E+00
  taccr :  0.000000E+00
  tevar :  0.000000E+00
  train :  0.148698E+05
  erain :  0.000000E+00
  qsfc  :  0.000000E+00
  esfc  :  0.000000E+00
  erad  :  0.000000E+00
  asqv  :  0.283571E+04
  asqc  :  0.514017E+07
  asqr  :  0.242973E+03
  asqi  :  0.420572E+01
  asqs  :  0.546895E+01
  asqg  :  0.370472E+00
  asqhl :  0.000000E+00
  asccn : -0.312808E+18
  asccw :  0.135303E+19
  ascrw :  0.841119E+12
  ascci :  0.263609E+12
  ascsw :  0.257819E+10
  aschw :  0.139235E+08
  aschl :  0.000000E+00
  asvhw :  0.229203E-02
  asvhl :  0.000000E+00
  bsqv  :  0.000000E+00
  bsqc  :  0.000000E+00
  bsqr  :  0.000000E+00
  bsqi  :  0.000000E+00
  bsqs  :  0.000000E+00
  bsqg  :  0.000000E+00
  bsqhl :  0.000000E+00
  bsccn :  0.000000E+00
  bsccw :  0.000000E+00
  bscrw :  0.000000E+00
  bscci :  0.000000E+00
  bscsw :  0.000000E+00
  bschw :  0.000000E+00
  bschl :  0.000000E+00
  bsvhw :  0.000000E+00
  bsvhl :  0.000000E+00
 cm1out_stats.nc                                                       
   nrec =           14
           104             13.000000 min 
           105             13.125000 min 
           106             13.250000 min 
           107             13.375000 min 
           108             13.500000 min 
           109             13.625000 min 
           110             13.750000 min 
           111             13.875000 min 
  WMAX  :   42.8702       20   27   30    WMIN  :  -11.1753       20   25   28
  UMAX  :   53.3971       22   27   35    UMIN  :  -10.7465       21   26    2
  SUMAX :   6.67962       16   26    1    SUMIN :  -10.6683       21   25    1
  VMAX  :   41.2943       20   29   33    VMIN  : -0.472037       19   30    8
  SVMAX :   16.5190       18   19    1    SVMIN :  0.200948       17   29    1
  PPIMAX:  0.250137E-02   20   27   34    PPIMIN: -0.116193E-02   21   28   26
  PPMAX :   352.510       20   27   33    PPMIN :  -296.016       20   26    9
  THPMAX:   19.9602       20   27   31    THPMIN:  -6.04175       20   27   35
  STHPMX:   1.21923       12   25    1    STHPMN:  0.188330       13   26    1
  MAXqv :  0.218704E-01   12   25    1    MINqv :  0.984114E-06   19   27   38
  MAXqc :  0.114341E-01   20   27   30    MINqc :   0.00000        1    1    1
  MAXqr :  0.549909E-03   20   27   30    MINqr :   0.00000        1    1    1
  MAXqi :  0.265130E-02   20   28   33    MINqi :   0.00000        1    1    1
  MAXqs :  0.147917E-03   20   27   33    MINqs :   0.00000        1    1    1
  MAXqg :  0.324331E-04   20   28   31    MINqg :   0.00000        1    1    1
  MAXqhl:   0.00000        1    1    1    MINqhl:   0.00000        1    1    1
  MAXccn:  0.171927E+10   24   28   27    MINccn:   0.00000       15   21    7
  MAXccw:  0.148857E+10   27   27   30    MINccw:   0.00000        1    1    1
  MAXcrw:  0.143915E+07   20   27   30    MINcrw:   0.00000        1    1    1
  MAXcci:  0.612646E+09   21   27   33    MINcci:   0.00000        1    1    1
  MAXcsw:   165849.       19   27   33    MINcsw:   0.00000        1    1    1
  MAXchw:   2562.92       20   27   33    MINchw:   0.00000        1    1    1
  MAXchl:   0.00000        1    1    1    MINchl:   0.00000        1    1    1
  MAXvhw:  0.106247E-06   20   27   32    MINvhw:   0.00000        1    1    1
  MAXvhl:   0.00000        1    1    1    MINvhl:   0.00000        1    1    1
  TKEMAX:   160.125       20   27   33    TKEMIN:   0.00000        1    1    1
  KMHMAX:   1561.15       20   27   33    KMHMIN:   0.00000        1    1    1
  KMVMAX:   1561.15       20   27   33    KMVMIN:   0.00000        1    1    1
  KHHMAX:   4683.44       20   27   33    KHHMIN:   0.00000        1    1    1
  KHVMAX:   4683.44       20   27   33    KHVMIN:   0.00000        1    1    1
  DIVMAX:  0.342884E-03   27   27   30    DIVMIN: -0.370505E-03   19   21   22
  RHMAX :   1.00408       20   29   17    RHMIN :  0.270939E-02   73   67   34
  RHIMAX:   1.39661       22   27   32    RHIMIN:  0.337891E-02   24   28   28
  THEMAX:   372.482       12   25    1    THEMIN:   318.777       75   70   16
  STHEMX:   372.482       12   25    1    STHEMN:   358.652       18   18    1
  QCTOP :  10813.203125    1    1    1    QCBOT :    569.454773    1    1    1
  SFPMAX:   95326.1        2    1    1    SFPMIN:   94886.9       20   26    1
  PSFCMX:   96160.4        3    2    1    PSFCMN:   95718.3       20   26    1
  WSPMAX:   56.6764       21   28   35    WSPMIN:   1.11308       17   29    1
  SWSPMX:   17.2841       19   19    1    SWSPMN:   1.11308       17   29    1
  CFLMAX:      0.771971   20   27   29
  KSHMAX:  0.878146E-02   20   27   33
  KSVMAX:  0.240971       16   25   11
  VORSFC:  0.176185E-02
  VOR1KM:  0.710382E-02
  VOR2KM:  0.796407E-02
  VOR3KM:  0.929730E-02
  VOR4KM:  0.843658E-02
  VOR5KM:  0.804231E-02
  TMASS :  0.207380E+15
  TMOIS :  0.737750E+12
  qv MAS:  0.735782E+12
  qc MAS:  0.192219E+10
  qr MAS:  0.177287E+08
  qi MAS:  0.258008E+08
  qs MAS:  0.156677E+07
  qg MAS:  0.353766E+06
  qhlMAS:  0.000000E+00
  TENERG:  0.521611E+20
  TMU   :  0.526185E+16
  TMV   :  0.346259E+16
  TMW   : -0.466596E+13
  TMFU  :  0.334514E+11
  TMFD  : -0.440589E+11
  tcond :  0.000000E+00
  tevac :  0.000000E+00
  tauto :  0.000000E+00
  taccr :  0.000000E+00
  tevar :  0.000000E+00
  train :  0.151688E+05
  erain :  0.000000E+00
  qsfc  :  0.000000E+00
  esfc  :  0.000000E+00
  erad  :  0.000000E+00
  asqv  :  0.283571E+04
  asqc  :  0.689960E+07
  asqr  :  0.121547E+04
  asqi  :  0.637384E+04
  asqs  :  0.927942E+02
  asqg  :  0.105795E+02
  asqhl :  0.000000E+00
  asccn : -0.350894E+18
  asccw :  0.162184E+19
  ascrw :  0.398170E+13
  ascci :  0.322939E+16
  ascsw :  0.528850E+11
  aschw :  0.100564E+10
  aschl :  0.000000E+00
  asvhw :  0.111533E+00
  asvhl :  0.000000E+00
  bsqv  :  0.000000E+00
  bsqc  :  0.000000E+00
  bsqr  :  0.000000E+00
  bsqi  :  0.000000E+00
  bsqs  :  0.000000E+00
  bsqg  :  0.000000E+00
  bsqhl :  0.000000E+00
  bsccn :  0.000000E+00
  bsccw :  0.000000E+00
  bscrw :  0.000000E+00
  bscci :  0.000000E+00
  bscsw :  0.000000E+00
  bschw :  0.000000E+00
  bschl :  0.000000E+00
  bsvhw :  0.000000E+00
  bsvhl :  0.000000E+00
 cm1out_stats.nc                                                       
   nrec =           15
           112             14.000000 min 
           113             14.125000 min 
           114             14.250000 min 
           115             14.375000 min 
           116             14.500000 min 
           117             14.625000 min 
           118             14.750000 min 
           119             14.875000 min 
   dowrite =  T
   Getting dbz ... 
  WMAX  :   50.4260       21   28   33    WMIN  :  -14.2887       21   25   26
  UMAX  :   59.1508       23   28   35    UMIN  :  -10.7938       21   26    1
  SUMAX :   7.71419       16   27    1    SUMIN :  -10.7938       21   26    1
  VMAX  :   44.1955       20   30   33    VMIN  :  -2.41502       21   27   36
  SVMAX :   16.9669       19   20    1    SVMIN : -0.202723       18   30    1
  PPIMAX:  0.305176E-02   20   28   36    PPIMIN: -0.162446E-02   22   28   29
  PPMAX :   382.369       20   28   36    PPMIN :  -318.812       20   26    8
  THPMAX:   23.1081       21   28   33    THPMIN:  -6.76297       21   27   39
  STHPMX:   1.22112       12   25    1    STHPMN:  0.245642       18   27    1
  MAXqv :  0.217343E-01   12   25    1    MINqv :  0.197004E-06   25   26   34
  MAXqc :  0.120170E-01   21   28   32    MINqc :   0.00000        1    1    1
  MAXqr :  0.724684E-03   21   28   32    MINqr :   0.00000        1    1    1
  MAXqi :  0.992319E-02   20   28   35    MINqi :   0.00000        1    1    1
  MAXqs :  0.572918E-03   20   28   34    MINqs :   0.00000        1    1    1
  MAXqg :  0.679500E-03   21   28   34    MINqg :   0.00000        1    1    1
  MAXqhl:   0.00000        1    1    1    MINqhl:   0.00000        1    1    1
  MAXccn:  0.170073E+10   25   28   31    MINccn:   0.00000       12   20    6
  MAXccw:  0.143470E+10   18   28   27    MINccw:   0.00000        1    1    1
  MAXcrw:  0.201476E+07   21   28   32    MINcrw:   0.00000        1    1    1
  MAXcci:  0.778082E+09   27   27   33    MINcci:   0.00000        1    1    1
  MAXcsw:   348263.       22   28   34    MINcsw:   0.00000        1    1    1
  MAXchw:   16473.3       21   28   35    MINchw:   0.00000        1    1    1
  MAXchl:   0.00000        1    1    1    MINchl:   0.00000        1    1    1
  MAXvhw:  0.181894E-05   21   28   34    MINvhw:   0.00000        1    1    1
  MAXvhl:   0.00000        1    1    1    MINvhl:   0.00000        1    1    1
  TKEMAX:   210.730       21   28   36    TKEMIN:   0.00000        1    1    1
  KMHMAX:   1855.94       21   28   36    KMHMIN:   0.00000        1    1    1
  KMVMAX:   1855.94       21   28   36    KMVMIN:   0.00000        1    1    1
  KHHMAX:   5567.82       21   28   36    KHHMIN:   0.00000        1    1    1
  KHVMAX:   5567.82       21   28   36    KHVMIN:   0.00000        1    1    1
  DIVMAX:  0.327291E-03   19   22   20    DIVMIN: -0.446117E-03   21   28   34
  RHMAX :   1.00744       29   27   19    RHMIN :  0.511525E-03   25   26   34
  RHIMAX:   1.39874       29   27   32    RHIMIN:  0.776749E-03   25   26   34
  THEMAX:   372.054       12   25    1    THEMIN:   318.783       75   70   16
  STHEMX:   372.054       12   25    1    STHEMN:   358.559       17   18    1
  QCTOP :  12503.199219    1    1    1    QCBOT :    569.454773    1    1    1
  SFPMAX:   95250.7       75    1    1    SFPMIN:   94855.5       21   26    1
  PSFCMX:   96084.5       75    1    1    PSFCMN:   95686.7       21   26    1
  WSPMAX:   62.5824       22   29   35    WSPMIN:  0.629958       18   30    1
  SWSPMX:   17.6994       20   20    1    SWSPMN:  0.629958       18   30    1
  CFLMAX:      0.836262   20   28   30
  KSHMAX:  0.104397E-01   21   28   36
  KSVMAX:  0.247009       18   25    8
  VORSFC:  0.163169E-02
  VOR1KM:  0.640213E-02
  VOR2KM:  0.929684E-02
  VOR3KM:  0.921382E-02
  VOR4KM:  0.103567E-01
  VOR5KM:  0.101497E-01
  TMASS :  0.207380E+15
  TMOIS :  0.737803E+12
  qv MAS:  0.735295E+12
  qc MAS:  0.226692E+10
  qr MAS:  0.303081E+08
  qi MAS:  0.187282E+09
  qs MAS:  0.117085E+08
  qg MAS:  0.114148E+08
  qhlMAS:  0.000000E+00
  TENERG:  0.521613E+20
  TMU   :  0.526245E+16
  TMV   :  0.346101E+16
  TMW   :  0.712088E+13
  TMFU  :  0.489610E+11
  TMFD  : -0.326979E+11
  tcond :  0.000000E+00
  tevac :  0.000000E+00
  tauto :  0.000000E+00
  taccr :  0.000000E+00
  tevar :  0.000000E+00
  train :  0.153493E+05
  erain :  0.000000E+00
  qsfc  :  0.000000E+00
  esfc  :  0.000000E+00
  erad  :  0.000000E+00
  asqv  :  0.283571E+04
  asqc  :  0.917526E+07
  asqr  :  0.619693E+04
  asqi  :  0.391266E+05
  asqs  : -0.176909E+03
  asqg  :  0.168808E+03
  asqhl :  0.000000E+00
  asccn : -0.370403E+18
  asccw :  0.188723E+19
  ascrw :  0.197517E+14
  ascci :  0.976521E+16
  ascsw :  0.183298E+12
  aschw :  0.689294E+10
  aschl :  0.000000E+00
  asvhw :  0.136106E+01
  asvhl :  0.000000E+00
  bsqv  :  0.000000E+00
  bsqc  :  0.000000E+00
  bsqr  :  0.000000E+00
  bsqi  :  0.000000E+00
  bsqs  :  0.000000E+00
  bsqg  :  0.000000E+00
  bsqhl :  0.000000E+00
  bsccn :  0.000000E+00
  bsccw :  0.000000E+00
  bscrw :  0.000000E+00
  bscci :  0.000000E+00
  bscsw :  0.000000E+00
  bschw :  0.000000E+00
  bschl :  0.000000E+00
  bsvhw :  0.000000E+00
  bsvhl :  0.000000E+00
 cm1out_stats.nc                                                       
   nrec =           16
           120             15.000000 min 
   nwrite =            2
 cm1out.nc                                                             
     2d vars 
     s vars 
     u vars 
     v vars 
     w vars 

 Done Writing Data to File 

   string = cm1out_rst_000003.nc                                                  
  USING COMPRESSED netCDF4 
   leaving restart_prelim 
           121             15.125000 min 
           122             15.250000 min 
           123             15.375000 min 
           124             15.500000 min 
           125             15.625000 min 
           126             15.750000 min 
           127             15.875000 min 
  WMAX  :   54.0079       21   28   36    WMIN  :  -13.4958       21   25   24
  UMAX  :   63.7657       24   28   38    UMIN  :  -10.4151       21   26    1
  SUMAX :   8.37547       16   27    1    SUMIN :  -10.4151       21   26    1
  VMAX  :   42.0028       20   31   32    VMIN  :  -12.8890       22   27   38
  SVMAX :   17.3575       19   20    1    SVMIN : -0.883638       18   31    1
  PPIMAX:  0.357604E-02   22   28   39    PPIMIN: -0.179696E-02   23   29   31
  PPMAX :   371.770       22   28   39    PPMIN :  -324.508       19   30   14
  THPMAX:   20.4412       20   28   33    THPMIN:  -9.96988       21   27   40
  STHPMX:   1.19885       12   25    1    STHPMN:  0.256834       18   28    1
  MAXqv :  0.216085E-01   12   26    1    MINqv :  0.261713E-06   26   26   35
  MAXqc :  0.112594E-01   20   28   30    MINqc :   0.00000        1    1    1
  MAXqr :  0.707861E-03   21   28   31    MINqr :   0.00000        1    1    1
  MAXqi :  0.120768E-01   22   28   35    MINqi :   0.00000        1    1    1
  MAXqs :  0.102648E-02   22   28   37    MINqs :   0.00000        1    1    1
  MAXqg :  0.228557E-02   22   29   35    MINqg :   0.00000        1    1    1
  MAXqhl:   0.00000        1    1    1    MINqhl:   0.00000        1    1    1
  MAXccn:  0.167976E+10   26   29   33    MINccn:   0.00000       17   26    5
  MAXccw:  0.140974E+10   18   23    7    MINccw:   0.00000        1    1    1
  MAXcrw:  0.191265E+07   21   28   32    MINcrw:   0.00000        1    1    1
  MAXcci:  0.653311E+09   22   28   35    MINcci:   0.00000        1    1    1
  MAXcsw:   696546.       21   28   35    MINcsw:   0.00000        1    1    1
  MAXchw:   34609.1       22   28   37    MINchw:   0.00000        1    1    1
  MAXchl:   0.00000        1    1    1    MINchl:   0.00000        1    1    1
  MAXvhw:  0.683308E-05   22   29   35    MINvhw:   0.00000        1    1    1
  MAXvhl:   0.00000        1    1    1    MINvhl:   0.00000        1    1    1
  TKEMAX:   195.855       22   28   40    TKEMIN:   0.00000        1    1    1
  KMHMAX:   1868.36       22   28   40    KMHMIN:   0.00000        1    1    1
  KMVMAX:   1868.36       22   28   40    KMVMIN:   0.00000        1    1    1
  KHHMAX:   5605.08       22   28   40    KHHMIN:   0.00000        1    1    1
  KHVMAX:   5605.08       22   28   40    KHVMIN:   0.00000        1    1    1
  DIVMAX:  0.805367E-03   22   28   35    DIVMIN: -0.530743E-03   22   28   34
  RHMAX :   1.00594       21   30   20    RHMIN :  0.841247E-03   26   26   35
  RHIMAX:   1.39632       19   29   33    RHIMIN:  0.131359E-02   26   26   35
  THEMAX:   371.598       12   25    1    THEMIN:   318.788       75   69   16
  STHEMX:   371.598       12   25    1    STHEMN:   358.472       17   18    1
  QCTOP :  14300.000000    1    1    1    QCBOT :    569.454773    1    1    1
  SFPMAX:   95276.1        7    3    1    SFPMIN:   94879.3       20   30    1
  PSFCMX:   96110.0        7    3    1    PSFCMN:   95710.6       20   30    1
  WSPMAX:   65.3438       23   29   37    WSPMIN:  0.679808       18   31    1
  SWSPMX:   18.0756       20   20    1    SWSPMN:  0.679808       18   31    1
  CFLMAX:      0.824079   21   28   33
  KSHMAX:  0.105095E-01   22   28   40
  KSVMAX:  0.305742       19   25    8
  VORSFC:  0.175860E-02
  VOR1KM:  0.781069E-02
  VOR2KM:  0.112116E-01
  VOR3KM:  0.117808E-01
  VOR4KM:  0.112421E-01
  VOR5KM:  0.995424E-02
  TMASS :  0.207380E+15
  TMOIS :  0.737863E+12
  qv MAS:  0.734752E+12
  qc MAS:  0.239883E+10
  qr MAS:  0.379337E+08
  qi MAS:  0.572021E+09
  qs MAS:  0.390076E+08
  qg MAS:  0.632903E+08
  qhlMAS:  0.000000E+00
  TENERG:  0.521614E+20
  TMU   :  0.526250E+16
  TMV   :  0.345831E+16
  TMW   : -0.595840E+13
  TMFU  :  0.437760E+11
  TMFD  : -0.592518E+11
  tcond :  0.000000E+00
  tevac :  0.000000E+00
  tauto :  0.000000E+00
  taccr :  0.000000E+00
  tevar :  0.000000E+00
  train :  0.154631E+05
  erain :  0.000000E+00
  qsfc  :  0.000000E+00
  esfc  :  0.000000E+00
  erad  :  0.000000E+00
  asqv  :  0.301879E+04
  asqc  :  0.122086E+08
  asqr  :  0.131475E+05
  asqi  :  0.104090E+06
  asqs  : -0.137328E+04
  asqg  :  0.156749E+04
  asqhl :  0.000000E+00
  asccn : -0.373357E+18
  asccw :  0.215089E+19
  ascrw :  0.438454E+14
  ascci :  0.190940E+17
  ascsw :  0.740761E+12
  aschw :  0.483822E+11
  aschl :  0.000000E+00
  asvhw :  0.645719E+01
  asvhl :  0.000000E+00
  bsqv  :  0.000000E+00
  bsqc  :  0.000000E+00
  bsqr  :  0.000000E+00
  bsqi  :  0.000000E+00
  bsqs  :  0.000000E+00
  bsqg  :  0.000000E+00
  bsqhl :  0.000000E+00
  bsccn :  0.000000E+00
  bsccw :  0.000000E+00
  bscrw :  0.000000E+00
  bscci :  0.000000E+00
  bscsw :  0.000000E+00
  bschw :  0.000000E+00
  bschl :  0.000000E+00
  bsvhw :  0.000000E+00
  bsvhl :  0.000000E+00
 cm1out_stats.nc                                                       
   nrec =           17
           128             16.000000 min 
           129             16.125000 min 
           130             16.250000 min 
           131             16.375000 min 
           132             16.500000 min 
           133             16.625000 min 
           134             16.750000 min 
           135             16.875000 min 
  WMAX  :   56.8060       21   29   36    WMIN  :  -15.6329       23   26   35
  UMAX  :   66.9508       25   29   39    UMIN  :  -10.0427       22   27    1
  SUMAX :   9.33781       17   28    1    SUMIN :  -10.0427       22   27    1
  VMAX  :   43.3960       23   31   39    VMIN  :  -18.7391       23   28   42
  SVMAX :   17.6210       19   20    1    SVMIN :  -1.23978       19   32    1
  PPIMAX:  0.395733E-02   23   29   42    PPIMIN: -0.154173E-02   21   30   26
  PPMAX :   340.035       21   29   39    PPMIN :  -400.914       20   30   15
  THPMAX:   20.6119       21   29   36    THPMIN:  -22.6037       22   28   44
  STHPMX:   1.22657       12   26    1    STHPMN:  0.262820       18   28    1
  MAXqv :  0.215103E-01   12   26    1    MINqv :  0.190950E-06   27   26   36
  MAXqc :  0.117496E-01   20   29   30    MINqc :   0.00000        1    1    1
  MAXqr :  0.924859E-03   21   29   31    MINqr :   0.00000        1    1    1
  MAXqi :  0.115461E-01   21   29   35    MINqi :   0.00000        1    1    1
  MAXqs :  0.131516E-02   21   29   35    MINqs :   0.00000        1    1    1
  MAXqg :  0.269939E-02   21   29   35    MINqg :   0.00000        1    1    1
  MAXqhl:   0.00000        1    1    1    MINqhl:   0.00000        1    1    1
  MAXccn:  0.170253E+10   21   25   26    MINccn:   0.00000       13   25    6
  MAXccw:  0.158596E+10   19   23    7    MINccw:   0.00000        1    1    1
  MAXcrw:  0.194104E+07   21   29   32    MINcrw:   0.00000        1    1    1
  MAXcci:  0.574536E+09   20   28   35    MINcci:   0.00000        1    1    1
  MAXcsw:  0.113356E+07   22   29   35    MINcsw:   0.00000        1    1    1
  MAXchw:   38246.9       21   29   35    MINchw:   0.00000        1    1    1
  MAXchl:   0.00000        1    1    1    MINchl:   0.00000        1    1    1
  MAXvhw:  0.698579E-05   21   29   35    MINvhw:   0.00000        1    1    1
  MAXvhl:   0.00000        1    1    1    MINvhl:   0.00000        1    1    1
  TKEMAX:   218.843       23   29   42    TKEMIN:   0.00000        1    1    1
  KMHMAX:   1978.83       23   29   42    KMHMIN:   0.00000        1    1    1
  KMVMAX:   1978.83       23   29   42    KMVMIN:   0.00000        1    1    1
  KHHMAX:   5936.49       23   29   42    KHHMIN:   0.00000        1    1    1
  KHVMAX:   5936.49       23   29   42    KHVMIN:   0.00000        1    1    1
  DIVMAX:  0.439982E-03   19   30    1    DIVMIN: -0.480181E-03   22   28   38
  RHMAX :   1.00908       24   29   26    RHMIN :  0.863105E-03   27   26   36
  RHIMAX:   1.40333       19   28   33    RHIMIN:  0.140149E-02   27   26   36
  THEMAX:   371.352       12   26    1    THEMIN:   318.794       72   70   16
  STHEMX:   371.352       12   26    1    STHEMN:   358.402       17   18    1
  QCTOP :  16100.000000    1    1    1    QCBOT :    569.454773    1    1    1
  SFPMAX:   95261.8        5   75    1    SFPMIN:   94856.1       21   27    1
  PSFCMX:   96095.6        5   75    1    PSFCMN:   95687.1       21   27    1
  WSPMAX:   67.7254       24   30   39    WSPMIN:  0.636431       19   32    1
  SWSPMX:   18.3719       21   21    1    SWSPMN:  0.636431       19   32    1
  CFLMAX:      0.844434   21   29   33
  KSHMAX:  0.111309E-01   23   29   42
  KSVMAX:  0.304043       19   25    8
  VORSFC:  0.200028E-02
  VOR1KM:  0.779546E-02
  VOR2KM:  0.112752E-01
  VOR3KM:  0.109555E-01
  VOR4KM:  0.131153E-01
  VOR5KM:  0.133069E-01
  TMASS :  0.207380E+15
  TMOIS :  0.737933E+12
  qv MAS:  0.734083E+12
  qc MAS:  0.242357E+10
  qr MAS:  0.424346E+08
  qi MAS:  0.115807E+10
  qs MAS:  0.807066E+08
  qg MAS:  0.144936E+09
  qhlMAS:  0.000000E+00
  TENERG:  0.521616E+20
  TMU   :  0.526280E+16
  TMV   :  0.345665E+16
  TMW   :  0.767230E+13
  TMFU  :  0.619392E+11
  TMFD  : -0.453251E+11
  tcond :  0.000000E+00
  tevac :  0.000000E+00
  tauto :  0.000000E+00
  taccr :  0.000000E+00
  tevar :  0.000000E+00
  train :  0.155387E+05
  erain :  0.000000E+00
  qsfc  :  0.000000E+00
  esfc  :  0.000000E+00
  erad  :  0.000000E+00
  asqv  :  0.301879E+04
  asqc  :  0.172215E+08
  asqr  :  0.240085E+05
  asqi  :  0.148270E+06
  asqs  : -0.616899E+03
  asqg  :  0.424525E+04
  asqhl :  0.000000E+00
  asccn : -0.326934E+18
  asccw :  0.244961E+19
  ascrw :  0.838913E+14
  ascci :  0.248016E+17
  ascsw :  0.933478E+12
  aschw :  0.101805E+12
  aschl :  0.000000E+00
  asvhw :  0.157334E+02
  asvhl :  0.000000E+00
  bsqv  :  0.000000E+00
  bsqc  :  0.000000E+00
  bsqr  :  0.000000E+00
  bsqi  :  0.000000E+00
  bsqs  :  0.000000E+00
  bsqg  :  0.000000E+00
  bsqhl :  0.000000E+00
  bsccn :  0.000000E+00
  bsccw :  0.000000E+00
  bscrw :  0.000000E+00
  bscci :  0.000000E+00
  bscsw :  0.000000E+00
  bschw :  0.000000E+00
  bschl :  0.000000E+00
  bsvhw :  0.000000E+00
  bsvhl :  0.000000E+00
 cm1out_stats.nc                                                       
   nrec =           18
           136             17.000000 min 
           137             17.125000 min 
           138             17.250000 min 
           139             17.375000 min 
           140             17.500000 min 
           141             17.625000 min 
           142             17.750000 min 
           143             17.875000 min 
  WMAX  :   58.9707       22   29   39    WMIN  :  -16.6172       24   26   38
  UMAX  :   67.0723       25   29   43    UMIN  :  -10.1716       22   27    1
  SUMAX :   10.1098       17   28    1    SUMIN :  -10.1716       22   27    1
  VMAX  :   43.3069       23   32   41    VMIN  :  -29.1085       24   28   43
  SVMAX :   17.9590       19   20    1    SVMIN :  -1.66011       19   32    1
  PPIMAX:  0.378448E-02   22   29   42    PPIMIN: -0.159818E-02   20   31   18
  PPMAX :   319.713       22   29   42    PPMIN :  -397.648       20   31   18
  THPMAX:   19.3063       21   29   36    THPMIN:  -35.7929       23   29   45
  STHPMX:   1.24260       12   26    1    STHPMN:  0.268462       18   28    1
  MAXqv :  0.214198E-01   13   25    1    MINqv :  0.221345E-06   28   26   36
  MAXqc :  0.105712E-01   21   29   32    MINqc :   0.00000        1    1    1
  MAXqr :  0.176323E-02   22   29   31    MINqr :   0.00000        1    1    1
  MAXqi :  0.117871E-01   22   28   35    MINqi :   0.00000        1    1    1
  MAXqs :  0.191757E-02   22   29   36    MINqs :   0.00000        1    1    1
  MAXqg :  0.272931E-02   21   30   35    MINqg :   0.00000        1    1    1
  MAXqhl:   0.00000        1    1    1    MINqhl:   0.00000        1    1    1
  MAXccn:  0.167500E+10   20   26   25    MINccn:   0.00000       10   22    5
  MAXccw:  0.146734E+10   19   30    6    MINccw:   0.00000        1    1    1
  MAXcrw:  0.266064E+07   22   29   31    MINcrw:   0.00000        1    1    1
  MAXcci:  0.535534E+09   22   28   35    MINcci:   0.00000        1    1    1
  MAXcsw:  0.120018E+07   22   29   36    MINcsw:   0.00000        1    1    1
  MAXchw:   46921.5       22   29   35    MINchw:   0.00000        1    1    1
  MAXchl:   0.00000        1    1    1    MINchl:   0.00000        1    1    1
  MAXvhw:  0.784384E-05   22   30   36    MINvhw:   0.00000        1    1    1
  MAXvhl:   0.00000        1    1    1    MINvhl:   0.00000        1    1    1
  TKEMAX:   169.150       21   29   42    TKEMIN:   0.00000        1    1    1
  KMHMAX:   1739.72       21   29   42    KMHMIN:   0.00000        1    1    1
  KMVMAX:   1739.72       21   29   42    KMVMIN:   0.00000        1    1    1
  KHHMAX:   5219.16       21   29   42    KHHMIN:   0.00000        1    1    1
  KHVMAX:   5219.16       21   29   42    KHVMIN:   0.00000        1    1    1
  DIVMAX:  0.389277E-03   19   30   14    DIVMIN: -0.560986E-03   22   30   39
  RHMAX :   1.01517       27   30    7    RHMIN :  0.714181E-03   28   26   35
  RHIMAX:   1.40344       24   30   33    RHIMIN:  0.110948E-02   28   26   35
  THEMAX:   371.070       12   26    1    THEMIN:   318.800       70   71   16
  STHEMX:   371.070       12   26    1    STHEMN:   358.333       17   19    1
  QCTOP :  17300.000000    1    1    1    QCBOT :    745.283569    1    1    1
  SFPMAX:   95240.0        2   30    1    SFPMIN:   94874.3       21   31    1
  PSFCMX:   96073.6        2   30    1    PSFCMN:   95705.7       21   31    1
  WSPMAX:   66.8326       25   29   43    WSPMIN:  0.299527       19   33    1
  SWSPMX:   18.5500       21   21    1    SWSPMN:  0.299527       19   33    1
  CFLMAX:      0.824475   21   29   33
  KSHMAX:  0.978592E-02   21   29   42
  KSVMAX:  0.351539       20   26    8
  VORSFC:  0.212425E-02
  VOR1KM:  0.772939E-02
  VOR2KM:  0.117791E-01
  VOR3KM:  0.138601E-01
  VOR4KM:  0.133683E-01
  VOR5KM:  0.127270E-01
  TMASS :  0.207380E+15
  TMOIS :  0.738005E+12
  qv MAS:  0.733423E+12
  qc MAS:  0.237490E+10
  qr MAS:  0.513873E+08
  qi MAS:  0.177327E+10
  qs MAS:  0.134958E+09
  qg MAS:  0.248195E+09
  qhlMAS:  0.000000E+00
  TENERG:  0.521617E+20
  TMU   :  0.526262E+16
  TMV   :  0.345440E+16
  TMW   : -0.676382E+13
  TMFU  :  0.565859E+11
  TMFD  : -0.749711E+11
  tcond :  0.000000E+00
  tevac :  0.000000E+00
  tauto :  0.000000E+00
  taccr :  0.000000E+00
  tevar :  0.000000E+00
  train :  0.155915E+05
  erain :  0.000000E+00
  qsfc  :  0.000000E+00
  esfc  :  0.000000E+00
  erad  :  0.000000E+00
  asqv  :  0.301879E+04
  asqc  :  0.217685E+08
  asqr  :  0.381733E+05
  asqi  :  0.218035E+06
  asqs  : -0.355061E+03
  asqg  :  0.739518E+04
  asqhl :  0.000000E+00
  asccn : -0.234533E+18
  asccw :  0.276234E+19
  ascrw :  0.118772E+15
  ascci :  0.279683E+17
  ascsw :  0.818325E+12
  aschw :  0.149401E+12
  aschl :  0.000000E+00
  asvhw :  0.263131E+02
  asvhl :  0.000000E+00
  bsqv  :  0.000000E+00
  bsqc  :  0.000000E+00
  bsqr  :  0.000000E+00
  bsqi  :  0.000000E+00
  bsqs  :  0.000000E+00
  bsqg  :  0.000000E+00
  bsqhl :  0.000000E+00
  bsccn :  0.000000E+00
  bsccw :  0.000000E+00
  bscrw :  0.000000E+00
  bscci :  0.000000E+00
  bscsw :  0.000000E+00
  bschw :  0.000000E+00
  bschl :  0.000000E+00
  bsvhw :  0.000000E+00
  bsvhl :  0.000000E+00
 cm1out_stats.nc                                                       
   nrec =           19
           144             18.000000 min 
           145             18.125000 min 
           146             18.250000 min 
           147             18.375000 min 
           148             18.500000 min 
           149             18.625000 min 
           150             18.750000 min 
           151             18.875000 min 
  WMAX  :   59.1504       22   30   39    WMIN  :  -18.1569       25   27   43
  UMAX  :   70.6497       26   30   44    UMIN  :  -10.7015       21   29   42
  SUMAX :   10.3000       17   28    1    SUMIN :  -10.3851       23   27    1
  VMAX  :   47.3284       24   32   44    VMIN  :  -37.7344       24   28   44
  SVMAX :   18.1143       19   20    1    SVMIN :  -1.87414       20   33    1
  PPIMAX:  0.358939E-02   23   30   43    PPIMIN: -0.165570E-02   21   31   16
  PPMAX :   301.936       22   30   41    PPMIN :  -434.539       21   31   14
  THPMAX:   19.2283       21   30   33    THPMIN:  -48.7000       24   30   46
  STHPMX:   1.23212       12   26    1    STHPMN:  0.272192       18   29    1
  MAXqv :  0.213402E-01   12   25    1    MINqv :  0.135468E-06   22   25   35
  MAXqc :  0.106140E-01   21   30   31    MINqc :   0.00000        1    1    1
  MAXqr :  0.196653E-02   22   30   31    MINqr :   0.00000        1    1    1
  MAXqi :  0.109101E-01   21   30   35    MINqi :   0.00000        1    1    1
  MAXqs :  0.290686E-02   22   29   35    MINqs :   0.00000        1    1    1
  MAXqg :  0.388267E-02   22   30   35    MINqg :   0.00000        1    1    1
  MAXqhl:   0.00000        1    1    1    MINqhl:   0.00000        1    1    1
  MAXccn:  0.170702E+10   23   26   30    MINccn:   0.00000       13   22    6
  MAXccw:  0.150077E+10   21   31    8    MINccw:   0.00000        1    1    1
  MAXcrw:  0.268005E+07   22   30   32    MINcrw:   0.00000        1    1    1
  MAXcci:  0.541963E+09   22   23   33    MINcci:   0.00000        1    1    1
  MAXcsw:  0.149840E+07   22   29   37    MINcsw:   0.00000        1    1    1
  MAXchw:   78850.4       22   30   35    MINchw:   0.00000        1    1    1
  MAXchl:   0.00000        1    1    1    MINchl:   0.00000        1    1    1
  MAXvhw:  0.102194E-04   22   30   35    MINvhw:   0.00000        1    1    1
  MAXvhl:   0.00000        1    1    1    MINvhl:   0.00000        1    1    1
  TKEMAX:   182.839       24   28   45    TKEMIN:   0.00000        1    1    1
  KMHMAX:   1809.10       24   28   45    KMHMIN:   0.00000        1    1    1
  KMVMAX:   1809.10       24   28   45    KMVMIN:   0.00000        1    1    1
  KHHMAX:   5427.29       24   28   45    KHHMIN:   0.00000        1    1    1
  KHVMAX:   5427.29       24   28   45    KHVMIN:   0.00000        1    1    1
  DIVMAX:  0.470084E-03   20   31   13    DIVMIN: -0.507920E-03   22   30   39
  RHMAX :   1.00805       28   31    6    RHMIN :  0.400875E-03   22   25   35
  RHIMAX:   1.81440       26   27   40    RHIMIN:  0.620969E-03   22   25   35
  THEMAX:   370.816       12   26    1    THEMIN:   318.803       71   71   16
  STHEMX:   370.816       12   26    1    STHEMN:   358.274       17   19    1
  QCTOP :  17900.000000    1    1    1    QCBOT :    745.283569    1    1    1
  SFPMAX:   95260.4        1   75    1    SFPMIN:   94847.5       22   28    1
  PSFCMX:   96094.2        1   75    1    PSFCMN:   95678.5       22   28    1
  WSPMAX:   69.4159       26   30   44    WSPMIN:  0.453196       20   34    1
  SWSPMX:   18.7060       23   22    1    SWSPMN:  0.453196       20   34    1
  CFLMAX:      0.791638   21   30   32
  KSHMAX:  0.101762E-01   24   28   45
  KSVMAX:  0.351229       22   26    8
  VORSFC:  0.206484E-02
  VOR1KM:  0.692427E-02
  VOR2KM:  0.119324E-01
  VOR3KM:  0.118069E-01
  VOR4KM:  0.142116E-01
  VOR5KM:  0.153379E-01
  TMASS :  0.207380E+15
  TMOIS :  0.738080E+12
  qv MAS:  0.732721E+12
  qc MAS:  0.234089E+10
  qr MAS:  0.525141E+08
  qi MAS:  0.238217E+10
  qs MAS:  0.209146E+09
  qg MAS:  0.374526E+09
  qhlMAS:  0.000000E+00
  TENERG:  0.521618E+20
  TMU   :  0.526271E+16
  TMV   :  0.345275E+16
  TMW   :  0.831214E+13
  TMFU  :  0.725466E+11
  TMFD  : -0.544421E+11
  tcond :  0.000000E+00
  tevac :  0.000000E+00
  tauto :  0.000000E+00
  taccr :  0.000000E+00
  tevar :  0.000000E+00
  train :  0.156296E+05
  erain :  0.000000E+00
  qsfc  :  0.000000E+00
  esfc  :  0.000000E+00
  erad  :  0.000000E+00
  asqv  :  0.306054E+04
  asqc  :  0.266525E+08
  asqr  :  0.563939E+05
  asqi  :  0.280038E+06
  asqs  :  0.530011E+03
  asqg  :  0.958823E+04
  asqhl :  0.000000E+00
  asccn : -0.179945E+18
  asccw :  0.307420E+19
  ascrw :  0.151181E+15
  ascci :  0.311332E+17
  ascsw : -0.127210E+13
  aschw :  0.178619E+12
  aschl :  0.000000E+00
  asvhw :  0.339339E+02
  asvhl :  0.000000E+00
  bsqv  :  0.000000E+00
  bsqc  :  0.000000E+00
  bsqr  :  0.000000E+00
  bsqi  :  0.000000E+00
  bsqs  :  0.000000E+00
  bsqg  :  0.000000E+00
  bsqhl :  0.000000E+00
  bsccn :  0.000000E+00
  bsccw :  0.000000E+00
  bscrw :  0.000000E+00
  bscci :  0.000000E+00
  bscsw :  0.000000E+00
  bschw :  0.000000E+00
  bschl :  0.000000E+00
  bsvhw :  0.000000E+00
  bsvhl :  0.000000E+00
 cm1out_stats.nc                                                       
   nrec =           20
           152             19.000000 min 
           153             19.125000 min 
           154             19.250000 min 
           155             19.375000 min 
           156             19.500000 min 
           157             19.625000 min 
           158             19.750000 min 
           159             19.875000 min 
   Getting dbz ... 
  WMAX  :   55.6521       22   30   39    WMIN  :  -20.2172       26   27   42
  UMAX  :   71.7592       27   28   44    UMIN  :  -18.4339       22   30   45
  SUMAX :   9.90443       17   28    1    SUMIN :  -10.7856       23   28    1
  VMAX  :   52.2056       24   33   44    VMIN  :  -36.8405       25   28   44
  SVMAX :   18.5371       20   21    1    SVMIN :  -1.65422       20   34    1
  PPIMAX:  0.309336E-02   23   31   43    PPIMIN: -0.172943E-02   26   30   46
  PPMAX :   287.779       22   23   35    PPMIN :  -411.750       21   32   16
  THPMAX:   16.8764       22   31   35    THPMIN:  -48.4156       24   30   46
  STHPMX:   1.21633       12   27    1    STHPMN:  0.274739       18   29    1
  MAXqv :  0.212976E-01   12   25    1    MINqv :  0.138226E-06   29   25   35
  MAXqc :  0.100198E-01   21   31   28    MINqc :   0.00000        1    1    1
  MAXqr :  0.173226E-02   22   30   31    MINqr :   0.00000        1    1    1
  MAXqi :  0.996306E-02   24   30   46    MINqi :   0.00000        1    1    1
  MAXqs :  0.275447E-02   23   30   33    MINqs :   0.00000        1    1    1
  MAXqg :  0.486828E-02   22   31   35    MINqg :   0.00000        1    1    1
  MAXqhl:   0.00000        1    1    1    MINqhl:   0.00000        1    1    1
  MAXccn:  0.167871E+10   21   27   28    MINccn:   0.00000       10   23    5
  MAXccw:  0.147959E+10   21   32    7    MINccw:   0.00000        1    1    1
  MAXcrw:  0.223724E+07   23   30   31    MINcrw:   0.00000        1    1    1
  MAXcci:  0.522328E+09   23   23   35    MINcci:   0.00000        1    1    1
  MAXcsw:  0.122369E+07   23   30   34    MINcsw:   0.00000        1    1    1
  MAXchw:   60024.6       23   32   33    MINchw:   0.00000        1    1    1
  MAXchl:   0.00000        1    1    1    MINchl:   0.00000        1    1    1
  MAXvhw:  0.132507E-04   22   31   35    MINvhw:   0.00000        1    1    1
  MAXvhl:   0.00000        1    1    1    MINvhl:   0.00000        1    1    1
  TKEMAX:   150.775       22   30   45    TKEMIN:   0.00000        1    1    1
  KMHMAX:   1561.76       22   30   45    KMHMIN:   0.00000        1    1    1
  KMVMAX:   1561.76       22   30   45    KMVMIN:   0.00000        1    1    1
  KHHMAX:   4669.44       22   23   36    KHHMIN:   0.00000        1    1    1
  KHVMAX:   4669.44       22   23   36    KHVMIN:   0.00000        1    1    1
  DIVMAX:  0.447106E-03   20   31   14    DIVMIN: -0.433428E-03   23   31   43
  RHMAX :   1.01728       25   33   29    RHMIN :  0.410121E-03   29   25   35
  RHIMAX:   1.90466       26   27   43    RHIMIN:  0.635564E-03   29   25   35
  THEMAX:   370.574       12   26    1    THEMIN:   318.808       69   72   16
  STHEMX:   370.574       12   26    1    STHEMN:   358.219       18   19    1
  QCTOP :  17900.000000    1    1    1    QCBOT :    569.454773    1    1    1
  SFPMAX:   95223.9        1   25    1    SFPMIN:   94864.4       22   32    1
  PSFCMX:   96057.4        1   25    1    PSFCMN:   95695.8       22   32    1
  WSPMAX:   69.7213       26   31   44    WSPMIN:  0.996774       20   35    1
  SWSPMX:   18.7556       23   23    1    SWSPMN:  0.996774       20   35    1
  CFLMAX:      0.759714   22   31   36
  KSHMAX:  0.875521E-02   22   23   36
  KSVMAX:  0.343461       21   27    9
  VORSFC:  0.214814E-02
  VOR1KM:  0.692661E-02
  VOR2KM:  0.112648E-01
  VOR3KM:  0.145992E-01
  VOR4KM:  0.138152E-01
  VOR5KM:  0.138538E-01
  TMASS :  0.207380E+15
  TMOIS :  0.738159E+12
  qv MAS:  0.732076E+12
  qc MAS:  0.226111E+10
  qr MAS:  0.476195E+08
  qi MAS:  0.295595E+10
  qs MAS:  0.293346E+09
  qg MAS:  0.525141E+09
  qhlMAS:  0.000000E+00
  TENERG:  0.521619E+20
  TMU   :  0.526219E+16
  TMV   :  0.345051E+16
  TMW   : -0.660637E+13
  TMFU  :  0.652825E+11
  TMFD  : -0.827023E+11
  tcond :  0.000000E+00
  tevac :  0.000000E+00
  tauto :  0.000000E+00
  taccr :  0.000000E+00
  tevar :  0.000000E+00
  train :  0.156569E+05
  erain :  0.000000E+00
  qsfc  :  0.000000E+00
  esfc  :  0.000000E+00
  erad  :  0.000000E+00
  asqv  :  0.409027E+04
  asqc  :  0.317733E+08
  asqr  :  0.690887E+05
  asqi  :  0.341466E+06
  asqs  :  0.140509E+04
  asqg  :  0.117251E+05
  asqhl :  0.000000E+00
  asccn : -0.106069E+18
  asccw :  0.336150E+19
  ascrw :  0.172494E+15
  ascci :  0.335942E+17
  ascsw : -0.111442E+13
  aschw :  0.215095E+12
  aschl :  0.000000E+00
  asvhw :  0.416577E+02
  asvhl :  0.000000E+00
  bsqv  :  0.000000E+00
  bsqc  :  0.000000E+00
  bsqr  :  0.000000E+00
  bsqi  :  0.000000E+00
  bsqs  :  0.000000E+00
  bsqg  :  0.000000E+00
  bsqhl :  0.000000E+00
  bsccn :  0.000000E+00
  bsccw :  0.000000E+00
  bscrw :  0.000000E+00
  bscci :  0.000000E+00
  bscsw :  0.000000E+00
  bschw :  0.000000E+00
  bschl :  0.000000E+00
  bsvhw :  0.000000E+00
  bsvhl :  0.000000E+00
 cm1out_stats.nc                                                       
   nrec =           21
           160             20.000000 min 
   string = cm1out_rst_000004.nc                                                  
  USING COMPRESSED netCDF4 
   leaving restart_prelim 

 Total time:    7.75000095    

   sound    :        0.46    5.87%
   poiss    :        0.00    0.00%
   advs     :        0.92   11.87%
   advu     :        0.01    0.19%
   advv     :        0.00    0.00%
   advw     :        0.09    1.10%
   divx     :        0.00    0.06%
   buoyan   :        0.00    0.00%
   turb     :        0.20    2.65%
   sfcphys  :        0.00    0.00%
   tmix     :        0.68    8.71%
   cor      :        0.00    0.00%
   diffu    :        0.00    0.00%
   rdamp    :        0.00    0.00%
   microphy :        0.28    3.55%
   satadj   :        0.00    0.00%
   fallout  :        0.00    0.00%
   radiatio :        0.00    0.00%
   pbl      :        0.00    0.00%
   stat     :        0.14    1.81%
   cflq     :        0.00    0.00%
   bc       :        0.01    0.13%
   integ    :        0.12    1.48%
   write    :        0.38    4.84%
   restart  :        1.00   12.90%
   misc     :        0.44    5.61%
   swaths   :        0.00    0.06%
   pdef     :        0.37    4.71%
   prsrho   :        0.20    2.65%
   parcels  :        0.00    0.00%
   mp_total :        2.46   31.81%

   mpu1     :        0.03    0.39%
   mpu2     :        0.34    4.39%
   mpv1     :        0.11    1.42%
   mpv2     :        0.00    0.06%
   mpw1     :        0.01    0.13%
   mpw2     :        0.01    0.19%
   mpp1     :        0.00    0.00%
   mpp2     :        0.00    0.00%
   mps1     :        0.03    0.39%
   mps2     :        0.52    6.71%
   mps3     :        0.01    0.13%
   mps4     :        0.70    9.10%
   mpq1     :        0.00    0.00%
   mpq2     :        0.00    0.00%
   mptk1    :        0.69    8.90%
   mptk2    :        0.00    0.00%
   mpb      :        0.00    0.00%


   MN =    852851584.    

 Program terminated normally:  myid=           8
 Program terminated normally:  myid=          10
 Program terminated normally:  myid=          14
 Program terminated normally:  myid=          13
 Program terminated normally:  myid=          11
 Program terminated normally:  myid=          17
 Program terminated normally:  myid=          15
 Program terminated normally:  myid=          18
 Program terminated normally:  myid=           3
 Program terminated normally:  myid=           6
 Program terminated normally:  myid=          22
 Program terminated normally:  myid=          20
 Program terminated normally:  myid=           5
 Program terminated normally:  myid=           0
 Program terminated normally:  myid=          12
 Program terminated normally:  myid=          19
 Program terminated normally:  myid=           4
 Program terminated normally:  myid=           2
 Program terminated normally:  myid=          23
 Program terminated normally:  myid=          21
 Program terminated normally:  myid=          16
 Program terminated normally:  myid=           9
 Program terminated normally:  myid=           1
 Program terminated normally:  myid=           7
 Program terminated normally:  myid=          24
 Inside PARAM

   Everything is cool!
   ni,nj=          15          15


 dx        =   2000.00000    
 dy        =   2000.00000    
 dz        =   392.156860    
 dtl       =   7.50000000    
 timax     =   5400.00000    
 run_time  =   300.000000    
 tapfrq    =   900.000000    
 rstfrq    =   300.000000    
 statfrq   =   60.0000000    
 prclfrq   =   60.0000000    

 adapt_dt  =           0
 irst      =           1
 rstnum    =           4
 iconly    =           0
 hadvordrs =           5
 vadvordrs =           5
 hadvordrv =           5
 vadvordrv =           5
 pdscheme  =           1
 apmasscon =           1
 advwenos  =           2
 advwenov  =           0
 idiff     =           0
 mdiff     =           0
 difforder =           6
 imoist    =           1
 iturb     =           1
 tconfig   =           1
 bcturbs   =           1
 dns       =           0
 irdamp    =           1
 hrdamp    =           0
 psolver   =           3
 nsound    =           6
 ptype     =          27
 ihail     =           1
 iautoc    =           1
 icor      =           0
 pertcor   =           0
 eqtset    =           2
 idiss     =           1
 efall     =           0
 rterm     =           0
 wbc       =           2
 ebc       =           2
 sbc       =           2
 nbc       =           2
 bbc       =           1
 tbc       =           1
 irbc      =           4
 roflux    =           0
 isnd      =           7
 iwnd      =           2
 itern     =           0
 iinit     =           0
 irandp    =           0
 ibalance  =           0
 iorigin   =           1
 axisymm   =           0
 imove     =           0
 iptra     =           0
 npt       =           1
 pdtra     =           1
 iprcl     =           0
 nparcels  =           1

 kdiff2    =   75.0000000    
 kdiff6    =   3.99999991E-02
 fcor      =   0.00000000    
 kdiv      =  0.100000001    
 alph      =  0.600000024    
 rdalpha   =   3.33333341E-03
 zd        =   15000.0000    
 xhd       =   100000.000    
 umove     =   0.00000000    
 vmove     =   0.00000000    
 v_t       =   7.00000000    
 l_h       =   100.000000    
 lhref1    =   100.000000    
 lhref2    =   1000.00000    
 l_inf     =   100.000000    
 ndcnst    =   250.000000    

 radopt    =           0
 dtrad     =   300.000000    
 ctrlat    =   35.2358284    
 ctrlon    =  -97.4619370    
 year      =        2003
 month     =           5
 day       =           8
 hour      =          20
 minute    =          40
 second    =           0

 isfcflx   =           0
 sfcmodel  =           0
 oceanmodel=           0
 ipbl      =           0
 initsfc   =           1
 tsk0      =   299.279999    
 tmn0      =   297.279999    
 xland0    =   2.00000000    
 lu0       =          16
 season    =           1
 cecd      =           3
 pertflx   =           0
 cnstce    =   1.00000005E-03
 cnstcd    =   1.00000005E-03
 isftcflx  =           0
 iz0tlnd   =           0
 oml_hml0  =   50.0000000    
 oml_gamma =  0.140000001    

 stretch_x =           0
 dx_inner  =   1000.00000    
 dx_outer  =   7000.00000    
 nos_x_len =   40000.0000    
 tot_x_len =   120000.000    

 stretch_y =           0
 dy_inner  =   1000.00000    
 dy_outer  =   7000.00000    
 nos_y_len =   40000.0000    
 tot_y_len =   120000.000    

 stretch_z =           2
 ztop      =   20000.0000    
 str_bot   =   0.00000000    
 str_top   =   8625.00000    
 dz_bot    =   150.000000    
 dz_top    =   600.000000    

 bc_temp   =           1
 ptc_top   =   250.000000    
 ptc_bot   =   300.000000    
 viscosity =   25.0000000    
 pr_num    =  0.720000029    

 var1      =   0.00000000    
 var2      =   0.00000000    
 var3      =   0.00000000    
 var4      =   0.00000000    
 var5      =   0.00000000    
 var6      =   0.00000000    
 var7      =   0.00000000    
 var8      =   0.00000000    
 var9      =   0.00000000    
 var10     =   0.00000000    

&NSSL2MOM_PARAMS
 RHO_QR=  1000.00000    ,
 CNOR=  8000000.00    ,
 RHO_QS=  100.000000    ,
 CNOS=  3000000.00    ,
 RHO_QH=  500.000000    ,
 CNOH=  40000.0000    ,
 CCN=  2.00000000E+09,
 INFALL=4          ,
 ALPHAH=  0.00000000    ,
 ALPHAHL= 0.500000000    ,
 IMURAIN=1          ,
 ICDX=3          ,
 ICDXHL=3          ,
 DFRZ=  1.50000007E-04,
 HLDNMN=  500.000000    ,
 IFERWISVENTR=2          ,
 IEHW=1          ,
 IEHLW=1          ,
 EHW0= 0.750000000    ,
 EHLW0= 0.750000000    ,
 DMRAUTO=0          ,
 IOLDLIMITER=0          ,
 /

 ZGRID:  STRETCH FAC  =    1.0359004512429237     
 ZGRID:  DOMAIN  HGT  =    20000.0000    

 ZGRID:  STRETCH FAC  =    1.0359004512429237     
 ZGRID:  DOMAIN  HGT  =    20000.0000    

 ZGRID:  STRETCH FAC  =    1.0359004512429237     
 ZGRID:  DOMAIN  HGT  =    20000.0000    

 ZGRID:  STRETCH FAC  =    1.0359004512429237     
 ZGRID:  DOMAIN  HGT  =    20000.0000    

 ZGRID:  STRETCH FAC  =    1.0359004512429237     
 ZGRID:  DOMAIN  HGT  =    20000.0000    

 ZGRID:  STRETCH FAC  =    1.0359004512429237     
 ZGRID:  DOMAIN  HGT  =    20000.0000    

 ZGRID:  STRETCH FAC  =    1.0359004512429237     
 ZGRID:  DOMAIN  HGT  =    20000.0000    

 ZGRID:  STRETCH FAC  =    1.0359004512429237     
 ZGRID:  DOMAIN  HGT  =    20000.0000    

 ZGRID:  STRETCH FAC  =    1.0359004512429237     
 ZGRID:  DOMAIN  HGT  =    20000.0000    

 ZGRID:  STRETCH FAC  =    1.0359004512429237     
 ZGRID:  DOMAIN  HGT  =    20000.0000    

 ZGRID:  STRETCH FAC  =    1.0359004512429237     
 ZGRID:  DOMAIN  HGT  =    20000.0000    

 ZGRID:  STRETCH FAC  =    1.0359004512429237     
 ZGRID:  DOMAIN  HGT  =    20000.0000    

 ZGRID:  STRETCH FAC  =    1.0359004512429237     
 ZGRID:  DOMAIN  HGT  =    20000.0000    

 ZGRID:  STRETCH FAC  =    1.0359004512429237     
 ZGRID:  DOMAIN  HGT  =    20000.0000    

 ZGRID:  STRETCH FAC  =    1.0359004512429237     
 ZGRID:  DOMAIN  HGT  =    20000.0000    

 ZGRID:  STRETCH FAC  =    1.0359004512429237     
 ZGRID:  DOMAIN  HGT  =    20000.0000    

 ZGRID:  STRETCH FAC  =    1.0359004512429237     
 ZGRID:  DOMAIN  HGT  =    20000.0000    

 ZGRID:  STRETCH FAC  =    1.0359004512429237     
 ZGRID:  DOMAIN  HGT  =    20000.0000    

 ZGRID:  STRETCH FAC  =    1.0359004512429237     

 ZGRID:  STRETCH FAC  =    1.0359004512429237     
 ZGRID:  DOMAIN  HGT  =    20000.0000    
 ZGRID:  DOMAIN  HGT  =    20000.0000    

 ZGRID:  STRETCH FAC  =    1.0359004512429237     
 ZGRID:  DOMAIN  HGT  =    20000.0000    

 ZGRID:  STRETCH FAC  =    1.0359004512429237     
 ZGRID:  DOMAIN  HGT  =    20000.0000    

 ZGRID:  STRETCH FAC  =    1.0359004512429237     
 ZGRID:  DOMAIN  HGT  =    20000.0000    

 ZGRID:  STRETCH FAC  =    1.0359004512429237     
 ZGRID:  DOMAIN  HGT  =    20000.0000    

 iice      =           1
 idm       =           1
 idmplus   =           1
 numq      =          16
 nqv       =           1
 nqc       =           2
 nqr       =           3
 nqi       =           4
 nqs       =           5
 nqg       =           6
 nql1      =           2
 nql2      =           3
 nqs1      =           4
 nqs2      =           7
 nnc1      =           8
 nnc2      =          14
 nvl1      =          15
 nvl2      =          16
 nzl1      =           1
 nzl2      =           1

 nrain     =           1


 output_path      = ./                                                                    
 output_basename  = cm1out                                                                
 output_format    =           2
 output_filetype  =           1
 output_interp    =           0
 output_rain      =           1
 output_sws       =           1
 output_svs       =           1
 output_sps       =           1
 output_srs       =           1
 output_sgs       =           1
 output_sus       =           1
 output_shs       =           1
 output_coldpool  =           0
 output_sfcflx    =           0
 output_sfcparams =           0
 output_sfcdiags  =           0
 output_psfc      =           0
 output_zs        =           0
 output_zh        =           0
 output_basestate =           0
 output_th        =           1
 output_thpert    =           0
 output_prs       =           1
 output_prspert   =           0
 output_pi        =           0
 output_pipert    =           0
 output_rho       =           1
 output_rhopert   =           1
 output_tke       =           1
 output_km        =           1
 output_kh        =           1
 output_qv        =           1
 output_qvpert    =           0
 output_q         =           1
 output_dbz       =           1
 output_buoyancy  =           0
 output_u         =           1
 output_upert     =           0
 output_uinterp   =           1
 output_v         =           1
 output_vpert     =           0
 output_vinterp   =           1
 output_w         =           1
 output_winterp   =           1
 output_vort      =           0
 output_pv        =           0
 output_uh        =           0
 output_pblten    =           0
 output_dissten   =           0
 output_dissheat  =           0
 output_mptend    =           0
 output_fallvel   =           0
 output_nm        =           0
 output_def       =           0
 output_turbten   =           0
 output_impdiften =           0
 output_radten    =           0


 restart_format       =            2
 restart_filetype     =            1
 restart_file_theta   =  T
 restart_file_dbz     =  T
 restart_file_th0     =  T
 restart_file_prs0    =  T
 restart_file_pi0     =  T
 restart_file_rho0    =  T
 restart_file_qv0     =  T
 restart_file_u0      =  T
 restart_file_v0      =  T
 restart_file_zs      =  F
 restart_file_zh      =  F
 restart_file_zf      =  F
 restart_file_diags   =  F
 restart_use_theta    =  T
 restart_reset_frqtim =  T

   maxk =           51


   myid,mynode             =            0           0
   nodemaster,nodes,ppnode =            0           1          25
   nodex,nodey             =            5           5

   d2i   =           80
   d2is  =           75
   d2iu  =           76
   d2iv  =           75

   d2j   =           80
   d2js  =           75
   d2ju  =           75
   d2jv  =           76

   d3i   =           16
   d3is  =           15
   d3iu  =           16
   d3iv  =           15

   d3j   =           16
   d3js  =           15
   d3ju  =           15
   d3jv  =           16

   d3n   =           25
   d3t   =           24


 stat_w       =            1
 stat_u       =            1
 stat_v       =            1
 stat_rmw     =            0
 stat_pipert  =            1
 stat_prspert =            1
 stat_thpert  =            1
 stat_q       =            1
 stat_tke     =            1
 stat_km      =            1
 stat_kh      =            1
 stat_div     =            1
 stat_rh      =            1
 stat_rhi     =            1
 stat_the     =            1
 stat_cloud   =            1
 stat_sfcprs  =            1
 stat_wsp     =            1
 stat_cfl     =            1
 stat_vort    =            1
 stat_tmass   =            1
 stat_tmois   =            1
 stat_qmass   =            1
 stat_tenerg  =            1
 stat_mo      =            1
 stat_tmf     =            1
 stat_pcn     =            1
 stat_qsrc    =            1

 stat_out =          150


 prcl_th      =            0
 prcl_t       =            0
 prcl_prs     =            0
 prcl_ptra    =            0
 prcl_q       =            0
 prcl_nc      =            0
 prcl_km      =            0
 prcl_kh      =            0
 prcl_tke     =            0
 prcl_dbz     =            0
 prcl_b       =            0
 prcl_vpg     =            0
 prcl_vort    =            0
 prcl_rho     =            0
 prcl_qsat    =            0
 prcl_sfc     =            0


   c_m,c_l,ri_c  =   0.100000001      0.816500008      0.250000000    
   c_e1,c_e2,sum =   0.200001687      0.786958814      0.986960530    
   c_s,rcs       =   0.178412408       5.60499144    

   nparcels =            1
   npvals   =            1
     prx      =            0
     pry      =            0
     prz      =            0
     pru      =            0
     prv      =            0
     prw      =            0
     prth     =            0
     prt      =            0
     prprs    =            0
     prpt1    =            0
     prpt2    =            0
     prqv     =            0
     prq1     =            0
     prq2     =            0
     prnc1    =            0
     prnc2    =            0
     prkm     =            0
     prkh     =            0
     prtke    =            0
     prdbz    =            0
     prb      =            0
     prvpg    =            0
     przv     =            0
     prrho    =            0
     prqsl    =            0
     prqsi    =            0
     prznt    =            0
     prust    =            0

   myi,myj=           1           1

   mywest  =           4
   myeast  =           1
   mysouth =          20
   mynorth =           5

   mysw    =          24
   mynw    =           9
   myne    =           6
   myse    =          21

   cs1we   =         765
   cs1sn   =         765
   ct1we   =         780
   ct1sn   =         780
   cv1we   =         816
   cu1sn   =         816
   cw1we   =         750
   cw1sn   =         750
   cs2we   =        1530
   cs2sn   =        1530
   cs3we   =        2295
   cs3sn   =        2295
   ct3we   =        2340
   ct3sn   =        2340
   cv3we   =        2448
   cu3sn   =        2448
   cw3we   =        2250
   cw3sn   =        2250


 g     =   9.81000042    
 to    =   273.149994    
 rd    =   287.040009    
 rv    =   461.500000    
 cp    =   1005.70001    
 cv    =   718.660034    
 cpv   =   1870.00000    
 cvv   =   1408.50000    
 p00   =   100000.000    
 rp00  =   9.99999975E-06
 th0r  =   300.000000    
 rcp   =   9.94332251E-04
 pi    =   3.14159274    

 cpdcv =   1.39941001    
 rovcp =  0.285413146    
 rddcv =  0.399410009    
 cvdrd =   2.50369287    
 cpdrd =   3.50369287    
 eps   =  0.621971846    
 reps  =   1.60778975    
 repsm1=  0.607789755    
 cpt   =  0.859401345    
 cvt   =  0.959897518    
 pnum  =  -72634.2500    
 xlv   =   2501000.00    
 xls   =   2834000.00    
 lvdcp =   2486.82495    
 condc =   13476814.0    
 cpl   =   4190.00000    
 cpi   =   2106.00000    
 lv1   =   3134708.00    
 lv2   =   2320.00000    
 ls1   =   2898463.50    
 ls2   =   236.000000    
 karman=  0.400000006    

 timeformat   =           2
 timestats    =           1
 terrain_flag = F
 procfiles    = F

 nx    =          75
 ny    =          75
 nz    =          51

 nodex    =           5
 nodey    =           5
 numprocs =          25
 ppnode   =          25

 ni    =          15
 nj    =          15
 nk    =          51
 nkp1  =          52

 ib,ibm,ibi,ibc,ibt=       -2       -2       -2       -2       -2
 ie,iem,iei,iec,iet=       18       18       18       18       18
 jb,jbm,jbi,jbc,jbt=       -2       -2       -2       -2       -2
 je,jem,jei,jec,jet=       18       18       18       18       18
 kb,kbm,kbi,kbc,kbt=        0        0        0        0        0
 ke,kem,kei,kec,ket=       52       52       52       53       53

 imirror,jmirror =            0           0

 ibp,itb,ipb,ibr,ibb=        1        1        1        1        1
 iep,ite,ipe,ier,ieb=        1        1        1        1        1
 jbp,jtb,jpb,jbr,jbb=        1        1        1        1        1
 jep,jte,jpe,jer,jeb=        1        1        1        1        1
 kbp,ktb,kpb,kbr,kbb=        1        1        1        1        1
 kep,kte,kpe,ker,keb=        1        1        1        1        1

 ibd               =        1
 ied               =        1
 jbd               =        1
 jed               =        1
 kbd               =        1
 ked               =        1

 ibl               =        1
 iel               =        1
 jbl               =        1
 jel               =        1

 imp,jmp,kmp,kmt,rmp,cmp =     15     15     51     52      8      3

 rdx    =   5.00000024E-04
 rdy    =   5.00000024E-04
 rdz    =   2.55000009E-03
 rdx2   =   2.50000012E-04
 rdy2   =   2.50000012E-04
 rdz2   =   1.27500005E-03
 rdx4   =   1.25000006E-04
 rdy4   =   1.25000006E-04
 rdz4   =   6.37500023E-04
 govtwo =   4.90500021    
 clwsat =   9.99999997E-07
 smeps  =   1.00000000E-30
 tsmall =   9.99999975E-05
 qsmall =   9.99999982E-15
 cstar  =   30.0000000    
 csmax  =   350.000000    
 epsilon=   1.00000005E-18


 x:
      i         xf           xh         dx         uf         uh
 ---------------------------------------------------------------
      -2      -6000.00      -5000.00     2000.00     1.0000     1.0000   x
      -1      -4000.00      -3000.00     2000.00     1.0000     1.0000   x
       0      -2000.00      -1000.00     2000.00     1.0000     1.0000   x
       1          0.00       1000.00     2000.00     1.0000     1.0000    
       2       2000.00       3000.00     2000.00     1.0000     1.0000    
       3       4000.00       5000.00     2000.00     1.0000     1.0000    
       4       6000.00       7000.00     2000.00     1.0000     1.0000    
       5       8000.00       9000.00     2000.00     1.0000     1.0000    
       6      10000.00      11000.00     2000.00     1.0000     1.0000    
       7      12000.00      13000.00     2000.00     1.0000     1.0000    
       8      14000.00      15000.00     2000.00     1.0000     1.0000    
       9      16000.00      17000.00     2000.00     1.0000     1.0000    
      10      18000.00      19000.00     2000.00     1.0000     1.0000    
      11      20000.00      21000.00     2000.00     1.0000     1.0000    
      12      22000.00      23000.00     2000.00     1.0000     1.0000    
      13      24000.00      25000.00     2000.00     1.0000     1.0000    
      14      26000.00      27000.00     2000.00     1.0000     1.0000    
      15      28000.00      29000.00     2000.00     1.0000     1.0000    
      16      30000.00      31000.00     2000.00     1.0000     1.0000    
      17      32000.00      33000.00     2000.00     1.0000     1.0000    
      18      34000.00      35000.00     2000.00     1.0000     1.0000    
      19      36000.00      37000.00     2000.00     1.0000     1.0000    
      20      38000.00      39000.00     2000.00     1.0000     1.0000    
      21      40000.00      41000.00     2000.00     1.0000     1.0000    
      22      42000.00      43000.00     2000.00     1.0000     1.0000    
      23      44000.00      45000.00     2000.00     1.0000     1.0000    
      24      46000.00      47000.00     2000.00     1.0000     1.0000    
      25      48000.00      49000.00     2000.00     1.0000     1.0000    
      26      50000.00      51000.00     2000.00     1.0000     1.0000    
      27      52000.00      53000.00     2000.00     1.0000     1.0000    
      28      54000.00      55000.00     2000.00     1.0000     1.0000    
      29      56000.00      57000.00     2000.00     1.0000     1.0000    
      30      58000.00      59000.00     2000.00     1.0000     1.0000    
      31      60000.00      61000.00     2000.00     1.0000     1.0000    
      32      62000.00      63000.00     2000.00     1.0000     1.0000    
      33      64000.00      65000.00     2000.00     1.0000     1.0000    
      34      66000.00      67000.00     2000.00     1.0000     1.0000    
      35      68000.00      69000.00     2000.00     1.0000     1.0000    
      36      70000.00      71000.00     2000.00     1.0000     1.0000    
      37      72000.00      73000.00     2000.00     1.0000     1.0000    
      38      74000.00      75000.00     2000.00     1.0000     1.0000    
      39      76000.00      77000.00     2000.00     1.0000     1.0000    
      40      78000.00      79000.00     2000.00     1.0000     1.0000    
      41      80000.00      81000.00     2000.00     1.0000     1.0000    
      42      82000.00      83000.00     2000.00     1.0000     1.0000    
      43      84000.00      85000.00     2000.00     1.0000     1.0000    
      44      86000.00      87000.00     2000.00     1.0000     1.0000    
      45      88000.00      89000.00     2000.00     1.0000     1.0000    
      46      90000.00      91000.00     2000.00     1.0000     1.0000    
      47      92000.00      93000.00     2000.00     1.0000     1.0000    
      48      94000.00      95000.00     2000.00     1.0000     1.0000    
      49      96000.00      97000.00     2000.00     1.0000     1.0000    
      50      98000.00      99000.00     2000.00     1.0000     1.0000    
      51     100000.00     101000.00     2000.00     1.0000     1.0000    
      52     102000.00     103000.00     2000.00     1.0000     1.0000    
      53     104000.00     105000.00     2000.00     1.0000     1.0000    
      54     106000.00     107000.00     2000.00     1.0000     1.0000    
      55     108000.00     109000.00     2000.00     1.0000     1.0000    
      56     110000.00     111000.00     2000.00     1.0000     1.0000    
      57     112000.00     113000.00     2000.00     1.0000     1.0000    
      58     114000.00     115000.00     2000.00     1.0000     1.0000    
      59     116000.00     117000.00     2000.00     1.0000     1.0000    
      60     118000.00     119000.00     2000.00     1.0000     1.0000    
      61     120000.00     121000.00     2000.00     1.0000     1.0000    
      62     122000.00     123000.00     2000.00     1.0000     1.0000    
      63     124000.00     125000.00     2000.00     1.0000     1.0000    
      64     126000.00     127000.00     2000.00     1.0000     1.0000    
      65     128000.00     129000.00     2000.00     1.0000     1.0000    
      66     130000.00     131000.00     2000.00     1.0000     1.0000    
      67     132000.00     133000.00     2000.00     1.0000     1.0000    
      68     134000.00     135000.00     2000.00     1.0000     1.0000    
      69     136000.00     137000.00     2000.00     1.0000     1.0000    
      70     138000.00     139000.00     2000.00     1.0000     1.0000    
      71     140000.00     141000.00     2000.00     1.0000     1.0000    
      72     142000.00     143000.00     2000.00     1.0000     1.0000    
      73     144000.00     145000.00     2000.00     1.0000     1.0000    
      74     146000.00     147000.00     2000.00     1.0000     1.0000    
      75     148000.00     149000.00     2000.00     1.0000     1.0000    
      76     150000.00     151000.00     2000.00     1.0000     1.0000   x
      77     152000.00     153000.00     2000.00     1.0000     1.0000   x
      78     154000.00     155000.00     2000.00     1.0000     1.0000   x
      79     156000.00                               1.0000


 y:
      j         yf           yh         dy         vf         vh
 ---------------------------------------------------------------
      -2      -6000.00      -5000.00     2000.00     1.0000     1.0000   x
      -1      -4000.00      -3000.00     2000.00     1.0000     1.0000   x
       0      -2000.00      -1000.00     2000.00     1.0000     1.0000   x
       1          0.00       1000.00     2000.00     1.0000     1.0000    
       2       2000.00       3000.00     2000.00     1.0000     1.0000    
       3       4000.00       5000.00     2000.00     1.0000     1.0000    
       4       6000.00       7000.00     2000.00     1.0000     1.0000    
       5       8000.00       9000.00     2000.00     1.0000     1.0000    
       6      10000.00      11000.00     2000.00     1.0000     1.0000    
       7      12000.00      13000.00     2000.00     1.0000     1.0000    
       8      14000.00      15000.00     2000.00     1.0000     1.0000    
       9      16000.00      17000.00     2000.00     1.0000     1.0000    
      10      18000.00      19000.00     2000.00     1.0000     1.0000    
      11      20000.00      21000.00     2000.00     1.0000     1.0000    
      12      22000.00      23000.00     2000.00     1.0000     1.0000    
      13      24000.00      25000.00     2000.00     1.0000     1.0000    
      14      26000.00      27000.00     2000.00     1.0000     1.0000    
      15      28000.00      29000.00     2000.00     1.0000     1.0000    
      16      30000.00      31000.00     2000.00     1.0000     1.0000    
      17      32000.00      33000.00     2000.00     1.0000     1.0000    
      18      34000.00      35000.00     2000.00     1.0000     1.0000    
      19      36000.00      37000.00     2000.00     1.0000     1.0000    
      20      38000.00      39000.00     2000.00     1.0000     1.0000    
      21      40000.00      41000.00     2000.00     1.0000     1.0000    
      22      42000.00      43000.00     2000.00     1.0000     1.0000    
      23      44000.00      45000.00     2000.00     1.0000     1.0000    
      24      46000.00      47000.00     2000.00     1.0000     1.0000    
      25      48000.00      49000.00     2000.00     1.0000     1.0000    
      26      50000.00      51000.00     2000.00     1.0000     1.0000    
      27      52000.00      53000.00     2000.00     1.0000     1.0000    
      28      54000.00      55000.00     2000.00     1.0000     1.0000    
      29      56000.00      57000.00     2000.00     1.0000     1.0000    
      30      58000.00      59000.00     2000.00     1.0000     1.0000    
      31      60000.00      61000.00     2000.00     1.0000     1.0000    
      32      62000.00      63000.00     2000.00     1.0000     1.0000    
      33      64000.00      65000.00     2000.00     1.0000     1.0000    
      34      66000.00      67000.00     2000.00     1.0000     1.0000    
      35      68000.00      69000.00     2000.00     1.0000     1.0000    
      36      70000.00      71000.00     2000.00     1.0000     1.0000    
      37      72000.00      73000.00     2000.00     1.0000     1.0000    
      38      74000.00      75000.00     2000.00     1.0000     1.0000    
      39      76000.00      77000.00     2000.00     1.0000     1.0000    
      40      78000.00      79000.00     2000.00     1.0000     1.0000    
      41      80000.00      81000.00     2000.00     1.0000     1.0000    
      42      82000.00      83000.00     2000.00     1.0000     1.0000    
      43      84000.00      85000.00     2000.00     1.0000     1.0000    
      44      86000.00      87000.00     2000.00     1.0000     1.0000    
      45      88000.00      89000.00     2000.00     1.0000     1.0000    
      46      90000.00      91000.00     2000.00     1.0000     1.0000    
      47      92000.00      93000.00     2000.00     1.0000     1.0000    
      48      94000.00      95000.00     2000.00     1.0000     1.0000    
      49      96000.00      97000.00     2000.00     1.0000     1.0000    
      50      98000.00      99000.00     2000.00     1.0000     1.0000    
      51     100000.00     101000.00     2000.00     1.0000     1.0000    
      52     102000.00     103000.00     2000.00     1.0000     1.0000    
      53     104000.00     105000.00     2000.00     1.0000     1.0000    
      54     106000.00     107000.00     2000.00     1.0000     1.0000    
      55     108000.00     109000.00     2000.00     1.0000     1.0000    
      56     110000.00     111000.00     2000.00     1.0000     1.0000    
      57     112000.00     113000.00     2000.00     1.0000     1.0000    
      58     114000.00     115000.00     2000.00     1.0000     1.0000    
      59     116000.00     117000.00     2000.00     1.0000     1.0000    
      60     118000.00     119000.00     2000.00     1.0000     1.0000    
      61     120000.00     121000.00     2000.00     1.0000     1.0000    
      62     122000.00     123000.00     2000.00     1.0000     1.0000    
      63     124000.00     125000.00     2000.00     1.0000     1.0000    
      64     126000.00     127000.00     2000.00     1.0000     1.0000    
      65     128000.00     129000.00     2000.00     1.0000     1.0000    
      66     130000.00     131000.00     2000.00     1.0000     1.0000    
      67     132000.00     133000.00     2000.00     1.0000     1.0000    
      68     134000.00     135000.00     2000.00     1.0000     1.0000    
      69     136000.00     137000.00     2000.00     1.0000     1.0000    
      70     138000.00     139000.00     2000.00     1.0000     1.0000    
      71     140000.00     141000.00     2000.00     1.0000     1.0000    
      72     142000.00     143000.00     2000.00     1.0000     1.0000    
      73     144000.00     145000.00     2000.00     1.0000     1.0000    
      74     146000.00     147000.00     2000.00     1.0000     1.0000    
      75     148000.00     149000.00     2000.00     1.0000     1.0000    
      76     150000.00     151000.00     2000.00     1.0000     1.0000   x
      77     152000.00     153000.00     2000.00     1.0000     1.0000   x
      78     154000.00     155000.00     2000.00     1.0000     1.0000   x
      79     156000.00                               1.0000


 ZGRID:  STRETCH FAC  =    1.0359004512429237     
 ZGRID:  DOMAIN  HGT  =    20000.0000    
 k,gzc,gze =            1   77.692535400390625        0.0000000000000000     
 k,gzc,gze =            2   235.86680603027344        155.38507080078125     
 k,gzc,gze =            3   399.71958923339844        316.34854125976562     
 k,gzc,gze =            4   569.45477294921875        483.09063720703125     
 k,gzc,gze =            5   745.28353881835938        655.81890869140625     
 k,gzc,gze =            6   927.42462158203125        834.74816894531250     
 k,gzc,gze =            7   1116.1046142578125        1020.1010742187500     
 k,gzc,gze =            8   1311.5583496093750        1212.1081542968750     
 k,gzc,gze =            9   1514.0289916992188        1411.0085449218750     
 k,gzc,gze =           10   1723.7683715820312        1617.0494384765625     
 k,gzc,gze =           11   1941.0374755859375        1830.4873046875000     
 k,gzc,gze =           12   2166.1066894531250        2051.5876464843750     
 k,gzc,gze =           13   2399.2559814453125        2280.6257324218750     
 k,gzc,gze =           14   2640.7753906250000        2517.8862304687500     
 k,gzc,gze =           15   2890.9654541015625        2763.6645507812500     
 k,gzc,gze =           16   3150.1374511718750        3018.2663574218750     
 k,gzc,gze =           17   3418.6138916015625        3282.0085449218750     
 k,gzc,gze =           18   3696.7287597656250        3555.2192382812500     
 k,gzc,gze =           19   3984.8281250000000        3838.2382812500000     
 k,gzc,gze =           20   4283.2702636718750        4131.4179687500000     
 k,gzc,gze =           21   4592.4265136718750        4435.1225585937500     
 k,gzc,gze =           22   4912.6818847656250        4749.7304687500000     
 k,gzc,gze =           23   5244.4345703125000        5075.6333007812500     
 k,gzc,gze =           24   5588.0971679687500        5413.2358398437500     
 k,gzc,gze =           25   5944.0974121093750        5762.9584960937500     
 k,gzc,gze =           26   6312.8781738281250        6125.2363281250000     
 k,gzc,gze =           27   6694.8984375000000        6500.5200195312500     
 k,gzc,gze =           28   7090.6335449218750        6889.2768554687500     
 k,gzc,gze =           29   7500.5754394531250        7291.9902343750000     
 k,gzc,gze =           30   7925.2343750000000        7709.1606445312500     
 k,gzc,gze =           31   8365.1389160156250        8141.3081054687500     
 k,gzc,gze =           32   8820.8364257812500        8588.9697265625000     
 k,gzc,gze =           33   9292.8935546875000        9052.7031250000000     
 k,gzc,gze =           34   9781.8974609375000        9533.0839843750000     
 k,gzc,gze =           35   10288.457031250000        10030.710937500000     
 k,gzc,gze =           36   10813.202636718750        10546.203125000000     
 k,gzc,gze =           37   11356.786621093750        11080.202148437500     
 k,gzc,gze =           38   11919.885253906250        11633.371093750000     
 k,gzc,gze =           39   12503.199707031250        12206.399414062500     
 k,gzc,gze =           40   13100.000000000000        12800.000000000000     
 k,gzc,gze =           41   13700.000000000000        13400.000000000000     
 k,gzc,gze =           42   14300.000000000000        14000.000000000000     
 k,gzc,gze =           43   14900.000000000000        14600.000000000000     
 k,gzc,gze =           44   15500.000000000000        15200.000000000000     
 k,gzc,gze =           45   16100.000000000000        15800.000000000000     
 k,gzc,gze =           46   16700.000000000000        16400.000000000000     
 k,gzc,gze =           47   17300.000000000000        17000.000000000000     
 k,gzc,gze =           48   17900.000000000000        17600.000000000000     
 k,gzc,gze =           49   18500.000000000000        18200.000000000000     
 k,gzc,gze =           50   19100.000000000000        18800.000000000000     
 k,gzc,gze =           51   19700.000000000000        19400.000000000000     
 k,gzc,gze =           52   20300.000000000000        20000.000000000000     

 model heights:
     k       zf         zh         dz         mf         mh
 ---------------------------------------------------------------
      1       0.00      77.69     155.39     2.5238     2.5238
      2     155.39     235.87     160.96     2.4793     2.4363
      3     316.35     399.72     166.74     2.3933     2.3519
      4     483.09     569.45     172.73     2.3104     2.2704
      5     655.82     745.28     178.93     2.2303     2.1917
      6     834.75     927.42     185.35     2.1530     2.1157
      7    1020.10    1116.10     192.01     2.0784     2.0424
      8    1212.11    1311.56     198.90     2.0064     1.9716
      9    1411.01    1514.03     206.04     1.9369     1.9033
     10    1617.05    1723.77     213.44     1.8697     1.8373
     11    1830.49    1941.04     221.10     1.8049     1.7737
     12    2051.59    2166.11     229.04     1.7424     1.7122
     13    2280.63    2399.26     237.26     1.6820     1.6529
     14    2517.89    2640.78     245.78     1.6237     1.5956
     15    2763.66    2890.97     254.60     1.5674     1.5403
     16    3018.27    3150.14     263.74     1.5131     1.4869
     17    3282.01    3418.61     273.21     1.4607     1.4354
     18    3555.22    3696.73     283.02     1.4101     1.3856
     19    3838.24    3984.83     293.18     1.3612     1.3376
     20    4131.42    4283.27     303.70     1.3140     1.2912
     21    4435.12    4592.43     314.61     1.2685     1.2465
     22    4749.73    4912.68     325.90     1.2245     1.2033
     23    5075.63    5244.43     337.60     1.1821     1.1616
     24    5413.24    5588.10     349.72     1.1411     1.1213
     25    5762.96    5944.10     362.28     1.1016     1.0825
     26    6125.24    6312.88     375.28     1.0634     1.0450
     27    6500.52    6694.90     388.76     1.0265     1.0087
     28    6889.28    7090.63     402.71     0.9910     0.9738
     29    7291.99    7500.58     417.17     0.9566     0.9400
     30    7709.16    7925.23     432.15     0.9235     0.9075
     31    8141.31    8365.14     447.66     0.8915     0.8760
     32    8588.97    8820.84     463.73     0.8606     0.8457
     33    9052.70    9292.89     480.38     0.8307     0.8163
     34    9533.08    9781.90     497.63     0.8020     0.7881
     35   10030.71   10288.46     515.49     0.7742     0.7607
     36   10546.20   10813.20     534.00     0.7473     0.7344
     37   11080.20   11356.79     553.17     0.7214     0.7089
     38   11633.37   11919.88     573.03     0.6964     0.6844
     39   12206.40   12503.20     593.60     0.6723     0.6606
     40   12800.00   13100.00     600.00     0.6571     0.6536
     41   13400.00   13700.00     600.00     0.6536     0.6536
     42   14000.00   14300.00     600.00     0.6536     0.6536
     43   14600.00   14900.00     600.00     0.6536     0.6536
     44   15200.00   15500.00     600.00     0.6536     0.6536
     45   15800.00   16100.00     600.00     0.6536     0.6536
     46   16400.00   16700.00     600.00     0.6536     0.6536
     47   17000.00   17300.00     600.00     0.6536     0.6536
     48   17600.00   17900.00     600.00     0.6536     0.6536
     49   18200.00   18500.00     600.00     0.6536     0.6536
     50   18800.00   19100.00     600.00     0.6536     0.6536
     51   19400.00   19700.00     600.00     0.6536     0.6536
     52   20000.00                           0.6536

   patchsww = F
   patchnww = T
   patchsee = F
   patchnee = F
   patchsws = F
   patchses = T
   patchnwn = F
   patchnen = F

   p2tchsww = T
   p2tchnww = F
   p2tchsee = F
   p2tchnee = F
   p2tchsws = T
   p2tchses = F
   p2tchnwn = F
   p2tchnen = F

   minx =    0.00000000    
   maxx =    150000.000    
   miny =    0.00000000    
   maxy =    150000.000    
   maxz =    20000.0000    

   ibw =           1
   ibe =           0
   ibs =           1
   ibn =           0

   min_dx =    2000.00000    
   max_dx =    2000.00000    
   min_dy =    2000.00000    
   max_dy =    2000.00000    
   min_dz =    155.385071    
   max_dz =    600.000000    


   k,c1,c2,zhm1,zf,zh:
      1    0.5000    0.5000     -77.69       0.00      77.69
      2    0.5088    0.4912      77.69     155.39     235.87
      3    0.5088    0.4912     235.87     316.35     399.72
      4    0.5088    0.4912     399.72     483.09     569.45
      5    0.5088    0.4912     569.45     655.82     745.28
      6    0.5088    0.4912     745.28     834.75     927.42
      7    0.5088    0.4912     927.42    1020.10    1116.10
      8    0.5088    0.4912    1116.10    1212.11    1311.56
      9    0.5088    0.4912    1311.56    1411.01    1514.03
     10    0.5088    0.4912    1514.03    1617.05    1723.77
     11    0.5088    0.4912    1723.77    1830.49    1941.04
     12    0.5088    0.4912    1941.04    2051.59    2166.11
     13    0.5088    0.4912    2166.11    2280.63    2399.26
     14    0.5088    0.4912    2399.26    2517.89    2640.78
     15    0.5088    0.4912    2640.78    2763.66    2890.97
     16    0.5088    0.4912    2890.97    3018.27    3150.14
     17    0.5088    0.4912    3150.14    3282.01    3418.61
     18    0.5088    0.4912    3418.61    3555.22    3696.73
     19    0.5088    0.4912    3696.73    3838.24    3984.83
     20    0.5088    0.4912    3984.83    4131.42    4283.27
     21    0.5088    0.4912    4283.27    4435.12    4592.43
     22    0.5088    0.4912    4592.43    4749.73    4912.68
     23    0.5088    0.4912    4912.68    5075.63    5244.43
     24    0.5088    0.4912    5244.43    5413.24    5588.10
     25    0.5088    0.4912    5588.10    5762.96    5944.10
     26    0.5088    0.4912    5944.10    6125.24    6312.88
     27    0.5088    0.4912    6312.88    6500.52    6694.90
     28    0.5088    0.4912    6694.90    6889.28    7090.63
     29    0.5088    0.4912    7090.63    7291.99    7500.58
     30    0.5088    0.4912    7500.58    7709.16    7925.23
     31    0.5088    0.4912    7925.23    8141.31    8365.14
     32    0.5088    0.4912    8365.14    8588.97    8820.84
     33    0.5088    0.4912    8820.84    9052.70    9292.89
     34    0.5088    0.4912    9292.89    9533.08    9781.90
     35    0.5088    0.4912    9781.90   10030.71   10288.46
     36    0.5088    0.4912   10288.46   10546.20   10813.20
     37    0.5088    0.4912   10813.20   11080.20   11356.79
     38    0.5088    0.4912   11356.79   11633.37   11919.88
     39    0.5088    0.4912   11919.88   12206.40   12503.20
     40    0.5027    0.4973   12503.20   12800.00   13100.00
     41    0.5000    0.5000   13100.00   13400.00   13700.00
     42    0.5000    0.5000   13700.00   14000.00   14300.00
     43    0.5000    0.5000   14300.00   14600.00   14900.00
     44    0.5000    0.5000   14900.00   15200.00   15500.00
     45    0.5000    0.5000   15500.00   15800.00   16100.00
     46    0.5000    0.5000   16100.00   16400.00   16700.00
     47    0.5000    0.5000   16700.00   17000.00   17300.00
     48    0.5000    0.5000   17300.00   17600.00   17900.00
     49    0.5000    0.5000   17900.00   18200.00   18500.00
     50    0.5000    0.5000   18500.00   18800.00   19100.00
     51    0.5000    0.5000   19100.00   19400.00   19700.00
     52    0.5000    0.5000   19700.00   20000.00   20300.00


   ------ tauf, tauh -----
           1   0.00000000       0.00000000    
           2   0.00000000       0.00000000    
           3   0.00000000       0.00000000    
           4   0.00000000       0.00000000    
           5   0.00000000       0.00000000    
           6   0.00000000       0.00000000    
           7   0.00000000       0.00000000    
           8   0.00000000       0.00000000    
           9   0.00000000       0.00000000    
          10   0.00000000       0.00000000    
          11   0.00000000       0.00000000    
          12   0.00000000       0.00000000    
          13   0.00000000       0.00000000    
          14   0.00000000       0.00000000    
          15   0.00000000       0.00000000    
          16   0.00000000       0.00000000    
          17   0.00000000       0.00000000    
          18   0.00000000       0.00000000    
          19   0.00000000       0.00000000    
          20   0.00000000       0.00000000    
          21   0.00000000       0.00000000    
          22   0.00000000       0.00000000    
          23   0.00000000       0.00000000    
          24   0.00000000       0.00000000    
          25   0.00000000       0.00000000    
          26   0.00000000       0.00000000    
          27   0.00000000       0.00000000    
          28   0.00000000       0.00000000    
          29   0.00000000       0.00000000    
          30   0.00000000       0.00000000    
          31   0.00000000       0.00000000    
          32   0.00000000       0.00000000    
          33   0.00000000       0.00000000    
          34   0.00000000       0.00000000    
          35   0.00000000       0.00000000    
          36   0.00000000       0.00000000    
          37   0.00000000       0.00000000    
          38   0.00000000       0.00000000    
          39   0.00000000       0.00000000    
          40   0.00000000       0.00000000    
          41   0.00000000       0.00000000    
          42   0.00000000       0.00000000    
          43   0.00000000       0.00000000    
          44   3.94263864E-03   2.44717300E-02
          45   6.18466735E-02  0.114743382    
          46  0.181288034      0.259123147    
          47  0.345491529      0.437333375    
          48  0.531395316      0.624345005    
          49  0.712889671      0.793892622    
          50  0.864484310      0.922163963    
          51  0.964888215      0.991143644    
          52   1.00000000    


   vialpha,vibeta =   0.500000000      0.500000000    


   x0,alpha,delta,sum,predict,maxz:
   0.00000000    
  0.500000000       1.51795030       2.57244539       3.66479731    
   1.85094726      -1.19824338      0.347296089       0.00000000    
   1.00000000       1.52587891E-05   20000.0000    


   cgs1,cgs2,cgs3 =    1.85094726      -1.19824338      0.347296089    
   sum            =    1.00000000    

   dgs1,dgs2,dgs3 =   -1.93890107       2.86228609     -0.923384964    
   sum            =    5.96046448E-08


   x0,alpha,delta,sum,predict,maxz:
   33.3333321    
   32.8333321       31.8333340       30.8333340       29.8333340    
   1.87500155      -1.25000143      0.374999881       0.00000000    
   1.00000000       20000.0020       20000.0000    


   cgt1,cgt2,cgt3 =    1.87500155      -1.25000143      0.374999881    
   sum            =    1.00000000    

   dgt1,dgt2,dgt3 =    2.00000381      -3.00000381       1.00000000    
   sum            =    0.00000000    

 Leaving PARAM
 Inside BASE

  Reading sounding from external file, input_sounding

  p_sfc, th_sfc, qv_sfc =    960.000000       304.899994       19.0599995    
   Found           68   levels (including surface)


     k,z,th,qv:
           1   0.00000000       304.899994       19.0599995    
           2   0.00000000       304.899994       19.0599995    
           3   253.000000       305.200012       17.9099998    
           4   329.000000       305.299988       17.5799999    
           5   557.000000       305.500000       17.2199993    
           6   757.000000       305.600006       16.9099998    
           7   862.000000       306.799988       15.3999996    
           8   1069.00000       309.200012       12.7700005    
           9   1472.00000       310.700012       8.30000019    
          10   1777.00000       311.799988       5.88999987    
          11   1942.00000       312.399994       4.86000013    
          12   2081.00000       312.399994       5.42000008    
          13   2386.00000       312.399994       6.84999990    
          14   2475.00000       312.399994       7.32000017    
          15   2721.00000       312.899994       4.53999996    
          16   2876.00000       313.000000       3.85999990    
          17   3070.00000       314.399994       1.21000004    
          18   3301.00000       315.799988       1.08000004    
          19   3605.00000       317.600006      0.920000017    
          20   3807.00000       318.700012      0.819999993    
          21   3910.00000       318.899994      0.829999983    
          22   4520.00000       319.500000      0.829999983    
          23   4718.00000       319.700012      0.839999974    
          24   5026.00000       323.500000      0.230000004    
          25   5423.00000       324.600006      0.189999998    
          26   5434.00000       324.600006      0.189999998    
          27   5739.00000       325.700012      0.209999993    
          28   6102.00000       327.100006      0.219999999    
          29   7123.00000       328.299988      0.119999997    
          30   7263.00000       328.500000      0.119999997    
          31   8787.00000       331.100006      0.170000002    
          32   9092.00000       331.399994      0.180000007    
          33   9160.00000       331.500000      0.189999998    
          34   9183.00000       331.600006       1.00000005E-03
          35   9701.00000       334.700012       1.00000005E-03
          36   9844.00000       335.500000       1.00000005E-03
          37   10311.0000       338.299988       1.00000005E-03
          38   10413.0000       338.899994       1.00000005E-03
          39   10921.0000       340.600006       1.00000005E-03
          40   11530.0000       342.500000       1.00000005E-03
          41   11863.0000       343.399994       1.00000005E-03
          42   12140.0000       347.799988       1.00000005E-03
          43   12290.0000       350.100006       1.00000005E-03
          44   13664.0000       359.100006       1.00000005E-03
          45   13663.0000       359.100006       1.00000005E-03
          46   14273.0000       362.500000       1.00000005E-03
          47   14391.0000       363.100006       1.00000005E-03
          48   14811.0000       371.299988       1.00000005E-03
          49   14883.0000       372.700012       1.00000005E-03
          50   15797.0000       391.100006       1.00000005E-03
          51   16103.0000       397.399994       1.00000005E-03
          52   16481.0000       399.899994       1.00000005E-03
          53   16637.0000       410.000000       1.00000005E-03
          54   17281.0000       413.000000       1.00000005E-03
          55   17321.0000       415.399994       1.00000005E-03
          56   17527.0000       427.799988       1.00000005E-03
          57   18236.0000       441.399994       1.00000005E-03
          58   18253.0000       441.799988       1.00000005E-03
          59   18517.0000       445.600006       1.00000005E-03
          60   18845.0000       457.100006       1.00000005E-03
          61   19981.0000       498.799988       1.00000005E-03
          62   20323.0000       504.700012       1.00000005E-03
          63   22954.0000       573.599976       1.00000005E-03
          64   23563.0000       595.500000       1.00000005E-03
          65   24663.0000       636.000000       1.00000005E-03
          66   26193.0000       679.000000       1.00000005E-03
          67   26846.0000       706.799988       1.00000005E-03
          68   27739.0000       734.200012       1.00000005E-03

     k,u,v:
           1  -1.68008852      -2.17436504    
           2  -2.28714967       6.28391504    
           3  -3.03701520       17.2238979    
           4  -2.85836720       16.2107277    
           5   0.00000000       18.0039997    
           6   4.05004406       17.5425529    
           7   6.15775585       16.9182167    
           8   10.3266935       14.7479963    
           9   14.1859379       11.9033737    
          10   16.8548927       11.8018789    
          11   17.6976376       12.3919735    
          12   18.5403824       12.9820671    
          13   19.8044987       13.8672075    
          14   20.2258720       14.1622553    
          15   21.0686169       14.7523489    
          16   22.6022434       15.2453480    
          17   24.8654766       15.5376129    
          18   27.1745205       15.6891508    
          19   30.2929077       17.4895458    
          20   30.1988850       19.6113091    
          21   29.9174347       20.9483356    
          22   32.0242958       22.4235706    
          23   30.7601795       21.5384293    
          24   29.0746899       20.3582420    
          25   26.9678288       18.8830070    
          26   26.1250839       18.2929134    
          27   26.1250839       18.2929134    
          28   27.3892021       19.1780529    
          29   30.7601795       21.5384293    
          30   30.3388081       21.2433815    
          31   36.2380219       25.3740406    
          32   34.1311569       23.8988056    
          33   34.1311569       23.8988056    
          34   34.1311569       23.8988056    
          35   44.7556915       20.8698215    
          36   44.7556915       20.8698215    
          37   43.0206604       15.6581488    
          38   41.0871468       14.9544115    
          39   38.2591820       10.2514391    
          40   41.4922562       19.3480644    
          41   40.2466736       10.7839813    
          42   39.5136528       6.96724367    
          43   38.5004807       6.78859663    
          44   27.0691795       9.85231876    
          45   28.8186054       7.72186279    
          46   27.0398979       12.6088505    
          47   29.8371277       13.9132147    
          48   27.9723072       13.0436392    
          49   27.9723072       13.0436392    
          50   27.9723072       13.0436392    
          51   27.9723072       13.0436392    
          52   27.9723072       13.0436392    
          53   27.9723072       13.0436392    
          54   27.9723072       13.0436392    
          55   27.9723072       13.0436392    
          56   27.9723072       13.0436392    
          57   27.9723072       13.0436392    
          58   27.9723072       13.0436392    
          59   27.9723072       13.0436392    
          60   27.9723072       13.0436392    
          61   27.9723072       13.0436392    
          62   27.9723072       13.0436392    
          63   27.9723072       13.0436392    
          64   27.9723072       13.0436392    
          65   27.9723072       13.0436392    
          66   27.9723072       13.0436392    
          67   27.9723072       13.0436392    
          68   27.9723072       13.0436392    


 interpolating sounding to grid: 

           0.00000000       77.6925354       253.000000      0.307085127    
           0.00000000       235.866806       253.000000      0.932279885    
           329.000000       399.719604       557.000000      0.310173690    
           557.000000       569.454773       757.000000       6.22738637E-02
           557.000000       745.283569       757.000000      0.941417873    
           862.000000       927.424622       1069.00000      0.316060960    
           1069.00000       1116.10461       1472.00000      0.116884902    
           1069.00000       1311.55835       1472.00000      0.601881742    
           1472.00000       1514.02905       1777.00000      0.137800172    
           1472.00000       1723.76831       1777.00000      0.825469851    
           1777.00000       1941.03748       1942.00000      0.994166493    
           2081.00000       2166.10669       2386.00000      0.279038340    
           2386.00000       2399.25586       2475.00000      0.148942247    
           2475.00000       2640.77539       2721.00000      0.673883677    
           2876.00000       2890.96533       3070.00000       7.71408901E-02
           3070.00000       3150.13745       3301.00000      0.346915364    
           3301.00000       3418.61377       3605.00000      0.386887401    
           3605.00000       3696.72876       3807.00000      0.454102784    
           3910.00000       3984.82812       4520.00000      0.122669056    
           3910.00000       4283.27051       4520.00000      0.611918867    
           4520.00000       4592.42676       4718.00000      0.365791708    
           4718.00000       4912.68164       5026.00000      0.632083237    
           5026.00000       5244.43457       5423.00000      0.550213039    
           5434.00000       5588.09717       5739.00000      0.505236626    
           5739.00000       5944.09766       6102.00000      0.565007329    
           6102.00000       6312.87793       7123.00000      0.206540585    
           6102.00000       6694.89844       7123.00000      0.580703676    
           6102.00000       7090.63379       7123.00000      0.968299508    
           7263.00000       7500.57520       8787.00000      0.155889243    
           7263.00000       7925.23438       8787.00000      0.434536994    
           7263.00000       8365.13867       8787.00000      0.723188102    
           8787.00000       8820.83594       9092.00000      0.110937499    
           9183.00000       9292.89355       9701.00000      0.212149724    
           9701.00000       9781.89746       9844.00000      0.565716505    
           9844.00000       10288.4570       10311.0000      0.951728106    
           10413.0000       10813.2031       10921.0000      0.787801445    
           10921.0000       11356.7871       11530.0000      0.715578198    
           11863.0000       11919.8848       12140.0000      0.205360159    
           12290.0000       12503.1992       13664.0000      0.155166820    
           12290.0000       13100.0000       13664.0000      0.589519680    
           13663.0000       13700.0000       14273.0000       6.06557392E-02
           14273.0000       14300.0000       14391.0000      0.228813559    
           14883.0000       14900.0000       15797.0000       1.85995623E-02
           14883.0000       15500.0000       15797.0000      0.675054729    
           15797.0000       16100.0000       16103.0000      0.990196049    
           16637.0000       16700.0000       17281.0000       9.78260860E-02
           17281.0000       17300.0000       17321.0000      0.474999994    
           17527.0000       17900.0000       18236.0000      0.526093066    
           18253.0000       18500.0000       18517.0000      0.935606062    
           18845.0000       19100.0000       19981.0000      0.224471837    
           18845.0000       19700.0000       19981.0000      0.752640843    


       k    prs0 (Pa)        pi0        rho0 (kg/m^3)
    ---------------------------------------------------------------------
       1     95166.33     0.9859590     1.0703498
       2     93485.29     0.9809565     1.0573388
       3     91766.82     0.9757757     1.0436164
       4     90011.12     0.9704106     1.0292686
       5     88218.23     0.9648541     1.0147177
       6     86392.74     0.9591130     0.9969282
       7     84539.13     0.9531941     0.9795130
       8     82654.29     0.9470795     0.9649808
       9     80735.77     0.9407526     0.9496903
      10     78784.72     0.9342071     0.9334296
      11     76802.45     0.9274372     0.9163421
      12     74789.16     0.9204324     0.8976445
      13     72744.92     0.9131806     0.8785866
      14     70670.52     0.9056714     0.8617814
      15     68566.91     0.8978937     0.8447158
      16     66439.88     0.8898542     0.8245230
      17     64296.38     0.8815641     0.8015164
      18     62139.18     0.8730192     0.7784428
      19     59967.84     0.8642015     0.7568735
      20     57780.22     0.8550838     0.7363547
      21     55576.87     0.8456476     0.7154992
      22     53367.82     0.8359147     0.6900161
      23     51161.31     0.8259013     0.6656416
      24     48955.23     0.8155763     0.6429248
      25     46750.48     0.8049198     0.6195389
      26     44549.63     0.7939177     0.5970089
      27     42353.16     0.7825432     0.5750714
      28     40163.54     0.7707765     0.5529107
      29     37985.48     0.7586079     0.5302529
      30     35824.05     0.7460288     0.5073733
      31     33683.91     0.7330273     0.4844181
      32     31569.63     0.7195897     0.4614443
      33     29486.92     0.7057083     0.4381128
      34     27446.87     0.6914145     0.4126375
      35     25459.17     0.6767374     0.3875721
      36     23525.05     0.6616473     0.3640629
      37     21644.84     0.6461025     0.3412990
      38     19823.50     0.6300950     0.3183388
      39     18078.52     0.6137401     0.2919538
      40     16435.03     0.5972698     0.2697319
      41     14909.51     0.5808922     0.2488627
      42     13501.69     0.5646787     0.2297055
      43     12215.12     0.5487678     0.2078778
      44     11052.86     0.5333288     0.1874732
      45     10004.23     0.5183693     0.1692158
      46      9058.02     0.5038759     0.1526413
      47      8194.87     0.4896780     0.1407800
      48      7414.63     0.4758924     0.1247940
      49      6713.81     0.4625956     0.1135318
      50      6083.39     0.4497583     0.1010202
      51      5522.05     0.4375008     0.0900174


       k    th0 (K)     thv0 (K)     t0 (K)     l.r. (K/km)     N^2
    ---------------------------------------------------------------------
       1    304.9921    308.3957    300.7097       4.2116      0.0406
       2    305.1797    308.4570    299.3680       8.3355      0.1212
       3    305.3620    308.5506    297.9648       8.4152      0.1784
       4    305.5062    308.6466    296.4665       8.6748      0.1767
       5    305.5941    308.6865    294.8538       9.0131      0.0708
       6    307.5585    310.2476    294.9834      -0.6994      2.6698
       7    309.3753    311.6422    294.8947       0.4617      2.2916
       8    310.1028    311.9650    293.6920       6.0467      0.5105
       9    310.8516    312.3410    292.4344       6.1036      0.5735
      10    311.6080    312.7908    291.1064       6.2221      0.6615
      11    312.3965    313.3159    289.7281       6.2337      0.7441
      12    312.4000    313.5106    287.5431       9.5403      0.2661
      13    312.4000    313.7057    285.2776       9.5483      0.2572
      14    312.7369    313.7564    283.2369       8.3032      0.0645
      15    313.1080    313.8004    281.1377       8.2450      0.0541
      16    314.8857    315.1082    280.2023       3.5465      1.5469
      17    316.4964    316.6917    279.0119       4.3573      1.7999
      18    318.0995    318.2682    277.7070       4.6105      1.7213
      19    318.9736    319.1355    275.6575       6.9907      0.9105
      20    319.2672    319.4302    273.0002       8.7497      0.2982
      21    319.5732    319.7352    270.2462       8.7535      0.2976
      22    322.1019    322.1924    269.2498       3.0576      2.3044
      23    324.1052    324.1460    267.6789       4.6529      1.7566
      24    325.1558    325.1955    265.1893       7.1188      0.9068
      25    326.4910    326.5340    262.7991       6.5979      1.1122
      26    327.3478    327.3865    259.8872       7.7590      0.6816
      27    327.7968    327.8278    256.5152       8.6739      0.3399
      28    328.2620    328.2864    253.0166       8.6876      0.3405
      29    328.9053    328.9351    249.5101       8.4053      0.4642
      30    329.6298    329.6649    245.9133       8.3232      0.5032
      31    330.3803    330.4164    242.1778       8.3446      0.4989
      32    331.1333    331.1679    238.2801       8.4050      0.4806
      33    332.2577    332.2579    234.4770       7.9169      0.6711
      34    335.1526    335.1528    231.7294       5.5215      1.7102
      35    338.1648    338.1650    228.8488       5.5880      1.7027
      36    340.2393    340.2395    225.1184       6.9857      1.1235
      37    341.9596    341.9598    220.9409       7.5518      0.8944
      38    344.3036    344.3038    216.9440       6.9752      1.1695
      39    351.4965    351.4967    215.7275       2.0493      3.4170
      40    355.4057    355.4059    212.2731       5.7574      1.8083
      41    359.3062    359.3065    208.7182       5.9248      1.7846
      42    362.6373    362.6375    204.7735       6.5744      1.5088
      43    373.0422    373.0424    204.7136       0.1000      4.6252
      44    385.1210    385.1213    205.3961      -1.1376      5.2101
      45    397.3382    397.3385    205.9679      -0.9530      5.1061
      46    410.2935    410.2937    206.7370      -1.2818      5.2459
      47    414.1400    414.1403    202.7952       6.5696      1.5257
      48    434.9549    434.9551    206.9917      -6.9941      8.0177
      49    445.3553    445.3556    206.0194       1.6205      3.8635
      50    466.4605    466.4608    209.7945      -6.2918      7.5702
      51    488.4851    488.4855    213.7126      -6.5303      7.5432


   Richardson number:  NOTE!!!  Ri should be > 0.25 for most applications!

   k,z,Ri:           2   156.779663       6.56792847E-03 <---- NOTE!  Ri < 0.25
   k,z,Ri:           3   317.793213      0.439205140    
   k,z,Ri:           4   484.587189       8.08897913E-02 <---- NOTE!  Ri < 0.25
   k,z,Ri:           5   657.369141       1.73391774E-02 <---- NOTE!  Ri < 0.25
   k,z,Ri:           6   836.354126      0.592872560    
   k,z,Ri:           7   1021.76465      0.584386945    
   k,z,Ri:           8   1213.83154      0.367057145    
   k,z,Ri:           9   1412.79370      0.484290212    
   k,z,Ri:          10   1618.89868      0.877767026    
   k,z,Ri:          11   1832.40283       1.76677966    
   k,z,Ri:          12   2053.57202      0.638745427    
   k,z,Ri:          13   2282.68115       1.00608993    
   k,z,Ri:          14   2520.01562      0.299344897    
   k,z,Ri:          15   2765.87036       7.77312294E-02 <---- NOTE!  Ri < 0.25
   k,z,Ri:          16   3020.55127       1.25069678    
   k,z,Ri:          17   3284.37549       1.65002930    
   k,z,Ri:          18   3557.67139       1.74417806    
   k,z,Ri:          19   3840.77832       1.07290030    
   k,z,Ri:          20   4134.04932       1.70674646    
   k,z,Ri:          21   4437.84863       15.3919201    
   k,z,Ri:          22   4752.55420       4.62953997    
   k,z,Ri:          23   5078.55811       4.16976404    
   k,z,Ri:          24   5416.26562       2.28135395    
   k,z,Ri:          25   5766.09766       18.8682423    
   k,z,Ri:          26   6128.48779       4.07634592    
   k,z,Ri:          27   6503.88818       2.12920070    
   k,z,Ri:          28   6892.76611       2.13297796    
   k,z,Ri:          29   7295.60449       14.5481768    
   k,z,Ri:          30   7712.90479       2.29302764    
   k,z,Ri:          31   8145.18652       2.27365947    
   k,z,Ri:          32   8592.98730       3.48084259    
   k,z,Ri:          33   9056.86523       3.83905840    
   k,z,Ri:          34   9537.39551      0.549297452    
   k,z,Ri:          35   10035.1777       1.62694931    
   k,z,Ri:          36   10550.8301      0.792215824    
   k,z,Ri:          37   11084.9951      0.807363927    
   k,z,Ri:          38   11638.3359      0.821527362    
   k,z,Ri:          39   12211.5420       6.28008318    
   k,z,Ri:          40   12801.5996       2.45053101    
   k,z,Ri:          41   13400.0000       6.66491270    
   k,z,Ri:          42   14000.0000       2.17567515    
   k,z,Ri:          43   14600.0000       1600.02026    
   k,z,Ri:          44   15200.0000       521010880.    
   k,z,Ri:          45   15800.0000       510614496.    
   k,z,Ri:          46   16400.0000       524586304.    
   k,z,Ri:          47   17000.0000       152568752.    
   k,z,Ri:          48   17600.0000       801772096.    
   k,z,Ri:          49   18200.0000       386353664.    
   k,z,Ri:          50   18800.0000       757021440.    
   k,z,Ri:          51   19400.0000       754319168.    


       k  theta-e (K)       rh0          qv0          qc0          qi0
    ---------------------------------------------------------------------
       1    361.2180     0.746565     0.018704     0.000000     0.000000
       2    359.2769     0.765035     0.017987     0.000000     0.000000
       3    357.9687     0.795197     0.017480     0.000000     0.000000
       4    357.3099     0.842005     0.017204     0.000000     0.000000
       5    356.5935     0.898027     0.016931     0.000000     0.000000
       6    351.9169     0.751467     0.014595     0.000000     0.000000
       7    346.8395     0.617836     0.012203     0.000000     0.000000
       8    340.9742     0.532665     0.009978     0.000000     0.000000
       9    335.6923     0.448644     0.007946     0.000000     0.000000
      10    331.4999     0.376910     0.006285     0.000000     0.000000
      11    328.0279     0.310897     0.004866     0.000000     0.000000
      12    331.1370     0.422303     0.005884     0.000000     0.000000
      13    334.2994     0.561836     0.006924     0.000000     0.000000
      14    330.0004     0.487704     0.005392     0.000000     0.000000
      15    325.0440     0.369899     0.003652     0.000000     0.000000
      16    318.9708     0.121831     0.001164     0.000000     0.000000
      17    320.1140     0.111821     0.001016     0.000000     0.000000
      18    321.2564     0.101819     0.000874     0.000000     0.000000
      19    322.0104     0.108726     0.000835     0.000000     0.000000
      20    322.3262     0.127866     0.000841     0.000000     0.000000
      21    322.6159     0.149776     0.000835     0.000000     0.000000
      22    323.8599     0.085740     0.000462     0.000000     0.000000
      23    324.9351     0.041509     0.000207     0.000000     0.000000
      24    325.9660     0.046739     0.000201     0.000000     0.000000
      25    327.3644     0.058020     0.000217     0.000000     0.000000
      26    328.1400     0.062841     0.000195     0.000000     0.000000
      27    328.4380     0.063032     0.000155     0.000000     0.000000
      28    328.7739     0.063391     0.000122     0.000000     0.000000
      29    329.5230     0.099196     0.000149     0.000000     0.000000
      30    330.3536     0.152810     0.000175     0.000000     0.000000
      31    331.1224     0.208787     0.000180     0.000000     0.000000
      32    331.8469     0.273358     0.000172     0.000000     0.000000
      33    332.2629     0.002189     0.000001     0.000000     0.000000
      34    335.1579     0.002701     0.000001     0.000000     0.000000
      35    338.1702     0.003410     0.000001     0.000000     0.000000
      36    340.2447     0.004804     0.000001     0.000000     0.000000
      37    341.9651     0.007228     0.000001     0.000000     0.000000
      38    344.3091     0.010474     0.000001     0.000000     0.000000
      39    351.5024     0.011706     0.000001     0.000000     0.000000
      40    355.4118     0.016890     0.000001     0.000000     0.000000
      41    359.3120     0.022788     0.000001     0.000000     0.000000
      42    362.6431     0.035243     0.000001     0.000000     0.000000
      43    373.0482     0.032143     0.000001     0.000000     0.000000
      44    385.1273     0.026608     0.000001     0.000000     0.000000
      45    397.3446     0.022091     0.000001     0.000000     0.000000
      46    410.3002     0.018306     0.000001     0.000000     0.000000
      47    414.1467     0.028352     0.000001     0.000000     0.000000
      48    434.9620     0.014202     0.000001     0.000000     0.000000
      49    445.3626     0.014721     0.000001     0.000000     0.000000
      50    466.4689     0.008796     0.000001     0.000000     0.000000
      51    488.4944     0.005053     0.000001     0.000000     0.000000


   Thermodynamic properties of base-state sounding:

     for surface parcel:
        source p(mb),T(K),qv(g/kg) =      960.0     301.4      19.1
        LCL,LFC,EL (m AGL)         =      647.6     650.9     844.1
        CAPE,CIN (J/kg)            =     4784.3       6.6

     for most-unstable parcel:
        source p(mb),T(K),qv(g/kg) =      960.0     301.4      19.1
        LCL,LFC,EL (m AGL)         =      647.6     650.9     844.1
        CAPE,CIN (J/kg)            =     4784.3       6.6

     for mixed-layer parcel:
        source p(mb),T(K),qv(g/kg) =      960.0     301.7      18.0
        LCL,LFC,EL (m AGL)         =      793.2    1463.4   13694.8
        CAPE,CIN (J/kg)            =     4180.8      18.9



       k     u0 (m/s)     v0 (m/s)
    ---------------------------------------------------------------------
       1      -2.5174       9.6434
       2      -2.9862      16.4830
       3      -1.9718      16.7670
       4       0.2522      17.9753
       5       3.8128      17.5696
       6       7.4754      16.2323
       7      10.7778      14.4155
       8      12.6495      13.0359
       9      14.5537      11.8894
      10      16.3891      11.8196
      11      17.6927      12.3885
      12      18.8931      13.2291
      13      19.8673      13.9112
      14      20.7938      14.5599
      15      22.7768      15.2679
      16      25.6665      15.5902
      17      28.3810      16.3857
      18      30.2502      18.4530
      19      30.1759      21.1293
      20      31.2067      21.8511
      21      31.5619      22.0998
      22      29.6948      20.7925
      23      27.9155      19.5465
      24      26.1251      18.2929
      25      26.8393      18.7930
      26      28.0854      19.6656
      27      29.3467      20.5487
      28      30.6533      21.4636
      29      31.2584      21.8873
      30      32.9022      23.0383
      31      34.6050      24.2306
      32      36.0043      25.2104
      33      36.3851      23.2562
      34      44.7557      20.8698
      35      43.1044      15.9097
      36      38.8593      11.2494
      37      40.5727      16.7608
      38      40.0961      10.0002
      39      36.7267       7.2640
      40      31.7615       8.5947
      41      28.7107       8.0183
      42      27.6799      12.9073
      43      27.9723      13.0436
      44      27.9723      13.0436
      45      27.9723      13.0436
      46      27.9723      13.0436
      47      27.9723      13.0436
      48      27.9723      13.0436
      49      27.9723      13.0436
      50      27.9723      13.0436
      51      27.9723      13.0436


   psurf,tsurf  =    96000.0000       301.368195    
   qsurf,thsurf =    1.90599989E-02   304.899994    

 Leaving BASE
   rbufsz,nrad2d =            1          10
 Inside INIT3D

   seed_size =            8
   rand-1 =   0.620773196    

 Leaving INIT3D

   allocating diagnostic arrays:  ntdiag,nqdiag =            1           1


   strlen          =            0
   baselen         =            6
   totlen          =            6
   output_basename = cm1out
   statfile        = cm1out_stats.dat                                                      



   Settings used in this simulation:
   isfcflx  =            0
   bbc      =            1
   dosfcflx =  F

   string = cm1out_rst_000004.nc                                                  
   nvar_npt =            0
   nvar_parcels =            0

   From restart file: 

    mtime   =    1200.0000000000000     
    stattim =    1260.0000000000000     
    taptim  =    1800.0000000000000     
    rsttim  =    1500.0000000000000     
    radtim  =    0.0000000000000000     
    prcltim =    1.0000000000000000E+030

    nstep   =          160
    nrec    =           22
    prec    =            1
    nwrite  =            2
    nrst    =            4


   Using the following: 

    stattim =    1260.0000000000000     
    taptim  =    2100.0000000000000     
    rsttim  =    1500.0000000000000     
    radtim  =    0.0000000000000000     


   Detected positive value for run_time. 
      Using the following values: 
         run_time =    300.000000    
         timax    =    1500.00000    


   strlen          =            0
   baselen         =            6
   totlen          =            6
   output_basename = cm1out
   statfile        = cm1out_stats.dat                                                      


 Inside GETSET


 Leaving GETSET

   ... skipping sfc stuff ... 

  WMAX  :   55.2855       22   30   39    WMIN  :  -20.2171       26   27   42
  UMAX  :   71.7592       27   28   44    UMIN  :  -18.4339       22   30   45
  SUMAX :   6.06436       18   27    1    SUMIN :  -11.8419       23   28    1
  VMAX  :   52.2056       24   33   44    VMIN  :  -36.8405       25   28   44
  SVMAX :   14.4478       14   25    1    SVMIN :  -2.19226       18   24    1
  PPIMAX:  0.309336E-02   23   31   43    PPIMIN: -0.172943E-02   26   30   46
  PPMAX :   287.779       22   23   35    PPMIN :  -411.750       21   32   16
  THPMAX:   16.0097       23   23   33    THPMIN:  -48.4156       24   30   46
  STHPMX:   1.55417       12   27    1    STHPMN:  0.246582       19   25    1
  MAXqv :  0.245232E-01   17   31    6    MINqv :   0.00000       22   30   21
  MAXqc :  0.883661E-02   22   23   29    MINqc :   0.00000        1    1    1
  MAXqr :  0.100432E-02   22   30   31    MINqr :   0.00000        1    1    1
  MAXqi :  0.996306E-02   24   30   46    MINqi :   0.00000        1    1    1
  MAXqs :  0.226101E-02   22   30   38    MINqs :   0.00000        1    1    1
  MAXqg :  0.434737E-02   22   31   35    MINqg :   0.00000        1    1    1
  MAXqhl:   0.00000        1    1    1    MINqhl:   0.00000        1    1    1
  MAXccn:  0.167871E+10   21   27   28    MINccn:   0.00000       10   23    5
  MAXccw:  0.147959E+10   21   32    7    MINccw:   0.00000        1    1    1
  MAXcrw:  0.223724E+07   23   30   31    MINcrw:   0.00000        1    1    1
  MAXcci:  0.522328E+09   23   23   35    MINcci:   0.00000        1    1    1
  MAXcsw:  0.122369E+07   23   30   34    MINcsw:   0.00000        1    1    1
  MAXchw:   60024.6       23   32   33    MINchw:   0.00000        1    1    1
  MAXchl:   0.00000        1    1    1    MINchl:   0.00000        1    1    1
  MAXvhw:  0.132507E-04   22   31   35    MINvhw:   0.00000        1    1    1
  MAXvhl:   0.00000        1    1    1    MINvhl:   0.00000        1    1    1
  TKEMAX:   150.775       22   30   45    TKEMIN:   0.00000        1    1    1
  KMHMAX:   1561.76       22   30   45    KMHMIN:   0.00000        1    1    1
  KMVMAX:   1561.76       22   30   45    KMVMIN:   0.00000        1    1    1
  KHHMAX:   4669.44       22   23   36    KHHMIN:   0.00000        1    1    1
  KHVMAX:   4669.44       22   23   36    KHVMIN:   0.00000        1    1    1
  DIVMAX:  0.880595E-02   23   31   34    DIVMIN: -0.505337E-02   22   27   34
  RHMAX :   2.04414       21   24   14    RHMIN :   0.00000       22   30   21
  RHIMAX:   1.90466       26   27   43    RHIMIN:   0.00000       22   30   21
  THEMAX:   381.813       17   30    7    THEMIN:   314.064       25   49   15
  STHEMX:   375.095       13   28    1    STHEMN:   357.463       14   23    1
  QCTOP :  17900.000000    1    1    1    QCBOT :    569.454773    1    1    1
  SFPMAX:   95223.9        1   25    1    SFPMIN:   94864.4       22   32    1
  PSFCMX:   96057.4        1   25    1    PSFCMN:   95695.8       22   32    1
  WSPMAX:   69.7213       26   31   44    WSPMIN:   1.45433       18   22    1
  SWSPMX:   15.8056       25   28    1    SWSPMN:   1.45433       18   22    1
  CFLMAX:      0.801362   22   23   27
  KSHMAX:  0.875521E-02   22   23   36
  KSVMAX:  0.361431       22   27    9
  VORSFC:  0.240533E-02
  VOR1KM:  0.515120E-02
  VOR2KM:  0.684866E-02
  VOR3KM:  0.107288E-01
  VOR4KM:  0.949086E-02
  VOR5KM:  0.781169E-02
  TMASS :  0.207380E+15
  TMOIS :  0.752489E+12
  qv MAS:  0.744526E+12
  qc MAS:  0.364172E+10
  qr MAS:  0.556007E+08
  qi MAS:  0.331265E+10
  qs MAS:  0.334275E+09
  qg MAS:  0.619272E+09
  qhlMAS:  0.000000E+00
  TENERG:  0.521598E+20
  TMU   :  0.521854E+16
  TMV   :  0.342911E+16
  TMW   :  0.137397E+12
  TMFU  :  0.771501E+11
  TMFD  : -0.751229E+11
  tcond :  0.000000E+00
  tevac :  0.000000E+00
  tauto :  0.000000E+00
  taccr :  0.000000E+00
  tevar :  0.000000E+00
  train :  0.156569E+05
  erain :  0.000000E+00
  qsfc  :  0.000000E+00
  esfc  :  0.000000E+00
  erad  :  0.000000E+00
  asqv  :  0.409027E+04
  asqc  :  0.317733E+08
  asqr  :  0.690887E+05
  asqi  :  0.341466E+06
  asqs  :  0.140509E+04
  asqg  :  0.117251E+05
  asqhl :  0.000000E+00
  asccn : -0.106069E+18
  asccw :  0.336150E+19
  ascrw :  0.172494E+15
  ascci :  0.335942E+17
  ascsw : -0.111442E+13
  aschw :  0.215095E+12
  aschl :  0.000000E+00
  asvhw :  0.416577E+02
  asvhl :  0.000000E+00
  bsqv  :  0.000000E+00
  bsqc  :  0.000000E+00
  bsqr  :  0.000000E+00
  bsqi  :  0.000000E+00
  bsqs  :  0.000000E+00
  bsqg  :  0.000000E+00
  bsqhl :  0.000000E+00
  bsccn :  0.000000E+00
  bsccw :  0.000000E+00
  bscrw :  0.000000E+00
  bscci :  0.000000E+00
  bscsw :  0.000000E+00
  bschw :  0.000000E+00
  bschl :  0.000000E+00
  bsvhw :  0.000000E+00
  bsvhl :  0.000000E+00
 cm1out_stats.nc                                                       
   nrec =           21
           160             20.000000 min 

 -------------Done with Preprocessors-----------

           161             20.125000 min 
           162             20.250000 min 
           163             20.375000 min 
           164             20.500000 min 
           165             20.625000 min 
           166             20.750000 min 
           167             20.875000 min 
  WMAX  :   48.7755       24   29   39    WMIN  :  -24.4501       27   30   44
  UMAX  :   66.1775       28   29   43    UMIN  :  -11.5687       22   31   45
  SUMAX :   10.4163       20   25    1    SUMIN :  -11.5345       28   26    1
  VMAX  :   52.0736       24   34   44    VMIN  :  -31.1687       26   28   44
  SVMAX :   15.3853       25   25    1    SVMIN : -0.264902E-01   21   34    1
  PPIMAX:  0.860927E-02   18   23   51    PPIMIN: -0.748578E-02   25   24   51
  PPMAX :   580.484       26   20   19    PPMIN :  -1739.91       29   37    1
  THPMAX:   20.3506       26   30   47    THPMIN:  -48.8951       24   31   46
  STHPMX:   1.49518       13   28    1    STHPMN:  0.251953       20   26    1
  MAXqv :  0.224631E-01   10   30    1    MINqv :  0.430690E-11   28   40   15
  MAXqc :  0.886707E-02   23   24   31    MINqc :   0.00000        1    1    1
  MAXqr :  0.162158E-02   23   28   23    MINqr :   0.00000        1    1    1
  MAXqi :  0.891596E-02   27   30   43    MINqi :   0.00000        1    1    1
  MAXqs :  0.192238E-02   24   29   44    MINqs :   0.00000        1    1    1
  MAXqg :  0.286678E-02   23   31   42    MINqg :   0.00000        1    1    1
  MAXqhl:   0.00000        1    1    1    MINqhl:   0.00000        1    1    1
  MAXccn:  0.170577E+10   28   29   25    MINccn:   0.00000       14   27    4
  MAXccw:  0.556787E+10   27   19   24    MINccw:   0.00000        1    1    1
  MAXcrw:  0.156950E+07   23   24   31    MINcrw:   0.00000        1    1    1
  MAXcci:  0.156515E+10   24   19   34    MINcci:   0.00000        1    1    1
  MAXcsw:  0.100240E+07   23   29   45    MINcsw:   0.00000        1    1    1
  MAXchw:   47801.0       23   32   35    MINchw:   0.00000        1    1    1
  MAXchl:   0.00000        1    1    1    MINchl:   0.00000        1    1    1
  MAXvhw:  0.930040E-05   23   32   34    MINvhw:   0.00000        1    1    1
  MAXvhl:   0.00000        1    1    1    MINvhl:   0.00000        1    1    1
  TKEMAX:   137.274       24   23   38    TKEMIN:   0.00000        1    1    1
  KMHMAX:   1533.89       24   23   38    KMHMIN:   0.00000        1    1    1
  KMVMAX:   1533.89       24   23   38    KMVMIN:   0.00000        1    1    1
  KHHMAX:   4601.68       24   23   38    KHHMIN:   0.00000        1    1    1
  KHVMAX:   4601.68       24   23   38    KHVMIN:   0.00000        1    1    1
  DIVMAX:  0.153168E-02   28   23    4    DIVMIN: -0.200254E-02   27   26    1
  RHMAX :   1.56776       26   30   43    RHMIN :  0.368754E-09   28   40   15
  RHIMAX:   3.63868       24   30   46    RHIMIN:  0.332513E-09   28   40   15
  THEMAX:   379.687       18   31    7    THEMIN:   314.249       26   50   15
  STHEMX:   374.327       10   30    1    STHEMN:   357.385       14   24    1
  QCTOP :  18500.000000    1    1    1    QCBOT :    569.454773    1    1    1
  SFPMAX:   95738.1       23   36    1    SFPMIN:   93426.4       29   37    1
  PSFCMX:   96574.9       23   36    1    PSFCMN:   94248.5       29   37    1
  WSPMAX:   66.9766       27   33   43    WSPMIN:  0.911981       21   33    1
  SWSPMX:   16.1138       27   25    1    SWSPMN:  0.911981       21   33    1
  CFLMAX:      0.735775   23   24   30
  KSHMAX:  0.862815E-02   24   23   38
  KSVMAX:  0.262076       23   27    9
  VORSFC:  0.230469E-02
  VOR1KM:  0.501782E-02
  VOR2KM:  0.637288E-02
  VOR3KM:  0.695030E-02
  VOR4KM:  0.872176E-02
  VOR5KM:  0.768884E-02
  TMASS :  0.207380E+15
  TMOIS :  0.752565E+12
  qv MAS:  0.744196E+12
  qc MAS:  0.325263E+10
  qr MAS:  0.115164E+09
  qi MAS:  0.380729E+10
  qs MAS:  0.405554E+09
  qg MAS:  0.789121E+09
  qhlMAS:  0.000000E+00
  TENERG:  0.521615E+20
  TMU   :  0.521894E+16
  TMV   :  0.342687E+16
  TMW   :  0.508044E+13
  TMFU  :  0.870243E+11
  TMFD  : -0.739425E+11
  tcond :  0.000000E+00
  tevac :  0.000000E+00
  tauto :  0.000000E+00
  taccr :  0.000000E+00
  tevar :  0.000000E+00
  train :  0.158173E+05
  erain :  0.000000E+00
  qsfc  :  0.000000E+00
  esfc  :  0.000000E+00
  erad  :  0.000000E+00
  asqv  :  0.171338E+05
  asqc  :  0.349726E+08
  asqr  :  0.744269E+05
  asqi  :  0.393128E+06
  asqs  :  0.315144E+04
  asqg  :  0.158700E+05
  asqhl :  0.000000E+00
  asccn : -0.160521E+17
  asccw :  0.368910E+19
  ascrw :  0.182903E+15
  ascci :  0.354404E+17
  ascsw : -0.709362E+12
  aschw :  0.274969E+12
  aschl :  0.000000E+00
  asvhw :  0.509964E+02
  asvhl :  0.000000E+00
  bsqv  :  0.000000E+00
  bsqc  :  0.000000E+00
  bsqr  :  0.000000E+00
  bsqi  :  0.000000E+00
  bsqs  :  0.000000E+00
  bsqg  :  0.000000E+00
  bsqhl :  0.000000E+00
  bsccn :  0.000000E+00
  bsccw :  0.000000E+00
  bscrw :  0.000000E+00
  bscci :  0.000000E+00
  bscsw :  0.000000E+00
  bschw :  0.000000E+00
  bschl :  0.000000E+00
  bsvhw :  0.000000E+00
  bsvhl :  0.000000E+00
 cm1out_stats.nc                                                       
   nrec =           22
           168             21.000000 min 
           169             21.125000 min 
           170             21.250000 min 
           171             21.375000 min 
           172             21.500000 min 
           173             21.625000 min 
           174             21.750000 min 
           175             21.875000 min 
  WMAX  :   53.1678       24   24   37    WMIN  :  -18.7293       27   31   43
  UMAX  :   65.8635       28   33   43    UMIN  :  -11.3421       27   29    1
  SUMAX :   9.45090       21   25    1    SUMIN :  -11.3421       27   29    1
  VMAX  :   49.8546       24   35   43    VMIN  :  -35.0477       26   28   44
  SVMAX :   16.1342       27   20    1    SVMIN :  0.179039       21   34    1
  PPIMAX:  0.341748E-02   34   42   51    PPIMIN: -0.417488E-02   14   18   51
  PPMAX :   636.242       20   32    1    PPMIN :  -856.477       29   23    1
  THPMAX:   22.9655       26   31   47    THPMIN:  -42.7542       24   32   46
  STHPMX:   1.45261       13   28    1    STHPMN:  0.190826       20   36    1
  MAXqv :  0.223055E-01   10   30    1    MINqv :  0.198965E-08   30   23   39
  MAXqc :  0.806279E-02   24   24   32    MINqc :   0.00000        1    1    1
  MAXqr :  0.240130E-02   23   29   24    MINqr :   0.00000        1    1    1
  MAXqi :  0.104955E-01   24   24   34    MINqi :   0.00000        1    1    1
  MAXqs :  0.176593E-02   23   30   44    MINqs :   0.00000        1    1    1
  MAXqg :  0.304011E-02   24   29   33    MINqg :   0.00000        1    1    1
  MAXqhl:  0.418391E-04   23   29   26    MINqhl:   0.00000        1    1    1
  MAXccn:  0.174877E+10   29   29   25    MINccn:   0.00000       15   28    4
  MAXccw:  0.559272E+10   28   19   29    MINccw:   0.00000        1    1    1
  MAXcrw:   979776.       24   24   32    MINcrw:   0.00000        1    1    1
  MAXcci:  0.147041E+10   25   20   34    MINcci:   0.00000        1    1    1
  MAXcsw:   949213.       24   30   45    MINcsw:   0.00000        1    1    1
  MAXchw:   40924.3       24   31   45    MINchw:   0.00000        1    1    1
  MAXchl:   26.3464       23   29   26    MINchl:   0.00000        1    1    1
  MAXvhw:  0.801755E-05   24   33   42    MINvhw:   0.00000        1    1    1
  MAXvhl:  0.538094E-07   23   29   26    MINvhl:   0.00000        1    1    1
  TKEMAX:   178.524       24   24   40    TKEMIN:   0.00000        1    1    1
  KMHMAX:   1783.78       24   24   40    KMHMIN:   0.00000        1    1    1
  KMVMAX:   1783.78       24   24   40    KMVMIN:   0.00000        1    1    1
  KHHMAX:   5351.34       24   24   40    KHHMIN:   0.00000        1    1    1
  KHVMAX:   5351.34       24   24   40    KHVMIN:   0.00000        1    1    1
  DIVMAX:  0.817781E-03   35   16    1    DIVMIN: -0.758012E-03   20   38    1
  RHMAX :   1.21332       28   31   42    RHMIN :  0.202162E-04   30   23   39
  RHIMAX:   2.39055       28   31   42    RHIMIN:  0.359718E-04   30   23   39
  THEMAX:   375.848       18   32    6    THEMIN:   314.677       27   51   15
  STHEMX:   373.859       10   30    1    STHEMN:   357.568       14   24    1
  QCTOP :  17900.000000    1    1    1    QCBOT :    569.454773    1    1    1
  SFPMAX:   95802.6       20   32    1    SFPMIN:   94309.9       29   23    1
  PSFCMX:   96641.2       20   32    1    PSFCMN:   95137.1       29   23    1
  WSPMAX:   69.1194       27   34   43    WSPMIN:   1.27901       21   34    1
  SWSPMX:   17.1593       28   22    1    SWSPMN:   1.27901       21   34    1
  CFLMAX:      0.779547   24   24   34
  KSHMAX:  0.100338E-01   24   24   40
  KSVMAX:  0.237665       18   31    9
  VORSFC:  0.240367E-02
  VOR1KM:  0.455691E-02
  VOR2KM:  0.703429E-02
  VOR3KM:  0.108790E-01
  VOR4KM:  0.854698E-02
  VOR5KM:  0.785371E-02
  TMASS :  0.207380E+15
  TMOIS :  0.752637E+12
  qv MAS:  0.743773E+12
  qc MAS:  0.308507E+10
  qr MAS:  0.130443E+09
  qi MAS:  0.421320E+10
  qs MAS:  0.482001E+09
  qg MAS:  0.952926E+09
  qhlMAS:  0.194733E+06
  TENERG:  0.521620E+20
  TMU   :  0.522405E+16
  TMV   :  0.342623E+16
  TMW   : -0.188971E+13
  TMFU  :  0.859446E+11
  TMFD  : -0.894063E+11
  tcond :  0.000000E+00
  tevac :  0.000000E+00
  tauto :  0.000000E+00
  taccr :  0.000000E+00
  tevar :  0.000000E+00
  train :  0.453521E+05
  erain :  0.000000E+00
  qsfc  :  0.000000E+00
  esfc  :  0.000000E+00
  erad  :  0.000000E+00
  asqv  :  0.171436E+05
  asqc  :  0.372179E+08
  asqr  :  0.801080E+05
  asqi  :  0.395056E+06
  asqs  :  0.454371E+04
  asqg  :  0.208824E+05
  asqhl :  0.803061E+02
  asccn :  0.112023E+18
  asccw :  0.400896E+19
  ascrw :  0.199275E+15
  ascci :  0.360290E+17
  ascsw : -0.299637E+11
  aschw :  0.334798E+12
  aschl :  0.565192E+08
  asvhw :  0.606225E+02
  asvhl :  0.146203E+00
  bsqv  :  0.000000E+00
  bsqc  :  0.000000E+00
  bsqr  :  0.000000E+00
  bsqi  :  0.000000E+00
  bsqs  :  0.000000E+00
  bsqg  :  0.000000E+00
  bsqhl :  0.000000E+00
  bsccn :  0.000000E+00
  bsccw :  0.000000E+00
  bscrw :  0.000000E+00
  bscci :  0.000000E+00
  bscsw :  0.000000E+00
  bschw :  0.000000E+00
  bschl :  0.000000E+00
  bsvhw :  0.000000E+00
  bsvhl :  0.000000E+00
 cm1out_stats.nc                                                       
   nrec =           23
           176             22.000000 min 
           177             22.125000 min 
           178             22.250000 min 
           179             22.375000 min 
           180             22.500000 min 
           181             22.625000 min 
           182             22.750000 min 
           183             22.875000 min 
  WMAX  :   48.9265       25   24   40    WMIN  :  -17.6856       25   28   44
  UMAX  :   64.6004       29   31   42    UMIN  :  -11.8499       27   29    1
  SUMAX :   9.51075       21   25    1    SUMIN :  -11.8499       27   29    1
  VMAX  :   48.2059       25   36   43    VMIN  :  -31.5381       27   28   43
  SVMAX :   16.9976       27   20    1    SVMIN : -0.289658E-01   22   35    1
  PPIMAX:  0.334993E-02   43   34   51    PPIMIN: -0.207452E-02   12   54   51
  PPMAX :   407.859        1   27    1    PPMIN :  -580.711       13   13    1
  THPMAX:   25.5686       26   32   47    THPMIN:  -34.5685       26   29   44
  STHPMX:   1.40726       13   29    1    STHPMN:  0.146912       20   36    1
  MAXqv :  0.221147E-01   11   30    1    MINqv :  0.454494E-06   31   23   39
  MAXqc :  0.613759E-02   25   25   32    MINqc :   0.00000        1    1    1
  MAXqr :  0.427082E-02   24   29   25    MINqr :   0.00000        1    1    1
  MAXqi :  0.857956E-02   25   23   41    MINqi :   0.00000        1    1    1
  MAXqs :  0.155297E-02   24   31   44    MINqs :   0.00000        1    1    1
  MAXqg :  0.423978E-02   25   29   32    MINqg :   0.00000        1    1    1
  MAXqhl:  0.249901E-03   24   29   27    MINqhl:   0.00000        1    1    1
  MAXccn:  0.170590E+10   29   23   30    MINccn:   0.00000       11   23    5
  MAXccw:  0.509859E+10   29   20   28    MINccw:   0.00000        1    1    1
  MAXcrw:   567706.       25   25   31    MINcrw:   0.00000        1    1    1
  MAXcci:  0.838743E+09   26   20   35    MINcci:   0.00000        1    1    1
  MAXcsw:   764191.       25   31   44    MINcsw:   0.00000        1    1    1
  MAXchw:   37358.6       26   33   43    MINchw:   0.00000        1    1    1
  MAXchl:   69.0465       24   30   26    MINchl:   0.00000        1    1    1
  MAXvhw:  0.108392E-04   25   29   33    MINvhw:   0.00000        1    1    1
  MAXvhl:  0.284343E-06   24   29   27    MINvhl:   0.00000        1    1    1
  TKEMAX:   177.760       25   24   42    TKEMIN:   0.00000        1    1    1
  KMHMAX:   1783.45       25   24   42    KMHMIN:   0.00000        1    1    1
  KMVMAX:   1783.45       25   24   42    KMVMIN:   0.00000        1    1    1
  KHHMAX:   5350.34       25   24   42    KHHMIN:   0.00000        1    1    1
  KHVMAX:   5350.34       25   24   42    KHVMIN:   0.00000        1    1    1
  DIVMAX:  0.524286E-03   12   12    1    DIVMIN: -0.535977E-03   11   47    1
  RHMAX :   1.41832       28   32   42    RHMIN :  0.227125E-02   24   40   34
  RHIMAX:   2.83593       28   32   42    RHIMIN:  0.338649E-02   24   40   34
  THEMAX:   373.400       15   31    3    THEMIN:   315.472       28   52   15
  STHEMX:   373.368       13   29    1    STHEMN:   357.773       14   25    1
  QCTOP :  17900.000000    1    1    1    QCBOT :    569.454773    1    1    1
  SFPMAX:   95574.2        1   27    1    SFPMIN:   94585.6       13   13    1
  PSFCMX:   96409.8        1   27    1    PSFCMN:   95415.0       13   13    1
  WSPMAX:   66.2109       28   31   42    WSPMIN:   1.28011       21   34    1
  SWSPMX:   17.8355       27   20    1    SWSPMN:   1.28011       21   34    1
  CFLMAX:      0.644439   25   25   34
  KSHMAX:  0.100319E-01   25   24   42
  KSVMAX:  0.253800       18   32    8
  VORSFC:  0.264851E-02
  VOR1KM:  0.461551E-02
  VOR2KM:  0.684879E-02
  VOR3KM:  0.752297E-02
  VOR4KM:  0.701035E-02
  VOR5KM:  0.934875E-02
  TMASS :  0.207380E+15
  TMOIS :  0.752719E+12
  qv MAS:  0.743263E+12
  qc MAS:  0.300208E+10
  qr MAS:  0.178438E+09
  qi MAS:  0.455440E+10
  qs MAS:  0.563449E+09
  qg MAS:  0.115412E+10
  qhlMAS:  0.277284E+07
  TENERG:  0.521628E+20
  TMU   :  0.523784E+16
  TMV   :  0.343229E+16
  TMW   :  0.573863E+13
  TMFU  :  0.958643E+11
  TMFD  : -0.813002E+11
  tcond :  0.000000E+00
  tevac :  0.000000E+00
  tauto :  0.000000E+00
  taccr :  0.000000E+00
  tevar :  0.000000E+00
  train :  0.354082E+06
  erain :  0.000000E+00
  qsfc  :  0.000000E+00
  esfc  :  0.000000E+00
  erad  :  0.000000E+00
  asqv  :  0.171436E+05
  asqc  :  0.389476E+08
  asqr  :  0.824217E+05
  asqi  :  0.408013E+06
  asqs  :  0.543894E+04
  asqg  :  0.234093E+05
  asqhl :  0.300206E+03
  asccn :  0.218340E+18
  asccw :  0.419042E+19
  ascrw :  0.204398E+15
  ascci :  0.367132E+17
  ascsw :  0.504965E+12
  aschw :  0.368272E+12
  aschl :  0.135054E+09
  asvhw :  0.681936E+02
  asvhl :  0.552831E+00
  bsqv  :  0.000000E+00
  bsqc  :  0.000000E+00
  bsqr  :  0.000000E+00
  bsqi  :  0.000000E+00
  bsqs  :  0.000000E+00
  bsqg  :  0.000000E+00
  bsqhl :  0.000000E+00
  bsccn :  0.000000E+00
  bsccw :  0.000000E+00
  bscrw :  0.000000E+00
  bscci :  0.000000E+00
  bscsw :  0.000000E+00
  bschw :  0.000000E+00
  bschl :  0.000000E+00
  bsvhw :  0.000000E+00
  bsvhl :  0.000000E+00
 cm1out_stats.nc                                                       
   nrec =           24
           184             23.000000 min 
           185             23.125000 min 
           186             23.250000 min 
           187             23.375000 min 
           188             23.500000 min 
           189             23.625000 min 
           190             23.750000 min 
           191             23.875000 min 
  WMAX  :   43.9016       26   25   40    WMIN  :  -15.5730       28   33   36
  UMAX  :   62.6512       30   32   42    UMIN  :  -12.2739       28   30    1
  SUMAX :   9.28651       22   25    1    SUMIN :  -12.2739       28   30    1
  VMAX  :   44.5627       25   36   43    VMIN  :  -25.5679       26   23   41
  SVMAX :   18.1813       27   21    1    SVMIN : -0.254092       23   35    1
  PPIMAX:  0.244820E-02   26   31   39    PPIMIN: -0.245756E-02   46    5   51
  PPMAX :   453.461       50   32    1    PPMIN :  -298.703        1   55    1
  THPMAX:   24.8827       26   32   47    THPMIN:  -34.3764       27   30   44
  STHPMX:   1.42419       13   29    1    STHPMN:  0.114075       20   37    1
  MAXqv :  0.219753E-01   10   31    1    MINqv :  0.824522E-06   20   24   35
  MAXqc :  0.755765E-02   23   33   25    MINqc :   0.00000        1    1    1
  MAXqr :  0.522919E-02   25   30   26    MINqr :   0.00000        1    1    1
  MAXqi :  0.820763E-02   26   24   43    MINqi :   0.00000        1    1    1
  MAXqs :  0.132009E-02   26   35   33    MINqs :   0.00000        1    1    1
  MAXqg :  0.583869E-02   26   30   33    MINqg :   0.00000        1    1    1
  MAXqhl:  0.765448E-03   25   30   27    MINqhl:   0.00000        1    1    1
  MAXccn:  0.168157E+10   25   26    6    MINccn:   0.00000       11   25    6
  MAXccw:  0.450031E+10   30   20   31    MINccw:   0.00000        1    1    1
  MAXcrw:   373374.       23   33   27    MINcrw:   0.00000        1    1    1
  MAXcci:  0.593373E+09   28   21   35    MINcci:   0.00000        1    1    1
  MAXcsw:   614819.       30   32   41    MINcsw:   0.00000        1    1    1
  MAXchw:   34357.7       27   34   41    MINchw:   0.00000        1    1    1
  MAXchl:   108.332       24   30   26    MINchl:   0.00000        1    1    1
  MAXvhw:  0.135201E-04   26   30   34    MINvhw:   0.00000        1    1    1
  MAXvhl:  0.853175E-06   25   30   27    MINvhl:   0.00000        1    1    1
  TKEMAX:   107.939       26   25   42    TKEMIN:   0.00000        1    1    1
  KMHMAX:   1144.90       26   25   42    KMHMIN:   0.00000        1    1    1
  KMVMAX:   1144.90       26   25   42    KMVMIN:   0.00000        1    1    1
  KHHMAX:   3054.97       27   28   42    KHHMIN:   0.00000        1    1    1
  KHVMAX:   3054.97       27   28   42    KHVMIN:   0.00000        1    1    1
  DIVMAX:  0.302222E-03   25   31   19    DIVMIN: -0.344683E-03    1   51    1
  RHMAX :   1.34858       28   33   42    RHMIN :  0.215132E-02   25   41   34
  RHIMAX:   2.75697       28   33   42    RHIMIN:  0.319138E-02   25   41   34
  THEMAX:   373.335       15   31    3    THEMIN:   316.473       29   40   15
  STHEMX:   372.733       13   29    1    STHEMN:   357.847       12   17    1
  QCTOP :  18500.000000    1    1    1    QCBOT :    569.454773    1    1    1
  SFPMAX:   95619.8       50   32    1    SFPMIN:   94867.6        1   55    1
  PSFCMX:   96455.7       50   32    1    PSFCMN:   95698.8        1   55    1
  WSPMAX:   66.9251       29   32   42    WSPMIN:   1.74887       22   34    1
  SWSPMX:   18.4395       28   21    1    SWSPMN:   1.74887       22   34    1
  CFLMAX:      0.616933   25   30   29
  KSHMAX:  0.572807E-02   27   28   42
  KSVMAX:  0.250895       19   33    9
  VORSFC:  0.289371E-02
  VOR1KM:  0.483413E-02
  VOR2KM:  0.789791E-02
  VOR3KM:  0.681781E-02
  VOR4KM:  0.722919E-02
  VOR5KM:  0.649446E-02
  TMASS :  0.207380E+15
  TMOIS :  0.752845E+12
  qv MAS:  0.742666E+12
  qc MAS:  0.302388E+10
  qr MAS:  0.222539E+09
  qi MAS:  0.482377E+10
  qs MAS:  0.654483E+09
  qg MAS:  0.144087E+10
  qhlMAS:  0.134671E+08
  TENERG:  0.521631E+20
  TMU   :  0.524312E+16
  TMV   :  0.343541E+16
  TMW   : -0.714642E+12
  TMFU  :  0.882928E+11
  TMFD  : -0.892497E+11
  tcond :  0.000000E+00
  tevac :  0.000000E+00
  tauto :  0.000000E+00
  taccr :  0.000000E+00
  tevar :  0.000000E+00
  train :  0.815441E+06
  erain :  0.000000E+00
  qsfc  :  0.000000E+00
  esfc  :  0.000000E+00
  erad  :  0.000000E+00
  asqv  :  0.171436E+05
  asqc  :  0.400959E+08
  asqr  :  0.852002E+05
  asqi  :  0.415702E+06
  asqs  :  0.634653E+04
  asqg  :  0.249784E+05
  asqhl :  0.734193E+03
  asccn :  0.288895E+18
  asccw :  0.439348E+19
  ascrw :  0.206939E+15
  ascci :  0.368326E+17
  ascsw :  0.110029E+13
  aschw :  0.390285E+12
  aschl :  0.267134E+09
  asvhw :  0.734813E+02
  asvhl :  0.139787E+01
  bsqv  :  0.000000E+00
  bsqc  :  0.000000E+00
  bsqr  :  0.000000E+00
  bsqi  :  0.000000E+00
  bsqs  :  0.000000E+00
  bsqg  :  0.000000E+00
  bsqhl :  0.000000E+00
  bsccn :  0.000000E+00
  bsccw :  0.000000E+00
  bscrw :  0.000000E+00
  bscci :  0.000000E+00
  bscsw :  0.000000E+00
  bschw :  0.000000E+00
  bschl :  0.000000E+00
  bsvhw :  0.000000E+00
  bsvhl :  0.000000E+00
 cm1out_stats.nc                                                       
   nrec =           25
           192             24.000000 min 
           193             24.125000 min 
           194             24.250000 min 
           195             24.375000 min 
           196             24.500000 min 
           197             24.625000 min 
           198             24.750000 min 
           199             24.875000 min 
   Getting dbz ... 
  WMAX  :   38.9817       26   31   34    WMIN  :  -13.3577       29   34   35
  UMAX  :   62.9102       30   31   42    UMIN  :  -12.4328       28   30    1
  SUMAX :   9.17937       22   25    1    SUMIN :  -12.4328       28   30    1
  VMAX  :   42.0780       28   33   42    VMIN  :  -24.5439       27   23   41
  SVMAX :   18.5240       25   26    1    SVMIN : -0.609726       23   36    1
  PPIMAX:  0.234586E-02   26   31   38    PPIMIN: -0.209560E-02    1    5   51
  PPMAX :   409.516        1   62    1    PPMIN :  -308.875       12    9    1
  THPMAX:   24.4334       27   33   45    THPMIN:  -31.5532       27   24   44
  STHPMX:   1.43613       13   29    1    STHPMN:  0.105499       20   37    1
  MAXqv :  0.218451E-01   11   31    1    MINqv :  0.954277E-06   20   25   35
  MAXqc :  0.857842E-02   24   34   26    MINqc :   0.00000        1    1    1
  MAXqr :  0.512493E-02   26   30   25    MINqr :   0.00000        1    1    1
  MAXqi :  0.737614E-02   34   32   42    MINqi :   0.00000        1    1    1
  MAXqs :  0.132232E-02   33   33   32    MINqs :   0.00000        1    1    1
  MAXqg :  0.681057E-02   26   31   33    MINqg :   0.00000        1    1    1
  MAXqhl:  0.122914E-02   26   30   27    MINqhl:   0.00000        1    1    1
  MAXccn:  0.168773E+10   31   25   30    MINccn:   0.00000       11   25    7
  MAXccw:  0.433225E+10   31   21   30    MINccw:   0.00000        1    1    1
  MAXcrw:   595467.       24   34   26    MINcrw:   0.00000        1    1    1
  MAXcci:  0.516946E+09   33   27   36    MINcci:   0.00000        1    1    1
  MAXcsw:   593648.       32   32   42    MINcsw:   0.00000        1    1    1
  MAXchw:   34681.9       28   35   40    MINchw:   0.00000        1    1    1
  MAXchl:   166.998       25   31   26    MINchl:   0.00000        1    1    1
  MAXvhw:  0.144278E-04   25   34   33    MINvhw:   0.00000        1    1    1
  MAXvhl:  0.136797E-05   26   30   27    MINvhl:   0.00000        1    1    1
  TKEMAX:   64.6086       26   25   44    TKEMIN:   0.00000        1    1    1
  KMHMAX:   1004.37       27   28   41    KMHMIN:   0.00000        1    1    1
  KMVMAX:   1004.37       27   28   41    KMVMIN:   0.00000        1    1    1
  KHHMAX:   3013.11       27   28   41    KHHMIN:   0.00000        1    1    1
  KHVMAX:   3013.11       27   28   41    KHVMIN:   0.00000        1    1    1
  DIVMAX:  0.395826E-03   28   33   32    DIVMIN: -0.353668E-03   28   33   33
  RHMAX :   1.01126       27   32   26    RHMIN :  0.210443E-02   26   42   34
  RHIMAX:   1.69543       29   32   48    RHIMIN:  0.311347E-02   26   42   34
  THEMAX:   373.073       15   31    3    THEMIN:   317.038       33   42   15
  STHEMX:   372.459       14   29    1    STHEMN:   357.855       44   55    1
  QCTOP :  18500.000000    1    1    1    QCBOT :    745.283569    1    1    1
  SFPMAX:   95575.8        1   62    1    SFPMIN:   94857.5       12    9    1
  PSFCMX:   96411.5        1   62    1    PSFCMN:   95688.5       12    9    1
  WSPMAX:   68.4880       30   32   42    WSPMIN:  0.937019       22   35    1
  SWSPMX:   18.5687       28   21    1    SWSPMN:  0.937019       22   35    1
  CFLMAX:      0.630653   26   31   32
  KSHMAX:  0.564958E-02   27   28   41
  KSVMAX:  0.233420       19   32    9
  VORSFC:  0.331596E-02
  VOR1KM:  0.441850E-02
  VOR2KM:  0.683184E-02
  VOR3KM:  0.744635E-02
  VOR4KM:  0.760841E-02
  VOR5KM:  0.822428E-02
  TMASS :  0.207380E+15
  TMOIS :  0.752992E+12
  qv MAS:  0.742060E+12
  qc MAS:  0.303573E+10
  qr MAS:  0.256165E+09
  qi MAS:  0.503407E+10
  qs MAS:  0.747125E+09
  qg MAS:  0.181613E+10
  qhlMAS:  0.423011E+08
  TENERG:  0.521633E+20
  TMU   :  0.524669E+16
  TMV   :  0.343879E+16
  TMW   :  0.711230E+13
  TMFU  :  0.105274E+12
  TMFD  : -0.879485E+11
  tcond :  0.000000E+00
  tevac :  0.000000E+00
  tauto :  0.000000E+00
  taccr :  0.000000E+00
  tevar :  0.000000E+00
  train :  0.144274E+07
  erain :  0.000000E+00
  qsfc  :  0.000000E+00
  esfc  :  0.000000E+00
  erad  :  0.000000E+00
  asqv  :  0.171436E+05
  asqc  :  0.408802E+08
  asqr  :  0.874598E+05
  asqi  :  0.420270E+06
  asqs  :  0.657516E+04
  asqg  :  0.259834E+05
  asqhl :  0.127057E+04
  asccn :  0.373134E+18
  asccw :  0.456282E+19
  ascrw :  0.208905E+15
  ascci :  0.369361E+17
  ascsw :  0.126208E+13
  aschw :  0.398663E+12
  aschl :  0.384647E+09
  asvhw :  0.768411E+02
  asvhl :  0.243671E+01
  bsqv  :  0.000000E+00
  bsqc  :  0.000000E+00
  bsqr  :  0.000000E+00
  bsqi  :  0.000000E+00
  bsqs  :  0.000000E+00
  bsqg  :  0.000000E+00
  bsqhl :  0.000000E+00
  bsccn :  0.000000E+00
  bsccw :  0.000000E+00
  bscrw :  0.000000E+00
  bscci :  0.000000E+00
  bscsw :  0.000000E+00
  bschw :  0.000000E+00
  bschl :  0.000000E+00
  bsvhw :  0.000000E+00
  bsvhl :  0.000000E+00
 cm1out_stats.nc                                                       
   nrec =           26
           200             25.000000 min 
   string = cm1out_rst_000005.nc                                                  
  USING COMPRESSED netCDF4 
   leaving restart_prelim 

 Total time:    2.50000024    

   sound    :        0.20    8.00%
   poiss    :        0.00    0.00%
   advs     :        0.31   12.60%
   advu     :        0.00    0.00%
   advv     :        0.00    0.20%
   advw     :        0.01    0.40%
   divx     :        0.06    2.40%
   buoyan   :        0.05    1.80%
   turb     :        0.01    0.60%
   sfcphys  :        0.00    0.00%
   tmix     :        0.00    0.00%
   cor      :        0.00    0.00%
   diffu    :        0.00    0.00%
   rdamp    :        0.00    0.00%
   microphy :        0.14    5.80%
   satadj   :        0.00    0.00%
   fallout  :        0.00    0.00%
   radiatio :        0.00    0.00%
   pbl      :        0.00    0.00%
   stat     :        0.01    0.40%
   cflq     :        0.00    0.00%
   bc       :        0.03    1.00%
   integ    :        0.01    0.40%
   write    :        0.00    0.00%
   restart  :        0.25   10.00%
   misc     :        0.05    2.00%
   swaths   :        0.00    0.00%
   pdef     :        0.03    1.20%
   prsrho   :        0.00    0.00%
   parcels  :        0.00    0.00%
   mp_total :        1.33   53.20%

   mpu1     :        0.00    0.00%
   mpu2     :        0.43   17.20%
   mpv1     :        0.00    0.00%
   mpv2     :        0.00    0.20%
   mpw1     :        0.00    0.00%
   mpw2     :        0.01    0.40%
   mpp1     :        0.00    0.00%
   mpp2     :        0.00    0.00%
   mps1     :        0.01    0.40%
   mps2     :        0.28   11.00%
   mps3     :        0.00    0.00%
   mps4     :        0.03    1.00%
   mpq1     :        0.00    0.00%
   mpq2     :        0.00    0.00%
   mptk1    :        0.57   23.00%
   mptk2    :        0.00    0.00%
   mpb      :        0.00    0.00%


   MN =    660959872.    

 Program terminated normally:  myid=          24
 Program terminated normally:  myid=           4
 Program terminated normally:  myid=           0
 Program terminated normally:  myid=           5
 Program terminated normally:  myid=          23
 Program terminated normally:  myid=          21
 Program terminated normally:  myid=          22
 Program terminated normally:  myid=          20
 Program terminated normally:  myid=          19
 Program terminated normally:  myid=          18
 Program terminated normally:  myid=           3
 Program terminated normally:  myid=           9
 Program terminated normally:  myid=          14
 Program terminated normally:  myid=          13
 Program terminated normally:  myid=          15
 Program terminated normally:  myid=           7
 Program terminated normally:  myid=           1
 Program terminated normally:  myid=          12
 Program terminated normally:  myid=          17
 Program terminated normally:  myid=           2
 Program terminated normally:  myid=          10
 Program terminated normally:  myid=          11
 Program terminated normally:  myid=           8
 Program terminated normally:  myid=           6
 Program terminated normally:  myid=          16
