 Inside PARAM

   Everything is cool!
   ni,nj=          15          15


 dx        =   2000.00000    
 dy        =   2000.00000    
 dz        =   392.156860    
 dtl       =   7.50000000    
 timax     =   5400.00000    
 run_time  =   0.00000000    
 tapfrq    =   900.000000    
 rstfrq    =   0.00000000    
 statfrq   =   60.0000000    
 prclfrq   =   60.0000000    

 adapt_dt  =           0
 irst      =           0
 rstnum    =           0
 iconly    =           0
 hadvordrs =           5
 vadvordrs =           5
 hadvordrv =           5
 vadvordrv =           5
 pdscheme  =           1
 apmasscon =           1
 advwenos  =           2
 advwenov  =           0
 idiff     =           0
 mdiff     =           0
 difforder =           6
 imoist    =           1
 iturb     =           1
 tconfig   =           1
 bcturbs   =           1
 dns       =           0
 irdamp    =           1
 hrdamp    =           0
 psolver   =           3
 nsound    =           6
 ptype     =          27
 ihail     =           1
 iautoc    =           1
 icor      =           0
 pertcor   =           0
 eqtset    =           2
 idiss     =           1
 efall     =           0
 rterm     =           0
 wbc       =           2
 ebc       =           2
 sbc       =           2
 nbc       =           2
 bbc       =           1
 tbc       =           1
 irbc      =           4
 roflux    =           0
 isnd      =           7
 iwnd      =           2
 itern     =           0
 iinit     =           0
 irandp    =           0
 ibalance  =           0
 iorigin   =           1
 axisymm   =           0
 imove     =           0
 iptra     =           0
 npt       =           1
 pdtra     =           1
 iprcl     =           0
 nparcels  =           1

 kdiff2    =   75.0000000    
 kdiff6    =   3.99999991E-02
 fcor      =   0.00000000    
 kdiv      =  0.100000001    
 alph      =  0.600000024    
 rdalpha   =   3.33333341E-03
 zd        =   15000.0000    
 xhd       =   100000.000    
 umove     =   0.00000000    
 vmove     =   0.00000000    
 v_t       =   7.00000000    
 l_h       =   100.000000    
 lhref1    =   100.000000    
 lhref2    =   1000.00000    
 l_inf     =   100.000000    
 ndcnst    =   250.000000    

 radopt    =           0
 dtrad     =   300.000000    
 ctrlat    =   35.2358284    
 ctrlon    =  -97.4619370    
 year      =        2003
 month     =           5
 day       =           8
 hour      =          20
 minute    =          40
 second    =           0

 isfcflx   =           0
 sfcmodel  =           0
 oceanmodel=           0
 ipbl      =           0
 initsfc   =           1
 tsk0      =   299.279999    
 tmn0      =   297.279999    
 xland0    =   2.00000000    
 lu0       =          16
 season    =           1
 cecd      =           3
 pertflx   =           0
 cnstce    =   1.00000005E-03
 cnstcd    =   1.00000005E-03
 isftcflx  =           0
 iz0tlnd   =           0
 oml_hml0  =   50.0000000    
 oml_gamma =  0.140000001    

 stretch_x =           0
 dx_inner  =   1000.00000    
 dx_outer  =   7000.00000    
 nos_x_len =   40000.0000    
 tot_x_len =   120000.000    

 stretch_y =           0
 dy_inner  =   1000.00000    
 dy_outer  =   7000.00000    
 nos_y_len =   40000.0000    
 tot_y_len =   120000.000    

 stretch_z =           2
 ztop      =   20000.0000    
 str_bot   =   0.00000000    
 str_top   =   8625.00000    
 dz_bot    =   150.000000    
 dz_top    =   600.000000    

 bc_temp   =           1
 ptc_top   =   250.000000    
 ptc_bot   =   300.000000    
 viscosity =   25.0000000    
 pr_num    =  0.720000029    

 var1      =   0.00000000    
 var2      =   0.00000000    
 var3      =   0.00000000    
 var4      =   0.00000000    
 var5      =   0.00000000    
 var6      =   0.00000000    
 var7      =   0.00000000    
 var8      =   0.00000000    
 var9      =   0.00000000    
 var10     =   0.00000000    

&NSSL2MOM_PARAMS
 RHO_QR=  1000.00000    ,
 CNOR=  8000000.00    ,
 RHO_QS=  100.000000    ,
 CNOS=  3000000.00    ,
 RHO_QH=  500.000000    ,
 CNOH=  40000.0000    ,
 CCN=  2.00000000E+09,
 INFALL=4          ,
 ALPHAH=  0.00000000    ,
 ALPHAHL= 0.500000000    ,
 IMURAIN=1          ,
 ICDX=3          ,
 ICDXHL=3          ,
 DFRZ=  1.50000007E-04,
 HLDNMN=  500.000000    ,
 IFERWISVENTR=2          ,
 IEHW=1          ,
 IEHLW=1          ,
 EHW0= 0.750000000    ,
 EHLW0= 0.750000000    ,
 DMRAUTO=0          ,
 IOLDLIMITER=0          ,
 /

 ZGRID:  STRETCH FAC  =    1.0359004512429237     
 ZGRID:  DOMAIN  HGT  =    20000.0000    

 ZGRID:  STRETCH FAC  =    1.0359004512429237     
 ZGRID:  DOMAIN  HGT  =    20000.0000    

 ZGRID:  STRETCH FAC  =    1.0359004512429237     

 ZGRID:  STRETCH FAC  =    1.0359004512429237     
 ZGRID:  DOMAIN  HGT  =    20000.0000    

 ZGRID:  STRETCH FAC  =    1.0359004512429237     
 ZGRID:  DOMAIN  HGT  =    20000.0000    
 ZGRID:  DOMAIN  HGT  =    20000.0000    

 ZGRID:  STRETCH FAC  =    1.0359004512429237     
 ZGRID:  DOMAIN  HGT  =    20000.0000    

 ZGRID:  STRETCH FAC  =    1.0359004512429237     
 ZGRID:  DOMAIN  HGT  =    20000.0000    

 ZGRID:  STRETCH FAC  =    1.0359004512429237     
 ZGRID:  DOMAIN  HGT  =    20000.0000    

 ZGRID:  STRETCH FAC  =    1.0359004512429237     
 ZGRID:  DOMAIN  HGT  =    20000.0000    

 ZGRID:  STRETCH FAC  =    1.0359004512429237     
 ZGRID:  DOMAIN  HGT  =    20000.0000    

 ZGRID:  STRETCH FAC  =    1.0359004512429237     
 ZGRID:  DOMAIN  HGT  =    20000.0000    

 ZGRID:  STRETCH FAC  =    1.0359004512429237     
 ZGRID:  DOMAIN  HGT  =    20000.0000    

 ZGRID:  STRETCH FAC  =    1.0359004512429237     
 ZGRID:  DOMAIN  HGT  =    20000.0000    

 ZGRID:  STRETCH FAC  =    1.0359004512429237     
 ZGRID:  DOMAIN  HGT  =    20000.0000    

 ZGRID:  STRETCH FAC  =    1.0359004512429237     
 ZGRID:  DOMAIN  HGT  =    20000.0000    

 ZGRID:  STRETCH FAC  =    1.0359004512429237     
 ZGRID:  DOMAIN  HGT  =    20000.0000    

 ZGRID:  STRETCH FAC  =    1.0359004512429237     
 ZGRID:  DOMAIN  HGT  =    20000.0000    

 ZGRID:  STRETCH FAC  =    1.0359004512429237     
 ZGRID:  DOMAIN  HGT  =    20000.0000    

 ZGRID:  STRETCH FAC  =    1.0359004512429237     
 ZGRID:  DOMAIN  HGT  =    20000.0000    

 ZGRID:  STRETCH FAC  =    1.0359004512429237     
 ZGRID:  DOMAIN  HGT  =    20000.0000    

 ZGRID:  STRETCH FAC  =    1.0359004512429237     
 ZGRID:  DOMAIN  HGT  =    20000.0000    

 ZGRID:  STRETCH FAC  =    1.0359004512429237     
 ZGRID:  DOMAIN  HGT  =    20000.0000    

 iice      =           1
 idm       =           1
 idmplus   =           1
 numq      =          16
 nqv       =           1
 nqc       =           2
 nqr       =           3
 nqi       =           4

 ZGRID:  STRETCH FAC  =    1.0359004512429237     
 ZGRID:  DOMAIN  HGT  =    20000.0000    
 nqs       =           5
 nqg       =           6
 nql1      =           2
 nql2      =           3
 nqs1      =           4
 nqs2      =           7
 nnc1      =           8
 nnc2      =          14

 ZGRID:  STRETCH FAC  =    1.0359004512429237     
 ZGRID:  DOMAIN  HGT  =    20000.0000    
 nvl1      =          15
 nvl2      =          16
 nzl1      =           1
 nzl2      =           1

 nrain     =           1


 output_path      = ./                                                                    
 output_basename  = cm1out                                                                
 output_format    =           2
 output_filetype  =           1
 output_interp    =           0
 output_rain      =           1
 output_sws       =           1
 output_svs       =           1
 output_sps       =           1
 output_srs       =           1
 output_sgs       =           1
 output_sus       =           1
 output_shs       =           1
 output_coldpool  =           0
 output_sfcflx    =           0
 output_sfcparams =           0
 output_sfcdiags  =           0
 output_psfc      =           0
 output_zs        =           0
 output_zh        =           0
 output_basestate =           0
 output_th        =           1
 output_thpert    =           0
 output_prs       =           1
 output_prspert   =           0
 output_pi        =           0
 output_pipert    =           0
 output_rho       =           1
 output_rhopert   =           1
 output_tke       =           1
 output_km        =           1
 output_kh        =           1
 output_qv        =           1
 output_qvpert    =           0
 output_q         =           1
 output_dbz       =           1
 output_buoyancy  =           0
 output_u         =           1
 output_upert     =           0
 output_uinterp   =           1
 output_v         =           1
 output_vpert     =           0
 output_vinterp   =           1
 output_w         =           1
 output_winterp   =           1
 output_vort      =           0
 output_pv        =           0
 output_uh        =           0
 output_pblten    =           0
 output_dissten   =           0
 output_dissheat  =           0
 output_mptend    =           0
 output_fallvel   =           0
 output_nm        =           0
 output_def       =           0
 output_turbten   =           0
 output_impdiften =           0
 output_radten    =           0


 restart_format       =            2
 restart_filetype     =            1
 restart_file_theta   =  T
 restart_file_dbz     =  T
 restart_file_th0     =  T
 restart_file_prs0    =  T
 restart_file_pi0     =  T
 restart_file_rho0    =  T
 restart_file_qv0     =  T
 restart_file_u0      =  T
 restart_file_v0      =  T
 restart_file_zs      =  F
 restart_file_zh      =  F
 restart_file_zf      =  F
 restart_file_diags   =  F
 restart_use_theta    =  T
 restart_reset_frqtim =  T

   maxk =           51


   myid,mynode             =            0           0
   nodemaster,nodes,ppnode =            0           1          25
   nodex,nodey             =            5           5

   d2i   =           80
   d2is  =           75
   d2iu  =           76
   d2iv  =           75

   d2j   =           80
   d2js  =           75
   d2ju  =           75
   d2jv  =           76

   d3i   =           16
   d3is  =           15
   d3iu  =           16
   d3iv  =           15

   d3j   =           16
   d3js  =           15
   d3ju  =           15
   d3jv  =           16

   d3n   =           25
   d3t   =           24


 stat_w       =            1
 stat_u       =            1
 stat_v       =            1
 stat_rmw     =            0
 stat_pipert  =            1
 stat_prspert =            1
 stat_thpert  =            1
 stat_q       =            1
 stat_tke     =            1
 stat_km      =            1
 stat_kh      =            1
 stat_div     =            1
 stat_rh      =            1
 stat_rhi     =            1
 stat_the     =            1
 stat_cloud   =            1
 stat_sfcprs  =            1
 stat_wsp     =            1
 stat_cfl     =            1
 stat_vort    =            1
 stat_tmass   =            1
 stat_tmois   =            1
 stat_qmass   =            1
 stat_tenerg  =            1
 stat_mo      =            1
 stat_tmf     =            1
 stat_pcn     =            1
 stat_qsrc    =            1

 stat_out =          150


 prcl_th      =            0
 prcl_t       =            0
 prcl_prs     =            0
 prcl_ptra    =            0
 prcl_q       =            0
 prcl_nc      =            0
 prcl_km      =            0
 prcl_kh      =            0
 prcl_tke     =            0
 prcl_dbz     =            0
 prcl_b       =            0
 prcl_vpg     =            0
 prcl_vort    =            0
 prcl_rho     =            0
 prcl_qsat    =            0
 prcl_sfc     =            0


   c_m,c_l,ri_c  =   0.100000001      0.816500008      0.250000000    
   c_e1,c_e2,sum =   0.200001687      0.786958814      0.986960530    
   c_s,rcs       =   0.178412408       5.60499144    

   nparcels =            1
   npvals   =            1
     prx      =            0
     pry      =            0
     prz      =            0
     pru      =            0
     prv      =            0
     prw      =            0
     prth     =            0
     prt      =            0
     prprs    =            0
     prpt1    =            0
     prpt2    =            0
     prqv     =            0
     prq1     =            0
     prq2     =            0
     prnc1    =            0
     prnc2    =            0
     prkm     =            0
     prkh     =            0
     prtke    =            0
     prdbz    =            0
     prb      =            0
     prvpg    =            0
     przv     =            0
     prrho    =            0
     prqsl    =            0
     prqsi    =            0
     prznt    =            0
     prust    =            0

   myi,myj=           1           1

   mywest  =           4
   myeast  =           1
   mysouth =          20
   mynorth =           5

   mysw    =          24
   mynw    =           9
   myne    =           6
   myse    =          21

   cs1we   =         765
   cs1sn   =         765
   ct1we   =         780
   ct1sn   =         780
   cv1we   =         816
   cu1sn   =         816
   cw1we   =         750
   cw1sn   =         750
   cs2we   =        1530
   cs2sn   =        1530
   cs3we   =        2295
   cs3sn   =        2295
   ct3we   =        2340
   ct3sn   =        2340
   cv3we   =        2448
   cu3sn   =        2448
   cw3we   =        2250
   cw3sn   =        2250


 g     =   9.81000042    
 to    =   273.149994    
 rd    =   287.040009    
 rv    =   461.500000    
 cp    =   1005.70001    
 cv    =   718.660034    
 cpv   =   1870.00000    
 cvv   =   1408.50000    
 p00   =   100000.000    
 rp00  =   9.99999975E-06
 th0r  =   300.000000    
 rcp   =   9.94332251E-04
 pi    =   3.14159274    

 cpdcv =   1.39941001    
 rovcp =  0.285413146    
 rddcv =  0.399410009    
 cvdrd =   2.50369287    
 cpdrd =   3.50369287    
 eps   =  0.621971846    
 reps  =   1.60778975    
 repsm1=  0.607789755    
 cpt   =  0.859401345    
 cvt   =  0.959897518    
 pnum  =  -72634.2500    
 xlv   =   2501000.00    
 xls   =   2834000.00    
 lvdcp =   2486.82495    
 condc =   13476814.0    
 cpl   =   4190.00000    
 cpi   =   2106.00000    
 lv1   =   3134708.00    
 lv2   =   2320.00000    
 ls1   =   2898463.50    
 ls2   =   236.000000    
 karman=  0.400000006    

 timeformat   =           2
 timestats    =           1
 terrain_flag = F
 procfiles    = F

 nx    =          75
 ny    =          75
 nz    =          51

 nodex    =           5
 nodey    =           5
 numprocs =          25
 ppnode   =          25

 ni    =          15
 nj    =          15
 nk    =          51
 nkp1  =          52

 ib,ibm,ibi,ibc,ibt=       -2       -2       -2       -2       -2
 ie,iem,iei,iec,iet=       18       18       18       18       18
 jb,jbm,jbi,jbc,jbt=       -2       -2       -2       -2       -2
 je,jem,jei,jec,jet=       18       18       18       18       18
 kb,kbm,kbi,kbc,kbt=        0        0        0        0        0
 ke,kem,kei,kec,ket=       52       52       52       53       53

 imirror,jmirror =            0           0

 ibp,itb,ipb,ibr,ibb=        1        1        1        1        1
 iep,ite,ipe,ier,ieb=        1        1        1        1        1
 jbp,jtb,jpb,jbr,jbb=        1        1        1        1        1
 jep,jte,jpe,jer,jeb=        1        1        1        1        1
 kbp,ktb,kpb,kbr,kbb=        1        1        1        1        1
 kep,kte,kpe,ker,keb=        1        1        1        1        1

 ibd               =        1
 ied               =        1
 jbd               =        1
 jed               =        1
 kbd               =        1
 ked               =        1

 ibl               =        1
 iel               =        1
 jbl               =        1
 jel               =        1

 imp,jmp,kmp,kmt,rmp,cmp =     15     15     51     52      8      3

 rdx    =   5.00000024E-04
 rdy    =   5.00000024E-04
 rdz    =   2.55000009E-03
 rdx2   =   2.50000012E-04
 rdy2   =   2.50000012E-04
 rdz2   =   1.27500005E-03
 rdx4   =   1.25000006E-04
 rdy4   =   1.25000006E-04
 rdz4   =   6.37500023E-04
 govtwo =   4.90500021    
 clwsat =   9.99999997E-07
 smeps  =   1.00000000E-30
 tsmall =   9.99999975E-05
 qsmall =   9.99999982E-15
 cstar  =   30.0000000    
 csmax  =   350.000000    
 epsilon=   1.00000005E-18


 x:
      i         xf           xh         dx         uf         uh
 ---------------------------------------------------------------
      -2      -6000.00      -5000.00     2000.00     1.0000     1.0000   x
      -1      -4000.00      -3000.00     2000.00     1.0000     1.0000   x
       0      -2000.00      -1000.00     2000.00     1.0000     1.0000   x
       1          0.00       1000.00     2000.00     1.0000     1.0000    
       2       2000.00       3000.00     2000.00     1.0000     1.0000    
       3       4000.00       5000.00     2000.00     1.0000     1.0000    
       4       6000.00       7000.00     2000.00     1.0000     1.0000    
       5       8000.00       9000.00     2000.00     1.0000     1.0000    
       6      10000.00      11000.00     2000.00     1.0000     1.0000    
       7      12000.00      13000.00     2000.00     1.0000     1.0000    
       8      14000.00      15000.00     2000.00     1.0000     1.0000    
       9      16000.00      17000.00     2000.00     1.0000     1.0000    
      10      18000.00      19000.00     2000.00     1.0000     1.0000    
      11      20000.00      21000.00     2000.00     1.0000     1.0000    
      12      22000.00      23000.00     2000.00     1.0000     1.0000    
      13      24000.00      25000.00     2000.00     1.0000     1.0000    
      14      26000.00      27000.00     2000.00     1.0000     1.0000    
      15      28000.00      29000.00     2000.00     1.0000     1.0000    
      16      30000.00      31000.00     2000.00     1.0000     1.0000    
      17      32000.00      33000.00     2000.00     1.0000     1.0000    
      18      34000.00      35000.00     2000.00     1.0000     1.0000    
      19      36000.00      37000.00     2000.00     1.0000     1.0000    
      20      38000.00      39000.00     2000.00     1.0000     1.0000    
      21      40000.00      41000.00     2000.00     1.0000     1.0000    
      22      42000.00      43000.00     2000.00     1.0000     1.0000    
      23      44000.00      45000.00     2000.00     1.0000     1.0000    
      24      46000.00      47000.00     2000.00     1.0000     1.0000    
      25      48000.00      49000.00     2000.00     1.0000     1.0000    
      26      50000.00      51000.00     2000.00     1.0000     1.0000    
      27      52000.00      53000.00     2000.00     1.0000     1.0000    
      28      54000.00      55000.00     2000.00     1.0000     1.0000    
      29      56000.00      57000.00     2000.00     1.0000     1.0000    
      30      58000.00      59000.00     2000.00     1.0000     1.0000    
      31      60000.00      61000.00     2000.00     1.0000     1.0000    
      32      62000.00      63000.00     2000.00     1.0000     1.0000    
      33      64000.00      65000.00     2000.00     1.0000     1.0000    
      34      66000.00      67000.00     2000.00     1.0000     1.0000    
      35      68000.00      69000.00     2000.00     1.0000     1.0000    
      36      70000.00      71000.00     2000.00     1.0000     1.0000    
      37      72000.00      73000.00     2000.00     1.0000     1.0000    
      38      74000.00      75000.00     2000.00     1.0000     1.0000    
      39      76000.00      77000.00     2000.00     1.0000     1.0000    
      40      78000.00      79000.00     2000.00     1.0000     1.0000    
      41      80000.00      81000.00     2000.00     1.0000     1.0000    
      42      82000.00      83000.00     2000.00     1.0000     1.0000    
      43      84000.00      85000.00     2000.00     1.0000     1.0000    
      44      86000.00      87000.00     2000.00     1.0000     1.0000    
      45      88000.00      89000.00     2000.00     1.0000     1.0000    
      46      90000.00      91000.00     2000.00     1.0000     1.0000    
      47      92000.00      93000.00     2000.00     1.0000     1.0000    
      48      94000.00      95000.00     2000.00     1.0000     1.0000    
      49      96000.00      97000.00     2000.00     1.0000     1.0000    
      50      98000.00      99000.00     2000.00     1.0000     1.0000    
      51     100000.00     101000.00     2000.00     1.0000     1.0000    
      52     102000.00     103000.00     2000.00     1.0000     1.0000    
      53     104000.00     105000.00     2000.00     1.0000     1.0000    
      54     106000.00     107000.00     2000.00     1.0000     1.0000    
      55     108000.00     109000.00     2000.00     1.0000     1.0000    
      56     110000.00     111000.00     2000.00     1.0000     1.0000    
      57     112000.00     113000.00     2000.00     1.0000     1.0000    
      58     114000.00     115000.00     2000.00     1.0000     1.0000    
      59     116000.00     117000.00     2000.00     1.0000     1.0000    
      60     118000.00     119000.00     2000.00     1.0000     1.0000    
      61     120000.00     121000.00     2000.00     1.0000     1.0000    
      62     122000.00     123000.00     2000.00     1.0000     1.0000    
      63     124000.00     125000.00     2000.00     1.0000     1.0000    
      64     126000.00     127000.00     2000.00     1.0000     1.0000    
      65     128000.00     129000.00     2000.00     1.0000     1.0000    
      66     130000.00     131000.00     2000.00     1.0000     1.0000    
      67     132000.00     133000.00     2000.00     1.0000     1.0000    
      68     134000.00     135000.00     2000.00     1.0000     1.0000    
      69     136000.00     137000.00     2000.00     1.0000     1.0000    
      70     138000.00     139000.00     2000.00     1.0000     1.0000    
      71     140000.00     141000.00     2000.00     1.0000     1.0000    
      72     142000.00     143000.00     2000.00     1.0000     1.0000    
      73     144000.00     145000.00     2000.00     1.0000     1.0000    
      74     146000.00     147000.00     2000.00     1.0000     1.0000    
      75     148000.00     149000.00     2000.00     1.0000     1.0000    
      76     150000.00     151000.00     2000.00     1.0000     1.0000   x
      77     152000.00     153000.00     2000.00     1.0000     1.0000   x
      78     154000.00     155000.00     2000.00     1.0000     1.0000   x
      79     156000.00                               1.0000


 y:
      j         yf           yh         dy         vf         vh
 ---------------------------------------------------------------
      -2      -6000.00      -5000.00     2000.00     1.0000     1.0000   x
      -1      -4000.00      -3000.00     2000.00     1.0000     1.0000   x
       0      -2000.00      -1000.00     2000.00     1.0000     1.0000   x
       1          0.00       1000.00     2000.00     1.0000     1.0000    
       2       2000.00       3000.00     2000.00     1.0000     1.0000    
       3       4000.00       5000.00     2000.00     1.0000     1.0000    
       4       6000.00       7000.00     2000.00     1.0000     1.0000    
       5       8000.00       9000.00     2000.00     1.0000     1.0000    
       6      10000.00      11000.00     2000.00     1.0000     1.0000    
       7      12000.00      13000.00     2000.00     1.0000     1.0000    
       8      14000.00      15000.00     2000.00     1.0000     1.0000    
       9      16000.00      17000.00     2000.00     1.0000     1.0000    
      10      18000.00      19000.00     2000.00     1.0000     1.0000    
      11      20000.00      21000.00     2000.00     1.0000     1.0000    
      12      22000.00      23000.00     2000.00     1.0000     1.0000    
      13      24000.00      25000.00     2000.00     1.0000     1.0000    
      14      26000.00      27000.00     2000.00     1.0000     1.0000    
      15      28000.00      29000.00     2000.00     1.0000     1.0000    
      16      30000.00      31000.00     2000.00     1.0000     1.0000    
      17      32000.00      33000.00     2000.00     1.0000     1.0000    
      18      34000.00      35000.00     2000.00     1.0000     1.0000    
      19      36000.00      37000.00     2000.00     1.0000     1.0000    
      20      38000.00      39000.00     2000.00     1.0000     1.0000    
      21      40000.00      41000.00     2000.00     1.0000     1.0000    
      22      42000.00      43000.00     2000.00     1.0000     1.0000    
      23      44000.00      45000.00     2000.00     1.0000     1.0000    
      24      46000.00      47000.00     2000.00     1.0000     1.0000    
      25      48000.00      49000.00     2000.00     1.0000     1.0000    
      26      50000.00      51000.00     2000.00     1.0000     1.0000    
      27      52000.00      53000.00     2000.00     1.0000     1.0000    
      28      54000.00      55000.00     2000.00     1.0000     1.0000    
      29      56000.00      57000.00     2000.00     1.0000     1.0000    
      30      58000.00      59000.00     2000.00     1.0000     1.0000    
      31      60000.00      61000.00     2000.00     1.0000     1.0000    
      32      62000.00      63000.00     2000.00     1.0000     1.0000    
      33      64000.00      65000.00     2000.00     1.0000     1.0000    
      34      66000.00      67000.00     2000.00     1.0000     1.0000    
      35      68000.00      69000.00     2000.00     1.0000     1.0000    
      36      70000.00      71000.00     2000.00     1.0000     1.0000    
      37      72000.00      73000.00     2000.00     1.0000     1.0000    
      38      74000.00      75000.00     2000.00     1.0000     1.0000    
      39      76000.00      77000.00     2000.00     1.0000     1.0000    
      40      78000.00      79000.00     2000.00     1.0000     1.0000    
      41      80000.00      81000.00     2000.00     1.0000     1.0000    
      42      82000.00      83000.00     2000.00     1.0000     1.0000    
      43      84000.00      85000.00     2000.00     1.0000     1.0000    
      44      86000.00      87000.00     2000.00     1.0000     1.0000    
      45      88000.00      89000.00     2000.00     1.0000     1.0000    
      46      90000.00      91000.00     2000.00     1.0000     1.0000    
      47      92000.00      93000.00     2000.00     1.0000     1.0000    
      48      94000.00      95000.00     2000.00     1.0000     1.0000    
      49      96000.00      97000.00     2000.00     1.0000     1.0000    
      50      98000.00      99000.00     2000.00     1.0000     1.0000    
      51     100000.00     101000.00     2000.00     1.0000     1.0000    
      52     102000.00     103000.00     2000.00     1.0000     1.0000    
      53     104000.00     105000.00     2000.00     1.0000     1.0000    
      54     106000.00     107000.00     2000.00     1.0000     1.0000    
      55     108000.00     109000.00     2000.00     1.0000     1.0000    
      56     110000.00     111000.00     2000.00     1.0000     1.0000    
      57     112000.00     113000.00     2000.00     1.0000     1.0000    
      58     114000.00     115000.00     2000.00     1.0000     1.0000    
      59     116000.00     117000.00     2000.00     1.0000     1.0000    
      60     118000.00     119000.00     2000.00     1.0000     1.0000    
      61     120000.00     121000.00     2000.00     1.0000     1.0000    
      62     122000.00     123000.00     2000.00     1.0000     1.0000    
      63     124000.00     125000.00     2000.00     1.0000     1.0000    
      64     126000.00     127000.00     2000.00     1.0000     1.0000    
      65     128000.00     129000.00     2000.00     1.0000     1.0000    
      66     130000.00     131000.00     2000.00     1.0000     1.0000    
      67     132000.00     133000.00     2000.00     1.0000     1.0000    
      68     134000.00     135000.00     2000.00     1.0000     1.0000    
      69     136000.00     137000.00     2000.00     1.0000     1.0000    
      70     138000.00     139000.00     2000.00     1.0000     1.0000    
      71     140000.00     141000.00     2000.00     1.0000     1.0000    
      72     142000.00     143000.00     2000.00     1.0000     1.0000    
      73     144000.00     145000.00     2000.00     1.0000     1.0000    
      74     146000.00     147000.00     2000.00     1.0000     1.0000    
      75     148000.00     149000.00     2000.00     1.0000     1.0000    
      76     150000.00     151000.00     2000.00     1.0000     1.0000   x
      77     152000.00     153000.00     2000.00     1.0000     1.0000   x
      78     154000.00     155000.00     2000.00     1.0000     1.0000   x
      79     156000.00                               1.0000


 ZGRID:  STRETCH FAC  =    1.0359004512429237     
 ZGRID:  DOMAIN  HGT  =    20000.0000    
 k,gzc,gze =            1   77.692535400390625        0.0000000000000000     
 k,gzc,gze =            2   235.86680603027344        155.38507080078125     
 k,gzc,gze =            3   399.71958923339844        316.34854125976562     
 k,gzc,gze =            4   569.45477294921875        483.09063720703125     
 k,gzc,gze =            5   745.28353881835938        655.81890869140625     
 k,gzc,gze =            6   927.42462158203125        834.74816894531250     
 k,gzc,gze =            7   1116.1046142578125        1020.1010742187500     
 k,gzc,gze =            8   1311.5583496093750        1212.1081542968750     
 k,gzc,gze =            9   1514.0289916992188        1411.0085449218750     
 k,gzc,gze =           10   1723.7683715820312        1617.0494384765625     
 k,gzc,gze =           11   1941.0374755859375        1830.4873046875000     
 k,gzc,gze =           12   2166.1066894531250        2051.5876464843750     
 k,gzc,gze =           13   2399.2559814453125        2280.6257324218750     
 k,gzc,gze =           14   2640.7753906250000        2517.8862304687500     
 k,gzc,gze =           15   2890.9654541015625        2763.6645507812500     
 k,gzc,gze =           16   3150.1374511718750        3018.2663574218750     
 k,gzc,gze =           17   3418.6138916015625        3282.0085449218750     
 k,gzc,gze =           18   3696.7287597656250        3555.2192382812500     
 k,gzc,gze =           19   3984.8281250000000        3838.2382812500000     
 k,gzc,gze =           20   4283.2702636718750        4131.4179687500000     
 k,gzc,gze =           21   4592.4265136718750        4435.1225585937500     
 k,gzc,gze =           22   4912.6818847656250        4749.7304687500000     
 k,gzc,gze =           23   5244.4345703125000        5075.6333007812500     
 k,gzc,gze =           24   5588.0971679687500        5413.2358398437500     
 k,gzc,gze =           25   5944.0974121093750        5762.9584960937500     
 k,gzc,gze =           26   6312.8781738281250        6125.2363281250000     
 k,gzc,gze =           27   6694.8984375000000        6500.5200195312500     
 k,gzc,gze =           28   7090.6335449218750        6889.2768554687500     
 k,gzc,gze =           29   7500.5754394531250        7291.9902343750000     
 k,gzc,gze =           30   7925.2343750000000        7709.1606445312500     
 k,gzc,gze =           31   8365.1389160156250        8141.3081054687500     
 k,gzc,gze =           32   8820.8364257812500        8588.9697265625000     
 k,gzc,gze =           33   9292.8935546875000        9052.7031250000000     
 k,gzc,gze =           34   9781.8974609375000        9533.0839843750000     
 k,gzc,gze =           35   10288.457031250000        10030.710937500000     
 k,gzc,gze =           36   10813.202636718750        10546.203125000000     
 k,gzc,gze =           37   11356.786621093750        11080.202148437500     
 k,gzc,gze =           38   11919.885253906250        11633.371093750000     
 k,gzc,gze =           39   12503.199707031250        12206.399414062500     
 k,gzc,gze =           40   13100.000000000000        12800.000000000000     
 k,gzc,gze =           41   13700.000000000000        13400.000000000000     
 k,gzc,gze =           42   14300.000000000000        14000.000000000000     
 k,gzc,gze =           43   14900.000000000000        14600.000000000000     
 k,gzc,gze =           44   15500.000000000000        15200.000000000000     
 k,gzc,gze =           45   16100.000000000000        15800.000000000000     
 k,gzc,gze =           46   16700.000000000000        16400.000000000000     
 k,gzc,gze =           47   17300.000000000000        17000.000000000000     
 k,gzc,gze =           48   17900.000000000000        17600.000000000000     
 k,gzc,gze =           49   18500.000000000000        18200.000000000000     
 k,gzc,gze =           50   19100.000000000000        18800.000000000000     
 k,gzc,gze =           51   19700.000000000000        19400.000000000000     
 k,gzc,gze =           52   20300.000000000000        20000.000000000000     

 model heights:
     k       zf         zh         dz         mf         mh
 ---------------------------------------------------------------
      1       0.00      77.69     155.39     2.5238     2.5238
      2     155.39     235.87     160.96     2.4793     2.4363
      3     316.35     399.72     166.74     2.3933     2.3519
      4     483.09     569.45     172.73     2.3104     2.2704
      5     655.82     745.28     178.93     2.2303     2.1917
      6     834.75     927.42     185.35     2.1530     2.1157
      7    1020.10    1116.10     192.01     2.0784     2.0424
      8    1212.11    1311.56     198.90     2.0064     1.9716
      9    1411.01    1514.03     206.04     1.9369     1.9033
     10    1617.05    1723.77     213.44     1.8697     1.8373
     11    1830.49    1941.04     221.10     1.8049     1.7737
     12    2051.59    2166.11     229.04     1.7424     1.7122
     13    2280.63    2399.26     237.26     1.6820     1.6529
     14    2517.89    2640.78     245.78     1.6237     1.5956
     15    2763.66    2890.97     254.60     1.5674     1.5403
     16    3018.27    3150.14     263.74     1.5131     1.4869
     17    3282.01    3418.61     273.21     1.4607     1.4354
     18    3555.22    3696.73     283.02     1.4101     1.3856
     19    3838.24    3984.83     293.18     1.3612     1.3376
     20    4131.42    4283.27     303.70     1.3140     1.2912
     21    4435.12    4592.43     314.61     1.2685     1.2465
     22    4749.73    4912.68     325.90     1.2245     1.2033
     23    5075.63    5244.43     337.60     1.1821     1.1616
     24    5413.24    5588.10     349.72     1.1411     1.1213
     25    5762.96    5944.10     362.28     1.1016     1.0825
     26    6125.24    6312.88     375.28     1.0634     1.0450
     27    6500.52    6694.90     388.76     1.0265     1.0087
     28    6889.28    7090.63     402.71     0.9910     0.9738
     29    7291.99    7500.58     417.17     0.9566     0.9400
     30    7709.16    7925.23     432.15     0.9235     0.9075
     31    8141.31    8365.14     447.66     0.8915     0.8760
     32    8588.97    8820.84     463.73     0.8606     0.8457
     33    9052.70    9292.89     480.38     0.8307     0.8163
     34    9533.08    9781.90     497.63     0.8020     0.7881
     35   10030.71   10288.46     515.49     0.7742     0.7607
     36   10546.20   10813.20     534.00     0.7473     0.7344
     37   11080.20   11356.79     553.17     0.7214     0.7089
     38   11633.37   11919.88     573.03     0.6964     0.6844
     39   12206.40   12503.20     593.60     0.6723     0.6606
     40   12800.00   13100.00     600.00     0.6571     0.6536
     41   13400.00   13700.00     600.00     0.6536     0.6536
     42   14000.00   14300.00     600.00     0.6536     0.6536
     43   14600.00   14900.00     600.00     0.6536     0.6536
     44   15200.00   15500.00     600.00     0.6536     0.6536
     45   15800.00   16100.00     600.00     0.6536     0.6536
     46   16400.00   16700.00     600.00     0.6536     0.6536
     47   17000.00   17300.00     600.00     0.6536     0.6536
     48   17600.00   17900.00     600.00     0.6536     0.6536
     49   18200.00   18500.00     600.00     0.6536     0.6536
     50   18800.00   19100.00     600.00     0.6536     0.6536
     51   19400.00   19700.00     600.00     0.6536     0.6536
     52   20000.00                           0.6536

   patchsww = F
   patchnww = T
   patchsee = F
   patchnee = F
   patchsws = F
   patchses = T
   patchnwn = F
   patchnen = F

   p2tchsww = T
   p2tchnww = F
   p2tchsee = F
   p2tchnee = F
   p2tchsws = T
   p2tchses = F
   p2tchnwn = F
   p2tchnen = F

   minx =    0.00000000    
   maxx =    150000.000    
   miny =    0.00000000    
   maxy =    150000.000    
   maxz =    20000.0000    

   ibw =           1
   ibe =           0
   ibs =           1
   ibn =           0

   min_dx =    2000.00000    
   max_dx =    2000.00000    
   min_dy =    2000.00000    
   max_dy =    2000.00000    
   min_dz =    155.385071    
   max_dz =    600.000000    


   k,c1,c2,zhm1,zf,zh:
      1    0.5000    0.5000     -77.69       0.00      77.69
      2    0.5088    0.4912      77.69     155.39     235.87
      3    0.5088    0.4912     235.87     316.35     399.72
      4    0.5088    0.4912     399.72     483.09     569.45
      5    0.5088    0.4912     569.45     655.82     745.28
      6    0.5088    0.4912     745.28     834.75     927.42
      7    0.5088    0.4912     927.42    1020.10    1116.10
      8    0.5088    0.4912    1116.10    1212.11    1311.56
      9    0.5088    0.4912    1311.56    1411.01    1514.03
     10    0.5088    0.4912    1514.03    1617.05    1723.77
     11    0.5088    0.4912    1723.77    1830.49    1941.04
     12    0.5088    0.4912    1941.04    2051.59    2166.11
     13    0.5088    0.4912    2166.11    2280.63    2399.26
     14    0.5088    0.4912    2399.26    2517.89    2640.78
     15    0.5088    0.4912    2640.78    2763.66    2890.97
     16    0.5088    0.4912    2890.97    3018.27    3150.14
     17    0.5088    0.4912    3150.14    3282.01    3418.61
     18    0.5088    0.4912    3418.61    3555.22    3696.73
     19    0.5088    0.4912    3696.73    3838.24    3984.83
     20    0.5088    0.4912    3984.83    4131.42    4283.27
     21    0.5088    0.4912    4283.27    4435.12    4592.43
     22    0.5088    0.4912    4592.43    4749.73    4912.68
     23    0.5088    0.4912    4912.68    5075.63    5244.43
     24    0.5088    0.4912    5244.43    5413.24    5588.10
     25    0.5088    0.4912    5588.10    5762.96    5944.10
     26    0.5088    0.4912    5944.10    6125.24    6312.88
     27    0.5088    0.4912    6312.88    6500.52    6694.90
     28    0.5088    0.4912    6694.90    6889.28    7090.63
     29    0.5088    0.4912    7090.63    7291.99    7500.58
     30    0.5088    0.4912    7500.58    7709.16    7925.23
     31    0.5088    0.4912    7925.23    8141.31    8365.14
     32    0.5088    0.4912    8365.14    8588.97    8820.84
     33    0.5088    0.4912    8820.84    9052.70    9292.89
     34    0.5088    0.4912    9292.89    9533.08    9781.90
     35    0.5088    0.4912    9781.90   10030.71   10288.46
     36    0.5088    0.4912   10288.46   10546.20   10813.20
     37    0.5088    0.4912   10813.20   11080.20   11356.79
     38    0.5088    0.4912   11356.79   11633.37   11919.88
     39    0.5088    0.4912   11919.88   12206.40   12503.20
     40    0.5027    0.4973   12503.20   12800.00   13100.00
     41    0.5000    0.5000   13100.00   13400.00   13700.00
     42    0.5000    0.5000   13700.00   14000.00   14300.00
     43    0.5000    0.5000   14300.00   14600.00   14900.00
     44    0.5000    0.5000   14900.00   15200.00   15500.00
     45    0.5000    0.5000   15500.00   15800.00   16100.00
     46    0.5000    0.5000   16100.00   16400.00   16700.00
     47    0.5000    0.5000   16700.00   17000.00   17300.00
     48    0.5000    0.5000   17300.00   17600.00   17900.00
     49    0.5000    0.5000   17900.00   18200.00   18500.00
     50    0.5000    0.5000   18500.00   18800.00   19100.00
     51    0.5000    0.5000   19100.00   19400.00   19700.00
     52    0.5000    0.5000   19700.00   20000.00   20300.00


   ------ tauf, tauh -----
           1   0.00000000       0.00000000    
           2   0.00000000       0.00000000    
           3   0.00000000       0.00000000    
           4   0.00000000       0.00000000    
           5   0.00000000       0.00000000    
           6   0.00000000       0.00000000    
           7   0.00000000       0.00000000    
           8   0.00000000       0.00000000    
           9   0.00000000       0.00000000    
          10   0.00000000       0.00000000    
          11   0.00000000       0.00000000    
          12   0.00000000       0.00000000    
          13   0.00000000       0.00000000    
          14   0.00000000       0.00000000    
          15   0.00000000       0.00000000    
          16   0.00000000       0.00000000    
          17   0.00000000       0.00000000    
          18   0.00000000       0.00000000    
          19   0.00000000       0.00000000    
          20   0.00000000       0.00000000    
          21   0.00000000       0.00000000    
          22   0.00000000       0.00000000    
          23   0.00000000       0.00000000    
          24   0.00000000       0.00000000    
          25   0.00000000       0.00000000    
          26   0.00000000       0.00000000    
          27   0.00000000       0.00000000    
          28   0.00000000       0.00000000    
          29   0.00000000       0.00000000    
          30   0.00000000       0.00000000    
          31   0.00000000       0.00000000    
          32   0.00000000       0.00000000    
          33   0.00000000       0.00000000    
          34   0.00000000       0.00000000    
          35   0.00000000       0.00000000    
          36   0.00000000       0.00000000    
          37   0.00000000       0.00000000    
          38   0.00000000       0.00000000    
          39   0.00000000       0.00000000    
          40   0.00000000       0.00000000    
          41   0.00000000       0.00000000    
          42   0.00000000       0.00000000    
          43   0.00000000       0.00000000    
          44   3.94263864E-03   2.44717300E-02
          45   6.18466735E-02  0.114743382    
          46  0.181288034      0.259123147    
          47  0.345491529      0.437333375    
          48  0.531395316      0.624345005    
          49  0.712889671      0.793892622    
          50  0.864484310      0.922163963    
          51  0.964888215      0.991143644    
          52   1.00000000    


   vialpha,vibeta =   0.500000000      0.500000000    


   x0,alpha,delta,sum,predict,maxz:
   0.00000000    
  0.500000000       1.51795030       2.57244539       3.66479731    
   1.85094726      -1.19824338      0.347296089       0.00000000    
   1.00000000       1.52587891E-05   20000.0000    


   cgs1,cgs2,cgs3 =    1.85094726      -1.19824338      0.347296089    
   sum            =    1.00000000    

   dgs1,dgs2,dgs3 =   -1.93890107       2.86228609     -0.923384964    
   sum            =    5.96046448E-08


   x0,alpha,delta,sum,predict,maxz:
   33.3333321    
   32.8333321       31.8333340       30.8333340       29.8333340    
   1.87500155      -1.25000143      0.374999881       0.00000000    
   1.00000000       20000.0020       20000.0000    


   cgt1,cgt2,cgt3 =    1.87500155      -1.25000143      0.374999881    
   sum            =    1.00000000    

   dgt1,dgt2,dgt3 =    2.00000381      -3.00000381       1.00000000    
   sum            =    0.00000000    

 Leaving PARAM
 Inside BASE

  Reading sounding from external file, input_sounding

  p_sfc, th_sfc, qv_sfc =    960.000000       304.899994       19.0599995    
   Found           68   levels (including surface)


     k,z,th,qv:
           1   0.00000000       304.899994       19.0599995    
           2   0.00000000       304.899994       19.0599995    
           3   253.000000       305.200012       17.9099998    
           4   329.000000       305.299988       17.5799999    
           5   557.000000       305.500000       17.2199993    
           6   757.000000       305.600006       16.9099998    
           7   862.000000       306.799988       15.3999996    
           8   1069.00000       309.200012       12.7700005    
           9   1472.00000       310.700012       8.30000019    
          10   1777.00000       311.799988       5.88999987    
          11   1942.00000       312.399994       4.86000013    
          12   2081.00000       312.399994       5.42000008    
          13   2386.00000       312.399994       6.84999990    
          14   2475.00000       312.399994       7.32000017    
          15   2721.00000       312.899994       4.53999996    
          16   2876.00000       313.000000       3.85999990    
          17   3070.00000       314.399994       1.21000004    
          18   3301.00000       315.799988       1.08000004    
          19   3605.00000       317.600006      0.920000017    
          20   3807.00000       318.700012      0.819999993    
          21   3910.00000       318.899994      0.829999983    
          22   4520.00000       319.500000      0.829999983    
          23   4718.00000       319.700012      0.839999974    
          24   5026.00000       323.500000      0.230000004    
          25   5423.00000       324.600006      0.189999998    
          26   5434.00000       324.600006      0.189999998    
          27   5739.00000       325.700012      0.209999993    
          28   6102.00000       327.100006      0.219999999    
          29   7123.00000       328.299988      0.119999997    
          30   7263.00000       328.500000      0.119999997    
          31   8787.00000       331.100006      0.170000002    
          32   9092.00000       331.399994      0.180000007    
          33   9160.00000       331.500000      0.189999998    
          34   9183.00000       331.600006       1.00000005E-03
          35   9701.00000       334.700012       1.00000005E-03
          36   9844.00000       335.500000       1.00000005E-03
          37   10311.0000       338.299988       1.00000005E-03
          38   10413.0000       338.899994       1.00000005E-03
          39   10921.0000       340.600006       1.00000005E-03
          40   11530.0000       342.500000       1.00000005E-03
          41   11863.0000       343.399994       1.00000005E-03
          42   12140.0000       347.799988       1.00000005E-03
          43   12290.0000       350.100006       1.00000005E-03
          44   13664.0000       359.100006       1.00000005E-03
          45   13663.0000       359.100006       1.00000005E-03
          46   14273.0000       362.500000       1.00000005E-03
          47   14391.0000       363.100006       1.00000005E-03
          48   14811.0000       371.299988       1.00000005E-03
          49   14883.0000       372.700012       1.00000005E-03
          50   15797.0000       391.100006       1.00000005E-03
          51   16103.0000       397.399994       1.00000005E-03
          52   16481.0000       399.899994       1.00000005E-03
          53   16637.0000       410.000000       1.00000005E-03
          54   17281.0000       413.000000       1.00000005E-03
          55   17321.0000       415.399994       1.00000005E-03
          56   17527.0000       427.799988       1.00000005E-03
          57   18236.0000       441.399994       1.00000005E-03
          58   18253.0000       441.799988       1.00000005E-03
          59   18517.0000       445.600006       1.00000005E-03
          60   18845.0000       457.100006       1.00000005E-03
          61   19981.0000       498.799988       1.00000005E-03
          62   20323.0000       504.700012       1.00000005E-03
          63   22954.0000       573.599976       1.00000005E-03
          64   23563.0000       595.500000       1.00000005E-03
          65   24663.0000       636.000000       1.00000005E-03
          66   26193.0000       679.000000       1.00000005E-03
          67   26846.0000       706.799988       1.00000005E-03
          68   27739.0000       734.200012       1.00000005E-03

     k,u,v:
           1  -1.68008852      -2.17436504    
           2  -2.28714967       6.28391504    
           3  -3.03701520       17.2238979    
           4  -2.85836720       16.2107277    
           5   0.00000000       18.0039997    
           6   4.05004406       17.5425529    
           7   6.15775585       16.9182167    
           8   10.3266935       14.7479963    
           9   14.1859379       11.9033737    
          10   16.8548927       11.8018789    
          11   17.6976376       12.3919735    
          12   18.5403824       12.9820671    
          13   19.8044987       13.8672075    
          14   20.2258720       14.1622553    
          15   21.0686169       14.7523489    
          16   22.6022434       15.2453480    
          17   24.8654766       15.5376129    
          18   27.1745205       15.6891508    
          19   30.2929077       17.4895458    
          20   30.1988850       19.6113091    
          21   29.9174347       20.9483356    
          22   32.0242958       22.4235706    
          23   30.7601795       21.5384293    
          24   29.0746899       20.3582420    
          25   26.9678288       18.8830070    
          26   26.1250839       18.2929134    
          27   26.1250839       18.2929134    
          28   27.3892021       19.1780529    
          29   30.7601795       21.5384293    
          30   30.3388081       21.2433815    
          31   36.2380219       25.3740406    
          32   34.1311569       23.8988056    
          33   34.1311569       23.8988056    
          34   34.1311569       23.8988056    
          35   44.7556915       20.8698215    
          36   44.7556915       20.8698215    
          37   43.0206604       15.6581488    
          38   41.0871468       14.9544115    
          39   38.2591820       10.2514391    
          40   41.4922562       19.3480644    
          41   40.2466736       10.7839813    
          42   39.5136528       6.96724367    
          43   38.5004807       6.78859663    
          44   27.0691795       9.85231876    
          45   28.8186054       7.72186279    
          46   27.0398979       12.6088505    
          47   29.8371277       13.9132147    
          48   27.9723072       13.0436392    
          49   27.9723072       13.0436392    
          50   27.9723072       13.0436392    
          51   27.9723072       13.0436392    
          52   27.9723072       13.0436392    
          53   27.9723072       13.0436392    
          54   27.9723072       13.0436392    
          55   27.9723072       13.0436392    
          56   27.9723072       13.0436392    
          57   27.9723072       13.0436392    
          58   27.9723072       13.0436392    
          59   27.9723072       13.0436392    
          60   27.9723072       13.0436392    
          61   27.9723072       13.0436392    
          62   27.9723072       13.0436392    
          63   27.9723072       13.0436392    
          64   27.9723072       13.0436392    
          65   27.9723072       13.0436392    
          66   27.9723072       13.0436392    
          67   27.9723072       13.0436392    
          68   27.9723072       13.0436392    


 interpolating sounding to grid: 

           0.00000000       77.6925354       253.000000      0.307085127    
           0.00000000       235.866806       253.000000      0.932279885    
           329.000000       399.719604       557.000000      0.310173690    
           557.000000       569.454773       757.000000       6.22738637E-02
           557.000000       745.283569       757.000000      0.941417873    
           862.000000       927.424622       1069.00000      0.316060960    
           1069.00000       1116.10461       1472.00000      0.116884902    
           1069.00000       1311.55835       1472.00000      0.601881742    
           1472.00000       1514.02905       1777.00000      0.137800172    
           1472.00000       1723.76831       1777.00000      0.825469851    
           1777.00000       1941.03748       1942.00000      0.994166493    
           2081.00000       2166.10669       2386.00000      0.279038340    
           2386.00000       2399.25586       2475.00000      0.148942247    
           2475.00000       2640.77539       2721.00000      0.673883677    
           2876.00000       2890.96533       3070.00000       7.71408901E-02
           3070.00000       3150.13745       3301.00000      0.346915364    
           3301.00000       3418.61377       3605.00000      0.386887401    
           3605.00000       3696.72876       3807.00000      0.454102784    
           3910.00000       3984.82812       4520.00000      0.122669056    
           3910.00000       4283.27051       4520.00000      0.611918867    
           4520.00000       4592.42676       4718.00000      0.365791708    
           4718.00000       4912.68164       5026.00000      0.632083237    
           5026.00000       5244.43457       5423.00000      0.550213039    
           5434.00000       5588.09717       5739.00000      0.505236626    
           5739.00000       5944.09766       6102.00000      0.565007329    
           6102.00000       6312.87793       7123.00000      0.206540585    
           6102.00000       6694.89844       7123.00000      0.580703676    
           6102.00000       7090.63379       7123.00000      0.968299508    
           7263.00000       7500.57520       8787.00000      0.155889243    
           7263.00000       7925.23438       8787.00000      0.434536994    
           7263.00000       8365.13867       8787.00000      0.723188102    
           8787.00000       8820.83594       9092.00000      0.110937499    
           9183.00000       9292.89355       9701.00000      0.212149724    
           9701.00000       9781.89746       9844.00000      0.565716505    
           9844.00000       10288.4570       10311.0000      0.951728106    
           10413.0000       10813.2031       10921.0000      0.787801445    
           10921.0000       11356.7871       11530.0000      0.715578198    
           11863.0000       11919.8848       12140.0000      0.205360159    
           12290.0000       12503.1992       13664.0000      0.155166820    
           12290.0000       13100.0000       13664.0000      0.589519680    
           13663.0000       13700.0000       14273.0000       6.06557392E-02
           14273.0000       14300.0000       14391.0000      0.228813559    
           14883.0000       14900.0000       15797.0000       1.85995623E-02
           14883.0000       15500.0000       15797.0000      0.675054729    
           15797.0000       16100.0000       16103.0000      0.990196049    
           16637.0000       16700.0000       17281.0000       9.78260860E-02
           17281.0000       17300.0000       17321.0000      0.474999994    
           17527.0000       17900.0000       18236.0000      0.526093066    
           18253.0000       18500.0000       18517.0000      0.935606062    
           18845.0000       19100.0000       19981.0000      0.224471837    
           18845.0000       19700.0000       19981.0000      0.752640843    


       k    prs0 (Pa)        pi0        rho0 (kg/m^3)
    ---------------------------------------------------------------------
       1     95166.33     0.9859590     1.0703498
       2     93485.29     0.9809565     1.0573388
       3     91766.82     0.9757757     1.0436164
       4     90011.12     0.9704106     1.0292686
       5     88218.23     0.9648541     1.0147177
       6     86392.74     0.9591130     0.9969282
       7     84539.13     0.9531941     0.9795130
       8     82654.29     0.9470795     0.9649808
       9     80735.77     0.9407526     0.9496903
      10     78784.72     0.9342071     0.9334296
      11     76802.45     0.9274372     0.9163421
      12     74789.16     0.9204324     0.8976445
      13     72744.92     0.9131806     0.8785866
      14     70670.52     0.9056714     0.8617814
      15     68566.91     0.8978937     0.8447158
      16     66439.88     0.8898542     0.8245230
      17     64296.38     0.8815641     0.8015164
      18     62139.18     0.8730192     0.7784428
      19     59967.84     0.8642015     0.7568735
      20     57780.22     0.8550838     0.7363547
      21     55576.87     0.8456476     0.7154992
      22     53367.82     0.8359147     0.6900161
      23     51161.31     0.8259013     0.6656416
      24     48955.23     0.8155763     0.6429248
      25     46750.48     0.8049198     0.6195389
      26     44549.63     0.7939177     0.5970089
      27     42353.16     0.7825432     0.5750714
      28     40163.54     0.7707765     0.5529107
      29     37985.48     0.7586079     0.5302529
      30     35824.05     0.7460288     0.5073733
      31     33683.91     0.7330273     0.4844181
      32     31569.63     0.7195897     0.4614443
      33     29486.92     0.7057083     0.4381128
      34     27446.87     0.6914145     0.4126375
      35     25459.17     0.6767374     0.3875721
      36     23525.05     0.6616473     0.3640629
      37     21644.84     0.6461025     0.3412990
      38     19823.50     0.6300950     0.3183388
      39     18078.52     0.6137401     0.2919538
      40     16435.03     0.5972698     0.2697319
      41     14909.51     0.5808922     0.2488627
      42     13501.69     0.5646787     0.2297055
      43     12215.12     0.5487678     0.2078778
      44     11052.86     0.5333288     0.1874732
      45     10004.23     0.5183693     0.1692158
      46      9058.02     0.5038759     0.1526413
      47      8194.87     0.4896780     0.1407800
      48      7414.63     0.4758924     0.1247940
      49      6713.81     0.4625956     0.1135318
      50      6083.39     0.4497583     0.1010202
      51      5522.05     0.4375008     0.0900174


       k    th0 (K)     thv0 (K)     t0 (K)     l.r. (K/km)     N^2
    ---------------------------------------------------------------------
       1    304.9921    308.3957    300.7097       4.2116      0.0406
       2    305.1797    308.4570    299.3680       8.3355      0.1212
       3    305.3620    308.5506    297.9648       8.4152      0.1784
       4    305.5062    308.6466    296.4665       8.6748      0.1767
       5    305.5941    308.6865    294.8538       9.0131      0.0708
       6    307.5585    310.2476    294.9834      -0.6994      2.6698
       7    309.3753    311.6422    294.8947       0.4617      2.2916
       8    310.1028    311.9650    293.6920       6.0467      0.5105
       9    310.8516    312.3410    292.4344       6.1036      0.5735
      10    311.6080    312.7908    291.1064       6.2221      0.6615
      11    312.3965    313.3159    289.7281       6.2337      0.7441
      12    312.4000    313.5106    287.5431       9.5403      0.2661
      13    312.4000    313.7057    285.2776       9.5483      0.2572
      14    312.7369    313.7564    283.2369       8.3032      0.0645
      15    313.1080    313.8004    281.1377       8.2450      0.0541
      16    314.8857    315.1082    280.2023       3.5465      1.5469
      17    316.4964    316.6917    279.0119       4.3573      1.7999
      18    318.0995    318.2682    277.7070       4.6105      1.7213
      19    318.9736    319.1355    275.6575       6.9907      0.9105
      20    319.2672    319.4302    273.0002       8.7497      0.2982
      21    319.5732    319.7352    270.2462       8.7535      0.2976
      22    322.1019    322.1924    269.2498       3.0576      2.3044
      23    324.1052    324.1460    267.6789       4.6529      1.7566
      24    325.1558    325.1955    265.1893       7.1188      0.9068
      25    326.4910    326.5340    262.7991       6.5979      1.1122
      26    327.3478    327.3865    259.8872       7.7590      0.6816
      27    327.7968    327.8278    256.5152       8.6739      0.3399
      28    328.2620    328.2864    253.0166       8.6876      0.3405
      29    328.9053    328.9351    249.5101       8.4053      0.4642
      30    329.6298    329.6649    245.9133       8.3232      0.5032
      31    330.3803    330.4164    242.1778       8.3446      0.4989
      32    331.1333    331.1679    238.2801       8.4050      0.4806
      33    332.2577    332.2579    234.4770       7.9169      0.6711
      34    335.1526    335.1528    231.7294       5.5215      1.7102
      35    338.1648    338.1650    228.8488       5.5880      1.7027
      36    340.2393    340.2395    225.1184       6.9857      1.1235
      37    341.9596    341.9598    220.9409       7.5518      0.8944
      38    344.3036    344.3038    216.9440       6.9752      1.1695
      39    351.4965    351.4967    215.7275       2.0493      3.4170
      40    355.4057    355.4059    212.2731       5.7574      1.8083
      41    359.3062    359.3065    208.7182       5.9248      1.7846
      42    362.6373    362.6375    204.7735       6.5744      1.5088
      43    373.0422    373.0424    204.7136       0.1000      4.6252
      44    385.1210    385.1213    205.3961      -1.1376      5.2101
      45    397.3382    397.3385    205.9679      -0.9530      5.1061
      46    410.2935    410.2937    206.7370      -1.2818      5.2459
      47    414.1400    414.1403    202.7952       6.5696      1.5257
      48    434.9549    434.9551    206.9917      -6.9941      8.0177
      49    445.3553    445.3556    206.0194       1.6205      3.8635
      50    466.4605    466.4608    209.7945      -6.2918      7.5702
      51    488.4851    488.4855    213.7126      -6.5303      7.5432


   Richardson number:  NOTE!!!  Ri should be > 0.25 for most applications!

   k,z,Ri:           2   156.779663       6.56792847E-03 <---- NOTE!  Ri < 0.25
   k,z,Ri:           3   317.793213      0.439205140    
   k,z,Ri:           4   484.587189       8.08897913E-02 <---- NOTE!  Ri < 0.25
   k,z,Ri:           5   657.369141       1.73391774E-02 <---- NOTE!  Ri < 0.25
   k,z,Ri:           6   836.354126      0.592872560    
   k,z,Ri:           7   1021.76465      0.584386945    
   k,z,Ri:           8   1213.83154      0.367057145    
   k,z,Ri:           9   1412.79370      0.484290212    
   k,z,Ri:          10   1618.89868      0.877767026    
   k,z,Ri:          11   1832.40283       1.76677966    
   k,z,Ri:          12   2053.57202      0.638745427    
   k,z,Ri:          13   2282.68115       1.00608993    
   k,z,Ri:          14   2520.01562      0.299344897    
   k,z,Ri:          15   2765.87036       7.77312294E-02 <---- NOTE!  Ri < 0.25
   k,z,Ri:          16   3020.55127       1.25069678    
   k,z,Ri:          17   3284.37549       1.65002930    
   k,z,Ri:          18   3557.67139       1.74417806    
   k,z,Ri:          19   3840.77832       1.07290030    
   k,z,Ri:          20   4134.04932       1.70674646    
   k,z,Ri:          21   4437.84863       15.3919201    
   k,z,Ri:          22   4752.55420       4.62953997    
   k,z,Ri:          23   5078.55811       4.16976404    
   k,z,Ri:          24   5416.26562       2.28135395    
   k,z,Ri:          25   5766.09766       18.8682423    
   k,z,Ri:          26   6128.48779       4.07634592    
   k,z,Ri:          27   6503.88818       2.12920070    
   k,z,Ri:          28   6892.76611       2.13297796    
   k,z,Ri:          29   7295.60449       14.5481768    
   k,z,Ri:          30   7712.90479       2.29302764    
   k,z,Ri:          31   8145.18652       2.27365947    
   k,z,Ri:          32   8592.98730       3.48084259    
   k,z,Ri:          33   9056.86523       3.83905840    
   k,z,Ri:          34   9537.39551      0.549297452    
   k,z,Ri:          35   10035.1777       1.62694931    
   k,z,Ri:          36   10550.8301      0.792215824    
   k,z,Ri:          37   11084.9951      0.807363927    
   k,z,Ri:          38   11638.3359      0.821527362    
   k,z,Ri:          39   12211.5420       6.28008318    
   k,z,Ri:          40   12801.5996       2.45053101    
   k,z,Ri:          41   13400.0000       6.66491270    
   k,z,Ri:          42   14000.0000       2.17567515    
   k,z,Ri:          43   14600.0000       1600.02026    
   k,z,Ri:          44   15200.0000       521010880.    
   k,z,Ri:          45   15800.0000       510614496.    
   k,z,Ri:          46   16400.0000       524586304.    
   k,z,Ri:          47   17000.0000       152568752.    
   k,z,Ri:          48   17600.0000       801772096.    
   k,z,Ri:          49   18200.0000       386353664.    
   k,z,Ri:          50   18800.0000       757021440.    
   k,z,Ri:          51   19400.0000       754319168.    


       k  theta-e (K)       rh0          qv0          qc0          qi0
    ---------------------------------------------------------------------
       1    361.2180     0.746565     0.018704     0.000000     0.000000
       2    359.2769     0.765035     0.017987     0.000000     0.000000
       3    357.9687     0.795197     0.017480     0.000000     0.000000
       4    357.3099     0.842005     0.017204     0.000000     0.000000
       5    356.5935     0.898027     0.016931     0.000000     0.000000
       6    351.9169     0.751467     0.014595     0.000000     0.000000
       7    346.8395     0.617836     0.012203     0.000000     0.000000
       8    340.9742     0.532665     0.009978     0.000000     0.000000
       9    335.6923     0.448644     0.007946     0.000000     0.000000
      10    331.4999     0.376910     0.006285     0.000000     0.000000
      11    328.0279     0.310897     0.004866     0.000000     0.000000
      12    331.1370     0.422303     0.005884     0.000000     0.000000
      13    334.2994     0.561836     0.006924     0.000000     0.000000
      14    330.0004     0.487704     0.005392     0.000000     0.000000
      15    325.0440     0.369899     0.003652     0.000000     0.000000
      16    318.9708     0.121831     0.001164     0.000000     0.000000
      17    320.1140     0.111821     0.001016     0.000000     0.000000
      18    321.2564     0.101819     0.000874     0.000000     0.000000
      19    322.0104     0.108726     0.000835     0.000000     0.000000
      20    322.3262     0.127866     0.000841     0.000000     0.000000
      21    322.6159     0.149776     0.000835     0.000000     0.000000
      22    323.8599     0.085740     0.000462     0.000000     0.000000
      23    324.9351     0.041509     0.000207     0.000000     0.000000
      24    325.9660     0.046739     0.000201     0.000000     0.000000
      25    327.3644     0.058020     0.000217     0.000000     0.000000
      26    328.1400     0.062841     0.000195     0.000000     0.000000
      27    328.4380     0.063032     0.000155     0.000000     0.000000
      28    328.7739     0.063391     0.000122     0.000000     0.000000
      29    329.5230     0.099196     0.000149     0.000000     0.000000
      30    330.3536     0.152810     0.000175     0.000000     0.000000
      31    331.1224     0.208787     0.000180     0.000000     0.000000
      32    331.8469     0.273358     0.000172     0.000000     0.000000
      33    332.2629     0.002189     0.000001     0.000000     0.000000
      34    335.1579     0.002701     0.000001     0.000000     0.000000
      35    338.1702     0.003410     0.000001     0.000000     0.000000
      36    340.2447     0.004804     0.000001     0.000000     0.000000
      37    341.9651     0.007228     0.000001     0.000000     0.000000
      38    344.3091     0.010474     0.000001     0.000000     0.000000
      39    351.5024     0.011706     0.000001     0.000000     0.000000
      40    355.4118     0.016890     0.000001     0.000000     0.000000
      41    359.3120     0.022788     0.000001     0.000000     0.000000
      42    362.6431     0.035243     0.000001     0.000000     0.000000
      43    373.0482     0.032143     0.000001     0.000000     0.000000
      44    385.1273     0.026608     0.000001     0.000000     0.000000
      45    397.3446     0.022091     0.000001     0.000000     0.000000
      46    410.3002     0.018306     0.000001     0.000000     0.000000
      47    414.1467     0.028352     0.000001     0.000000     0.000000
      48    434.9620     0.014202     0.000001     0.000000     0.000000
      49    445.3626     0.014721     0.000001     0.000000     0.000000
      50    466.4689     0.008796     0.000001     0.000000     0.000000
      51    488.4944     0.005053     0.000001     0.000000     0.000000


   Thermodynamic properties of base-state sounding:

     for surface parcel:
        source p(mb),T(K),qv(g/kg) =      960.0     301.4      19.1
        LCL,LFC,EL (m AGL)         =      647.6     650.9     844.1
        CAPE,CIN (J/kg)            =     4784.3       6.6

     for most-unstable parcel:
        source p(mb),T(K),qv(g/kg) =      960.0     301.4      19.1
        LCL,LFC,EL (m AGL)         =      647.6     650.9     844.1
        CAPE,CIN (J/kg)            =     4784.3       6.6

     for mixed-layer parcel:
        source p(mb),T(K),qv(g/kg) =      960.0     301.7      18.0
        LCL,LFC,EL (m AGL)         =      793.2    1463.4   13694.8
        CAPE,CIN (J/kg)            =     4180.8      18.9



       k     u0 (m/s)     v0 (m/s)
    ---------------------------------------------------------------------
       1      -2.5174       9.6434
       2      -2.9862      16.4830
       3      -1.9718      16.7670
       4       0.2522      17.9753
       5       3.8128      17.5696
       6       7.4754      16.2323
       7      10.7778      14.4155
       8      12.6495      13.0359
       9      14.5537      11.8894
      10      16.3891      11.8196
      11      17.6927      12.3885
      12      18.8931      13.2291
      13      19.8673      13.9112
      14      20.7938      14.5599
      15      22.7768      15.2679
      16      25.6665      15.5902
      17      28.3810      16.3857
      18      30.2502      18.4530
      19      30.1759      21.1293
      20      31.2067      21.8511
      21      31.5619      22.0998
      22      29.6948      20.7925
      23      27.9155      19.5465
      24      26.1251      18.2929
      25      26.8393      18.7930
      26      28.0854      19.6656
      27      29.3467      20.5487
      28      30.6533      21.4636
      29      31.2584      21.8873
      30      32.9022      23.0383
      31      34.6050      24.2306
      32      36.0043      25.2104
      33      36.3851      23.2562
      34      44.7557      20.8698
      35      43.1044      15.9097
      36      38.8593      11.2494
      37      40.5727      16.7608
      38      40.0961      10.0002
      39      36.7267       7.2640
      40      31.7615       8.5947
      41      28.7107       8.0183
      42      27.6799      12.9073
      43      27.9723      13.0436
      44      27.9723      13.0436
      45      27.9723      13.0436
      46      27.9723      13.0436
      47      27.9723      13.0436
      48      27.9723      13.0436
      49      27.9723      13.0436
      50      27.9723      13.0436
      51      27.9723      13.0436


   psurf,tsurf  =    96000.0000       301.368195    
   qsurf,thsurf =    1.90599989E-02   304.899994    

 Leaving BASE
   rbufsz,nrad2d =            1          10
 Inside INIT3D

   seed_size =            8
   rand-1 =   0.620773196    

 Leaving INIT3D

   allocating diagnostic arrays:  ntdiag,nqdiag =            1           1


   strlen          =            0
   baselen         =            6
   totlen          =            6
   output_basename = cm1out
   statfile        = cm1out_stats.dat                                                      



   Settings used in this simulation:
   isfcflx  =            0
   bbc      =            1
   dosfcflx =  F

 Inside GETSET

   mass1 =    207379573283024.75     

 Leaving GETSET

   zf,grdscl:
           2   155.385071       322.806396    
           3   316.348541       549.380249    
           4   483.090637       682.472656    
           5   655.818909       760.946350    
           6   834.748169       810.955566    
           7   1020.10107       845.898438    
           8   1212.10815       872.462646    
           9   1411.00854       894.119019    
          10   1617.04944       912.767090    
          11   1830.48730       929.503540    
          12   2051.58765       944.990601    
          13   2280.62573       959.646301    
          14   2517.88623       973.744629    
          15   2763.66455       987.469299    
          16   3018.26636       1000.94989    
          17   3282.00854       1014.27673    
          18   3555.21924       1027.51782    
          19   3838.23828       1040.72192    
          20   4131.41797       1053.92712    
          21   4435.12256       1067.16235    
          22   4749.73047       1080.45081    
          23   5075.63330       1093.81213    
          24   5413.23584       1107.25879    
          25   5762.95850       1120.80518    
          26   6125.23633       1134.45959    
          27   6500.52002       1148.23352    
          28   6889.27686       1162.13232    
          29   7291.99023       1176.16211    
          30   7709.16064       1190.33142    
          31   8141.30811       1204.64282    
          32   8588.96973       1219.10242    
          33   9052.70312       1233.71436    
          34   9533.08398       1248.48120    
          35   10030.7109       1263.40857    
          36   10546.2031       1278.49988    
          37   11080.2021       1293.75659    
          38   11633.3711       1309.18262    
          39   12206.3994       1324.78333    
          40   12800.0000       1335.03540    
          41   13400.0000       1337.53870    
          42   14000.0000       1337.64990    
          43   14600.0000       1337.74768    
          44   15200.0000       1337.83411    
          45   15800.0000       1337.91089    
          46   16400.0000       1337.97949    
          47   17000.0000       1338.04102    
          48   17600.0000       1338.09619    
          49   18200.0000       1338.14612    
          50   18800.0000       1338.19128    
          51   19400.0000       1338.23242    

   initial conditions:

  WMAX  :   0.00000        1    1    1    WMIN  :   0.00000        1    1    1
  UMAX  :   44.7557        1    1   34    UMIN  :  -2.98623        1    1    2
  SUMAX :  -2.51742        1    1    1    SUMIN :  -2.51742        1    1    1
  VMAX  :   25.2104        1    1   32    VMIN  :   7.26398        1    1   39
  SVMAX :   9.64342        1    1    1    SVMIN :   9.64342        1    1    1
  PPIMAX:   0.00000        1    1    1    PPIMIN:   0.00000        1    1    1
  PPMAX :   0.00000        1    1    1    PPMIN :   0.00000        1    1    1
  THPMAX:   0.00000        1    1    1    THPMIN:   0.00000        1    1    1
  STHPMX:   0.00000        1    1    1    STHPMN:   0.00000        1    1    1
  MAXqv :  0.187040E-01    1    1    1    MINqv :  0.998735E-06    1    1   48
  MAXqc :   0.00000        1    1    1    MINqc :   0.00000        1    1    1
  MAXqr :   0.00000        1    1    1    MINqr :   0.00000        1    1    1
  MAXqi :   0.00000        1    1    1    MINqi :   0.00000        1    1    1
  MAXqs :   0.00000        1    1    1    MINqs :   0.00000        1    1    1
  MAXqg :   0.00000        1    1    1    MINqg :   0.00000        1    1    1
  MAXqhl:   0.00000        1    1    1    MINqhl:   0.00000        1    1    1
  MAXccn:  0.163265E+10    1    1    1    MINccn:  0.163265E+10    1    1    1
  MAXccw:   0.00000        1    1    1    MINccw:   0.00000        1    1    1
  MAXcrw:   0.00000        1    1    1    MINcrw:   0.00000        1    1    1
  MAXcci:   0.00000        1    1    1    MINcci:   0.00000        1    1    1
  MAXcsw:   0.00000        1    1    1    MINcsw:   0.00000        1    1    1
  MAXchw:   0.00000        1    1    1    MINchw:   0.00000        1    1    1
  MAXchl:   0.00000        1    1    1    MINchl:   0.00000        1    1    1
  MAXvhw:   0.00000        1    1    1    MINvhw:   0.00000        1    1    1
  MAXvhl:   0.00000        1    1    1    MINvhl:   0.00000        1    1    1
  TKEMAX:   0.00000        1    1    1    TKEMIN:   0.00000        1    1    1
  KMHMAX:  0.133823        1    1   51    KMHMIN:   0.00000        1    1    1
  KMVMAX:  0.133823        1    1   51    KMVMIN:   0.00000        1    1    1
  KHHMAX:  0.401470        1    1   51    KHHMIN:   0.00000        1    1    1
  KHVMAX:  0.401470        1    1   51    KHVMIN:   0.00000        1    1    1
  DIVMAX:   0.00000        1    1    1    DIVMIN:   0.00000        1    1    1
  RHMAX :  0.900729        1    1    5    RHMIN :  0.219052E-02    1    1   33
  RHIMAX:  0.732294        1    1    5    RHIMIN:  0.324651E-02    1    1   33
  THEMAX:   361.111        1    1    1    THEMIN:   318.752        1    1   16
  STHEMX:   361.111        1    1    1    STHEMN:   361.111        1    1    1
  QCTOP :      0.000000    1    1    1    QCBOT :      0.000000    1    1    1
  SFPMAX:   95166.3        1    1    1    SFPMIN:   95166.3        1    1    1
  PSFCMX:   96000.0        1    1    1    PSFCMN:   96000.0        1    1    1
  WSPMAX:   49.3824        1    1   34    WSPMIN:   9.96659        1    1    1
  SWSPMX:   9.96659        1    1    1    SWSPMN:   9.96659        1    1    1
  CFLMAX:      0.185184    1    1   34
  KSHMAX:  0.752756E-06    1    1   51
  KSVMAX:  0.553805E-04    1    1    5
  VORSFC:  0.000000E+00
  VOR1KM:  0.000000E+00
  VOR2KM:  0.000000E+00
  VOR3KM:  0.000000E+00
  VOR4KM:  0.000000E+00
  VOR5KM:  0.000000E+00
  TMASS :  0.207380E+15
  TMOIS :  0.728009E+12
  qv MAS:  0.728009E+12
  qc MAS:  0.000000E+00
  qr MAS:  0.000000E+00
  qi MAS:  0.000000E+00
  qs MAS:  0.000000E+00
  qg MAS:  0.000000E+00
  qhlMAS:  0.000000E+00
  TENERG:  0.521540E+20
  TMU   :  0.528525E+16
  TMV   :  0.346814E+16
  TMW   :  0.000000E+00
  TMFU  :  0.000000E+00
  TMFD  :  0.000000E+00
  tcond :  0.000000E+00
  tevac :  0.000000E+00
  tauto :  0.000000E+00
  taccr :  0.000000E+00
  tevar :  0.000000E+00
  train :  0.000000E+00
  erain :  0.000000E+00
  qsfc  :  0.000000E+00
  esfc  :  0.000000E+00
  erad  :  0.000000E+00
  asqv  :  0.000000E+00
  asqc  :  0.000000E+00
  asqr  :  0.000000E+00
  asqi  :  0.000000E+00
  asqs  :  0.000000E+00
  asqg  :  0.000000E+00
  asqhl :  0.000000E+00
  asccn :  0.000000E+00
  asccw :  0.000000E+00
  ascrw :  0.000000E+00
  ascci :  0.000000E+00
  ascsw :  0.000000E+00
  aschw :  0.000000E+00
  aschl :  0.000000E+00
  asvhw :  0.000000E+00
  asvhl :  0.000000E+00
  bsqv  :  0.000000E+00
  bsqc  :  0.000000E+00
  bsqr  :  0.000000E+00
  bsqi  :  0.000000E+00
  bsqs  :  0.000000E+00
  bsqg  :  0.000000E+00
  bsqhl :  0.000000E+00
  bsccn :  0.000000E+00
  bsccw :  0.000000E+00
  bscrw :  0.000000E+00
  bscci :  0.000000E+00
  bscsw :  0.000000E+00
  bschw :  0.000000E+00
  bschl :  0.000000E+00
  bsvhw :  0.000000E+00
  bsvhl :  0.000000E+00
 cm1out_stats.nc                                                       
   nrec =            1
   calling nf90_create 
   nwrite =            1
 cm1out.nc                                                             
   calling nf90_create 
     2d vars 
     s vars 
     u vars 
     v vars 
     w vars 

 Done Writing Data to File 

             0              0.000000 min 

 -------------Done with Preprocessors-----------


   Detected rstfrq = 0 
   ... writing restart file ... 

   string = cm1out_rst_000000.nc                                                  
  USING COMPRESSED netCDF4 
   leaving restart_prelim 

   ... stopping ... 

 Inside PARAM

   Everything is cool!
   ni,nj=          15          15


 dx        =   2000.00000    
 dy        =   2000.00000    
 dz        =   392.156860    
 dtl       =   7.50000000    
 timax     =   5400.00000    
 run_time  =   1200.00000    
 tapfrq    =   900.000000    
 rstfrq    =   300.000000    
 statfrq   =   60.0000000    
 prclfrq   =   60.0000000    

 adapt_dt  =           0
 irst      =           1
 rstnum    =           0
 iconly    =           0
 hadvordrs =           5
 vadvordrs =           5
 hadvordrv =           5
 vadvordrv =           5
 pdscheme  =           1
 apmasscon =           1
 advwenos  =           2
 advwenov  =           0
 idiff     =           0
 mdiff     =           0
 difforder =           6
 imoist    =           1
 iturb     =           1
 tconfig   =           1
 bcturbs   =           1
 dns       =           0
 irdamp    =           1
 hrdamp    =           0
 psolver   =           3
 nsound    =           6
 ptype     =          27
 ihail     =           1
 iautoc    =           1
 icor      =           0
 pertcor   =           0
 eqtset    =           2
 idiss     =           1
 efall     =           0
 rterm     =           0
 wbc       =           2
 ebc       =           2
 sbc       =           2
 nbc       =           2
 bbc       =           1
 tbc       =           1
 irbc      =           4
 roflux    =           0
 isnd      =           7
 iwnd      =           2
 itern     =           0
 iinit     =           0
 irandp    =           0
 ibalance  =           0
 iorigin   =           1
 axisymm   =           0
 imove     =           0
 iptra     =           0
 npt       =           1
 pdtra     =           1
 iprcl     =           0
 nparcels  =           1

 kdiff2    =   75.0000000    
 kdiff6    =   3.99999991E-02
 fcor      =   0.00000000    
 kdiv      =  0.100000001    
 alph      =  0.600000024    
 rdalpha   =   3.33333341E-03
 zd        =   15000.0000    
 xhd       =   100000.000    
 umove     =   0.00000000    
 vmove     =   0.00000000    
 v_t       =   7.00000000    
 l_h       =   100.000000    
 lhref1    =   100.000000    
 lhref2    =   1000.00000    
 l_inf     =   100.000000    
 ndcnst    =   250.000000    

 radopt    =           0
 dtrad     =   300.000000    
 ctrlat    =   35.2358284    
 ctrlon    =  -97.4619370    
 year      =        2003
 month     =           5
 day       =           8
 hour      =          20
 minute    =          40
 second    =           0

 isfcflx   =           0
 sfcmodel  =           0
 oceanmodel=           0
 ipbl      =           0
 initsfc   =           1
 tsk0      =   299.279999    
 tmn0      =   297.279999    
 xland0    =   2.00000000    
 lu0       =          16
 season    =           1
 cecd      =           3
 pertflx   =           0
 cnstce    =   1.00000005E-03
 cnstcd    =   1.00000005E-03
 isftcflx  =           0
 iz0tlnd   =           0
 oml_hml0  =   50.0000000    
 oml_gamma =  0.140000001    

 stretch_x =           0
 dx_inner  =   1000.00000    
 dx_outer  =   7000.00000    
 nos_x_len =   40000.0000    
 tot_x_len =   120000.000    

 stretch_y =           0
 dy_inner  =   1000.00000    
 dy_outer  =   7000.00000    
 nos_y_len =   40000.0000    
 tot_y_len =   120000.000    

 stretch_z =           2
 ztop      =   20000.0000    
 str_bot   =   0.00000000    
 str_top   =   8625.00000    
 dz_bot    =   150.000000    
 dz_top    =   600.000000    

 bc_temp   =           1
 ptc_top   =   250.000000    
 ptc_bot   =   300.000000    
 viscosity =   25.0000000    
 pr_num    =  0.720000029    

 var1      =   0.00000000    
 var2      =   0.00000000    
 var3      =   0.00000000    
 var4      =   0.00000000    
 var5      =   0.00000000    
 var6      =   0.00000000    
 var7      =   0.00000000    
 var8      =   0.00000000    
 var9      =   0.00000000    
 var10     =   0.00000000    

&NSSL2MOM_PARAMS
 RHO_QR=  1000.00000    ,
 CNOR=  8000000.00    ,
 RHO_QS=  100.000000    ,
 CNOS=  3000000.00    ,
 RHO_QH=  500.000000    ,
 CNOH=  40000.0000    ,
 CCN=  2.00000000E+09,
 INFALL=4          ,
 ALPHAH=  0.00000000    ,
 ALPHAHL= 0.500000000    ,
 IMURAIN=1          ,
 ICDX=3          ,
 ICDXHL=3          ,
 DFRZ=  1.50000007E-04,
 HLDNMN=  500.000000    ,
 IFERWISVENTR=2          ,
 IEHW=1          ,
 IEHLW=1          ,
 EHW0= 0.750000000    ,
 EHLW0= 0.750000000    ,
 DMRAUTO=0          ,
 IOLDLIMITER=0          ,
 /

 ZGRID:  STRETCH FAC  =    1.0359004512429237     
 ZGRID:  DOMAIN  HGT  =    20000.0000    

 ZGRID:  STRETCH FAC  =    1.0359004512429237     
 ZGRID:  DOMAIN  HGT  =    20000.0000    

 ZGRID:  STRETCH FAC  =    1.0359004512429237     
 ZGRID:  DOMAIN  HGT  =    20000.0000    

 ZGRID:  STRETCH FAC  =    1.0359004512429237     
 ZGRID:  DOMAIN  HGT  =    20000.0000    

 ZGRID:  STRETCH FAC  =    1.0359004512429237     
 ZGRID:  DOMAIN  HGT  =    20000.0000    

 ZGRID:  STRETCH FAC  =    1.0359004512429237     
 ZGRID:  DOMAIN  HGT  =    20000.0000    

 ZGRID:  STRETCH FAC  =    1.0359004512429237     
 ZGRID:  DOMAIN  HGT  =    20000.0000    

 ZGRID:  STRETCH FAC  =    1.0359004512429237     
 ZGRID:  DOMAIN  HGT  =    20000.0000    

 ZGRID:  STRETCH FAC  =    1.0359004512429237     
 ZGRID:  DOMAIN  HGT  =    20000.0000    

 ZGRID:  STRETCH FAC  =    1.0359004512429237     
 ZGRID:  DOMAIN  HGT  =    20000.0000    

 ZGRID:  STRETCH FAC  =    1.0359004512429237     
 ZGRID:  DOMAIN  HGT  =    20000.0000    

 ZGRID:  STRETCH FAC  =    1.0359004512429237     
 ZGRID:  DOMAIN  HGT  =    20000.0000    

 ZGRID:  STRETCH FAC  =    1.0359004512429237     
 ZGRID:  DOMAIN  HGT  =    20000.0000    

 ZGRID:  STRETCH FAC  =    1.0359004512429237     
 ZGRID:  DOMAIN  HGT  =    20000.0000    

 ZGRID:  STRETCH FAC  =    1.0359004512429237     
 ZGRID:  DOMAIN  HGT  =    20000.0000    

 ZGRID:  STRETCH FAC  =    1.0359004512429237     
 ZGRID:  DOMAIN  HGT  =    20000.0000    

 ZGRID:  STRETCH FAC  =    1.0359004512429237     
 ZGRID:  DOMAIN  HGT  =    20000.0000    

 ZGRID:  STRETCH FAC  =    1.0359004512429237     
 ZGRID:  DOMAIN  HGT  =    20000.0000    

 ZGRID:  STRETCH FAC  =    1.0359004512429237     
 ZGRID:  DOMAIN  HGT  =    20000.0000    

 ZGRID:  STRETCH FAC  =    1.0359004512429237     
 ZGRID:  DOMAIN  HGT  =    20000.0000    

 ZGRID:  STRETCH FAC  =    1.0359004512429237     
 ZGRID:  DOMAIN  HGT  =    20000.0000    

 ZGRID:  STRETCH FAC  =    1.0359004512429237     
 ZGRID:  DOMAIN  HGT  =    20000.0000    

 ZGRID:  STRETCH FAC  =    1.0359004512429237     
 ZGRID:  DOMAIN  HGT  =    20000.0000    

 ZGRID:  STRETCH FAC  =    1.0359004512429237     
 ZGRID:  DOMAIN  HGT  =    20000.0000    

 iice      =           1
 idm       =           1
 idmplus   =           1
 numq      =          16
 nqv       =           1
 nqc       =           2
 nqr       =           3
 nqi       =           4
 nqs       =           5
 nqg       =           6
 nql1      =           2
 nql2      =           3
 nqs1      =           4
 nqs2      =           7
 nnc1      =           8
 nnc2      =          14
 nvl1      =          15
 nvl2      =          16
 nzl1      =           1
 nzl2      =           1

 nrain     =           1


 output_path      = ./                                                                    
 output_basename  = cm1out                                                                
 output_format    =           2
 output_filetype  =           1
 output_interp    =           0
 output_rain      =           1
 output_sws       =           1
 output_svs       =           1
 output_sps       =           1
 output_srs       =           1
 output_sgs       =           1
 output_sus       =           1
 output_shs       =           1
 output_coldpool  =           0
 output_sfcflx    =           0
 output_sfcparams =           0
 output_sfcdiags  =           0
 output_psfc      =           0
 output_zs        =           0
 output_zh        =           0
 output_basestate =           0
 output_th        =           1
 output_thpert    =           0
 output_prs       =           1
 output_prspert   =           0
 output_pi        =           0
 output_pipert    =           0
 output_rho       =           1
 output_rhopert   =           1
 output_tke       =           1
 output_km        =           1
 output_kh        =           1
 output_qv        =           1
 output_qvpert    =           0
 output_q         =           1
 output_dbz       =           1
 output_buoyancy  =           0
 output_u         =           1
 output_upert     =           0
 output_uinterp   =           1
 output_v         =           1
 output_vpert     =           0
 output_vinterp   =           1
 output_w         =           1
 output_winterp   =           1
 output_vort      =           0
 output_pv        =           0
 output_uh        =           0
 output_pblten    =           0
 output_dissten   =           0
 output_dissheat  =           0
 output_mptend    =           0
 output_fallvel   =           0
 output_nm        =           0
 output_def       =           0
 output_turbten   =           0
 output_impdiften =           0
 output_radten    =           0


 restart_format       =            2
 restart_filetype     =            1
 restart_file_theta   =  T
 restart_file_dbz     =  T
 restart_file_th0     =  T
 restart_file_prs0    =  T
 restart_file_pi0     =  T
 restart_file_rho0    =  T
 restart_file_qv0     =  T
 restart_file_u0      =  T
 restart_file_v0      =  T
 restart_file_zs      =  F
 restart_file_zh      =  F
 restart_file_zf      =  F
 restart_file_diags   =  F
 restart_use_theta    =  T
 restart_reset_frqtim =  T

   maxk =           51


   myid,mynode             =            0           0
   nodemaster,nodes,ppnode =            0           1          25
   nodex,nodey             =            5           5

   d2i   =           80
   d2is  =           75
   d2iu  =           76
   d2iv  =           75

   d2j   =           80
   d2js  =           75
   d2ju  =           75
   d2jv  =           76

   d3i   =           16
   d3is  =           15
   d3iu  =           16
   d3iv  =           15

   d3j   =           16
   d3js  =           15
   d3ju  =           15
   d3jv  =           16

   d3n   =           25
   d3t   =           24


 stat_w       =            1
 stat_u       =            1
 stat_v       =            1
 stat_rmw     =            0
 stat_pipert  =            1
 stat_prspert =            1
 stat_thpert  =            1
 stat_q       =            1
 stat_tke     =            1
 stat_km      =            1
 stat_kh      =            1
 stat_div     =            1
 stat_rh      =            1
 stat_rhi     =            1
 stat_the     =            1
 stat_cloud   =            1
 stat_sfcprs  =            1
 stat_wsp     =            1
 stat_cfl     =            1
 stat_vort    =            1
 stat_tmass   =            1
 stat_tmois   =            1
 stat_qmass   =            1
 stat_tenerg  =            1
 stat_mo      =            1
 stat_tmf     =            1
 stat_pcn     =            1
 stat_qsrc    =            1

 stat_out =          150


 prcl_th      =            0
 prcl_t       =            0
 prcl_prs     =            0
 prcl_ptra    =            0
 prcl_q       =            0
 prcl_nc      =            0
 prcl_km      =            0
 prcl_kh      =            0
 prcl_tke     =            0
 prcl_dbz     =            0
 prcl_b       =            0
 prcl_vpg     =            0
 prcl_vort    =            0
 prcl_rho     =            0
 prcl_qsat    =            0
 prcl_sfc     =            0


   c_m,c_l,ri_c  =   0.100000001      0.816500008      0.250000000    
   c_e1,c_e2,sum =   0.200001687      0.786958814      0.986960530    
   c_s,rcs       =   0.178412408       5.60499144    

   nparcels =            1
   npvals   =            1
     prx      =            0
     pry      =            0
     prz      =            0
     pru      =            0
     prv      =            0
     prw      =            0
     prth     =            0
     prt      =            0
     prprs    =            0
     prpt1    =            0
     prpt2    =            0
     prqv     =            0
     prq1     =            0
     prq2     =            0
     prnc1    =            0
     prnc2    =            0
     prkm     =            0
     prkh     =            0
     prtke    =            0
     prdbz    =            0
     prb      =            0
     prvpg    =            0
     przv     =            0
     prrho    =            0
     prqsl    =            0
     prqsi    =            0
     prznt    =            0
     prust    =            0

   myi,myj=           1           1

   mywest  =           4
   myeast  =           1
   mysouth =          20
   mynorth =           5

   mysw    =          24
   mynw    =           9
   myne    =           6
   myse    =          21

   cs1we   =         765
   cs1sn   =         765
   ct1we   =         780
   ct1sn   =         780
   cv1we   =         816
   cu1sn   =         816
   cw1we   =         750
   cw1sn   =         750
   cs2we   =        1530
   cs2sn   =        1530
   cs3we   =        2295
   cs3sn   =        2295
   ct3we   =        2340
   ct3sn   =        2340
   cv3we   =        2448
   cu3sn   =        2448
   cw3we   =        2250
   cw3sn   =        2250


 g     =   9.81000042    
 to    =   273.149994    
 rd    =   287.040009    
 rv    =   461.500000    
 cp    =   1005.70001    
 cv    =   718.660034    
 cpv   =   1870.00000    
 cvv   =   1408.50000    
 p00   =   100000.000    
 rp00  =   9.99999975E-06
 th0r  =   300.000000    
 rcp   =   9.94332251E-04
 pi    =   3.14159274    

 cpdcv =   1.39941001    
 rovcp =  0.285413146    
 rddcv =  0.399410009    
 cvdrd =   2.50369287    
 cpdrd =   3.50369287    
 eps   =  0.621971846    
 reps  =   1.60778975    
 repsm1=  0.607789755    
 cpt   =  0.859401345    
 cvt   =  0.959897518    
 pnum  =  -72634.2500    
 xlv   =   2501000.00    
 xls   =   2834000.00    
 lvdcp =   2486.82495    
 condc =   13476814.0    
 cpl   =   4190.00000    
 cpi   =   2106.00000    
 lv1   =   3134708.00    
 lv2   =   2320.00000    
 ls1   =   2898463.50    
 ls2   =   236.000000    
 karman=  0.400000006    

 timeformat   =           2
 timestats    =           1
 terrain_flag = F
 procfiles    = F

 nx    =          75
 ny    =          75
 nz    =          51

 nodex    =           5
 nodey    =           5
 numprocs =          25
 ppnode   =          25

 ni    =          15
 nj    =          15
 nk    =          51
 nkp1  =          52

 ib,ibm,ibi,ibc,ibt=       -2       -2       -2       -2       -2
 ie,iem,iei,iec,iet=       18       18       18       18       18
 jb,jbm,jbi,jbc,jbt=       -2       -2       -2       -2       -2
 je,jem,jei,jec,jet=       18       18       18       18       18
 kb,kbm,kbi,kbc,kbt=        0        0        0        0        0
 ke,kem,kei,kec,ket=       52       52       52       53       53

 imirror,jmirror =            0           0

 ibp,itb,ipb,ibr,ibb=        1        1        1        1        1
 iep,ite,ipe,ier,ieb=        1        1        1        1        1
 jbp,jtb,jpb,jbr,jbb=        1        1        1        1        1
 jep,jte,jpe,jer,jeb=        1        1        1        1        1
 kbp,ktb,kpb,kbr,kbb=        1        1        1        1        1
 kep,kte,kpe,ker,keb=        1        1        1        1        1

 ibd               =        1
 ied               =        1
 jbd               =        1
 jed               =        1
 kbd               =        1
 ked               =        1

 ibl               =        1
 iel               =        1
 jbl               =        1
 jel               =        1

 imp,jmp,kmp,kmt,rmp,cmp =     15     15     51     52      8      3

 rdx    =   5.00000024E-04
 rdy    =   5.00000024E-04
 rdz    =   2.55000009E-03
 rdx2   =   2.50000012E-04
 rdy2   =   2.50000012E-04
 rdz2   =   1.27500005E-03
 rdx4   =   1.25000006E-04
 rdy4   =   1.25000006E-04
 rdz4   =   6.37500023E-04
 govtwo =   4.90500021    
 clwsat =   9.99999997E-07
 smeps  =   1.00000000E-30
 tsmall =   9.99999975E-05
 qsmall =   9.99999982E-15
 cstar  =   30.0000000    
 csmax  =   350.000000    
 epsilon=   1.00000005E-18


 x:
      i         xf           xh         dx         uf         uh
 ---------------------------------------------------------------
      -2      -6000.00      -5000.00     2000.00     1.0000     1.0000   x
      -1      -4000.00      -3000.00     2000.00     1.0000     1.0000   x
       0      -2000.00      -1000.00     2000.00     1.0000     1.0000   x
       1          0.00       1000.00     2000.00     1.0000     1.0000    
       2       2000.00       3000.00     2000.00     1.0000     1.0000    
       3       4000.00       5000.00     2000.00     1.0000     1.0000    
       4       6000.00       7000.00     2000.00     1.0000     1.0000    
       5       8000.00       9000.00     2000.00     1.0000     1.0000    
       6      10000.00      11000.00     2000.00     1.0000     1.0000    
       7      12000.00      13000.00     2000.00     1.0000     1.0000    
       8      14000.00      15000.00     2000.00     1.0000     1.0000    
       9      16000.00      17000.00     2000.00     1.0000     1.0000    
      10      18000.00      19000.00     2000.00     1.0000     1.0000    
      11      20000.00      21000.00     2000.00     1.0000     1.0000    
      12      22000.00      23000.00     2000.00     1.0000     1.0000    
      13      24000.00      25000.00     2000.00     1.0000     1.0000    
      14      26000.00      27000.00     2000.00     1.0000     1.0000    
      15      28000.00      29000.00     2000.00     1.0000     1.0000    
      16      30000.00      31000.00     2000.00     1.0000     1.0000    
      17      32000.00      33000.00     2000.00     1.0000     1.0000    
      18      34000.00      35000.00     2000.00     1.0000     1.0000    
      19      36000.00      37000.00     2000.00     1.0000     1.0000    
      20      38000.00      39000.00     2000.00     1.0000     1.0000    
      21      40000.00      41000.00     2000.00     1.0000     1.0000    
      22      42000.00      43000.00     2000.00     1.0000     1.0000    
      23      44000.00      45000.00     2000.00     1.0000     1.0000    
      24      46000.00      47000.00     2000.00     1.0000     1.0000    
      25      48000.00      49000.00     2000.00     1.0000     1.0000    
      26      50000.00      51000.00     2000.00     1.0000     1.0000    
      27      52000.00      53000.00     2000.00     1.0000     1.0000    
      28      54000.00      55000.00     2000.00     1.0000     1.0000    
      29      56000.00      57000.00     2000.00     1.0000     1.0000    
      30      58000.00      59000.00     2000.00     1.0000     1.0000    
      31      60000.00      61000.00     2000.00     1.0000     1.0000    
      32      62000.00      63000.00     2000.00     1.0000     1.0000    
      33      64000.00      65000.00     2000.00     1.0000     1.0000    
      34      66000.00      67000.00     2000.00     1.0000     1.0000    
      35      68000.00      69000.00     2000.00     1.0000     1.0000    
      36      70000.00      71000.00     2000.00     1.0000     1.0000    
      37      72000.00      73000.00     2000.00     1.0000     1.0000    
      38      74000.00      75000.00     2000.00     1.0000     1.0000    
      39      76000.00      77000.00     2000.00     1.0000     1.0000    
      40      78000.00      79000.00     2000.00     1.0000     1.0000    
      41      80000.00      81000.00     2000.00     1.0000     1.0000    
      42      82000.00      83000.00     2000.00     1.0000     1.0000    
      43      84000.00      85000.00     2000.00     1.0000     1.0000    
      44      86000.00      87000.00     2000.00     1.0000     1.0000    
      45      88000.00      89000.00     2000.00     1.0000     1.0000    
      46      90000.00      91000.00     2000.00     1.0000     1.0000    
      47      92000.00      93000.00     2000.00     1.0000     1.0000    
      48      94000.00      95000.00     2000.00     1.0000     1.0000    
      49      96000.00      97000.00     2000.00     1.0000     1.0000    
      50      98000.00      99000.00     2000.00     1.0000     1.0000    
      51     100000.00     101000.00     2000.00     1.0000     1.0000    
      52     102000.00     103000.00     2000.00     1.0000     1.0000    
      53     104000.00     105000.00     2000.00     1.0000     1.0000    
      54     106000.00     107000.00     2000.00     1.0000     1.0000    
      55     108000.00     109000.00     2000.00     1.0000     1.0000    
      56     110000.00     111000.00     2000.00     1.0000     1.0000    
      57     112000.00     113000.00     2000.00     1.0000     1.0000    
      58     114000.00     115000.00     2000.00     1.0000     1.0000    
      59     116000.00     117000.00     2000.00     1.0000     1.0000    
      60     118000.00     119000.00     2000.00     1.0000     1.0000    
      61     120000.00     121000.00     2000.00     1.0000     1.0000    
      62     122000.00     123000.00     2000.00     1.0000     1.0000    
      63     124000.00     125000.00     2000.00     1.0000     1.0000    
      64     126000.00     127000.00     2000.00     1.0000     1.0000    
      65     128000.00     129000.00     2000.00     1.0000     1.0000    
      66     130000.00     131000.00     2000.00     1.0000     1.0000    
      67     132000.00     133000.00     2000.00     1.0000     1.0000    
      68     134000.00     135000.00     2000.00     1.0000     1.0000    
      69     136000.00     137000.00     2000.00     1.0000     1.0000    
      70     138000.00     139000.00     2000.00     1.0000     1.0000    
      71     140000.00     141000.00     2000.00     1.0000     1.0000    
      72     142000.00     143000.00     2000.00     1.0000     1.0000    
      73     144000.00     145000.00     2000.00     1.0000     1.0000    
      74     146000.00     147000.00     2000.00     1.0000     1.0000    
      75     148000.00     149000.00     2000.00     1.0000     1.0000    
      76     150000.00     151000.00     2000.00     1.0000     1.0000   x
      77     152000.00     153000.00     2000.00     1.0000     1.0000   x
      78     154000.00     155000.00     2000.00     1.0000     1.0000   x
      79     156000.00                               1.0000


 y:
      j         yf           yh         dy         vf         vh
 ---------------------------------------------------------------
      -2      -6000.00      -5000.00     2000.00     1.0000     1.0000   x
      -1      -4000.00      -3000.00     2000.00     1.0000     1.0000   x
       0      -2000.00      -1000.00     2000.00     1.0000     1.0000   x
       1          0.00       1000.00     2000.00     1.0000     1.0000    
       2       2000.00       3000.00     2000.00     1.0000     1.0000    
       3       4000.00       5000.00     2000.00     1.0000     1.0000    
       4       6000.00       7000.00     2000.00     1.0000     1.0000    
       5       8000.00       9000.00     2000.00     1.0000     1.0000    
       6      10000.00      11000.00     2000.00     1.0000     1.0000    
       7      12000.00      13000.00     2000.00     1.0000     1.0000    
       8      14000.00      15000.00     2000.00     1.0000     1.0000    
       9      16000.00      17000.00     2000.00     1.0000     1.0000    
      10      18000.00      19000.00     2000.00     1.0000     1.0000    
      11      20000.00      21000.00     2000.00     1.0000     1.0000    
      12      22000.00      23000.00     2000.00     1.0000     1.0000    
      13      24000.00      25000.00     2000.00     1.0000     1.0000    
      14      26000.00      27000.00     2000.00     1.0000     1.0000    
      15      28000.00      29000.00     2000.00     1.0000     1.0000    
      16      30000.00      31000.00     2000.00     1.0000     1.0000    
      17      32000.00      33000.00     2000.00     1.0000     1.0000    
      18      34000.00      35000.00     2000.00     1.0000     1.0000    
      19      36000.00      37000.00     2000.00     1.0000     1.0000    
      20      38000.00      39000.00     2000.00     1.0000     1.0000    
      21      40000.00      41000.00     2000.00     1.0000     1.0000    
      22      42000.00      43000.00     2000.00     1.0000     1.0000    
      23      44000.00      45000.00     2000.00     1.0000     1.0000    
      24      46000.00      47000.00     2000.00     1.0000     1.0000    
      25      48000.00      49000.00     2000.00     1.0000     1.0000    
      26      50000.00      51000.00     2000.00     1.0000     1.0000    
      27      52000.00      53000.00     2000.00     1.0000     1.0000    
      28      54000.00      55000.00     2000.00     1.0000     1.0000    
      29      56000.00      57000.00     2000.00     1.0000     1.0000    
      30      58000.00      59000.00     2000.00     1.0000     1.0000    
      31      60000.00      61000.00     2000.00     1.0000     1.0000    
      32      62000.00      63000.00     2000.00     1.0000     1.0000    
      33      64000.00      65000.00     2000.00     1.0000     1.0000    
      34      66000.00      67000.00     2000.00     1.0000     1.0000    
      35      68000.00      69000.00     2000.00     1.0000     1.0000    
      36      70000.00      71000.00     2000.00     1.0000     1.0000    
      37      72000.00      73000.00     2000.00     1.0000     1.0000    
      38      74000.00      75000.00     2000.00     1.0000     1.0000    
      39      76000.00      77000.00     2000.00     1.0000     1.0000    
      40      78000.00      79000.00     2000.00     1.0000     1.0000    
      41      80000.00      81000.00     2000.00     1.0000     1.0000    
      42      82000.00      83000.00     2000.00     1.0000     1.0000    
      43      84000.00      85000.00     2000.00     1.0000     1.0000    
      44      86000.00      87000.00     2000.00     1.0000     1.0000    
      45      88000.00      89000.00     2000.00     1.0000     1.0000    
      46      90000.00      91000.00     2000.00     1.0000     1.0000    
      47      92000.00      93000.00     2000.00     1.0000     1.0000    
      48      94000.00      95000.00     2000.00     1.0000     1.0000    
      49      96000.00      97000.00     2000.00     1.0000     1.0000    
      50      98000.00      99000.00     2000.00     1.0000     1.0000    
      51     100000.00     101000.00     2000.00     1.0000     1.0000    
      52     102000.00     103000.00     2000.00     1.0000     1.0000    
      53     104000.00     105000.00     2000.00     1.0000     1.0000    
      54     106000.00     107000.00     2000.00     1.0000     1.0000    
      55     108000.00     109000.00     2000.00     1.0000     1.0000    
      56     110000.00     111000.00     2000.00     1.0000     1.0000    
      57     112000.00     113000.00     2000.00     1.0000     1.0000    
      58     114000.00     115000.00     2000.00     1.0000     1.0000    
      59     116000.00     117000.00     2000.00     1.0000     1.0000    
      60     118000.00     119000.00     2000.00     1.0000     1.0000    
      61     120000.00     121000.00     2000.00     1.0000     1.0000    
      62     122000.00     123000.00     2000.00     1.0000     1.0000    
      63     124000.00     125000.00     2000.00     1.0000     1.0000    
      64     126000.00     127000.00     2000.00     1.0000     1.0000    
      65     128000.00     129000.00     2000.00     1.0000     1.0000    
      66     130000.00     131000.00     2000.00     1.0000     1.0000    
      67     132000.00     133000.00     2000.00     1.0000     1.0000    
      68     134000.00     135000.00     2000.00     1.0000     1.0000    
      69     136000.00     137000.00     2000.00     1.0000     1.0000    
      70     138000.00     139000.00     2000.00     1.0000     1.0000    
      71     140000.00     141000.00     2000.00     1.0000     1.0000    
      72     142000.00     143000.00     2000.00     1.0000     1.0000    
      73     144000.00     145000.00     2000.00     1.0000     1.0000    
      74     146000.00     147000.00     2000.00     1.0000     1.0000    
      75     148000.00     149000.00     2000.00     1.0000     1.0000    
      76     150000.00     151000.00     2000.00     1.0000     1.0000   x
      77     152000.00     153000.00     2000.00     1.0000     1.0000   x
      78     154000.00     155000.00     2000.00     1.0000     1.0000   x
      79     156000.00                               1.0000


 ZGRID:  STRETCH FAC  =    1.0359004512429237     
 ZGRID:  DOMAIN  HGT  =    20000.0000    
 k,gzc,gze =            1   77.692535400390625        0.0000000000000000     
 k,gzc,gze =            2   235.86680603027344        155.38507080078125     
 k,gzc,gze =            3   399.71958923339844        316.34854125976562     
 k,gzc,gze =            4   569.45477294921875        483.09063720703125     
 k,gzc,gze =            5   745.28353881835938        655.81890869140625     
 k,gzc,gze =            6   927.42462158203125        834.74816894531250     
 k,gzc,gze =            7   1116.1046142578125        1020.1010742187500     
 k,gzc,gze =            8   1311.5583496093750        1212.1081542968750     
 k,gzc,gze =            9   1514.0289916992188        1411.0085449218750     
 k,gzc,gze =           10   1723.7683715820312        1617.0494384765625     
 k,gzc,gze =           11   1941.0374755859375        1830.4873046875000     
 k,gzc,gze =           12   2166.1066894531250        2051.5876464843750     
 k,gzc,gze =           13   2399.2559814453125        2280.6257324218750     
 k,gzc,gze =           14   2640.7753906250000        2517.8862304687500     
 k,gzc,gze =           15   2890.9654541015625        2763.6645507812500     
 k,gzc,gze =           16   3150.1374511718750        3018.2663574218750     
 k,gzc,gze =           17   3418.6138916015625        3282.0085449218750     
 k,gzc,gze =           18   3696.7287597656250        3555.2192382812500     
 k,gzc,gze =           19   3984.8281250000000        3838.2382812500000     
 k,gzc,gze =           20   4283.2702636718750        4131.4179687500000     
 k,gzc,gze =           21   4592.4265136718750        4435.1225585937500     
 k,gzc,gze =           22   4912.6818847656250        4749.7304687500000     
 k,gzc,gze =           23   5244.4345703125000        5075.6333007812500     
 k,gzc,gze =           24   5588.0971679687500        5413.2358398437500     
 k,gzc,gze =           25   5944.0974121093750        5762.9584960937500     
 k,gzc,gze =           26   6312.8781738281250        6125.2363281250000     
 k,gzc,gze =           27   6694.8984375000000        6500.5200195312500     
 k,gzc,gze =           28   7090.6335449218750        6889.2768554687500     
 k,gzc,gze =           29   7500.5754394531250        7291.9902343750000     
 k,gzc,gze =           30   7925.2343750000000        7709.1606445312500     
 k,gzc,gze =           31   8365.1389160156250        8141.3081054687500     
 k,gzc,gze =           32   8820.8364257812500        8588.9697265625000     
 k,gzc,gze =           33   9292.8935546875000        9052.7031250000000     
 k,gzc,gze =           34   9781.8974609375000        9533.0839843750000     
 k,gzc,gze =           35   10288.457031250000        10030.710937500000     
 k,gzc,gze =           36   10813.202636718750        10546.203125000000     
 k,gzc,gze =           37   11356.786621093750        11080.202148437500     
 k,gzc,gze =           38   11919.885253906250        11633.371093750000     
 k,gzc,gze =           39   12503.199707031250        12206.399414062500     
 k,gzc,gze =           40   13100.000000000000        12800.000000000000     
 k,gzc,gze =           41   13700.000000000000        13400.000000000000     
 k,gzc,gze =           42   14300.000000000000        14000.000000000000     
 k,gzc,gze =           43   14900.000000000000        14600.000000000000     
 k,gzc,gze =           44   15500.000000000000        15200.000000000000     
 k,gzc,gze =           45   16100.000000000000        15800.000000000000     
 k,gzc,gze =           46   16700.000000000000        16400.000000000000     
 k,gzc,gze =           47   17300.000000000000        17000.000000000000     
 k,gzc,gze =           48   17900.000000000000        17600.000000000000     
 k,gzc,gze =           49   18500.000000000000        18200.000000000000     
 k,gzc,gze =           50   19100.000000000000        18800.000000000000     
 k,gzc,gze =           51   19700.000000000000        19400.000000000000     
 k,gzc,gze =           52   20300.000000000000        20000.000000000000     

 model heights:
     k       zf         zh         dz         mf         mh
 ---------------------------------------------------------------
      1       0.00      77.69     155.39     2.5238     2.5238
      2     155.39     235.87     160.96     2.4793     2.4363
      3     316.35     399.72     166.74     2.3933     2.3519
      4     483.09     569.45     172.73     2.3104     2.2704
      5     655.82     745.28     178.93     2.2303     2.1917
      6     834.75     927.42     185.35     2.1530     2.1157
      7    1020.10    1116.10     192.01     2.0784     2.0424
      8    1212.11    1311.56     198.90     2.0064     1.9716
      9    1411.01    1514.03     206.04     1.9369     1.9033
     10    1617.05    1723.77     213.44     1.8697     1.8373
     11    1830.49    1941.04     221.10     1.8049     1.7737
     12    2051.59    2166.11     229.04     1.7424     1.7122
     13    2280.63    2399.26     237.26     1.6820     1.6529
     14    2517.89    2640.78     245.78     1.6237     1.5956
     15    2763.66    2890.97     254.60     1.5674     1.5403
     16    3018.27    3150.14     263.74     1.5131     1.4869
     17    3282.01    3418.61     273.21     1.4607     1.4354
     18    3555.22    3696.73     283.02     1.4101     1.3856
     19    3838.24    3984.83     293.18     1.3612     1.3376
     20    4131.42    4283.27     303.70     1.3140     1.2912
     21    4435.12    4592.43     314.61     1.2685     1.2465
     22    4749.73    4912.68     325.90     1.2245     1.2033
     23    5075.63    5244.43     337.60     1.1821     1.1616
     24    5413.24    5588.10     349.72     1.1411     1.1213
     25    5762.96    5944.10     362.28     1.1016     1.0825
     26    6125.24    6312.88     375.28     1.0634     1.0450
     27    6500.52    6694.90     388.76     1.0265     1.0087
     28    6889.28    7090.63     402.71     0.9910     0.9738
     29    7291.99    7500.58     417.17     0.9566     0.9400
     30    7709.16    7925.23     432.15     0.9235     0.9075
     31    8141.31    8365.14     447.66     0.8915     0.8760
     32    8588.97    8820.84     463.73     0.8606     0.8457
     33    9052.70    9292.89     480.38     0.8307     0.8163
     34    9533.08    9781.90     497.63     0.8020     0.7881
     35   10030.71   10288.46     515.49     0.7742     0.7607
     36   10546.20   10813.20     534.00     0.7473     0.7344
     37   11080.20   11356.79     553.17     0.7214     0.7089
     38   11633.37   11919.88     573.03     0.6964     0.6844
     39   12206.40   12503.20     593.60     0.6723     0.6606
     40   12800.00   13100.00     600.00     0.6571     0.6536
     41   13400.00   13700.00     600.00     0.6536     0.6536
     42   14000.00   14300.00     600.00     0.6536     0.6536
     43   14600.00   14900.00     600.00     0.6536     0.6536
     44   15200.00   15500.00     600.00     0.6536     0.6536
     45   15800.00   16100.00     600.00     0.6536     0.6536
     46   16400.00   16700.00     600.00     0.6536     0.6536
     47   17000.00   17300.00     600.00     0.6536     0.6536
     48   17600.00   17900.00     600.00     0.6536     0.6536
     49   18200.00   18500.00     600.00     0.6536     0.6536
     50   18800.00   19100.00     600.00     0.6536     0.6536
     51   19400.00   19700.00     600.00     0.6536     0.6536
     52   20000.00                           0.6536

   patchsww = F
   patchnww = T
   patchsee = F
   patchnee = F
   patchsws = F
   patchses = T
   patchnwn = F
   patchnen = F

   p2tchsww = T
   p2tchnww = F
   p2tchsee = F
   p2tchnee = F
   p2tchsws = T
   p2tchses = F
   p2tchnwn = F
   p2tchnen = F

   minx =    0.00000000    
   maxx =    150000.000    
   miny =    0.00000000    
   maxy =    150000.000    
   maxz =    20000.0000    

   ibw =           1
   ibe =           0
   ibs =           1
   ibn =           0

   min_dx =    2000.00000    
   max_dx =    2000.00000    
   min_dy =    2000.00000    
   max_dy =    2000.00000    
   min_dz =    155.385071    
   max_dz =    600.000000    


   k,c1,c2,zhm1,zf,zh:
      1    0.5000    0.5000     -77.69       0.00      77.69
      2    0.5088    0.4912      77.69     155.39     235.87
      3    0.5088    0.4912     235.87     316.35     399.72
      4    0.5088    0.4912     399.72     483.09     569.45
      5    0.5088    0.4912     569.45     655.82     745.28
      6    0.5088    0.4912     745.28     834.75     927.42
      7    0.5088    0.4912     927.42    1020.10    1116.10
      8    0.5088    0.4912    1116.10    1212.11    1311.56
      9    0.5088    0.4912    1311.56    1411.01    1514.03
     10    0.5088    0.4912    1514.03    1617.05    1723.77
     11    0.5088    0.4912    1723.77    1830.49    1941.04
     12    0.5088    0.4912    1941.04    2051.59    2166.11
     13    0.5088    0.4912    2166.11    2280.63    2399.26
     14    0.5088    0.4912    2399.26    2517.89    2640.78
     15    0.5088    0.4912    2640.78    2763.66    2890.97
     16    0.5088    0.4912    2890.97    3018.27    3150.14
     17    0.5088    0.4912    3150.14    3282.01    3418.61
     18    0.5088    0.4912    3418.61    3555.22    3696.73
     19    0.5088    0.4912    3696.73    3838.24    3984.83
     20    0.5088    0.4912    3984.83    4131.42    4283.27
     21    0.5088    0.4912    4283.27    4435.12    4592.43
     22    0.5088    0.4912    4592.43    4749.73    4912.68
     23    0.5088    0.4912    4912.68    5075.63    5244.43
     24    0.5088    0.4912    5244.43    5413.24    5588.10
     25    0.5088    0.4912    5588.10    5762.96    5944.10
     26    0.5088    0.4912    5944.10    6125.24    6312.88
     27    0.5088    0.4912    6312.88    6500.52    6694.90
     28    0.5088    0.4912    6694.90    6889.28    7090.63
     29    0.5088    0.4912    7090.63    7291.99    7500.58
     30    0.5088    0.4912    7500.58    7709.16    7925.23
     31    0.5088    0.4912    7925.23    8141.31    8365.14
     32    0.5088    0.4912    8365.14    8588.97    8820.84
     33    0.5088    0.4912    8820.84    9052.70    9292.89
     34    0.5088    0.4912    9292.89    9533.08    9781.90
     35    0.5088    0.4912    9781.90   10030.71   10288.46
     36    0.5088    0.4912   10288.46   10546.20   10813.20
     37    0.5088    0.4912   10813.20   11080.20   11356.79
     38    0.5088    0.4912   11356.79   11633.37   11919.88
     39    0.5088    0.4912   11919.88   12206.40   12503.20
     40    0.5027    0.4973   12503.20   12800.00   13100.00
     41    0.5000    0.5000   13100.00   13400.00   13700.00
     42    0.5000    0.5000   13700.00   14000.00   14300.00
     43    0.5000    0.5000   14300.00   14600.00   14900.00
     44    0.5000    0.5000   14900.00   15200.00   15500.00
     45    0.5000    0.5000   15500.00   15800.00   16100.00
     46    0.5000    0.5000   16100.00   16400.00   16700.00
     47    0.5000    0.5000   16700.00   17000.00   17300.00
     48    0.5000    0.5000   17300.00   17600.00   17900.00
     49    0.5000    0.5000   17900.00   18200.00   18500.00
     50    0.5000    0.5000   18500.00   18800.00   19100.00
     51    0.5000    0.5000   19100.00   19400.00   19700.00
     52    0.5000    0.5000   19700.00   20000.00   20300.00


   ------ tauf, tauh -----
           1   0.00000000       0.00000000    
           2   0.00000000       0.00000000    
           3   0.00000000       0.00000000    
           4   0.00000000       0.00000000    
           5   0.00000000       0.00000000    
           6   0.00000000       0.00000000    
           7   0.00000000       0.00000000    
           8   0.00000000       0.00000000    
           9   0.00000000       0.00000000    
          10   0.00000000       0.00000000    
          11   0.00000000       0.00000000    
          12   0.00000000       0.00000000    
          13   0.00000000       0.00000000    
          14   0.00000000       0.00000000    
          15   0.00000000       0.00000000    
          16   0.00000000       0.00000000    
          17   0.00000000       0.00000000    
          18   0.00000000       0.00000000    
          19   0.00000000       0.00000000    
          20   0.00000000       0.00000000    
          21   0.00000000       0.00000000    
          22   0.00000000       0.00000000    
          23   0.00000000       0.00000000    
          24   0.00000000       0.00000000    
          25   0.00000000       0.00000000    
          26   0.00000000       0.00000000    
          27   0.00000000       0.00000000    
          28   0.00000000       0.00000000    
          29   0.00000000       0.00000000    
          30   0.00000000       0.00000000    
          31   0.00000000       0.00000000    
          32   0.00000000       0.00000000    
          33   0.00000000       0.00000000    
          34   0.00000000       0.00000000    
          35   0.00000000       0.00000000    
          36   0.00000000       0.00000000    
          37   0.00000000       0.00000000    
          38   0.00000000       0.00000000    
          39   0.00000000       0.00000000    
          40   0.00000000       0.00000000    
          41   0.00000000       0.00000000    
          42   0.00000000       0.00000000    
          43   0.00000000       0.00000000    
          44   3.94263864E-03   2.44717300E-02
          45   6.18466735E-02  0.114743382    
          46  0.181288034      0.259123147    
          47  0.345491529      0.437333375    
          48  0.531395316      0.624345005    
          49  0.712889671      0.793892622    
          50  0.864484310      0.922163963    
          51  0.964888215      0.991143644    
          52   1.00000000    


   vialpha,vibeta =   0.500000000      0.500000000    


   x0,alpha,delta,sum,predict,maxz:
   0.00000000    
  0.500000000       1.51795030       2.57244539       3.66479731    
   1.85094726      -1.19824338      0.347296089       0.00000000    
   1.00000000       1.52587891E-05   20000.0000    


   cgs1,cgs2,cgs3 =    1.85094726      -1.19824338      0.347296089    
   sum            =    1.00000000    

   dgs1,dgs2,dgs3 =   -1.93890107       2.86228609     -0.923384964    
   sum            =    5.96046448E-08


   x0,alpha,delta,sum,predict,maxz:
   33.3333321    
   32.8333321       31.8333340       30.8333340       29.8333340    
   1.87500155      -1.25000143      0.374999881       0.00000000    
   1.00000000       20000.0020       20000.0000    


   cgt1,cgt2,cgt3 =    1.87500155      -1.25000143      0.374999881    
   sum            =    1.00000000    

   dgt1,dgt2,dgt3 =    2.00000381      -3.00000381       1.00000000    
   sum            =    0.00000000    

 Leaving PARAM
 Inside BASE

  Reading sounding from external file, input_sounding

  p_sfc, th_sfc, qv_sfc =    960.000000       304.899994       19.0599995    
   Found           68   levels (including surface)


     k,z,th,qv:
           1   0.00000000       304.899994       19.0599995    
           2   0.00000000       304.899994       19.0599995    
           3   253.000000       305.200012       17.9099998    
           4   329.000000       305.299988       17.5799999    
           5   557.000000       305.500000       17.2199993    
           6   757.000000       305.600006       16.9099998    
           7   862.000000       306.799988       15.3999996    
           8   1069.00000       309.200012       12.7700005    
           9   1472.00000       310.700012       8.30000019    
          10   1777.00000       311.799988       5.88999987    
          11   1942.00000       312.399994       4.86000013    
          12   2081.00000       312.399994       5.42000008    
          13   2386.00000       312.399994       6.84999990    
          14   2475.00000       312.399994       7.32000017    
          15   2721.00000       312.899994       4.53999996    
          16   2876.00000       313.000000       3.85999990    
          17   3070.00000       314.399994       1.21000004    
          18   3301.00000       315.799988       1.08000004    
          19   3605.00000       317.600006      0.920000017    
          20   3807.00000       318.700012      0.819999993    
          21   3910.00000       318.899994      0.829999983    
          22   4520.00000       319.500000      0.829999983    
          23   4718.00000       319.700012      0.839999974    
          24   5026.00000       323.500000      0.230000004    
          25   5423.00000       324.600006      0.189999998    
          26   5434.00000       324.600006      0.189999998    
          27   5739.00000       325.700012      0.209999993    
          28   6102.00000       327.100006      0.219999999    
          29   7123.00000       328.299988      0.119999997    
          30   7263.00000       328.500000      0.119999997    
          31   8787.00000       331.100006      0.170000002    
          32   9092.00000       331.399994      0.180000007    
          33   9160.00000       331.500000      0.189999998    
          34   9183.00000       331.600006       1.00000005E-03
          35   9701.00000       334.700012       1.00000005E-03
          36   9844.00000       335.500000       1.00000005E-03
          37   10311.0000       338.299988       1.00000005E-03
          38   10413.0000       338.899994       1.00000005E-03
          39   10921.0000       340.600006       1.00000005E-03
          40   11530.0000       342.500000       1.00000005E-03
          41   11863.0000       343.399994       1.00000005E-03
          42   12140.0000       347.799988       1.00000005E-03
          43   12290.0000       350.100006       1.00000005E-03
          44   13664.0000       359.100006       1.00000005E-03
          45   13663.0000       359.100006       1.00000005E-03
          46   14273.0000       362.500000       1.00000005E-03
          47   14391.0000       363.100006       1.00000005E-03
          48   14811.0000       371.299988       1.00000005E-03
          49   14883.0000       372.700012       1.00000005E-03
          50   15797.0000       391.100006       1.00000005E-03
          51   16103.0000       397.399994       1.00000005E-03
          52   16481.0000       399.899994       1.00000005E-03
          53   16637.0000       410.000000       1.00000005E-03
          54   17281.0000       413.000000       1.00000005E-03
          55   17321.0000       415.399994       1.00000005E-03
          56   17527.0000       427.799988       1.00000005E-03
          57   18236.0000       441.399994       1.00000005E-03
          58   18253.0000       441.799988       1.00000005E-03
          59   18517.0000       445.600006       1.00000005E-03
          60   18845.0000       457.100006       1.00000005E-03
          61   19981.0000       498.799988       1.00000005E-03
          62   20323.0000       504.700012       1.00000005E-03
          63   22954.0000       573.599976       1.00000005E-03
          64   23563.0000       595.500000       1.00000005E-03
          65   24663.0000       636.000000       1.00000005E-03
          66   26193.0000       679.000000       1.00000005E-03
          67   26846.0000       706.799988       1.00000005E-03
          68   27739.0000       734.200012       1.00000005E-03

     k,u,v:
           1  -1.68008852      -2.17436504    
           2  -2.28714967       6.28391504    
           3  -3.03701520       17.2238979    
           4  -2.85836720       16.2107277    
           5   0.00000000       18.0039997    
           6   4.05004406       17.5425529    
           7   6.15775585       16.9182167    
           8   10.3266935       14.7479963    
           9   14.1859379       11.9033737    
          10   16.8548927       11.8018789    
          11   17.6976376       12.3919735    
          12   18.5403824       12.9820671    
          13   19.8044987       13.8672075    
          14   20.2258720       14.1622553    
          15   21.0686169       14.7523489    
          16   22.6022434       15.2453480    
          17   24.8654766       15.5376129    
          18   27.1745205       15.6891508    
          19   30.2929077       17.4895458    
          20   30.1988850       19.6113091    
          21   29.9174347       20.9483356    
          22   32.0242958       22.4235706    
          23   30.7601795       21.5384293    
          24   29.0746899       20.3582420    
          25   26.9678288       18.8830070    
          26   26.1250839       18.2929134    
          27   26.1250839       18.2929134    
          28   27.3892021       19.1780529    
          29   30.7601795       21.5384293    
          30   30.3388081       21.2433815    
          31   36.2380219       25.3740406    
          32   34.1311569       23.8988056    
          33   34.1311569       23.8988056    
          34   34.1311569       23.8988056    
          35   44.7556915       20.8698215    
          36   44.7556915       20.8698215    
          37   43.0206604       15.6581488    
          38   41.0871468       14.9544115    
          39   38.2591820       10.2514391    
          40   41.4922562       19.3480644    
          41   40.2466736       10.7839813    
          42   39.5136528       6.96724367    
          43   38.5004807       6.78859663    
          44   27.0691795       9.85231876    
          45   28.8186054       7.72186279    
          46   27.0398979       12.6088505    
          47   29.8371277       13.9132147    
          48   27.9723072       13.0436392    
          49   27.9723072       13.0436392    
          50   27.9723072       13.0436392    
          51   27.9723072       13.0436392    
          52   27.9723072       13.0436392    
          53   27.9723072       13.0436392    
          54   27.9723072       13.0436392    
          55   27.9723072       13.0436392    
          56   27.9723072       13.0436392    
          57   27.9723072       13.0436392    
          58   27.9723072       13.0436392    
          59   27.9723072       13.0436392    
          60   27.9723072       13.0436392    
          61   27.9723072       13.0436392    
          62   27.9723072       13.0436392    
          63   27.9723072       13.0436392    
          64   27.9723072       13.0436392    
          65   27.9723072       13.0436392    
          66   27.9723072       13.0436392    
          67   27.9723072       13.0436392    
          68   27.9723072       13.0436392    


 interpolating sounding to grid: 

           0.00000000       77.6925354       253.000000      0.307085127    
           0.00000000       235.866806       253.000000      0.932279885    
           329.000000       399.719604       557.000000      0.310173690    
           557.000000       569.454773       757.000000       6.22738637E-02
           557.000000       745.283569       757.000000      0.941417873    
           862.000000       927.424622       1069.00000      0.316060960    
           1069.00000       1116.10461       1472.00000      0.116884902    
           1069.00000       1311.55835       1472.00000      0.601881742    
           1472.00000       1514.02905       1777.00000      0.137800172    
           1472.00000       1723.76831       1777.00000      0.825469851    
           1777.00000       1941.03748       1942.00000      0.994166493    
           2081.00000       2166.10669       2386.00000      0.279038340    
           2386.00000       2399.25586       2475.00000      0.148942247    
           2475.00000       2640.77539       2721.00000      0.673883677    
           2876.00000       2890.96533       3070.00000       7.71408901E-02
           3070.00000       3150.13745       3301.00000      0.346915364    
           3301.00000       3418.61377       3605.00000      0.386887401    
           3605.00000       3696.72876       3807.00000      0.454102784    
           3910.00000       3984.82812       4520.00000      0.122669056    
           3910.00000       4283.27051       4520.00000      0.611918867    
           4520.00000       4592.42676       4718.00000      0.365791708    
           4718.00000       4912.68164       5026.00000      0.632083237    
           5026.00000       5244.43457       5423.00000      0.550213039    
           5434.00000       5588.09717       5739.00000      0.505236626    
           5739.00000       5944.09766       6102.00000      0.565007329    
           6102.00000       6312.87793       7123.00000      0.206540585    
           6102.00000       6694.89844       7123.00000      0.580703676    
           6102.00000       7090.63379       7123.00000      0.968299508    
           7263.00000       7500.57520       8787.00000      0.155889243    
           7263.00000       7925.23438       8787.00000      0.434536994    
           7263.00000       8365.13867       8787.00000      0.723188102    
           8787.00000       8820.83594       9092.00000      0.110937499    
           9183.00000       9292.89355       9701.00000      0.212149724    
           9701.00000       9781.89746       9844.00000      0.565716505    
           9844.00000       10288.4570       10311.0000      0.951728106    
           10413.0000       10813.2031       10921.0000      0.787801445    
           10921.0000       11356.7871       11530.0000      0.715578198    
           11863.0000       11919.8848       12140.0000      0.205360159    
           12290.0000       12503.1992       13664.0000      0.155166820    
           12290.0000       13100.0000       13664.0000      0.589519680    
           13663.0000       13700.0000       14273.0000       6.06557392E-02
           14273.0000       14300.0000       14391.0000      0.228813559    
           14883.0000       14900.0000       15797.0000       1.85995623E-02
           14883.0000       15500.0000       15797.0000      0.675054729    
           15797.0000       16100.0000       16103.0000      0.990196049    
           16637.0000       16700.0000       17281.0000       9.78260860E-02
           17281.0000       17300.0000       17321.0000      0.474999994    
           17527.0000       17900.0000       18236.0000      0.526093066    
           18253.0000       18500.0000       18517.0000      0.935606062    
           18845.0000       19100.0000       19981.0000      0.224471837    
           18845.0000       19700.0000       19981.0000      0.752640843    


       k    prs0 (Pa)        pi0        rho0 (kg/m^3)
    ---------------------------------------------------------------------
       1     95166.33     0.9859590     1.0703498
       2     93485.29     0.9809565     1.0573388
       3     91766.82     0.9757757     1.0436164
       4     90011.12     0.9704106     1.0292686
       5     88218.23     0.9648541     1.0147177
       6     86392.74     0.9591130     0.9969282
       7     84539.13     0.9531941     0.9795130
       8     82654.29     0.9470795     0.9649808
       9     80735.77     0.9407526     0.9496903
      10     78784.72     0.9342071     0.9334296
      11     76802.45     0.9274372     0.9163421
      12     74789.16     0.9204324     0.8976445
      13     72744.92     0.9131806     0.8785866
      14     70670.52     0.9056714     0.8617814
      15     68566.91     0.8978937     0.8447158
      16     66439.88     0.8898542     0.8245230
      17     64296.38     0.8815641     0.8015164
      18     62139.18     0.8730192     0.7784428
      19     59967.84     0.8642015     0.7568735
      20     57780.22     0.8550838     0.7363547
      21     55576.87     0.8456476     0.7154992
      22     53367.82     0.8359147     0.6900161
      23     51161.31     0.8259013     0.6656416
      24     48955.23     0.8155763     0.6429248
      25     46750.48     0.8049198     0.6195389
      26     44549.63     0.7939177     0.5970089
      27     42353.16     0.7825432     0.5750714
      28     40163.54     0.7707765     0.5529107
      29     37985.48     0.7586079     0.5302529
      30     35824.05     0.7460288     0.5073733
      31     33683.91     0.7330273     0.4844181
      32     31569.63     0.7195897     0.4614443
      33     29486.92     0.7057083     0.4381128
      34     27446.87     0.6914145     0.4126375
      35     25459.17     0.6767374     0.3875721
      36     23525.05     0.6616473     0.3640629
      37     21644.84     0.6461025     0.3412990
      38     19823.50     0.6300950     0.3183388
      39     18078.52     0.6137401     0.2919538
      40     16435.03     0.5972698     0.2697319
      41     14909.51     0.5808922     0.2488627
      42     13501.69     0.5646787     0.2297055
      43     12215.12     0.5487678     0.2078778
      44     11052.86     0.5333288     0.1874732
      45     10004.23     0.5183693     0.1692158
      46      9058.02     0.5038759     0.1526413
      47      8194.87     0.4896780     0.1407800
      48      7414.63     0.4758924     0.1247940
      49      6713.81     0.4625956     0.1135318
      50      6083.39     0.4497583     0.1010202
      51      5522.05     0.4375008     0.0900174


       k    th0 (K)     thv0 (K)     t0 (K)     l.r. (K/km)     N^2
    ---------------------------------------------------------------------
       1    304.9921    308.3957    300.7097       4.2116      0.0406
       2    305.1797    308.4570    299.3680       8.3355      0.1212
       3    305.3620    308.5506    297.9648       8.4152      0.1784
       4    305.5062    308.6466    296.4665       8.6748      0.1767
       5    305.5941    308.6865    294.8538       9.0131      0.0708
       6    307.5585    310.2476    294.9834      -0.6994      2.6698
       7    309.3753    311.6422    294.8947       0.4617      2.2916
       8    310.1028    311.9650    293.6920       6.0467      0.5105
       9    310.8516    312.3410    292.4344       6.1036      0.5735
      10    311.6080    312.7908    291.1064       6.2221      0.6615
      11    312.3965    313.3159    289.7281       6.2337      0.7441
      12    312.4000    313.5106    287.5431       9.5403      0.2661
      13    312.4000    313.7057    285.2776       9.5483      0.2572
      14    312.7369    313.7564    283.2369       8.3032      0.0645
      15    313.1080    313.8004    281.1377       8.2450      0.0541
      16    314.8857    315.1082    280.2023       3.5465      1.5469
      17    316.4964    316.6917    279.0119       4.3573      1.7999
      18    318.0995    318.2682    277.7070       4.6105      1.7213
      19    318.9736    319.1355    275.6575       6.9907      0.9105
      20    319.2672    319.4302    273.0002       8.7497      0.2982
      21    319.5732    319.7352    270.2462       8.7535      0.2976
      22    322.1019    322.1924    269.2498       3.0576      2.3044
      23    324.1052    324.1460    267.6789       4.6529      1.7566
      24    325.1558    325.1955    265.1893       7.1188      0.9068
      25    326.4910    326.5340    262.7991       6.5979      1.1122
      26    327.3478    327.3865    259.8872       7.7590      0.6816
      27    327.7968    327.8278    256.5152       8.6739      0.3399
      28    328.2620    328.2864    253.0166       8.6876      0.3405
      29    328.9053    328.9351    249.5101       8.4053      0.4642
      30    329.6298    329.6649    245.9133       8.3232      0.5032
      31    330.3803    330.4164    242.1778       8.3446      0.4989
      32    331.1333    331.1679    238.2801       8.4050      0.4806
      33    332.2577    332.2579    234.4770       7.9169      0.6711
      34    335.1526    335.1528    231.7294       5.5215      1.7102
      35    338.1648    338.1650    228.8488       5.5880      1.7027
      36    340.2393    340.2395    225.1184       6.9857      1.1235
      37    341.9596    341.9598    220.9409       7.5518      0.8944
      38    344.3036    344.3038    216.9440       6.9752      1.1695
      39    351.4965    351.4967    215.7275       2.0493      3.4170
      40    355.4057    355.4059    212.2731       5.7574      1.8083
      41    359.3062    359.3065    208.7182       5.9248      1.7846
      42    362.6373    362.6375    204.7735       6.5744      1.5088
      43    373.0422    373.0424    204.7136       0.1000      4.6252
      44    385.1210    385.1213    205.3961      -1.1376      5.2101
      45    397.3382    397.3385    205.9679      -0.9530      5.1061
      46    410.2935    410.2937    206.7370      -1.2818      5.2459
      47    414.1400    414.1403    202.7952       6.5696      1.5257
      48    434.9549    434.9551    206.9917      -6.9941      8.0177
      49    445.3553    445.3556    206.0194       1.6205      3.8635
      50    466.4605    466.4608    209.7945      -6.2918      7.5702
      51    488.4851    488.4855    213.7126      -6.5303      7.5432


   Richardson number:  NOTE!!!  Ri should be > 0.25 for most applications!

   k,z,Ri:           2   156.779663       6.56792847E-03 <---- NOTE!  Ri < 0.25
   k,z,Ri:           3   317.793213      0.439205140    
   k,z,Ri:           4   484.587189       8.08897913E-02 <---- NOTE!  Ri < 0.25
   k,z,Ri:           5   657.369141       1.73391774E-02 <---- NOTE!  Ri < 0.25
   k,z,Ri:           6   836.354126      0.592872560    
   k,z,Ri:           7   1021.76465      0.584386945    
   k,z,Ri:           8   1213.83154      0.367057145    
   k,z,Ri:           9   1412.79370      0.484290212    
   k,z,Ri:          10   1618.89868      0.877767026    
   k,z,Ri:          11   1832.40283       1.76677966    
   k,z,Ri:          12   2053.57202      0.638745427    
   k,z,Ri:          13   2282.68115       1.00608993    
   k,z,Ri:          14   2520.01562      0.299344897    
   k,z,Ri:          15   2765.87036       7.77312294E-02 <---- NOTE!  Ri < 0.25
   k,z,Ri:          16   3020.55127       1.25069678    
   k,z,Ri:          17   3284.37549       1.65002930    
   k,z,Ri:          18   3557.67139       1.74417806    
   k,z,Ri:          19   3840.77832       1.07290030    
   k,z,Ri:          20   4134.04932       1.70674646    
   k,z,Ri:          21   4437.84863       15.3919201    
   k,z,Ri:          22   4752.55420       4.62953997    
   k,z,Ri:          23   5078.55811       4.16976404    
   k,z,Ri:          24   5416.26562       2.28135395    
   k,z,Ri:          25   5766.09766       18.8682423    
   k,z,Ri:          26   6128.48779       4.07634592    
   k,z,Ri:          27   6503.88818       2.12920070    
   k,z,Ri:          28   6892.76611       2.13297796    
   k,z,Ri:          29   7295.60449       14.5481768    
   k,z,Ri:          30   7712.90479       2.29302764    
   k,z,Ri:          31   8145.18652       2.27365947    
   k,z,Ri:          32   8592.98730       3.48084259    
   k,z,Ri:          33   9056.86523       3.83905840    
   k,z,Ri:          34   9537.39551      0.549297452    
   k,z,Ri:          35   10035.1777       1.62694931    
   k,z,Ri:          36   10550.8301      0.792215824    
   k,z,Ri:          37   11084.9951      0.807363927    
   k,z,Ri:          38   11638.3359      0.821527362    
   k,z,Ri:          39   12211.5420       6.28008318    
   k,z,Ri:          40   12801.5996       2.45053101    
   k,z,Ri:          41   13400.0000       6.66491270    
   k,z,Ri:          42   14000.0000       2.17567515    
   k,z,Ri:          43   14600.0000       1600.02026    
   k,z,Ri:          44   15200.0000       521010880.    
   k,z,Ri:          45   15800.0000       510614496.    
   k,z,Ri:          46   16400.0000       524586304.    
   k,z,Ri:          47   17000.0000       152568752.    
   k,z,Ri:          48   17600.0000       801772096.    
   k,z,Ri:          49   18200.0000       386353664.    
   k,z,Ri:          50   18800.0000       757021440.    
   k,z,Ri:          51   19400.0000       754319168.    


       k  theta-e (K)       rh0          qv0          qc0          qi0
    ---------------------------------------------------------------------
       1    361.2180     0.746565     0.018704     0.000000     0.000000
       2    359.2769     0.765035     0.017987     0.000000     0.000000
       3    357.9687     0.795197     0.017480     0.000000     0.000000
       4    357.3099     0.842005     0.017204     0.000000     0.000000
       5    356.5935     0.898027     0.016931     0.000000     0.000000
       6    351.9169     0.751467     0.014595     0.000000     0.000000
       7    346.8395     0.617836     0.012203     0.000000     0.000000
       8    340.9742     0.532665     0.009978     0.000000     0.000000
       9    335.6923     0.448644     0.007946     0.000000     0.000000
      10    331.4999     0.376910     0.006285     0.000000     0.000000
      11    328.0279     0.310897     0.004866     0.000000     0.000000
      12    331.1370     0.422303     0.005884     0.000000     0.000000
      13    334.2994     0.561836     0.006924     0.000000     0.000000
      14    330.0004     0.487704     0.005392     0.000000     0.000000
      15    325.0440     0.369899     0.003652     0.000000     0.000000
      16    318.9708     0.121831     0.001164     0.000000     0.000000
      17    320.1140     0.111821     0.001016     0.000000     0.000000
      18    321.2564     0.101819     0.000874     0.000000     0.000000
      19    322.0104     0.108726     0.000835     0.000000     0.000000
      20    322.3262     0.127866     0.000841     0.000000     0.000000
      21    322.6159     0.149776     0.000835     0.000000     0.000000
      22    323.8599     0.085740     0.000462     0.000000     0.000000
      23    324.9351     0.041509     0.000207     0.000000     0.000000
      24    325.9660     0.046739     0.000201     0.000000     0.000000
      25    327.3644     0.058020     0.000217     0.000000     0.000000
      26    328.1400     0.062841     0.000195     0.000000     0.000000
      27    328.4380     0.063032     0.000155     0.000000     0.000000
      28    328.7739     0.063391     0.000122     0.000000     0.000000
      29    329.5230     0.099196     0.000149     0.000000     0.000000
      30    330.3536     0.152810     0.000175     0.000000     0.000000
      31    331.1224     0.208787     0.000180     0.000000     0.000000
      32    331.8469     0.273358     0.000172     0.000000     0.000000
      33    332.2629     0.002189     0.000001     0.000000     0.000000
      34    335.1579     0.002701     0.000001     0.000000     0.000000
      35    338.1702     0.003410     0.000001     0.000000     0.000000
      36    340.2447     0.004804     0.000001     0.000000     0.000000
      37    341.9651     0.007228     0.000001     0.000000     0.000000
      38    344.3091     0.010474     0.000001     0.000000     0.000000
      39    351.5024     0.011706     0.000001     0.000000     0.000000
      40    355.4118     0.016890     0.000001     0.000000     0.000000
      41    359.3120     0.022788     0.000001     0.000000     0.000000
      42    362.6431     0.035243     0.000001     0.000000     0.000000
      43    373.0482     0.032143     0.000001     0.000000     0.000000
      44    385.1273     0.026608     0.000001     0.000000     0.000000
      45    397.3446     0.022091     0.000001     0.000000     0.000000
      46    410.3002     0.018306     0.000001     0.000000     0.000000
      47    414.1467     0.028352     0.000001     0.000000     0.000000
      48    434.9620     0.014202     0.000001     0.000000     0.000000
      49    445.3626     0.014721     0.000001     0.000000     0.000000
      50    466.4689     0.008796     0.000001     0.000000     0.000000
      51    488.4944     0.005053     0.000001     0.000000     0.000000


   Thermodynamic properties of base-state sounding:

     for surface parcel:
        source p(mb),T(K),qv(g/kg) =      960.0     301.4      19.1
        LCL,LFC,EL (m AGL)         =      647.6     650.9     844.1
        CAPE,CIN (J/kg)            =     4784.3       6.6

     for most-unstable parcel:
        source p(mb),T(K),qv(g/kg) =      960.0     301.4      19.1
        LCL,LFC,EL (m AGL)         =      647.6     650.9     844.1
        CAPE,CIN (J/kg)            =     4784.3       6.6

     for mixed-layer parcel:
        source p(mb),T(K),qv(g/kg) =      960.0     301.7      18.0
        LCL,LFC,EL (m AGL)         =      793.2    1463.4   13694.8
        CAPE,CIN (J/kg)            =     4180.8      18.9



       k     u0 (m/s)     v0 (m/s)
    ---------------------------------------------------------------------
       1      -2.5174       9.6434
       2      -2.9862      16.4830
       3      -1.9718      16.7670
       4       0.2522      17.9753
       5       3.8128      17.5696
       6       7.4754      16.2323
       7      10.7778      14.4155
       8      12.6495      13.0359
       9      14.5537      11.8894
      10      16.3891      11.8196
      11      17.6927      12.3885
      12      18.8931      13.2291
      13      19.8673      13.9112
      14      20.7938      14.5599
      15      22.7768      15.2679
      16      25.6665      15.5902
      17      28.3810      16.3857
      18      30.2502      18.4530
      19      30.1759      21.1293
      20      31.2067      21.8511
      21      31.5619      22.0998
      22      29.6948      20.7925
      23      27.9155      19.5465
      24      26.1251      18.2929
      25      26.8393      18.7930
      26      28.0854      19.6656
      27      29.3467      20.5487
      28      30.6533      21.4636
      29      31.2584      21.8873
      30      32.9022      23.0383
      31      34.6050      24.2306
      32      36.0043      25.2104
      33      36.3851      23.2562
      34      44.7557      20.8698
      35      43.1044      15.9097
      36      38.8593      11.2494
      37      40.5727      16.7608
      38      40.0961      10.0002
      39      36.7267       7.2640
      40      31.7615       8.5947
      41      28.7107       8.0183
      42      27.6799      12.9073
      43      27.9723      13.0436
      44      27.9723      13.0436
      45      27.9723      13.0436
      46      27.9723      13.0436
      47      27.9723      13.0436
      48      27.9723      13.0436
      49      27.9723      13.0436
      50      27.9723      13.0436
      51      27.9723      13.0436


   psurf,tsurf  =    96000.0000       301.368195    
   qsurf,thsurf =    1.90599989E-02   304.899994    

 Leaving BASE
   rbufsz,nrad2d =            1          10
 Inside INIT3D

   seed_size =            8
   rand-1 =   0.620773196    

 Leaving INIT3D

   allocating diagnostic arrays:  ntdiag,nqdiag =            1           1


   strlen          =            0
   baselen         =            6
   totlen          =            6
   output_basename = cm1out
   statfile        = cm1out_stats.dat                                                      



   Settings used in this simulation:
   isfcflx  =            0
   bbc      =            1
   dosfcflx =  F

   string = cm1out_rst_000000.nc                                                  
   nvar_npt =            0
   nvar_parcels =            0

   From restart file: 

    mtime   =    0.0000000000000000     
    stattim =    60.000000000000000     
    taptim  =    900.00000000000000     
    rsttim  =    0.0000000000000000     
    radtim  =    0.0000000000000000     
    prcltim =    1.0000000000000000E+030

    nstep   =            0
    nrec    =            2
    prec    =            1
    nwrite  =            1
    nrst    =            0


   Using the following: 

    stattim =    60.000000000000000     
    taptim  =    900.00000000000000     
    rsttim  =    300.00000000000000     
    radtim  =    0.0000000000000000     


   Detected positive value for run_time. 
      Using the following values: 
         run_time =    1200.00000    
         timax    =    1200.00000    


   strlen          =            0
   baselen         =            6
   totlen          =            6
   output_basename = cm1out
   statfile        = cm1out_stats.dat                                                      


 Inside GETSET


 Leaving GETSET

   ... skipping sfc stuff ... 


   zf,grdscl:
           2   155.385071       322.806396    
           3   316.348541       549.380249    
           4   483.090637       682.472656    
           5   655.818909       760.946350    
           6   834.748169       810.955566    
           7   1020.10107       845.898438    
           8   1212.10815       872.462646    
           9   1411.00854       894.119019    
          10   1617.04944       912.767090    
          11   1830.48730       929.503540    
          12   2051.58765       944.990601    
          13   2280.62573       959.646301    
          14   2517.88623       973.744629    
          15   2763.66455       987.469299    
          16   3018.26636       1000.94989    
          17   3282.00854       1014.27673    
          18   3555.21924       1027.51782    
          19   3838.23828       1040.72192    
          20   4131.41797       1053.92712    
          21   4435.12256       1067.16235    
          22   4749.73047       1080.45081    
          23   5075.63330       1093.81213    
          24   5413.23584       1107.25879    
          25   5762.95850       1120.80518    
          26   6125.23633       1134.45959    
          27   6500.52002       1148.23352    
          28   6889.27686       1162.13232    
          29   7291.99023       1176.16211    
          30   7709.16064       1190.33142    
          31   8141.30811       1204.64282    
          32   8588.96973       1219.10242    
          33   9052.70312       1233.71436    
          34   9533.08398       1248.48120    
          35   10030.7109       1263.40857    
          36   10546.2031       1278.49988    
          37   11080.2021       1293.75659    
          38   11633.3711       1309.18262    
          39   12206.3994       1324.78333    
          40   12800.0000       1335.03540    
          41   13400.0000       1337.53870    
          42   14000.0000       1337.64990    
          43   14600.0000       1337.74768    
          44   15200.0000       1337.83411    
          45   15800.0000       1337.91089    
          46   16400.0000       1337.97949    
          47   17000.0000       1338.04102    
          48   17600.0000       1338.09619    
          49   18200.0000       1338.14612    
          50   18800.0000       1338.19128    
          51   19400.0000       1338.23242    
  WMAX  :  0.997252       15   16    9    WMIN  : -0.505932E-01   14   11    8
  UMAX  :   44.8254        1    1   34    UMIN  :  -3.24127        2    1    2
  SUMAX :  -2.86070        1    1    1    SUMIN :  -2.86070        3    1    1
  VMAX  :   27.6531        1    1   32    VMIN  :   4.13483        1    1   39
  SVMAX :   10.2863        1    1    1    SVMIN :   10.2863        1    1    1
  PPIMAX:   0.00000        1    1    1    PPIMIN:   0.00000        1    1    1
  PPMAX :   0.00000        1    1    1    PPMIN :   0.00000        1    1    1
  THPMAX:   2.00000       15   16    9    THPMIN:   0.00000        1    1    1
  STHPMX:  0.380920       15   16    1    STHPMN:   0.00000        1    1    1
  MAXqv :  0.243388E-01   15   16    1    MINqv :  0.998735E-06    1    1   48
  MAXqc :   0.00000        1    1    1    MINqc :   0.00000        1    1    1
  MAXqr :   0.00000        1    1    1    MINqr :   0.00000        1    1    1
  MAXqi :   0.00000        1    1    1    MINqi :   0.00000        1    1    1
  MAXqs :   0.00000        1    1    1    MINqs :   0.00000        1    1    1
  MAXqg :   0.00000        1    1    1    MINqg :   0.00000        1    1    1
  MAXqhl:   0.00000        1    1    1    MINqhl:   0.00000        1    1    1
  MAXccn:  0.163265E+10    1    1    1    MINccn:  0.163265E+10    1    1    1
  MAXccw:   0.00000        1    1    1    MINccw:   0.00000        1    1    1
  MAXcrw:   0.00000        1    1    1    MINcrw:   0.00000        1    1    1
  MAXcci:   0.00000        1    1    1    MINcci:   0.00000        1    1    1
  MAXcsw:   0.00000        1    1    1    MINcsw:   0.00000        1    1    1
  MAXchw:   0.00000        1    1    1    MINchw:   0.00000        1    1    1
  MAXchl:   0.00000        1    1    1    MINchl:   0.00000        1    1    1
  MAXvhw:   0.00000        1    1    1    MINvhw:   0.00000        1    1    1
  MAXvhl:   0.00000        1    1    1    MINvhl:   0.00000        1    1    1
  TKEMAX:   0.00000        1    1    1    TKEMIN:   0.00000        1    1    1
  KMHMAX:  0.133823        1    1   51    KMHMIN:   0.00000        1    1    1
  KMVMAX:  0.133823        1    1   51    KMVMIN:   0.00000        1    1    1
  KHHMAX:  0.401470        1    1   51    KHHMIN:   0.00000        1    1    1
  KHVMAX:  0.401470        1    1   51    KHVMIN:   0.00000        1    1    1
  DIVMAX:  0.166802E-02   15   16    1    DIVMIN: -0.194034E-02   12   12    6
  RHMAX :  0.951426       15   16    1    RHMIN :  0.219052E-02    1    1   33
  RHIMAX:  0.897766       11   17   17    RHIMIN:  0.324651E-02    1    1   33
  THEMAX:   379.333       15   16    1    THEMIN:   318.752        1    1   16
  STHEMX:   379.333       15   16    1    STHEMN:   361.111        1    1    1
  QCTOP :      0.000000    1    1    1    QCBOT :      0.000000    1    1    1
  SFPMAX:   95166.3        1    1    1    SFPMIN:   95166.3        1    1    1
  PSFCMX:   96000.0        1    1    1    PSFCMN:   96000.0        1    1    1
  WSPMAX:   49.9808        1    1   34    WSPMIN:   10.6767        1    1    1
  SWSPMX:   10.6767        1    1    1    SWSPMN:   10.6767        1    1    1
  CFLMAX:      0.187428    1    1   34
  KSHMAX:  0.752756E-06    1    1   51
  KSVMAX:  0.553805E-04    1    1    5
  VORSFC:  0.000000E+00
  VOR1KM:  0.000000E+00
  VOR2KM:  0.000000E+00
  VOR3KM:  0.000000E+00
  VOR4KM:  0.000000E+00
  VOR5KM:  0.000000E+00
  TMASS :  0.207380E+15
  TMOIS :  0.737871E+12
  qv MAS:  0.737871E+12
  qc MAS:  0.000000E+00
  qr MAS:  0.000000E+00
  qi MAS:  0.000000E+00
  qs MAS:  0.000000E+00
  qg MAS:  0.000000E+00
  qhlMAS:  0.000000E+00
  TENERG:  0.521574E+20
  TMU   :  0.530115E+16
  TMV   :  0.331002E+16
  TMW   :  0.294087E+12
  TMFU  :  0.143088E+10
  TMFD  : -0.109486E+07
  tcond :  0.000000E+00
  tevac :  0.000000E+00
  tauto :  0.000000E+00
  taccr :  0.000000E+00
  tevar :  0.000000E+00
  train :  0.000000E+00
  erain :  0.000000E+00
  qsfc  :  0.000000E+00
  esfc  :  0.000000E+00
  erad  :  0.000000E+00
  asqv  :  0.000000E+00
  asqc  :  0.000000E+00
  asqr  :  0.000000E+00
  asqi  :  0.000000E+00
  asqs  :  0.000000E+00
  asqg  :  0.000000E+00
  asqhl :  0.000000E+00
  asccn :  0.000000E+00
  asccw :  0.000000E+00
  ascrw :  0.000000E+00
  ascci :  0.000000E+00
  ascsw :  0.000000E+00
  aschw :  0.000000E+00
  aschl :  0.000000E+00
  asvhw :  0.000000E+00
  asvhl :  0.000000E+00
  bsqv  :  0.000000E+00
  bsqc  :  0.000000E+00
  bsqr  :  0.000000E+00
  bsqi  :  0.000000E+00
  bsqs  :  0.000000E+00
  bsqg  :  0.000000E+00
  bsqhl :  0.000000E+00
  bsccn :  0.000000E+00
  bsccw :  0.000000E+00
  bscrw :  0.000000E+00
  bscci :  0.000000E+00
  bscsw :  0.000000E+00
  bschw :  0.000000E+00
  bschl :  0.000000E+00
  bsvhw :  0.000000E+00
  bsvhl :  0.000000E+00
 cm1out_stats.nc                                                       
   nrec =            1
   calling nf90_create 
             0              0.000000 min 

 -------------Done with Preprocessors-----------

             1              0.125000 min 
             2              0.250000 min 
             3              0.375000 min 
             4              0.500000 min 
             5              0.625000 min 
             6              0.750000 min 
             7              0.875000 min 
  WMAX  :   3.72426       13   14   49    WMIN  :  -3.10723       14   15   40
  UMAX  :   45.4737       25   11   34    UMIN  :  -4.68354       18   16    2
  SUMAX :  -1.57209        9   17    1    SUMIN :  -4.34830       18   16    1
  VMAX  :   28.1817       17   28   32    VMIN  :   3.31885       13    3   39
  SVMAX :   11.7540       13    9    1    SVMIN :   9.10649       15   19    1
  PPIMAX:  0.489418E-02   14   15   51    PPIMIN: -0.307243E-02   14   15   39
  PPMAX :   225.049       14   14   50    PPMIN :  -445.828       17   16    1
  THPMAX:   1.99332       15   16    9    THPMIN:  -1.96916       14   15   48
  STHPMX:  0.433167       15   16    1    STHPMN: -0.309122E-03   26   10    1
  MAXqv :  0.243064E-01   12   11    1    MINqv :  0.988088E-06   14   14   35
  MAXqc :  0.955600E-04   13   11    6    MINqc :   0.00000        1    1    1
  MAXqr :  0.246133E-07   14   14    4    MINqr :   0.00000        1    1    1
  MAXqi :   0.00000        1    1    1    MINqi :   0.00000        1    1    1
  MAXqs :   0.00000        1    1    1    MINqs :   0.00000        1    1    1
  MAXqg :   0.00000        1    1    1    MINqg :   0.00000        1    1    1
  MAXqhl:   0.00000        1    1    1    MINqhl:   0.00000        1    1    1
  MAXccn:  0.163547E+10   14   17    5    MINccn:  0.717442E+09   13   11   10
  MAXccw:  0.745692E+09   13   11   10    MINccw:   0.00000        1    1    1
  MAXcrw:   6.52852       14   14   12    MINcrw:   0.00000        1    1    1
  MAXcci:   0.00000        1    1    1    MINcci:   0.00000        1    1    1
  MAXcsw:   0.00000        1    1    1    MINcsw:   0.00000        1    1    1
  MAXchw:   0.00000        1    1    1    MINchw:   0.00000        1    1    1
  MAXchl:   0.00000        1    1    1    MINchl:   0.00000        1    1    1
  MAXvhw:   0.00000        1    1    1    MINvhw:   0.00000        1    1    1
  MAXvhl:   0.00000        1    1    1    MINvhl:   0.00000        1    1    1
  TKEMAX:   1.79168       12   18    2    TKEMIN:   0.00000        1    1    1
  KMHMAX:   106.681       13   11   13    KMHMIN:   0.00000        1    1    1
  KMVMAX:   106.681       13   11   13    KMVMIN:   0.00000        1    1    1
  KHHMAX:   320.043       13   11   13    KHHMIN:   0.00000        1    1    1
  KHVMAX:   320.043       13   11   13    KHVMIN:   0.00000        1    1    1
  DIVMAX:  0.569909E-03   14   15   42    DIVMIN: -0.414536E-03   13   15   27
  RHMAX :  0.996062       13   11   16    RHMIN :  0.226706E-02    6   74   33
  RHIMAX:  0.934296       16   16   17    RHIMIN:  0.335992E-02    6   74   33
  THEMAX:   379.298       15   16    1    THEMIN:   318.754       28    1   16
  STHEMX:   379.298       15   16    1    STHEMN:   361.085       10    7    1
  QCTOP :   3418.613770    1    1    1    QCBOT :    235.866806    1    1    1
  SFPMAX:   95326.8       26   10    1    SFPMIN:   94720.5       17   16    1
  PSFCMX:   96161.4       26   10    1    PSFCMN:   95549.3       17   16    1
  WSPMAX:   50.4807       24   22   34    WSPMIN:   9.53742       15   18    1
  SWSPMX:   12.0135       13    8    1    SWSPMN:   9.53742       15   18    1
  CFLMAX:      0.189327   23   24   34
  KSHMAX:  0.600080E-03   13   11   13
  KSVMAX:  0.614286E-01   11   18    5
  VORSFC:  0.457715E-04
  VOR1KM:  0.153317E-03
  VOR2KM:  0.175307E-03
  VOR3KM:  0.221051E-03
  VOR4KM:  0.326452E-04
  VOR5KM:  0.308046E-04
  TMASS :  0.207380E+15
  TMOIS :  0.737876E+12
  qv MAS:  0.737875E+12
  qc MAS:  0.124507E+07
  qr MAS:  0.255484E+03
  qi MAS:  0.000000E+00
  qs MAS:  0.000000E+00
  qg MAS:  0.000000E+00
  qhlMAS:  0.000000E+00
  TENERG:  0.521589E+20
  TMU   :  0.529901E+16
  TMV   :  0.331107E+16
  TMW   :  0.813186E+12
  TMFU  :  0.659073E+10
  TMFD  : -0.575880E+10
  tcond :  0.000000E+00
  tevac :  0.000000E+00
  tauto :  0.000000E+00
  taccr :  0.000000E+00
  tevar :  0.000000E+00
  train :  0.861636E+00
  erain :  0.000000E+00
  qsfc  :  0.000000E+00
  esfc  :  0.000000E+00
  erad  :  0.000000E+00
  asqv  :  0.000000E+00
  asqc  :  0.148175E+04
  asqr  :  0.399948E-01
  asqi  :  0.000000E+00
  asqs  :  0.000000E+00
  asqg  :  0.000000E+00
  asqhl :  0.000000E+00
  asccn :  0.000000E+00
  asccw :  0.124447E+16
  ascrw :  0.233026E+07
  ascci :  0.000000E+00
  ascsw :  0.000000E+00
  aschw :  0.000000E+00
  aschl :  0.000000E+00
  asvhw :  0.000000E+00
  asvhl :  0.000000E+00
  bsqv  :  0.000000E+00
  bsqc  :  0.000000E+00
  bsqr  :  0.000000E+00
  bsqi  :  0.000000E+00
  bsqs  :  0.000000E+00
  bsqg  :  0.000000E+00
  bsqhl :  0.000000E+00
  bsccn :  0.000000E+00
  bsccw :  0.000000E+00
  bscrw :  0.000000E+00
  bscci :  0.000000E+00
  bscsw :  0.000000E+00
  bschw :  0.000000E+00
  bschl :  0.000000E+00
  bsvhw :  0.000000E+00
  bsvhl :  0.000000E+00
 cm1out_stats.nc                                                       
   nrec =            2
             8              1.000000 min 
             9              1.125000 min 
            10              1.250000 min 
            11              1.375000 min 
            12              1.500000 min 
            13              1.625000 min 
            14              1.750000 min 
            15              1.875000 min 
  WMAX  :   2.09694       13   11   11    WMIN  :  -1.20298       13    7   12
  UMAX  :   45.1642       32    1   34    UMIN  :  -5.32373       20   17    2
  SUMAX : -0.780100       11   12    1    SUMIN :  -5.07373       19   17    1
  VMAX  :   27.9105       21   38   32    VMIN  :   3.75563        7    1   39
  SVMAX :   13.2176       13    9    1    SVMIN :   8.23696       16   20    1
  PPIMAX:  0.960529E-03   14   16   14    PPIMIN: -0.139503E-02   14   15   33
  PPMAX :   262.961       14   16   14    PPMIN :  -212.852       15   15   31
  THPMAX:   2.12195       13   11   10    THPMIN:  -1.72055       15   15   48
  STHPMX:  0.452397       15   16    1    STHPMN: -0.175300E-02   16   10    1
  MAXqv :  0.242711E-01   12   12    1    MINqv :  0.990673E-06   15   14   35
  MAXqc :  0.289259E-03   13   11   10    MINqc :   0.00000        1    1    1
  MAXqr :  0.685806E-08   14   14    4    MINqr :   0.00000        1    1    1
  MAXqi :   0.00000        1    1    1    MINqi :   0.00000        1    1    1
  MAXqs :   0.00000        1    1    1    MINqs :   0.00000        1    1    1
  MAXqg :   0.00000        1    1    1    MINqg :   0.00000        1    1    1
  MAXqhl:   0.00000        1    1    1    MINqhl:   0.00000        1    1    1
  MAXccn:  0.163781E+10   18   17    5    MINccn:   0.00000       13   11   14
  MAXccw:  0.159041E+10   13   11   14    MINccw:   0.00000        1    1    1
  MAXcrw:   2.78284       13   15    4    MINcrw:   0.00000        1    1    1
  MAXcci:   0.00000        1    1    1    MINcci:   0.00000        1    1    1
  MAXcsw:   0.00000        1    1    1    MINcsw:   0.00000        1    1    1
  MAXchw:   0.00000        1    1    1    MINchw:   0.00000        1    1    1
  MAXchl:   0.00000        1    1    1    MINchl:   0.00000        1    1    1
  MAXvhw:   0.00000        1    1    1    MINvhw:   0.00000        1    1    1
  MAXvhl:   0.00000        1    1    1    MINvhl:   0.00000        1    1    1
  TKEMAX:   6.76679       13   11   13    TKEMIN:   0.00000        1    1    1
  KMHMAX:   249.633       13   11   13    KMHMIN:   0.00000        1    1    1
  KMVMAX:   249.633       13   11   13    KMVMIN:   0.00000        1    1    1
  KHHMAX:   748.900       13   11   13    KHHMIN:   0.00000        1    1    1
  KHVMAX:   748.900       13   11   13    KHVMIN:   0.00000        1    1    1
  DIVMAX:  0.366032E-03   15   15   23    DIVMIN: -0.328694E-03   15   16    1
  RHMAX :  0.996590       17   17   16    RHMIN :  0.226999E-02    8   49   33
  RHIMAX:  0.932786       17   17   16    RHIMIN:  0.336405E-02    8   49   33
  THEMAX:   379.132       12   12    1    THEMIN:   318.756       42    5   16
  STHEMX:   379.132       12   12    1    STHEMN:   360.997       15    7    1
  QCTOP :   3150.137451    1    1    1    QCBOT :    745.283569    1    1    1
  SFPMAX:   95321.3       14   14    1    SFPMIN:   95085.3        1   19    1
  PSFCMX:   96154.3       14   14    1    PSFCMN:   95918.4        1   19    1
  WSPMAX:   50.2410       32   30   34    WSPMIN:   8.70051       11   21    1
  SWSPMX:   13.1812       14    9    1    SWSPMN:   8.70051       11   21    1
  CFLMAX:      0.188406   32   30   34
  KSHMAX:  0.140419E-02   13   11   13
  KSVMAX:  0.103328       13   11   13
  VORSFC:  0.136087E-03
  VOR1KM:  0.456209E-03
  VOR2KM:  0.396885E-03
  VOR3KM:  0.575150E-03
  VOR4KM:  0.898924E-04
  VOR5KM:  0.777779E-04
  TMASS :  0.207380E+15
  TMOIS :  0.737875E+12
  qv MAS:  0.737864E+12
  qc MAS:  0.113129E+08
  qr MAS:  0.243872E+03
  qi MAS:  0.000000E+00
  qs MAS:  0.000000E+00
  qg MAS:  0.000000E+00
  qhlMAS:  0.000000E+00
  TENERG:  0.521589E+20
  TMU   :  0.529870E+16
  TMV   :  0.331323E+16
  TMW   : -0.319315E+13
  TMFU  :  0.702359E+10
  TMFD  : -0.188243E+11
  tcond :  0.000000E+00
  tevac :  0.000000E+00
  tauto :  0.000000E+00
  taccr :  0.000000E+00
  tevar :  0.000000E+00
  train :  0.572288E+01
  erain :  0.000000E+00
  qsfc  :  0.000000E+00
  esfc  :  0.000000E+00
  erad  :  0.000000E+00
  asqv  :  0.000000E+00
  asqc  :  0.646422E+04
  asqr  :  0.705482E-01
  asqi  :  0.000000E+00
  asqs  :  0.000000E+00
  asqg  :  0.000000E+00
  asqhl :  0.000000E+00
  asccn :  0.000000E+00
  asccw :  0.232769E+17
  ascrw :  0.685393E+07
  ascci :  0.000000E+00
  ascsw :  0.000000E+00
  aschw :  0.000000E+00
  aschl :  0.000000E+00
  asvhw :  0.000000E+00
  asvhl :  0.000000E+00
  bsqv  :  0.000000E+00
  bsqc  :  0.000000E+00
  bsqr  :  0.000000E+00
  bsqi  :  0.000000E+00
  bsqs  :  0.000000E+00
  bsqg  :  0.000000E+00
  bsqhl :  0.000000E+00
  bsccn :  0.000000E+00
  bsccw :  0.000000E+00
  bscrw :  0.000000E+00
  bscci :  0.000000E+00
  bscsw :  0.000000E+00
  bschw :  0.000000E+00
  bschl :  0.000000E+00
  bsvhw :  0.000000E+00
  bsvhl :  0.000000E+00
 cm1out_stats.nc                                                       
   nrec =            3
            16              2.000000 min 
            17              2.125000 min 
            18              2.250000 min 
            19              2.375000 min 
            20              2.500000 min 
            21              2.625000 min 
            22              2.750000 min 
            23              2.875000 min 
  WMAX  :   3.19431       14   11   12    WMIN  :  -1.25393       14    8   12
  UMAX  :   45.1372       43    1   34    UMIN  :  -6.28956       20   17    2
  SUMAX :  0.304562       11   12    1    SUMIN :  -6.12972       19   17    1
  VMAX  :   27.8890        1   41   32    VMIN  :   3.74564       16    4   39
  SVMAX :   14.1989       13    9    1    SVMIN :   7.16342       16   20    1
  PPIMAX:  0.869863E-03   17   17   47    PPIMIN: -0.918770E-03    2    1   51
  PPMAX :   125.289       33    1    1    PPMIN :  -284.680        1   15    1
  THPMAX:   2.59991       14   11   13    THPMIN:  -1.73189       15   16   48
  STHPMX:  0.561493       15   17    1    STHPMN: -0.150702E-02   16   10    1
  MAXqv :  0.241272E-01   11   13    1    MINqv :  0.991542E-06   33   21   34
  MAXqc :  0.642059E-03   14   11   15    MINqc :   0.00000        1    1    1
  MAXqr :  0.380278E-08   14   15   12    MINqr :   0.00000        1    1    1
  MAXqi :   0.00000        1    1    1    MINqi :   0.00000        1    1    1
  MAXqs :   0.00000        1    1    1    MINqs :   0.00000        1    1    1
  MAXqg :   0.00000        1    1    1    MINqg :   0.00000        1    1    1
  MAXqhl:   0.00000        1    1    1    MINqhl:   0.00000        1    1    1
  MAXccn:  0.168529E+10   16   14   14    MINccn:   0.00000       13   12    6
  MAXccw:  0.179061E+10   14   12   16    MINccw:   0.00000        1    1    1
  MAXcrw:   1.41507       14   15    4    MINcrw:   0.00000        1    1    1
  MAXcci:   0.00000        1    1    1    MINcci:   0.00000        1    1    1
  MAXcsw:   0.00000        1    1    1    MINcsw:   0.00000        1    1    1
  MAXchw:   0.00000        1    1    1    MINchw:   0.00000        1    1    1
  MAXchl:   0.00000        1    1    1    MINchl:   0.00000        1    1    1
  MAXvhw:   0.00000        1    1    1    MINvhw:   0.00000        1    1    1
  MAXvhl:   0.00000        1    1    1    MINvhl:   0.00000        1    1    1
  TKEMAX:   13.0525       17   17   14    TKEMIN:   0.00000        1    1    1
  KMHMAX:   351.796       17   17   14    KMHMIN:   0.00000        1    1    1
  KMVMAX:   351.796       17   17   14    KMVMIN:   0.00000        1    1    1
  KHHMAX:   1055.39       17   17   14    KHHMIN:   0.00000        1    1    1
  KHVMAX:   1055.39       17   17   14    KHVMIN:   0.00000        1    1    1
  DIVMAX:  0.273346E-03   13   12    3    DIVMIN: -0.154748E-03   26   16    1
  RHMAX :   1.00400       16   14   14    RHMIN :  0.227383E-02   10   58   33
  RHIMAX:  0.941669       17   18   17    RHIMIN:  0.336967E-02   10   58   33
  THEMAX:   378.619       12   12    1    THEMIN:   318.758       51    4   16
  STHEMX:   378.619       12   12    1    STHEMN:   360.593       15    7    1
  QCTOP :   3418.613770    1    1    1    QCBOT :    235.866806    1    1    1
  SFPMAX:   95291.6       33    1    1    SFPMIN:   94881.6        1   15    1
  PSFCMX:   96126.1       33    1    1    PSFCMN:   95713.5        1   15    1
  WSPMAX:   50.2359       43    1   34    WSPMIN:   7.84703       12   22    1
  SWSPMX:   14.3814       14    9    1    SWSPMN:   7.84703       12   22    1
  CFLMAX:      0.188386   43    1   34
  KSHMAX:  0.197885E-02   17   17   14
  KSVMAX:  0.135697       17   17   14
  VORSFC:  0.238859E-03
  VOR1KM:  0.983531E-03
  VOR2KM:  0.705524E-03
  VOR3KM:  0.100178E-02
  VOR4KM:  0.201038E-03
  VOR5KM:  0.156137E-03
  TMASS :  0.207380E+15
  TMOIS :  0.737875E+12
  qv MAS:  0.737793E+12
  qc MAS:  0.821393E+08
  qr MAS:  0.232356E+03
  qi MAS:  0.000000E+00
  qs MAS:  0.000000E+00
  qg MAS:  0.000000E+00
  qhlMAS:  0.000000E+00
  TENERG:  0.521589E+20
  TMU   :  0.529667E+16
  TMV   :  0.331187E+16
  TMW   :  0.989048E+12
  TMFU  :  0.159669E+11
  TMFD  : -0.154088E+11
  tcond :  0.000000E+00
  tevac :  0.000000E+00
  tauto :  0.000000E+00
  taccr :  0.000000E+00
  tevar :  0.000000E+00
  train :  0.122277E+02
  erain :  0.000000E+00
  qsfc  :  0.000000E+00
  esfc  :  0.000000E+00
  erad  :  0.000000E+00
  asqv  :  0.000000E+00
  asqc  :  0.241534E+05
  asqr  :  0.833840E-01
  asqi  :  0.000000E+00
  asqs  :  0.000000E+00
  asqg  :  0.000000E+00
  asqhl :  0.000000E+00
  asccn : -0.338346E+16
  asccw :  0.657769E+17
  ascrw :  0.970382E+07
  ascci :  0.000000E+00
  ascsw :  0.000000E+00
  aschw :  0.000000E+00
  aschl :  0.000000E+00
  asvhw :  0.000000E+00
  asvhl :  0.000000E+00
  bsqv  :  0.000000E+00
  bsqc  :  0.000000E+00
  bsqr  :  0.000000E+00
  bsqi  :  0.000000E+00
  bsqs  :  0.000000E+00
  bsqg  :  0.000000E+00
  bsqhl :  0.000000E+00
  bsccn :  0.000000E+00
  bsccw :  0.000000E+00
  bscrw :  0.000000E+00
  bscci :  0.000000E+00
  bscsw :  0.000000E+00
  bschw :  0.000000E+00
  bschl :  0.000000E+00
  bsvhw :  0.000000E+00
  bsvhl :  0.000000E+00
 cm1out_stats.nc                                                       
   nrec =            4
            24              3.000000 min 
            25              3.125000 min 
            26              3.250000 min 
            27              3.375000 min 
            28              3.500000 min 
            29              3.625000 min 
            30              3.750000 min 
            31              3.875000 min 
  WMAX  :   4.74746       14   12   13    WMIN  :  -1.47623       14    8   12
  UMAX  :   45.1076       54    1   34    UMIN  :  -7.04058       20   17    2
  SUMAX :   1.07664       10   19    1    SUMIN :  -6.94992       19   17    1
  VMAX  :   27.8722        1   52   32    VMIN  :   3.88258        1   41   39
  SVMAX :   14.9597       14   10    1    SVMIN :   6.18622       16   20    1
  PPIMAX:  0.892300E-03   37    1   51    PPIMIN: -0.169084E-02    1   21   51
  PPMAX :   129.984       17   18   18    PPMIN :  -173.438       17   18    1
  THPMAX:   3.63034       14   12   14    THPMIN:  -2.42545       14   12   18
  STHPMX:  0.646729       15   17    1    STHPMN:  0.326383E-02    9   20    1
  MAXqv :  0.239785E-01   11   13    1    MINqv :  0.994800E-06   44    1   34
  MAXqc :  0.107545E-02   14   12   15    MINqc :   0.00000        1    1    1
  MAXqr :  0.159905E-06   12   16    5    MINqr :   0.00000        1    1    1
  MAXqi :   0.00000        1    1    1    MINqi :   0.00000        1    1    1
  MAXqs :   0.00000        1    1    1    MINqs :   0.00000        1    1    1
  MAXqg :   0.00000        1    1    1    MINqg :   0.00000        1    1    1
  MAXqhl:   0.00000        1    1    1    MINqhl:   0.00000        1    1    1
  MAXccn:  0.171047E+10   17   14   15    MINccn:   0.00000       13   12    3
  MAXccw:  0.177984E+10   13   12    7    MINccw:   0.00000        1    1    1
  MAXcrw:   29.6033       12   16    5    MINcrw:   0.00000        1    1    1
  MAXcci:   0.00000        1    1    1    MINcci:   0.00000        1    1    1
  MAXcsw:   0.00000        1    1    1    MINcsw:   0.00000        1    1    1
  MAXchw:   0.00000        1    1    1    MINchw:   0.00000        1    1    1
  MAXchl:   0.00000        1    1    1    MINchl:   0.00000        1    1    1
  MAXvhw:   0.00000        1    1    1    MINvhw:   0.00000        1    1    1
  MAXvhl:   0.00000        1    1    1    MINvhl:   0.00000        1    1    1
  TKEMAX:   19.3924       14   12   16    TKEMIN:   0.00000        1    1    1
  KMHMAX:   440.786       14   12   16    KMHMIN:   0.00000        1    1    1
  KMVMAX:   440.786       14   12   16    KMVMIN:   0.00000        1    1    1
  KHHMAX:   1322.36       14   12   16    KHHMIN:   0.00000        1    1    1
  KHVMAX:   1322.36       14   12   16    KHVMIN:   0.00000        1    1    1
  DIVMAX:  0.113524E-03   45    1    2    DIVMIN: -0.118235E-03    1   33    1
  RHMAX :   1.01096       16   14   14    RHMIN :  0.227907E-02   69   60   33
  RHIMAX:  0.962879       15   12   18    RHIMIN:  0.337738E-02   69   60   33
  THEMAX:   378.042       11   13    1    THEMIN:   318.760       64   11   16
  STHEMX:   378.042       11   13    1    STHEMN:   360.202       15    7    1
  QCTOP :   3696.728760    1    1    1    QCBOT :    235.866806    1    1    1
  SFPMAX:   95264.0        1   50    1    SFPMIN:   94992.9       17   18    1
  PSFCMX:   96098.2        1   50    1    PSFCMN:   95820.9       17   18    1
  WSPMAX:   50.2166       54    1   34    WSPMIN:   6.95563       12   22    1
  SWSPMX:   15.0559       14    9    1    SWSPMN:   6.95563       12   22    1
  CFLMAX:      0.188313   54    1   34
  KSHMAX:  0.247942E-02   14   12   16
  KSVMAX:  0.158123       17   17   14
  VORSFC:  0.323485E-03
  VOR1KM:  0.182950E-02
  VOR2KM:  0.125147E-02
  VOR3KM:  0.161743E-02
  VOR4KM:  0.393571E-03
  VOR5KM:  0.265373E-03
  TMASS :  0.207380E+15
  TMOIS :  0.737885E+12
  qv MAS:  0.737719E+12
  qc MAS:  0.166129E+09
  qr MAS:  0.409632E+03
  qi MAS:  0.000000E+00
  qs MAS:  0.000000E+00
  qg MAS:  0.000000E+00
  qhlMAS:  0.000000E+00
  TENERG:  0.521587E+20
  TMU   :  0.529374E+16
  TMV   :  0.330721E+16
  TMW   : -0.251965E+13
  TMFU  :  0.114937E+11
  TMFD  : -0.192569E+11
  tcond :  0.000000E+00
  tevac :  0.000000E+00
  tauto :  0.000000E+00
  taccr :  0.000000E+00
  tevar :  0.000000E+00
  train :  0.187884E+02
  erain :  0.000000E+00
  qsfc  :  0.000000E+00
  esfc  :  0.000000E+00
  erad  :  0.000000E+00
  asqv  :  0.000000E+00
  asqc  :  0.681662E+05
  asqr  :  0.884791E-01
  asqi  :  0.000000E+00
  asqs  :  0.000000E+00
  asqg  :  0.000000E+00
  asqhl :  0.000000E+00
  asccn : -0.270480E+17
  asccw :  0.156701E+18
  ascrw :  0.111230E+08
  ascci :  0.000000E+00
  ascsw :  0.000000E+00
  aschw :  0.000000E+00
  aschl :  0.000000E+00
  asvhw :  0.000000E+00
  asvhl :  0.000000E+00
  bsqv  :  0.000000E+00
  bsqc  :  0.000000E+00
  bsqr  :  0.000000E+00
  bsqi  :  0.000000E+00
  bsqs  :  0.000000E+00
  bsqg  :  0.000000E+00
  bsqhl :  0.000000E+00
  bsccn :  0.000000E+00
  bsccw :  0.000000E+00
  bscrw :  0.000000E+00
  bscci :  0.000000E+00
  bscsw :  0.000000E+00
  bschw :  0.000000E+00
  bschl :  0.000000E+00
  bsvhw :  0.000000E+00
  bsvhl :  0.000000E+00
 cm1out_stats.nc                                                       
   nrec =            5
            32              4.000000 min 
            33              4.125000 min 
            34              4.250000 min 
            35              4.375000 min 
            36              4.500000 min 
            37              4.625000 min 
            38              4.750000 min 
            39              4.875000 min 
   Getting dbz ... 
  WMAX  :   5.86125       15   12   14    WMIN  :  -1.30222       21   14   13
  UMAX  :   45.0839       64    1   34    UMIN  :  -7.77556       20   18    2
  SUMAX :   1.78123       10   19    1    SUMIN :  -7.47432       20   18    1
  VMAX  :   27.8720        1   63   32    VMIN  :   3.81483       12   10   39
  SVMAX :   15.6809       14   10    1    SVMIN :   5.31668       17   20    1
  PPIMAX:  0.533324E-03    1   23   34    PPIMIN: -0.878509E-03    1   20    1
  PPMAX :   126.266       16   17   17    PPMIN :  -296.766        1   20    1
  THPMAX:   4.61627       15   12   15    THPMIN:  -2.91028       14   13   18
  STHPMX:  0.693237       15   17    1    STHPMN:  0.957067E-02    9   20    1
  MAXqv :  0.236938E-01   12   13    1    MINqv :  0.997133E-06   44   22   34
  MAXqc :  0.156379E-02   15   12   15    MINqc :   0.00000        1    1    1
  MAXqr :  0.353704E-06   12   17    5    MINqr :   0.00000        1    1    1
  MAXqi :   0.00000        1    1    1    MINqi :   0.00000        1    1    1
  MAXqs :   0.00000        1    1    1    MINqs :   0.00000        1    1    1
  MAXqg :   0.00000        1    1    1    MINqg :   0.00000        1    1    1
  MAXqhl:   0.00000        1    1    1    MINqhl:   0.00000        1    1    1
  MAXccn:  0.177256E+10   15   15    6    MINccn:   0.00000       14   12    4
  MAXccw:  0.176252E+10   14   12    8    MINccw:   0.00000        1    1    1
  MAXcrw:   896.702       12   17    5    MINcrw:   0.00000        1    1    1
  MAXcci:   0.00000        1    1    1    MINcci:   0.00000        1    1    1
  MAXcsw:   0.00000        1    1    1    MINcsw:   0.00000        1    1    1
  MAXchw:   0.00000        1    1    1    MINchw:   0.00000        1    1    1
  MAXchl:   0.00000        1    1    1    MINchl:   0.00000        1    1    1
  MAXvhw:   0.00000        1    1    1    MINvhw:   0.00000        1    1    1
  MAXvhl:   0.00000        1    1    1    MINvhl:   0.00000        1    1    1
  TKEMAX:   27.6146       15   12   17    TKEMIN:   0.00000        1    1    1
  KMHMAX:   532.998       15   12   17    KMHMIN:   0.00000        1    1    1
  KMVMAX:   532.998       15   12   17    KMVMIN:   0.00000        1    1    1
  KHHMAX:   1599.00       15   12   17    KHHMIN:   0.00000        1    1    1
  KHVMAX:   1599.00       15   12   17    KHVMIN:   0.00000        1    1    1
  DIVMAX:  0.163739E-03    1    2    1    DIVMIN: -0.147682E-03    2   15    1
  RHMAX :  0.997023       18   14   14    RHMIN :  0.228440E-02   70   60   33
  RHIMAX:  0.982738       18   18   19    RHIMIN:  0.338522E-02   70   60   33
  THEMAX:   377.487       12   13    1    THEMIN:   318.762       67   45   16
  STHEMX:   377.487       12   13    1    STHEMN:   359.991        8   16    1
  QCTOP :   3984.828125    1    1    1    QCBOT :    399.719604    1    1    1
  SFPMAX:   95282.5       40    1    1    SFPMIN:   94869.6        1   20    1
  PSFCMX:   96116.9       40    1    1    PSFCMN:   95701.2        1   20    1
  WSPMAX:   50.2042       64    1   34    WSPMIN:   6.09503       12   22    1
  SWSPMX:   15.9612       14   10    1    SWSPMN:   6.09503       12   22    1
  CFLMAX:      0.202817   15   12   13
  KSHMAX:  0.299812E-02   15   12   17
  KSVMAX:  0.183356       10   18    6
  VORSFC:  0.430665E-03
  VOR1KM:  0.374951E-02
  VOR2KM:  0.171405E-02
  VOR3KM:  0.156244E-02
  VOR4KM:  0.717055E-03
  VOR5KM:  0.399666E-03
  TMASS :  0.207380E+15
  TMOIS :  0.737888E+12
  qv MAS:  0.737631E+12
  qc MAS:  0.257000E+09
  qr MAS:  0.912116E+03
  qi MAS:  0.000000E+00
  qs MAS:  0.000000E+00
  qg MAS:  0.000000E+00
  qhlMAS:  0.000000E+00
  TENERG:  0.521586E+20
  TMU   :  0.529194E+16
  TMV   :  0.330354E+16
  TMW   :  0.140777E+13
  TMFU  :  0.211810E+11
  TMFD  : -0.199561E+11
  tcond :  0.000000E+00
  tevac :  0.000000E+00
  tauto :  0.000000E+00
  taccr :  0.000000E+00
  tevar :  0.000000E+00
  train :  0.264111E+02
  erain :  0.000000E+00
  qsfc  :  0.000000E+00
  esfc  :  0.000000E+00
  erad  :  0.000000E+00
  asqv  :  0.000000E+00
  asqc  :  0.132302E+06
  asqr  :  0.935370E-01
  asqi  :  0.000000E+00
  asqs  :  0.000000E+00
  asqg  :  0.000000E+00
  asqhl :  0.000000E+00
  asccn : -0.511193E+17
  asccw :  0.233886E+18
  ascrw :  0.127687E+08
  ascci :  0.000000E+00
  ascsw :  0.000000E+00
  aschw :  0.000000E+00
  aschl :  0.000000E+00
  asvhw :  0.000000E+00
  asvhl :  0.000000E+00
  bsqv  :  0.000000E+00
  bsqc  :  0.000000E+00
  bsqr  :  0.000000E+00
  bsqi  :  0.000000E+00
  bsqs  :  0.000000E+00
  bsqg  :  0.000000E+00
  bsqhl :  0.000000E+00
  bsccn :  0.000000E+00
  bsccw :  0.000000E+00
  bscrw :  0.000000E+00
  bscci :  0.000000E+00
  bscsw :  0.000000E+00
  bschw :  0.000000E+00
  bschl :  0.000000E+00
  bsvhw :  0.000000E+00
  bsvhl :  0.000000E+00
 cm1out_stats.nc                                                       
   nrec =            6
            40              5.000000 min 
   string = cm1out_rst_000001.nc                                                  
  USING COMPRESSED netCDF4 
   leaving restart_prelim 
            41              5.125000 min 
            42              5.250000 min 
            43              5.375000 min 
            44              5.500000 min 
            45              5.625000 min 
            46              5.750000 min 
            47              5.875000 min 
  WMAX  :   7.34381       15   13   15    WMIN  :  -1.81482       16   10   13
  UMAX  :   45.0802       74    1   34    UMIN  :  -8.19370       20   18    2
  SUMAX :   2.36146       12   13    1    SUMIN :  -8.11578       21   18    1
  VMAX  :   27.8776        1   73   32    VMIN  :   3.90310        1   59   39
  SVMAX :   16.4779       14   11    1    SVMIN :   4.57484       17   21    1
  PPIMAX:  0.654519E-03   15   14   18    PPIMIN: -0.153130E-02    1   24   51
  PPMAX :   163.379       15   14   18    PPMIN :  -211.430       19   18    1
  THPMAX:   5.58521       15   13   15    THPMIN:  -2.84589       14   12   18
  STHPMX:  0.787628       14   18    1    STHPMN:  0.140086E-01    9   21    1
  MAXqv :  0.234637E-01   12   13    1    MINqv :  0.995287E-06   55    6   34
  MAXqc :  0.209125E-02   15   13   15    MINqc :   0.00000        1    1    1
  MAXqr :  0.253346E-06   12   17    5    MINqr :   0.00000        1    1    1
  MAXqi :   0.00000        1    1    1    MINqi :   0.00000        1    1    1
  MAXqs :   0.00000        1    1    1    MINqs :   0.00000        1    1    1
  MAXqg :   0.00000        1    1    1    MINqg :   0.00000        1    1    1
  MAXqhl:   0.00000        1    1    1    MINqhl:   0.00000        1    1    1
  MAXccn:  0.176157E+10   16   15    7    MINccn:   0.00000       13   12    4
  MAXccw:  0.176154E+10   14   13    7    MINccw:   0.00000        1    1    1
  MAXcrw:   774.546       12   17    5    MINcrw:   0.00000        1    1    1
  MAXcci:   0.00000        1    1    1    MINcci:   0.00000        1    1    1
  MAXcsw:   0.00000        1    1    1    MINcsw:   0.00000        1    1    1
  MAXchw:   0.00000        1    1    1    MINchw:   0.00000        1    1    1
  MAXchl:   0.00000        1    1    1    MINchl:   0.00000        1    1    1
  MAXvhw:   0.00000        1    1    1    MINvhw:   0.00000        1    1    1
  MAXvhl:   0.00000        1    1    1    MINvhl:   0.00000        1    1    1
  TKEMAX:   37.6803       15   13   18    TKEMIN:   0.00000        1    1    1
  KMHMAX:   630.734       15   13   18    KMHMIN:   0.00000        1    1    1
  KMVMAX:   630.734       15   13   18    KMVMIN:   0.00000        1    1    1
  KHHMAX:   1892.20       15   13   18    KHHMIN:   0.00000        1    1    1
  KHVMAX:   1892.20       15   13   18    KHVMIN:   0.00000        1    1    1
  DIVMAX:  0.106227E-03   17   13   13    DIVMIN: -0.148807E-03   17   13   16
  RHMAX :  0.994963       14   15    4    RHMIN :  0.228949E-02   74   66   33
  RHIMAX:  0.984044       18   20   19    RHIMIN:  0.339261E-02   74   66   33
  THEMAX:   376.896       12   13    1    THEMIN:   318.763       58   74   16
  STHEMX:   376.896       12   13    1    STHEMN:   359.859       20   14    1
  QCTOP :   3984.828125    1    1    1    QCBOT :    399.719604    1    1    1
  SFPMAX:   95263.6       57    1    1    SFPMIN:   94954.9       19   18    1
  PSFCMX:   96097.7       57    1    1    PSFCMN:   95787.1       19   18    1
  WSPMAX:   50.2025       74    1   34    WSPMIN:   5.53756       16   20    1
  SWSPMX:   16.3857       14   10    1    SWSPMN:   5.53756       16   20    1
  CFLMAX:      0.240377   15   13   14
  KSHMAX:  0.354788E-02   15   13   18
  KSVMAX:  0.188874       10   19    6
  VORSFC:  0.530713E-03
  VOR1KM:  0.452579E-02
  VOR2KM:  0.264625E-02
  VOR3KM:  0.237681E-02
  VOR4KM:  0.145852E-02
  VOR5KM:  0.531658E-03
  TMASS :  0.207380E+15
  TMOIS :  0.737897E+12
  qv MAS:  0.737542E+12
  qc MAS:  0.355071E+09
  qr MAS:  0.143231E+04
  qi MAS:  0.000000E+00
  qs MAS:  0.000000E+00
  qg MAS:  0.000000E+00
  qhlMAS:  0.000000E+00
  TENERG:  0.521585E+20
  TMU   :  0.528864E+16
  TMV   :  0.329904E+16
  TMW   : -0.247546E+13
  TMFU  :  0.151506E+11
  TMFD  : -0.211678E+11
  tcond :  0.000000E+00
  tevac :  0.000000E+00
  tauto :  0.000000E+00
  taccr :  0.000000E+00
  tevar :  0.000000E+00
  train :  0.418732E+02
  erain :  0.000000E+00
  qsfc  :  0.000000E+00
  esfc  :  0.000000E+00
  erad  :  0.000000E+00
  asqv  :  0.000000E+00
  asqc  :  0.219743E+06
  asqr  :  0.103786E+00
  asqi  :  0.000000E+00
  asqs  :  0.000000E+00
  asqg  :  0.000000E+00
  asqhl :  0.000000E+00
  asccn : -0.747410E+17
  asccw :  0.301627E+18
  ascrw :  0.134171E+08
  ascci :  0.000000E+00
  ascsw :  0.000000E+00
  aschw :  0.000000E+00
  aschl :  0.000000E+00
  asvhw :  0.000000E+00
  asvhl :  0.000000E+00
  bsqv  :  0.000000E+00
  bsqc  :  0.000000E+00
  bsqr  :  0.000000E+00
  bsqi  :  0.000000E+00
  bsqs  :  0.000000E+00
  bsqg  :  0.000000E+00
  bsqhl :  0.000000E+00
  bsccn :  0.000000E+00
  bsccw :  0.000000E+00
  bscrw :  0.000000E+00
  bscci :  0.000000E+00
  bscsw :  0.000000E+00
  bschw :  0.000000E+00
  bschl :  0.000000E+00
  bsvhw :  0.000000E+00
  bsvhl :  0.000000E+00
 cm1out_stats.nc                                                       
   nrec =            7
            48              6.000000 min 
            49              6.125000 min 
            50              6.250000 min 
            51              6.375000 min 
            52              6.500000 min 
            53              6.625000 min 
            54              6.750000 min 
            55              6.875000 min 
  WMAX  :   9.19966       16   13   16    WMIN  :  -3.29170       16   11   17
  UMAX  :   44.9267       72   59   34    UMIN  :  -8.62175       21   18    1
  SUMAX :   3.09531       12   13    1    SUMIN :  -8.62175       21   18    1
  VMAX  :   27.7513       60   71   32    VMIN  :   3.80867       13   10   39
  SVMAX :   16.7832       14   11    1    SVMIN :   3.97127       17   21    1
  PPIMAX:  0.701606E-03   16   14   20    PPIMIN: -0.632107E-03   20   19    8
  PPMAX :   166.289       16   14   20    PPMIN :  -193.117       20   19    8
  THPMAX:   6.57687       16   13   15    THPMIN:  -3.77821       19   19   23
  STHPMX:  0.849457       15   19    1    STHPMN:  0.319572E-01    9   21    1
  MAXqv :  0.231214E-01   12   13    1    MINqv :  0.996125E-06   67    4   34
  MAXqc :  0.282773E-02   16   13   16    MINqc :   0.00000        1    1    1
  MAXqr :  0.440905E-05   14   16    5    MINqr :   0.00000        1    1    1
  MAXqi :  0.694725E-12   19   19   21    MINqi :   0.00000        1    1    1
  MAXqs :   0.00000        1    1    1    MINqs :   0.00000        1    1    1
  MAXqg :   0.00000        1    1    1    MINqg :   0.00000        1    1    1
  MAXqhl:   0.00000        1    1    1    MINqhl:   0.00000        1    1    1
  MAXccn:  0.175388E+10   18   15   10    MINccn:   0.00000       13   13    4
  MAXccw:  0.163124E+10   15   13   13    MINccw:   0.00000        1    1    1
  MAXcrw:   7867.48       14   16    5    MINcrw:   0.00000        1    1    1
  MAXcci:  0.371124       19   20   21    MINcci:   0.00000        1    1    1
  MAXcsw:   0.00000        1    1    1    MINcsw:   0.00000        1    1    1
  MAXchw:   0.00000        1    1    1    MINchw:   0.00000        1    1    1
  MAXchl:   0.00000        1    1    1    MINchl:   0.00000        1    1    1
  MAXvhw:   0.00000        1    1    1    MINvhw:   0.00000        1    1    1
  MAXvhl:   0.00000        1    1    1    MINvhl:   0.00000        1    1    1
  TKEMAX:   44.7364       16   13   20    TKEMIN:   0.00000        1    1    1
  KMHMAX:   704.922       16   13   20    KMHMIN:   0.00000        1    1    1
  KMVMAX:   704.922       16   13   20    KMVMIN:   0.00000        1    1    1
  KHHMAX:   2114.77       16   13   20    KHHMIN:   0.00000        1    1    1
  KHVMAX:   2114.77       16   13   20    KHVMIN:   0.00000        1    1    1
  DIVMAX:  0.201293E-03    1    1    1    DIVMIN: -0.142723E-03   21   19   16
  RHMAX :  0.991499       16   14   20    RHMIN :  0.229672E-02   75   75   33
  RHIMAX:   1.03538       16   13   21    RHIMIN:  0.340311E-02   75   75   33
  THEMAX:   375.875       12   13    1    THEMIN:   318.765       75   73   16
  STHEMX:   375.875       12   13    1    STHEMN:   359.716       20   14    1
  QCTOP :   4592.426758    1    1    1    QCBOT :    399.719604    1    1    1
  SFPMAX:   95242.8        1   53    1    SFPMIN:   94974.7        1   25    1
  PSFCMX:   96076.8        1   53    1    PSFCMN:   95806.9        1   25    1
  WSPMAX:   50.1056       70   61   34    WSPMIN:   5.01202       16   20    1
  SWSPMX:   16.8290       15   11    1    SWSPMN:   5.01202       16   20    1
  CFLMAX:      0.281817   16   13   15
  KSHMAX:  0.396519E-02   16   13   20
  KSVMAX:  0.195582       10   20    6
  VORSFC:  0.590883E-03
  VOR1KM:  0.432219E-02
  VOR2KM:  0.333878E-02
  VOR3KM:  0.275429E-02
  VOR4KM:  0.230713E-02
  VOR5KM:  0.811536E-03
  TMASS :  0.207380E+15
  TMOIS :  0.737907E+12
  qv MAS:  0.737433E+12
  qc MAS:  0.474196E+09
  qr MAS:  0.648245E+04
  qi MAS:  0.182522E-02
  qs MAS:  0.000000E+00
  qg MAS:  0.000000E+00
  qhlMAS:  0.000000E+00
  TENERG:  0.521584E+20
  TMU   :  0.528495E+16
  TMV   :  0.329435E+16
  TMW   :  0.327220E+13
  TMFU  :  0.269416E+11
  TMFD  : -0.193576E+11
  tcond :  0.000000E+00
  tevac :  0.000000E+00
  tauto :  0.000000E+00
  taccr :  0.000000E+00
  tevar :  0.000000E+00
  train :  0.716863E+02
  erain :  0.000000E+00
  qsfc  :  0.000000E+00
  esfc  :  0.000000E+00
  erad  :  0.000000E+00
  asqv  :  0.000000E+00
  asqc  :  0.358176E+06
  asqr  :  0.102549E+00
  asqi  :  0.367792E-04
  asqs  :  0.000000E+00
  asqg  :  0.000000E+00
  asqhl :  0.000000E+00
  asccn : -0.996105E+17
  asccw :  0.382296E+18
  ascrw :  0.247880E+07
  ascci :  0.509907E+07
  ascsw :  0.000000E+00
  aschw :  0.000000E+00
  aschl :  0.000000E+00
  asvhw :  0.000000E+00
  asvhl :  0.000000E+00
  bsqv  :  0.000000E+00
  bsqc  :  0.000000E+00
  bsqr  :  0.000000E+00
  bsqi  :  0.000000E+00
  bsqs  :  0.000000E+00
  bsqg  :  0.000000E+00
  bsqhl :  0.000000E+00
  bsccn :  0.000000E+00
  bsccw :  0.000000E+00
  bscrw :  0.000000E+00
  bscci :  0.000000E+00
  bscsw :  0.000000E+00
  bschw :  0.000000E+00
  bschl :  0.000000E+00
  bsvhw :  0.000000E+00
  bsvhl :  0.000000E+00
 cm1out_stats.nc                                                       
   nrec =            8
            56              7.000000 min 
            57              7.125000 min 
            58              7.250000 min 
            59              7.375000 min 
            60              7.500000 min 
            61              7.625000 min 
            62              7.750000 min 
            63              7.875000 min 
  WMAX  :   10.6117       16   14   17    WMIN  :  -3.70588       17   11   16
  UMAX  :   44.9095       71   75   34    UMIN  :  -8.98766       21   19    1
  SUMAX :   3.61375       12   14    1    SUMIN :  -8.98766       21   19    1
  VMAX  :   27.7371       75   72   32    VMIN  :   3.70456       17   21    1
  SVMAX :   17.0742       15   12    1    SVMIN :   3.70456       17   21    1
  PPIMAX:  0.111932E-02   18   14   21    PPIMIN: -0.880411E-03    1   19   51
  PPMAX :   258.164       18   14   21    PPMIN :  -196.797       20   19    1
  THPMAX:   6.77936       19   19   15    THPMIN:  -5.02179       20   20   23
  STHPMX:  0.968628       15   19    1    STHPMN:  0.523936E-01    9   22    1
  MAXqv :  0.228841E-01   12   14    1    MINqv :  0.997838E-06   65   33   34
  MAXqc :  0.334607E-02   16   14   17    MINqc :   0.00000        1    1    1
  MAXqr :  0.212846E-05   11   17    5    MINqr :   0.00000        1    1    1
  MAXqi :  0.297926E-08   20   20   22    MINqi :   0.00000        1    1    1
  MAXqs :   0.00000        1    1    1    MINqs :   0.00000        1    1    1
  MAXqg :   0.00000        1    1    1    MINqg :   0.00000        1    1    1
  MAXqhl:   0.00000        1    1    1    MINqhl:   0.00000        1    1    1
  MAXccn:  0.171526E+10   16   16    8    MINccn:   0.00000       13   13    4
  MAXccw:  0.169613E+10   14   14   11    MINccw:   0.00000        1    1    1
  MAXcrw:   2576.00       14   16    5    MINcrw:   0.00000        1    1    1
  MAXcci:   730.616       17   14   22    MINcci:   0.00000        1    1    1
  MAXcsw:   0.00000        1    1    1    MINcsw:   0.00000        1    1    1
  MAXchw:   0.00000        1    1    1    MINchw:   0.00000        1    1    1
  MAXchl:   0.00000        1    1    1    MINchl:   0.00000        1    1    1
  MAXvhw:   0.00000        1    1    1    MINvhw:   0.00000        1    1    1
  MAXvhl:   0.00000        1    1    1    MINvhl:   0.00000        1    1    1
  TKEMAX:   56.5844       17   14   21    TKEMIN:   0.00000        1    1    1
  KMHMAX:   802.747       17   14   21    KMHMIN:   0.00000        1    1    1
  KMVMAX:   802.747       17   14   21    KMVMIN:   0.00000        1    1    1
  KHHMAX:   2408.24       17   14   21    KHHMIN:   0.00000        1    1    1
  KHVMAX:   2408.24       17   14   21    KHVMIN:   0.00000        1    1    1
  DIVMAX:  0.198817E-03   20   21   19    DIVMIN: -0.183031E-03   20   21   22
  RHMAX :  0.992415       17   15   19    RHMIN :  0.255390E-02   69   68   33
  RHIMAX:   1.06087       17   14   22    RHIMIN:  0.378434E-02   69   68   33
  THEMAX:   375.262       12   14    1    THEMIN:   318.768       68   74   16
  STHEMX:   375.262       12   14    1    STHEMN:   359.572       19   16    1
  QCTOP :   4912.681641    1    1    1    QCBOT :    399.719604    1    1    1
  SFPMAX:   95264.3       10    1    1    SFPMIN:   94969.5       20   19    1
  PSFCMX:   96098.3       10    1    1    PSFCMN:   95801.7       20   19    1
  WSPMAX:   50.0870       72   74   34    WSPMIN:   4.70149       13   23    1
  SWSPMX:   17.2156       15   11    1    SWSPMN:   4.70149       13   23    1
  CFLMAX:      0.314410   16   14   16
  KSHMAX:  0.451545E-02   17   14   21
  KSVMAX:  0.201802       11   21    8
  VORSFC:  0.609069E-03
  VOR1KM:  0.523343E-02
  VOR2KM:  0.508822E-02
  VOR3KM:  0.363894E-02
  VOR4KM:  0.319205E-02
  VOR5KM:  0.920498E-03
  TMASS :  0.207380E+15
  TMOIS :  0.737924E+12
  qv MAS:  0.737331E+12
  qc MAS:  0.592823E+09
  qr MAS:  0.101154E+05
  qi MAS:  0.632698E+01
  qs MAS:  0.000000E+00
  qg MAS:  0.000000E+00
  qhlMAS:  0.000000E+00
  TENERG:  0.521584E+20
  TMU   :  0.528291E+16
  TMV   :  0.329206E+16
  TMW   : -0.266184E+13
  TMFU  :  0.198407E+11
  TMFD  : -0.250291E+11
  tcond :  0.000000E+00
  tevac :  0.000000E+00
  tauto :  0.000000E+00
  taccr :  0.000000E+00
  tevar :  0.000000E+00
  train :  0.130871E+03
  erain :  0.000000E+00
  qsfc  :  0.000000E+00
  esfc  :  0.000000E+00
  erad  :  0.000000E+00
  asqv  :  0.000000E+00
  asqc  :  0.577189E+06
  asqr  :  0.596429E-01
  asqi  :  0.681043E-02
  asqs  :  0.000000E+00
  asqg  :  0.000000E+00
  asqhl :  0.000000E+00
  asccn : -0.128878E+18
  asccw :  0.471061E+18
  ascrw : -0.129585E+09
  ascci :  0.158652E+10
  ascsw :  0.000000E+00
  aschw :  0.000000E+00
  aschl :  0.000000E+00
  asvhw :  0.000000E+00
  asvhl :  0.000000E+00
  bsqv  :  0.000000E+00
  bsqc  :  0.000000E+00
  bsqr  :  0.000000E+00
  bsqi  :  0.000000E+00
  bsqs  :  0.000000E+00
  bsqg  :  0.000000E+00
  bsqhl :  0.000000E+00
  bsccn :  0.000000E+00
  bsccw :  0.000000E+00
  bscrw :  0.000000E+00
  bscci :  0.000000E+00
  bscsw :  0.000000E+00
  bschw :  0.000000E+00
  bschl :  0.000000E+00
  bsvhw :  0.000000E+00
  bsvhl :  0.000000E+00
 cm1out_stats.nc                                                       
   nrec =            9
            64              8.000000 min 
            65              8.125000 min 
            66              8.250000 min 
            67              8.375000 min 
            68              8.500000 min 
            69              8.625000 min 
            70              8.750000 min 
            71              8.875000 min 
  WMAX  :   14.4647       17   14   19    WMIN  :  -6.00334       17   12   18
  UMAX  :   44.8755       19   14   34    UMIN  :  -9.27913       22   19    1
  SUMAX :   4.13349       12   14    1    SUMIN :  -9.27913       22   19    1
  VMAX  :   28.3760       20   22   23    VMIN  :   3.69911       17   21    1
  SVMAX :   17.5103       15   12    1    SVMIN :   3.69911       17   21    1
  PPIMAX:  0.915408E-03   20   21   23    PPIMIN: -0.815213E-03   21   20    9
  PPMAX :   198.961       20   21   23    PPMIN :  -255.508       21   20    1
  THPMAX:   7.33264       19   20   15    THPMIN:  -5.81290       20   20   24
  STHPMX:   1.03723       15   19    1    STHPMN:  0.764276E-01    9   22    1
  MAXqv :  0.226664E-01   12   14    1    MINqv :  0.997672E-06   72   45   34
  MAXqc :  0.461053E-02   17   14   19    MINqc :   0.00000        1    1    1
  MAXqr :  0.275002E-05   12   18    5    MINqr :   0.00000        1    1    1
  MAXqi :  0.131669E-07   21   20   23    MINqi :   0.00000        1    1    1
  MAXqs :   0.00000        1    1    1    MINqs :   0.00000        1    1    1
  MAXqg :   0.00000        1    1    1    MINqg :   0.00000        1    1    1
  MAXqhl:   0.00000        1    1    1    MINqhl:   0.00000        1    1    1
  MAXccn:  0.172785E+10   18   16    8    MINccn:   0.00000       13   14    4
  MAXccw:  0.166579E+10   20   20    7    MINccw:   0.00000        1    1    1
  MAXcrw:   3680.46       17   14   19    MINcrw:   0.00000        1    1    1
  MAXcci:   616.022       20   21   23    MINcci:   0.00000        1    1    1
  MAXcsw:   0.00000        1    1    1    MINcsw:   0.00000        1    1    1
  MAXchw:   0.00000        1    1    1    MINchw:   0.00000        1    1    1
  MAXchl:   0.00000        1    1    1    MINchl:   0.00000        1    1    1
  MAXvhw:   0.00000        1    1    1    MINvhw:   0.00000        1    1    1
  MAXvhl:   0.00000        1    1    1    MINvhl:   0.00000        1    1    1
  TKEMAX:   69.8688       18   14   23    TKEMIN:   0.00000        1    1    1
  KMHMAX:   914.291       18   14   23    KMHMIN:   0.00000        1    1    1
  KMVMAX:   914.291       18   14   23    KMVMIN:   0.00000        1    1    1
  KHHMAX:   2742.87       18   14   23    KHHMIN:   0.00000        1    1    1
  KHVMAX:   2742.87       18   14   23    KHVMIN:   0.00000        1    1    1
  DIVMAX:  0.244373E-03   17   15   21    DIVMIN: -0.228152E-03   18   14   21
  RHMAX :  0.992769       18   15   22    RHMIN :  0.266102E-02   74   75   33
  RHIMAX:   1.08878       20   21   23    RHIMIN:  0.394352E-02   74   75   33
  THEMAX:   374.657       15   19    1    THEMIN:   318.771       72   72   16
  STHEMX:   374.657       15   19    1    STHEMN:   359.425       22   18    1
  QCTOP :   5244.434570    1    1    1    QCBOT :    399.719604    1    1    1
  SFPMAX:   95224.1        1   49    1    SFPMIN:   94910.8       21   20    1
  PSFCMX:   96057.9        1   49    1    PSFCMN:   95742.4       21   20    1
  WSPMAX:   50.0015       70   61   34    WSPMIN:   4.33491       13   23    1
  SWSPMX:   17.3272       16   11    1    SWSPMN:   4.33491       13   23    1
  CFLMAX:      0.392853   17   14   18
  KSHMAX:  0.514289E-02   18   14   23
  KSVMAX:  0.209901       11   21    7
  VORSFC:  0.670657E-03
  VOR1KM:  0.550489E-02
  VOR2KM:  0.559657E-02
  VOR3KM:  0.576761E-02
  VOR4KM:  0.453219E-02
  VOR5KM:  0.116660E-02
  TMASS :  0.207380E+15
  TMOIS :  0.737941E+12
  qv MAS:  0.737178E+12
  qc MAS:  0.763110E+09
  qr MAS:  0.263452E+05
  qi MAS:  0.849864E+02
  qs MAS:  0.000000E+00
  qg MAS:  0.000000E+00
  qhlMAS:  0.000000E+00
  TENERG:  0.521584E+20
  TMU   :  0.528165E+16
  TMV   :  0.329071E+16
  TMW   :  0.516129E+13
  TMFU  :  0.322503E+11
  TMFD  : -0.174432E+11
  tcond :  0.000000E+00
  tevac :  0.000000E+00
  tauto :  0.000000E+00
  taccr :  0.000000E+00
  tevar :  0.000000E+00
  train :  0.285140E+03
  erain :  0.000000E+00
  qsfc  :  0.000000E+00
  esfc  :  0.000000E+00
  erad  :  0.000000E+00
  asqv  :  0.000000E+00
  asqc  :  0.947505E+06
  asqr  :  0.877995E+00
  asqi  :  0.675800E-01
  asqs  :  0.000000E+00
  asqg  :  0.107054E-04
  asqhl :  0.000000E+00
  asccn : -0.152674E+18
  asccw :  0.595785E+18
  ascrw :  0.194998E+10
  ascci :  0.516207E+10
  ascsw :  0.000000E+00
  aschw :  0.130273E+03
  aschl :  0.000000E+00
  asvhw :  0.200159E-07
  asvhl :  0.000000E+00
  bsqv  :  0.000000E+00
  bsqc  :  0.000000E+00
  bsqr  :  0.000000E+00
  bsqi  :  0.000000E+00
  bsqs  :  0.000000E+00
  bsqg  :  0.000000E+00
  bsqhl :  0.000000E+00
  bsccn :  0.000000E+00
  bsccw :  0.000000E+00
  bscrw :  0.000000E+00
  bscci :  0.000000E+00
  bscsw :  0.000000E+00
  bschw :  0.000000E+00
  bschl :  0.000000E+00
  bsvhw :  0.000000E+00
  bsvhl :  0.000000E+00
 cm1out_stats.nc                                                       
   nrec =           10
            72              9.000000 min 
            73              9.125000 min 
            74              9.250000 min 
            75              9.375000 min 
            76              9.500000 min 
            77              9.625000 min 
            78              9.750000 min 
            79              9.875000 min 
   Getting dbz ... 
  WMAX  :   16.2653       18   14   21    WMIN  :  -6.89374       18   12   17
  UMAX  :   45.0466       20   14   34    UMIN  :  -9.65006       23   20    1
  SUMAX :   4.04981       12   14    1    SUMIN :  -9.65006       23   20    1
  VMAX  :   29.7014       21   23   22    VMIN  :   2.47315       21   23    8
  SVMAX :   17.5961       16   12    1    SVMIN :   3.68870       17   21    1
  PPIMAX:  0.105870E-02   18   14   25    PPIMIN: -0.758588E-03   22   21   10
  PPMAX :   222.531       17   15   24    PPMIN :  -223.953       22   21    9
  THPMAX:   8.27850       18   14   21    THPMIN:  -5.75806       21   21   25
  STHPMX:   1.06037       15   19    1    STHPMN:  0.119949        9   22    1
  MAXqv :  0.225449E-01   15   20    1    MINqv :  0.998721E-06    8   29   48
  MAXqc :  0.505970E-02   18   14   21    MINqc :   0.00000        1    1    1
  MAXqr :  0.578761E-05   18   14   21    MINqr :   0.00000        1    1    1
  MAXqi :  0.332159E-07   21   21   24    MINqi :   0.00000        1    1    1
  MAXqs :  0.698719E-11   18   14   25    MINqs :   0.00000        1    1    1
  MAXqg :  0.679286E-10   22   21   24    MINqg :   0.00000        1    1    1
  MAXqhl:   0.00000        1    1    1    MINqhl:   0.00000        1    1    1
  MAXccn:  0.170030E+10   13   19    7    MINccn:   0.00000       13   14    5
  MAXccw:  0.170136E+10   20   21    7    MINccw:   0.00000        1    1    1
  MAXcrw:   20204.3       18   14   21    MINcrw:   0.00000        1    1    1
  MAXcci:   1242.48       21   20   25    MINcci:   0.00000        1    1    1
  MAXcsw:  0.114719E-02   18   14   25    MINcsw:   0.00000        1    1    1
  MAXchw:  0.890566E-02   22   21   24    MINchw:   0.00000        1    1    1
  MAXchl:   0.00000        1    1    1    MINchl:   0.00000        1    1    1
  MAXvhw:  0.127831E-12   22   21   24    MINvhw:   0.00000        1    1    1
  MAXvhl:   0.00000        1    1    1    MINvhl:   0.00000        1    1    1
  TKEMAX:   79.2476       21   21   24    TKEMIN:   0.00000        1    1    1
  KMHMAX:   985.694       21   21   24    KMHMIN:   0.00000        1    1    1
  KMVMAX:   985.694       21   21   24    KMVMIN:   0.00000        1    1    1
  KHHMAX:   2957.08       21   21   24    KHHMIN:   0.00000        1    1    1
  KHVMAX:   2957.08       21   21   24    KHVMIN:   0.00000        1    1    1
  DIVMAX:  0.309682E-03   18   14   20    DIVMIN: -0.307508E-03   18   15   22
  RHMAX :  0.992451       18   16   21    RHMIN :  0.269231E-02   71   70   34
  RHIMAX:   1.14471       21   21   25    RHIMIN:  0.410384E-02   71   70   34
  THEMAX:   374.429       15   20    1    THEMIN:   318.774       72   72   16
  STHEMX:   374.429       15   20    1    STHEMN:   359.271       22   17    1
  QCTOP :   5944.097656    1    1    1    QCBOT :    569.454773    1    1    1
  SFPMAX:   95284.3        8    1    1    SFPMIN:   94950.8       22   22    1
  PSFCMX:   96118.5        8    1    1    PSFCMN:   95782.7       22   22    1
  WSPMAX:   50.0016       71   75   34    WSPMIN:   4.13384       13   23    1
  SWSPMX:   17.9086       17   12    1    SWSPMN:   4.13384       13   23    1
  CFLMAX:      0.420195   18   14   19
  KSHMAX:  0.554453E-02   21   21   24
  KSVMAX:  0.219004       13   15   10
  VORSFC:  0.805879E-03
  VOR1KM:  0.648590E-02
  VOR2KM:  0.745141E-02
  VOR3KM:  0.654182E-02
  VOR4KM:  0.497573E-02
  VOR5KM:  0.258920E-02
  TMASS :  0.207380E+15
  TMOIS :  0.737968E+12
  qv MAS:  0.737032E+12
  qc MAS:  0.935638E+09
  qr MAS:  0.132744E+06
  qi MAS:  0.366359E+03
  qs MAS:  0.279049E-01
  qg MAS:  0.227903E+00
  qhlMAS:  0.000000E+00
  TENERG:  0.521584E+20
  TMU   :  0.528050E+16
  TMV   :  0.328930E+16
  TMW   : -0.253249E+13
  TMFU  :  0.247932E+11
  TMFD  : -0.289035E+11
  tcond :  0.000000E+00
  tevac :  0.000000E+00
  tauto :  0.000000E+00
  taccr :  0.000000E+00
  tevar :  0.000000E+00
  train :  0.695464E+03
  erain :  0.000000E+00
  qsfc  :  0.000000E+00
  esfc  :  0.000000E+00
  erad  :  0.000000E+00
  asqv  :  0.000000E+00
  asqc  :  0.153131E+07
  asqr  :  0.555075E+01
  asqi  :  0.185934E+00
  asqs  :  0.318586E-04
  asqg  :  0.711475E-03
  asqhl :  0.000000E+00
  asccn : -0.186479E+18
  asccw :  0.723889E+18
  ascrw :  0.167395E+11
  ascci :  0.935638E+10
  ascsw :  0.215908E+04
  aschw :  0.165534E+05
  aschl :  0.000000E+00
  asvhw :  0.133364E-05
  asvhl :  0.000000E+00
  bsqv  :  0.000000E+00
  bsqc  :  0.000000E+00
  bsqr  :  0.000000E+00
  bsqi  :  0.000000E+00
  bsqs  :  0.000000E+00
  bsqg  :  0.000000E+00
  bsqhl :  0.000000E+00
  bsccn :  0.000000E+00
  bsccw :  0.000000E+00
  bscrw :  0.000000E+00
  bscci :  0.000000E+00
  bscsw :  0.000000E+00
  bschw :  0.000000E+00
  bschl :  0.000000E+00
  bsvhw :  0.000000E+00
  bsvhl :  0.000000E+00
 cm1out_stats.nc                                                       
   nrec =           11
            80             10.000000 min 
   string = cm1out_rst_000002.nc                                                  
  USING COMPRESSED netCDF4 
   leaving restart_prelim 
            81             10.125000 min 
            82             10.250000 min 
            83             10.375000 min 
            84             10.500000 min 
            85             10.625000 min 
            86             10.750000 min 
            87             10.875000 min 
  WMAX  :   21.4454       18   15   22    WMIN  :  -8.51229       17   13   17
  UMAX  :   45.2695       21   15   34    UMIN  :  -9.67266       23   20    1
  SUMAX :   4.26638       13   14    1    SUMIN :  -9.67266       23   20    1
  VMAX  :   31.6078       21   23   24    VMIN  :   1.18691       21   23   10
  SVMAX :   17.9771       17   13    1    SVMIN :   3.38541       14   24    1
  PPIMAX:  0.118673E-02   21   21   27    PPIMIN: -0.920534E-03   22   22   12
  PPMAX :   230.840       20   15   25    PPMIN :  -275.523       22   23    1
  THPMAX:   10.6848       21   21   21    THPMIN:  -5.46622       20   20   25
  STHPMX:   1.14524       15   20    1    STHPMN:  0.159754       17   22    1
  MAXqv :  0.224500E-01   15   20    1    MINqv :  0.998720E-06   12    5   48
  MAXqc :  0.691355E-02   19   15   23    MINqc :   0.00000        1    1    1
  MAXqr :  0.240507E-04   18   15   22    MINqr :   0.00000        1    1    1
  MAXqi :  0.825800E-07   22   21   26    MINqi :   0.00000        1    1    1
  MAXqs :  0.245505E-09   18   15   27    MINqs :   0.00000        1    1    1
  MAXqg :  0.160224E-09   19   15   25    MINqg :   0.00000        1    1    1
  MAXqhl:   0.00000        1    1    1    MINqhl:   0.00000        1    1    1
  MAXccn:  0.169674E+10   13   19    9    MINccn:   0.00000       14   14    5
  MAXccw:  0.163916E+10   20   21    8    MINccw:   0.00000        1    1    1
  MAXcrw:   82890.8       18   15   22    MINcrw:   0.00000        1    1    1
  MAXcci:   974.882       20   15   25    MINcci:   0.00000        1    1    1
  MAXcsw:  0.446071E-01   18   15   27    MINcsw:   0.00000        1    1    1
  MAXchw:  0.146317E-01   19   16   25    MINchw:   0.00000        1    1    1
  MAXchl:   0.00000        1    1    1    MINchl:   0.00000        1    1    1
  MAXvhw:  0.239167E-12   19   16   25    MINvhw:   0.00000        1    1    1
  MAXvhl:   0.00000        1    1    1    MINvhl:   0.00000        1    1    1
  TKEMAX:   97.2296       22   21   26    TKEMIN:   0.00000        1    1    1
  KMHMAX:   1118.63       22   21   26    KMHMIN:   0.00000        1    1    1
  KMVMAX:   1118.63       22   21   26    KMVMIN:   0.00000        1    1    1
  KHHMAX:   3355.90       22   21   26    KHHMIN:   0.00000        1    1    1
  KHVMAX:   3355.90       22   21   26    KHVMIN:   0.00000        1    1    1
  DIVMAX:  0.411035E-03   19   16   23    DIVMIN: -0.334474E-03   22   22   23
  RHMAX :  0.994177       21   15   20    RHMIN :  0.269658E-02   73   63   34
  RHIMAX:   1.19838       21   21   27    RHIMIN:  0.411123E-02   73   63   34
  THEMAX:   374.237       15   20    1    THEMIN:   318.777       73   72   16
  STHEMX:   374.237       15   20    1    STHEMN:   359.147       21   17    1
  QCTOP :   6694.898438    1    1    1    QCBOT :    569.454773    1    1    1
  SFPMAX:   95234.5        2   66    1    SFPMIN:   94890.8       22   23    1
  PSFCMX:   96068.3        2   66    1    PSFCMN:   95722.1       22   23    1
  WSPMAX:   50.1068       22   22   34    WSPMIN:   4.05216       14   23    1
  SWSPMX:   18.2719       17   12    1    SWSPMN:   4.05216       14   23    1
  CFLMAX:      0.525841   18   15   20
  KSHMAX:  0.629232E-02   22   21   26
  KSVMAX:  0.220891       13   15   10
  VORSFC:  0.899790E-03
  VOR1KM:  0.746320E-02
  VOR2KM:  0.706089E-02
  VOR3KM:  0.832406E-02
  VOR4KM:  0.786897E-02
  VOR5KM:  0.291921E-02
  TMASS :  0.207380E+15
  TMOIS :  0.737997E+12
  qv MAS:  0.736817E+12
  qc MAS:  0.117900E+10
  qr MAS:  0.677284E+06
  qi MAS:  0.131453E+04
  qs MAS:  0.285970E+01
  qg MAS:  0.401875E+01
  qhlMAS:  0.000000E+00
  TENERG:  0.521584E+20
  TMU   :  0.528032E+16
  TMV   :  0.328923E+16
  TMW   :  0.612331E+13
  TMFU  :  0.365190E+11
  TMFD  : -0.191565E+11
  tcond :  0.000000E+00
  tevac :  0.000000E+00
  tauto :  0.000000E+00
  taccr :  0.000000E+00
  tevar :  0.000000E+00
  train :  0.136873E+04
  erain :  0.000000E+00
  qsfc  :  0.000000E+00
  esfc  :  0.000000E+00
  erad  :  0.000000E+00
  asqv  :  0.000000E+00
  asqc  :  0.235504E+07
  asqr  :  0.360192E+02
  asqi  :  0.555865E+00
  asqs  :  0.105108E-02
  asqg  :  0.382393E-02
  asqhl :  0.000000E+00
  asccn : -0.216103E+18
  asccw :  0.898187E+18
  ascrw :  0.120984E+12
  ascci :  0.155158E+11
  ascsw :  0.766332E+05
  aschw :  0.102501E+06
  aschl :  0.000000E+00
  asvhw :  0.857501E-05
  asvhl :  0.000000E+00
  bsqv  :  0.000000E+00
  bsqc  :  0.000000E+00
  bsqr  :  0.000000E+00
  bsqi  :  0.000000E+00
  bsqs  :  0.000000E+00
  bsqg  :  0.000000E+00
  bsqhl :  0.000000E+00
  bsccn :  0.000000E+00
  bsccw :  0.000000E+00
  bscrw :  0.000000E+00
  bscci :  0.000000E+00
  bscsw :  0.000000E+00
  bschw :  0.000000E+00
  bschl :  0.000000E+00
  bsvhw :  0.000000E+00
  bsvhl :  0.000000E+00
 cm1out_stats.nc                                                       
   nrec =           12
            88             11.000000 min 
            89             11.125000 min 
            90             11.250000 min 
            91             11.375000 min 
            92             11.500000 min 
            93             11.625000 min 
            94             11.750000 min 
            95             11.875000 min 
  WMAX  :   26.7973       19   15   25    WMIN  :  -9.10631       23   19   22
  UMAX  :   45.7792       24   21   34    UMIN  :  -9.98262       24   21    1
  SUMAX :   4.22558       13   15    1    SUMIN :  -9.98262       24   21    1
  VMAX  :   33.0934       22   23   26    VMIN  :  0.293473       22   24    8
  SVMAX :   18.4569       17   13    1    SVMIN :   3.09867       14   24    1
  PPIMAX:  0.166273E-02   19   15   29    PPIMIN: -0.909984E-03   22   23   13
  PPMAX :   292.504       19   15   29    PPMIN :  -253.664       22   23   13
  THPMAX:   10.5198       21   21   21    THPMIN:  -5.19556       20   22   25
  STHPMX:   1.17994       15   20    1    STHPMN:  0.173368       15   24    1
  MAXqv :  0.223199E-01   15   20    1    MINqv :  0.998722E-06   10   30   48
  MAXqc :  0.815788E-02   22   22   24    MINqc :   0.00000        1    1    1
  MAXqr :  0.102642E-03   19   15   25    MINqr :   0.00000        1    1    1
  MAXqi :  0.171849E-06   22   22   27    MINqi :   0.00000        1    1    1
  MAXqs :  0.104156E-06   19   15   29    MINqs :   0.00000        1    1    1
  MAXqg :  0.428330E-08   19   15   27    MINqg :   0.00000        1    1    1
  MAXqhl:   0.00000        1    1    1    MINqhl:   0.00000        1    1    1
  MAXccn:  0.167836E+10   13   19    8    MINccn:   0.00000       14   15    5
  MAXccw:  0.156231E+10   21   22    8    MINccw:   0.00000        1    1    1
  MAXcrw:   339555.       19   15   25    MINcrw:   0.00000        1    1    1
  MAXcci:   8258.63       22   21   29    MINcci:   0.00000        1    1    1
  MAXcsw:   18.7448       19   15   29    MINcsw:   0.00000        1    1    1
  MAXchw:  0.116537       19   15   29    MINchw:   0.00000        1    1    1
  MAXchl:   0.00000        1    1    1    MINchl:   0.00000        1    1    1
  MAXvhw:  0.111265E-10   19   15   28    MINvhw:   0.00000        1    1    1
  MAXvhl:   0.00000        1    1    1    MINvhl:   0.00000        1    1    1
  TKEMAX:   102.039       19   15   28    TKEMIN:   0.00000        1    1    1
  KMHMAX:   1173.92       19   15   28    KMHMIN:   0.00000        1    1    1
  KMVMAX:   1173.92       19   15   28    KMVMIN:   0.00000        1    1    1
  KHHMAX:   3521.77       19   15   28    KHHMIN:   0.00000        1    1    1
  KHVMAX:   3521.77       19   15   28    KHVMIN:   0.00000        1    1    1
  DIVMAX:  0.348915E-03   23   22   27    DIVMIN: -0.417521E-03   21   16   25
  RHMAX :  0.992179       19   17   24    RHMIN :  0.270254E-02   23   71   34
  RHIMAX:   1.25887       22   21   29    RHIMIN:  0.412011E-02   67   61   34
  THEMAX:   373.861       15   20    1    THEMIN:   318.784       73   71   16
  STHEMX:   373.861       15   20    1    STHEMN:   359.047       21   18    1
  QCTOP :   7500.575195    1    1    1    QCBOT :    569.454773    1    1    1
  SFPMAX:   95329.4        1    1    1    SFPMIN:   94925.3       23   23    1
  PSFCMX:   96163.8        1    1    1    PSFCMN:   95757.2       23   23    1
  WSPMAX:   50.5823       23   22   34    WSPMIN:   3.92231       14   24    1
  SWSPMX:   18.6250       18   13    1    SWSPMN:   3.92231       14   24    1
  CFLMAX:      0.578859   19   15   23
  KSHMAX:  0.660331E-02   19   15   28
  KSVMAX:  0.224919       13   16    9
  VORSFC:  0.885398E-03
  VOR1KM:  0.767673E-02
  VOR2KM:  0.879777E-02
  VOR3KM:  0.909246E-02
  VOR4KM:  0.676747E-02
  VOR5KM:  0.541048E-02
  TMASS :  0.207380E+15
  TMOIS :  0.738032E+12
  qv MAS:  0.736580E+12
  qc MAS:  0.144916E+10
  qr MAS:  0.282330E+07
  qi MAS:  0.490322E+04
  qs MAS:  0.566523E+03
  qg MAS:  0.859372E+02
  qhlMAS:  0.000000E+00
  TENERG:  0.521585E+20
  TMU   :  0.527944E+16
  TMV   :  0.328889E+16
  TMW   : -0.322160E+13
  TMFU  :  0.292126E+11
  TMFD  : -0.348986E+11
  tcond :  0.000000E+00
  tevac :  0.000000E+00
  tauto :  0.000000E+00
  taccr :  0.000000E+00
  tevar :  0.000000E+00
  train :  0.208226E+04
  erain :  0.000000E+00
  qsfc  :  0.000000E+00
  esfc  :  0.000000E+00
  erad  :  0.000000E+00
  asqv  :  0.000000E+00
  asqc  :  0.350251E+07
  asqr  :  0.110549E+03
  asqi  :  0.178092E+01
  asqs  :  0.342755E-01
  asqg  :  0.143117E-01
  asqhl :  0.000000E+00
  asccn : -0.252005E+18
  asccw :  0.106081E+19
  ascrw :  0.381004E+12
  ascci :  0.298577E+11
  ascsw :  0.327074E+07
  aschw :  0.390249E+06
  aschl :  0.000000E+00
  asvhw :  0.416356E-04
  asvhl :  0.000000E+00
  bsqv  :  0.000000E+00
  bsqc  :  0.000000E+00
  bsqr  :  0.000000E+00
  bsqi  :  0.000000E+00
  bsqs  :  0.000000E+00
  bsqg  :  0.000000E+00
  bsqhl :  0.000000E+00
  bsccn :  0.000000E+00
  bsccw :  0.000000E+00
  bscrw :  0.000000E+00
  bscci :  0.000000E+00
  bscsw :  0.000000E+00
  bschw :  0.000000E+00
  bschl :  0.000000E+00
  bsvhw :  0.000000E+00
  bsvhl :  0.000000E+00
 cm1out_stats.nc                                                       
   nrec =           13
            96             12.000000 min 
            97             12.125000 min 
            98             12.250000 min 
            99             12.375000 min 
           100             12.500000 min 
           101             12.625000 min 
           102             12.750000 min 
           103             12.875000 min 
  WMAX  :   37.1927       23   22   27    WMIN  :  -10.1529       18   14   17
  UMAX  :   47.1048       25   22   34    UMIN  :  -10.0667       25   21    1
  SUMAX :   4.28671       13   15    1    SUMIN :  -10.0667       25   21    1
  VMAX  :   34.7449       23   24   28    VMIN  :  -1.16107       22   24   11
  SVMAX :   18.5708       18   13    1    SVMIN :   3.15001       14   24    1
  PPIMAX:  0.180131E-02   20   16   31    PPIMIN: -0.104737E-02   23   23   19
  PPMAX :   290.906       20   16   31    PPMIN :  -323.656       24   23    1
  THPMAX:   16.4033       23   22   28    THPMIN:  -4.67667       20   22   23
  STHPMX:   1.16125       15   20    1    STHPMN:  0.183807       15   24    1
  MAXqv :  0.222778E-01   15   21    1    MINqv :  0.998722E-06   11   34   48
  MAXqc :  0.112556E-01   23   22   28    MINqc :   0.00000        1    1    1
  MAXqr :  0.298940E-03   20   16   27    MINqr :   0.00000        1    1    1
  MAXqi :  0.531747E-05   19   15   32    MINqi :   0.00000        1    1    1
  MAXqs :  0.144247E-04   20   15   31    MINqs :   0.00000        1    1    1
  MAXqg :  0.465898E-06   20   15   30    MINqg :   0.00000        1    1    1
  MAXqhl:   0.00000        1    1    1    MINqhl:   0.00000        1    1    1
  MAXccn:  0.166793E+10   14   20    9    MINccn:   0.00000       14   15    5
  MAXccw:  0.171359E+10   23   22   30    MINccw:   0.00000        1    1    1
  MAXcrw:   917329.       20   16   27    MINcrw:   0.00000        1    1    1
  MAXcci:  0.370455E+07   20   15   33    MINcci:   0.00000        1    1    1
  MAXcsw:   4618.58       20   15   31    MINcsw:   0.00000        1    1    1
  MAXchw:   45.3653       20   15   31    MINchw:   0.00000        1    1    1
  MAXchl:   0.00000        1    1    1    MINchl:   0.00000        1    1    1
  MAXvhw:  0.211099E-08   20   15   30    MINvhw:   0.00000        1    1    1
  MAXvhl:   0.00000        1    1    1    MINvhl:   0.00000        1    1    1
  TKEMAX:   145.300       23   22   30    TKEMIN:   0.00000        1    1    1
  KMHMAX:   1434.83       23   22   30    KMHMIN:   0.00000        1    1    1
  KMVMAX:   1434.83       23   22   30    KMVMIN:   0.00000        1    1    1
  KHHMAX:   4304.49       23   22   30    KHHMIN:   0.00000        1    1    1
  KHVMAX:   4304.49       23   22   30    KHVMIN:   0.00000        1    1    1
  DIVMAX:  0.375885E-03   22   16   20    DIVMIN: -0.548947E-03   24   23   29
  RHMAX :  0.996787       25   22   17    RHMIN :  0.270491E-02   70   73   34
  RHIMAX:   1.40228       20   15   32    RHIMIN:  0.412430E-02   70   73   34
  THEMAX:   373.623       15   21    1    THEMIN:   318.789       74   72   16
  STHEMX:   373.623       15   21    1    STHEMN:   358.972       21   18    1
  QCTOP :   9292.893555    1    1    1    QCBOT :    569.454773    1    1    1
  SFPMAX:   95253.7       75    1    1    SFPMIN:   94842.7       24   23    1
  PSFCMX:   96087.6       75    1    1    PSFCMN:   95673.5       24   23    1
  WSPMAX:   51.8905       24   23   34    WSPMIN:   3.65516       15   24    1
  SWSPMX:   19.0268       18   13    1    SWSPMN:   3.65516       15   24    1
  CFLMAX:      0.743771   23   22   26
  KSHMAX:  0.807092E-02   23   22   30
  KSVMAX:  0.226599       16   16   17
  VORSFC:  0.111794E-02
  VOR1KM:  0.849051E-02
  VOR2KM:  0.856119E-02
  VOR3KM:  0.105687E-01
  VOR4KM:  0.997833E-02
  VOR5KM:  0.751789E-02
  TMASS :  0.207380E+15
  TMOIS :  0.738077E+12
  qv MAS:  0.736260E+12
  qc MAS:  0.180703E+10
  qr MAS:  0.961512E+07
  qi MAS:  0.431872E+05
  qs MAS:  0.934785E+05
  qg MAS:  0.649344E+04
  qhlMAS:  0.000000E+00
  TENERG:  0.521586E+20
  TMU   :  0.527927E+16
  TMV   :  0.328927E+16
  TMW   :  0.684620E+13
  TMFU  :  0.420530E+11
  TMFD  : -0.245671E+11
  tcond :  0.000000E+00
  tevac :  0.000000E+00
  tauto :  0.000000E+00
  taccr :  0.000000E+00
  tevar :  0.000000E+00
  train :  0.266416E+04
  erain :  0.000000E+00
  qsfc  :  0.000000E+00
  esfc  :  0.000000E+00
  erad  :  0.000000E+00
  asqv  :  0.000000E+00
  asqc  :  0.507609E+07
  asqr  :  0.328678E+03
  asqi  :  0.550115E+01
  asqs  :  0.102239E+02
  asqg  :  0.497620E+00
  asqhl :  0.000000E+00
  asccn : -0.290644E+18
  asccw :  0.123472E+19
  ascrw :  0.113399E+13
  ascci :  0.465978E+12
  ascsw :  0.387150E+10
  aschw :  0.222356E+08
  aschl :  0.000000E+00
  asvhw :  0.264930E-02
  asvhl :  0.000000E+00
  bsqv  :  0.000000E+00
  bsqc  :  0.000000E+00
  bsqr  :  0.000000E+00
  bsqi  :  0.000000E+00
  bsqs  :  0.000000E+00
  bsqg  :  0.000000E+00
  bsqhl :  0.000000E+00
  bsccn :  0.000000E+00
  bsccw :  0.000000E+00
  bscrw :  0.000000E+00
  bscci :  0.000000E+00
  bscsw :  0.000000E+00
  bschw :  0.000000E+00
  bschl :  0.000000E+00
  bsvhw :  0.000000E+00
  bsvhl :  0.000000E+00
 cm1out_stats.nc                                                       
   nrec =           14
           104             13.000000 min 
           105             13.125000 min 
           106             13.250000 min 
           107             13.375000 min 
           108             13.500000 min 
           109             13.625000 min 
           110             13.750000 min 
           111             13.875000 min 
  WMAX  :   41.6428       21   16   29    WMIN  :  -14.7461       24   20   26
  UMAX  :   50.1727       26   22   34    UMIN  :  -10.1291       25   21    1
  SUMAX :   3.93707       13   15    1    SUMIN :  -10.1291       25   21    1
  VMAX  :   38.1026       24   24   32    VMIN  :  -1.74278       23   24   13
  SVMAX :   18.9793       18   14    1    SVMIN :   2.81422       22   26    1
  PPIMAX:  0.234425E-02   23   22   34    PPIMIN: -0.110054E-02   25   23   26
  PPMAX :   327.436       23   22   34    PPMIN :  -295.398       24   24    1
  THPMAX:   19.4669       24   22   31    THPMIN:  -5.57901       24   22   35
  STHPMX:   1.16844       15   21    1    STHPMN:  0.193695       15   24    1
  MAXqv :  0.221934E-01   15   21    1    MINqv :  0.986892E-06   23   22   38
  MAXqc :  0.116226E-01   24   23   30    MINqc :   0.00000        1    1    1
  MAXqr :  0.605561E-03   21   16   30    MINqr :   0.00000        1    1    1
  MAXqi :  0.264917E-02   23   23   33    MINqi :   0.00000        1    1    1
  MAXqs :  0.117164E-03   20   16   33    MINqs :   0.00000        1    1    1
  MAXqg :  0.283082E-04   20   16   30    MINqg :   0.00000        1    1    1
  MAXqhl:   0.00000        1    1    1    MINqhl:   0.00000        1    1    1
  MAXccn:  0.167580E+10   14   20    9    MINccn:   0.00000       21   15   19
  MAXccw:  0.160586E+10   22   23    7    MINccw:   0.00000        1    1    1
  MAXcrw:  0.153917E+07   21   16   30    MINcrw:   0.00000        1    1    1
  MAXcci:  0.792230E+09   24   23   33    MINcci:   0.00000        1    1    1
  MAXcsw:   177396.       20   16   33    MINcsw:   0.00000        1    1    1
  MAXchw:   1832.54       21   16   32    MINchw:   0.00000        1    1    1
  MAXchl:   0.00000        1    1    1    MINchl:   0.00000        1    1    1
  MAXvhw:  0.114015E-06   21   16   32    MINvhw:   0.00000        1    1    1
  MAXvhl:   0.00000        1    1    1    MINvhl:   0.00000        1    1    1
  TKEMAX:   154.757       21   16   33    TKEMIN:   0.00000        1    1    1
  KMHMAX:   1534.76       21   16   33    KMHMIN:   0.00000        1    1    1
  KMVMAX:   1534.76       21   16   33    KMVMIN:   0.00000        1    1    1
  KHHMAX:   4604.27       21   16   33    KHHMIN:   0.00000        1    1    1
  KHVMAX:   4604.27       21   16   33    KHVMIN:   0.00000        1    1    1
  DIVMAX:  0.336913E-03   19   17   14    DIVMIN: -0.311248E-03   21   18   31
  RHMAX :   1.00021       23   16   17    RHMIN :  0.270587E-02   69   67   34
  RHIMAX:   1.39759       22   23   32    RHIMIN:  0.412528E-02   69   67   34
  THEMAX:   373.444       15   21    1    THEMIN:   318.798       71   71   16
  STHEMX:   373.444       15   21    1    STHEMN:   358.913       18   12    1
  QCTOP :  10813.203125    1    1    1    QCBOT :    569.454773    1    1    1
  SFPMAX:   95361.2        1    1    1    SFPMIN:   94870.9       24   24    1
  PSFCMX:   96195.9        1    1    1    PSFCMN:   95702.4       24   24    1
  WSPMAX:   55.1570       25   23   34    WSPMIN:   3.39703       15   24    1
  SWSPMX:   19.1381       18   13    1    SWSPMN:   3.39703       15   24    1
  CFLMAX:      0.769981   21   16   28
  KSHMAX:  0.863301E-02   21   16   33
  KSVMAX:  0.228559       17   22   10
  VORSFC:  0.117578E-02
  VOR1KM:  0.834511E-02
  VOR2KM:  0.940097E-02
  VOR3KM:  0.111903E-01
  VOR4KM:  0.838174E-02
  VOR5KM:  0.806637E-02
  TMASS :  0.207380E+15
  TMOIS :  0.738127E+12
  qv MAS:  0.735842E+12
  qc MAS:  0.221767E+10
  qr MAS:  0.245121E+08
  qi MAS:  0.403997E+08
  qs MAS:  0.236085E+07
  qg MAS:  0.528698E+06
  qhlMAS:  0.000000E+00
  TENERG:  0.521587E+20
  TMU   :  0.527824E+16
  TMV   :  0.328874E+16
  TMW   : -0.454325E+13
  TMFU  :  0.356669E+11
  TMFD  : -0.457249E+11
  tcond :  0.000000E+00
  tevac :  0.000000E+00
  tauto :  0.000000E+00
  taccr :  0.000000E+00
  tevar :  0.000000E+00
  train :  0.307219E+04
  erain :  0.000000E+00
  qsfc  :  0.000000E+00
  esfc  :  0.000000E+00
  erad  :  0.000000E+00
  asqv  :  0.000000E+00
  asqc  :  0.690324E+07
  asqr  :  0.197706E+04
  asqi  :  0.810708E+04
  asqs  :  0.160034E+03
  asqg  :  0.193095E+02
  asqhl :  0.000000E+00
  asccn : -0.322937E+18
  asccw :  0.144809E+19
  ascrw :  0.634434E+13
  ascci :  0.452647E+16
  ascsw :  0.888418E+11
  aschw :  0.180264E+10
  aschl :  0.000000E+00
  asvhw :  0.184720E+00
  asvhl :  0.000000E+00
  bsqv  :  0.000000E+00
  bsqc  :  0.000000E+00
  bsqr  :  0.000000E+00
  bsqi  :  0.000000E+00
  bsqs  :  0.000000E+00
  bsqg  :  0.000000E+00
  bsqhl :  0.000000E+00
  bsccn :  0.000000E+00
  bsccw :  0.000000E+00
  bscrw :  0.000000E+00
  bscci :  0.000000E+00
  bscsw :  0.000000E+00
  bschw :  0.000000E+00
  bschl :  0.000000E+00
  bsvhw :  0.000000E+00
  bsvhl :  0.000000E+00
 cm1out_stats.nc                                                       
   nrec =           15
           112             14.000000 min 
           113             14.125000 min 
           114             14.250000 min 
           115             14.375000 min 
           116             14.500000 min 
           117             14.625000 min 
           118             14.750000 min 
           119             14.875000 min 
   dowrite =  T
   Getting dbz ... 
  WMAX  :   49.7574       25   23   33    WMIN  :  -14.7444       24   20   24
  UMAX  :   57.7515       26   23   36    UMIN  :  -10.2401       26   21    1
  SUMAX :   3.88973       15   21    1    SUMIN :  -10.2401       26   21    1
  VMAX  :   42.4720       25   25   34    VMIN  :  -2.24758       23   25   11
  SVMAX :   19.3342       18   14    1    SVMIN :   2.16700       23   26    1
  PPIMAX:  0.342000E-02   24   23   36    PPIMIN: -0.152224E-02   26   23   29
  PPMAX :   428.811       24   23   36    PPMIN :  -353.312       24   19    1
  THPMAX:   23.5439       25   23   33    THPMIN:  -6.30786       21   16   39
  STHPMX:   1.18375       15   21    1    STHPMN:  0.204075       15   24    1
  MAXqv :  0.220722E-01   15   21    1    MINqv :  0.670379E-07   23   20   35
  MAXqc :  0.118245E-01   25   23   32    MINqc :   0.00000        1    1    1
  MAXqr :  0.751300E-03   21   17   30    MINqr :   0.00000        1    1    1
  MAXqi :  0.984085E-02   24   23   35    MINqi :   0.00000        1    1    1
  MAXqs :  0.778509E-03   21   16   34    MINqs :   0.00000        1    1    1
  MAXqg :  0.573088E-03   21   16   33    MINqg :   0.00000        1    1    1
  MAXqhl:   0.00000        1    1    1    MINqhl:   0.00000        1    1    1
  MAXccn:  0.166422E+10   15   21   11    MINccn:   0.00000       21   15   27
  MAXccw:  0.152665E+10   22   23    9    MINccw:   0.00000        1    1    1
  MAXcrw:  0.172782E+07   25   23   32    MINcrw:   0.00000        1    1    1
  MAXcci:  0.711622E+09   25   22   35    MINcci:   0.00000        1    1    1
  MAXcsw:   414213.       24   23   35    MINcsw:   0.00000        1    1    1
  MAXchw:   16650.4       21   16   35    MINchw:   0.00000        1    1    1
  MAXchl:   0.00000        1    1    1    MINchl:   0.00000        1    1    1
  MAXvhw:  0.158416E-05   22   16   34    MINvhw:   0.00000        1    1    1
  MAXvhl:   0.00000        1    1    1    MINvhl:   0.00000        1    1    1
  TKEMAX:   208.456       25   23   36    TKEMIN:   0.00000        1    1    1
  KMHMAX:   1845.90       25   23   36    KMHMIN:   0.00000        1    1    1
  KMVMAX:   1845.90       25   23   36    KMVMIN:   0.00000        1    1    1
  KHHMAX:   5537.70       25   23   36    KHHMIN:   0.00000        1    1    1
  KHVMAX:   5537.70       25   23   36    KHVMIN:   0.00000        1    1    1
  DIVMAX:  0.348175E-03   20   18   14    DIVMIN: -0.471562E-03   25   23   34
  RHMAX :   1.01413       26   23   18    RHMIN :  0.224507E-03   23   20   35
  RHIMAX:   1.39229       26   24   33    RHIMIN:  0.351888E-03   23   20   35
  THEMAX:   373.081       15   21    1    THEMIN:   318.805       70   70   16
  STHEMX:   373.081       15   21    1    STHEMN:   358.855       18   12    1
  QCTOP :  12503.199219    1    1    1    QCBOT :    569.454773    1    1    1
  SFPMAX:   95246.1        4   73    1    SFPMIN:   94813.0       24   19    1
  PSFCMX:   96079.9        4   73    1    PSFCMN:   95644.2       24   19    1
  WSPMAX:   60.9075       26   24   34    WSPMIN:   3.47677       15   24    1
  SWSPMX:   19.4404       19   14    1    SWSPMN:   3.47677       15   24    1
  CFLMAX:      0.827818   24   23   30
  KSHMAX:  0.103832E-01   25   23   36
  KSVMAX:  0.236655       17   17   18
  VORSFC:  0.997800E-03
  VOR1KM:  0.830358E-02
  VOR2KM:  0.981180E-02
  VOR3KM:  0.114193E-01
  VOR4KM:  0.118696E-01
  VOR5KM:  0.107148E-01
  TMASS :  0.207380E+15
  TMOIS :  0.738188E+12
  qv MAS:  0.735322E+12
  qc MAS:  0.248212E+10
  qr MAS:  0.391182E+08
  qi MAS:  0.307168E+09
  qs MAS:  0.187226E+08
  qg MAS:  0.184826E+08
  qhlMAS:  0.000000E+00
  TENERG:  0.521588E+20
  TMU   :  0.527802E+16
  TMV   :  0.328941E+16
  TMW   :  0.751413E+13
  TMFU  :  0.511699E+11
  TMFD  : -0.339084E+11
  tcond :  0.000000E+00
  tevac :  0.000000E+00
  tauto :  0.000000E+00
  taccr :  0.000000E+00
  tevar :  0.000000E+00
  train :  0.333107E+04
  erain :  0.000000E+00
  qsfc  :  0.000000E+00
  esfc  :  0.000000E+00
  erad  :  0.000000E+00
  asqv  :  0.000000E+00
  asqc  :  0.879781E+07
  asqr  :  0.902643E+04
  asqi  :  0.642976E+05
  asqs  :  0.113021E+03
  asqg  :  0.242633E+03
  asqhl :  0.000000E+00
  asccn : -0.319862E+18
  asccw :  0.161888E+19
  ascrw :  0.289669E+14
  ascci :  0.156852E+17
  ascsw :  0.122982E+12
  aschw :  0.152999E+11
  aschl :  0.000000E+00
  asvhw :  0.197841E+01
  asvhl :  0.000000E+00
  bsqv  :  0.000000E+00
  bsqc  :  0.000000E+00
  bsqr  :  0.000000E+00
  bsqi  :  0.000000E+00
  bsqs  :  0.000000E+00
  bsqg  :  0.000000E+00
  bsqhl :  0.000000E+00
  bsccn :  0.000000E+00
  bsccw :  0.000000E+00
  bscrw :  0.000000E+00
  bscci :  0.000000E+00
  bscsw :  0.000000E+00
  bschw :  0.000000E+00
  bschl :  0.000000E+00
  bsvhw :  0.000000E+00
  bsvhl :  0.000000E+00
 cm1out_stats.nc                                                       
   nrec =           16
           120             15.000000 min 
   nwrite =            2
 cm1out.nc                                                             
     2d vars 
     s vars 
     u vars 
     v vars 
     w vars 

 Done Writing Data to File 

   string = cm1out_rst_000003.nc                                                  
  USING COMPRESSED netCDF4 
   leaving restart_prelim 
           121             15.125000 min 
           122             15.250000 min 
           123             15.375000 min 
           124             15.500000 min 
           125             15.625000 min 
           126             15.750000 min 
           127             15.875000 min 
  WMAX  :   55.6455       22   17   36    WMIN  :  -15.0781       23   21   28
  UMAX  :   62.8272       27   23   39    UMIN  :  -10.4949       26   20    1
  SUMAX :   3.94032       15   21    1    SUMIN :  -10.4949       26   20    1
  VMAX  :   41.5788       25   26   35    VMIN  :  -13.2645       22   16   38
  SVMAX :   19.5779       19   14    1    SVMIN :   1.81872       23   27    1
  PPIMAX:  0.371718E-02   22   17   39    PPIMIN: -0.172633E-02   27   24   31
  PPMAX :   395.996       22   17   38    PPMIN :  -340.805       25   20    1
  THPMAX:   20.2488       26   24   36    THPMIN:  -10.7274       22   17   40
  STHPMX:   1.16076       15   21    1    STHPMN:  0.209933       16   24    1
  MAXqv :  0.219662E-01   15   22    1    MINqv :  0.332928E-10   26   20   35
  MAXqc :  0.102547E-01   25   24   33    MINqc :   0.00000        1    1    1
  MAXqr :  0.183724E-02   22   17   31    MINqr :   0.00000        1    1    1
  MAXqi :  0.124309E-01   25   23   35    MINqi :   0.00000        1    1    1
  MAXqs :  0.219343E-02   22   17   35    MINqs :   0.00000        1    1    1
  MAXqg :  0.229357E-02   22   17   35    MINqg :   0.00000        1    1    1
  MAXqhl:   0.00000        1    1    1    MINqhl:   0.00000        1    1    1
  MAXccn:  0.167530E+10   15   21   10    MINccn:   0.00000       15   17    6
  MAXccw:  0.158955E+10   23   24    8    MINccw:   0.00000        1    1    1
  MAXcrw:  0.213777E+07   22   17   32    MINcrw:   0.00000        1    1    1
  MAXcci:  0.682874E+09   26   23   35    MINcci:   0.00000        1    1    1
  MAXcsw:  0.168936E+07   22   17   35    MINcsw:   0.00000        1    1    1
  MAXchw:   59094.4       22   17   35    MINchw:   0.00000        1    1    1
  MAXchl:   0.00000        1    1    1    MINchl:   0.00000        1    1    1
  MAXvhw:  0.610634E-05   22   17   35    MINvhw:   0.00000        1    1    1
  MAXvhl:   0.00000        1    1    1    MINvhl:   0.00000        1    1    1
  TKEMAX:   226.232       22   17   39    TKEMIN:   0.00000        1    1    1
  KMHMAX:   1992.61       22   17   39    KMHMIN:   0.00000        1    1    1
  KMVMAX:   1992.61       22   17   39    KMVMIN:   0.00000        1    1    1
  KHHMAX:   5977.83       22   17   39    KHHMIN:   0.00000        1    1    1
  KHVMAX:   5977.83       22   17   39    KHVMIN:   0.00000        1    1    1
  DIVMAX:  0.968380E-03   22   17   35    DIVMIN: -0.733558E-03   25   23   34
  RHMAX :   1.00365       27   24   24    RHMIN :  0.109951E-06   26   20   35
  RHIMAX:   1.39874       23   24   33    RHIMIN:  0.172140E-06   26   20   35
  THEMAX:   372.609       15   21    1    THEMIN:   318.810       71   70   16
  STHEMX:   372.609       15   21    1    STHEMN:   358.784       18   13    1
  QCTOP :  14300.000000    1    1    1    QCBOT :    569.454773    1    1    1
  SFPMAX:   95331.1        4    4    1    SFPMIN:   94825.5       25   20    1
  PSFCMX:   96165.5        4    4    1    PSFCMN:   95656.8       25   20    1
  WSPMAX:   64.3139       27   24   38    WSPMIN:   3.32974       19   22    1
  SWSPMX:   19.6669       19   14    1    SWSPMN:   3.32974       19   22    1
  CFLMAX:      0.821676   22   17   33
  KSHMAX:  0.112084E-01   22   17   39
  KSVMAX:  0.238444       20   23   15
  VORSFC:  0.118547E-02
  VOR1KM:  0.703390E-02
  VOR2KM:  0.103839E-01
  VOR3KM:  0.135217E-01
  VOR4KM:  0.967758E-02
  VOR5KM:  0.105853E-01
  TMASS :  0.207380E+15
  TMOIS :  0.738256E+12
  qv MAS:  0.734766E+12
  qc MAS:  0.240446E+10
  qr MAS:  0.429723E+08
  qi MAS:  0.877377E+09
  qs MAS:  0.655048E+08
  qg MAS:  0.999827E+08
  qhlMAS:  0.000000E+00
  TENERG:  0.521590E+20
  TMU   :  0.527750E+16
  TMV   :  0.328877E+16
  TMW   : -0.612528E+13
  TMFU  :  0.467080E+11
  TMFD  : -0.625901E+11
  tcond :  0.000000E+00
  tevac :  0.000000E+00
  tauto :  0.000000E+00
  taccr :  0.000000E+00
  tevar :  0.000000E+00
  train :  0.348475E+04
  erain :  0.000000E+00
  qsfc  :  0.000000E+00
  esfc  :  0.000000E+00
  erad  :  0.000000E+00
  asqv  :  0.618716E+02
  asqc  :  0.123737E+08
  asqr  :  0.263060E+05
  asqi  :  0.163449E+06
  asqs  : -0.169733E+04
  asqg  :  0.263838E+04
  asqhl :  0.000000E+00
  asccn : -0.278953E+18
  asccw :  0.179835E+19
  ascrw :  0.718811E+14
  ascci :  0.235754E+17
  ascsw :  0.113791E+12
  aschw :  0.654328E+11
  aschl :  0.000000E+00
  asvhw :  0.924334E+01
  asvhl :  0.000000E+00
  bsqv  :  0.000000E+00
  bsqc  :  0.000000E+00
  bsqr  :  0.000000E+00
  bsqi  :  0.000000E+00
  bsqs  :  0.000000E+00
  bsqg  :  0.000000E+00
  bsqhl :  0.000000E+00
  bsccn :  0.000000E+00
  bsccw :  0.000000E+00
  bscrw :  0.000000E+00
  bscci :  0.000000E+00
  bscsw :  0.000000E+00
  bschw :  0.000000E+00
  bschl :  0.000000E+00
  bsvhw :  0.000000E+00
  bsvhl :  0.000000E+00
 cm1out_stats.nc                                                       
   nrec =           17
           128             16.000000 min 
           129             16.125000 min 
           130             16.250000 min 
           131             16.375000 min 
           132             16.500000 min 
           133             16.625000 min 
           134             16.750000 min 
           135             16.875000 min 
  WMAX  :   56.6334       26   24   40    WMIN  :  -14.9465       25   21   29
  UMAX  :   66.8169       28   24   41    UMIN  :  -10.6072       27   21    1
  SUMAX :   3.69937       12   17    1    SUMIN :  -10.6072       27   21    1
  VMAX  :   40.5229       26   26   39    VMIN  :  -23.8716       23   16   40
  SVMAX :   19.6668       19   15    1    SVMIN :   1.77884       24   27    1
  PPIMAX:  0.382799E-02   26   24   42    PPIMIN: -0.145775E-02   27   22   32
  PPMAX :   332.924       23   18   40    PPMIN :  -412.680       26   20    1
  THPMAX:   17.9486       25   24   35    THPMIN:  -21.6619       26   24   44
  STHPMX:   1.12003       15   21    1    STHPMN:  0.213621       16   24    1
  MAXqv :  0.219200E-01   15   22    1    MINqv :  0.259380E-07   28   20   35
  MAXqc :  0.983685E-02   25   24   32    MINqc :   0.00000        1    1    1
  MAXqr :  0.723419E-03   25   24   31    MINqr :   0.00000        1    1    1
  MAXqi :  0.116430E-01   23   18   34    MINqi :   0.00000        1    1    1
  MAXqs :  0.193040E-02   22   17   34    MINqs :   0.00000        1    1    1
  MAXqg :  0.296257E-02   22   17   35    MINqg :   0.00000        1    1    1
  MAXqhl:   0.00000        1    1    1    MINqhl:   0.00000        1    1    1
  MAXccn:  0.168539E+10   16   22   13    MINccn:   0.00000       15   17    6
  MAXccw:  0.157707E+10   20   19    7    MINccw:   0.00000        1    1    1
  MAXcrw:  0.156880E+07   25   24   32    MINcrw:   0.00000        1    1    1
  MAXcci:  0.525594E+09   25   24   35    MINcci:   0.00000        1    1    1
  MAXcsw:   929134.       26   24   36    MINcsw:   0.00000        1    1    1
  MAXchw:   39979.4       22   17   35    MINchw:   0.00000        1    1    1
  MAXchl:   0.00000        1    1    1    MINchl:   0.00000        1    1    1
  MAXvhw:  0.743444E-05   22   17   35    MINvhw:   0.00000        1    1    1
  MAXvhl:   0.00000        1    1    1    MINvhl:   0.00000        1    1    1
  TKEMAX:   208.121       27   24   42    TKEMIN:   0.00000        1    1    1
  KMHMAX:   1929.75       27   24   42    KMHMIN:   0.00000        1    1    1
  KMVMAX:   1929.75       27   24   42    KMVMIN:   0.00000        1    1    1
  KHHMAX:   5789.24       27   24   42    KHHMIN:   0.00000        1    1    1
  KHVMAX:   5789.24       27   24   42    KHVMIN:   0.00000        1    1    1
  DIVMAX:  0.434973E-03   26   24   34    DIVMIN: -0.515639E-03   26   24   38
  RHMAX :   1.00552       28   24   26    RHMIN :  0.816798E-04   28   20   35
  RHIMAX:   1.39578       28   23   33    RHIMIN:  0.127303E-03   28   20   35
  THEMAX:   372.485       15   22    1    THEMIN:   318.815       71   70   16
  STHEMX:   372.485       15   22    1    STHEMN:   358.734       18   13    1
  QCTOP :  16100.000000    1    1    1    QCBOT :    569.454773    1    1    1
  SFPMAX:   95278.7        6   75    1    SFPMIN:   94753.6       26   20    1
  PSFCMX:   96112.7        6   75    1    PSFCMN:   95584.4       26   20    1
  WSPMAX:   65.5426       28   25   39    WSPMIN:   3.22153       19   22    1
  SWSPMX:   19.8736       20   14    1    SWSPMN:   3.22153       19   22    1
  CFLMAX:      0.802738   25   24   32
  KSHMAX:  0.108548E-01   27   24   42
  KSVMAX:  0.239103       18   18   18
  VORSFC:  0.120982E-02
  VOR1KM:  0.754682E-02
  VOR2KM:  0.966264E-02
  VOR3KM:  0.110835E-01
  VOR4KM:  0.127306E-01
  VOR5KM:  0.130495E-01
  TMASS :  0.207380E+15
  TMOIS :  0.738334E+12
  qv MAS:  0.734147E+12
  qc MAS:  0.218176E+10
  qr MAS:  0.309458E+08
  qi MAS:  0.163645E+10
  qs MAS:  0.128384E+09
  qg MAS:  0.209411E+09
  qhlMAS:  0.000000E+00
  TENERG:  0.521591E+20
  TMU   :  0.527733E+16
  TMV   :  0.328908E+16
  TMW   :  0.800840E+13
  TMFU  :  0.631471E+11
  TMFD  : -0.457298E+11
  tcond :  0.000000E+00
  tevac :  0.000000E+00
  tauto :  0.000000E+00
  taccr :  0.000000E+00
  tevar :  0.000000E+00
  train :  0.357107E+04
  erain :  0.000000E+00
  qsfc  :  0.000000E+00
  esfc  :  0.000000E+00
  erad  :  0.000000E+00
  asqv  :  0.181566E+03
  asqc  :  0.200677E+08
  asqr  :  0.382547E+05
  asqi  :  0.225587E+06
  asqs  : -0.420996E+04
  asqg  :  0.608346E+04
  asqhl :  0.000000E+00
  asccn : -0.172434E+18
  asccw :  0.200835E+19
  ascrw :  0.105702E+15
  ascci :  0.244924E+17
  ascsw : -0.713701E+12
  aschw :  0.116799E+12
  aschl :  0.000000E+00
  asvhw :  0.201309E+02
  asvhl :  0.000000E+00
  bsqv  :  0.000000E+00
  bsqc  :  0.000000E+00
  bsqr  :  0.000000E+00
  bsqi  :  0.000000E+00
  bsqs  :  0.000000E+00
  bsqg  :  0.000000E+00
  bsqhl :  0.000000E+00
  bsccn :  0.000000E+00
  bsccw :  0.000000E+00
  bscrw :  0.000000E+00
  bscci :  0.000000E+00
  bscsw :  0.000000E+00
  bschw :  0.000000E+00
  bschl :  0.000000E+00
  bsvhw :  0.000000E+00
  bsvhl :  0.000000E+00
 cm1out_stats.nc                                                       
   nrec =           18
           136             17.000000 min 
           137             17.125000 min 
           138             17.250000 min 
           139             17.375000 min 
           140             17.500000 min 
           141             17.625000 min 
           142             17.750000 min 
           143             17.875000 min 
  WMAX  :   55.7755       23   18   38    WMIN  :  -17.2015       20   18   32
  UMAX  :   65.5435       29   24   43    UMIN  :  -10.6953       27   21    1
  SUMAX :   3.90136       15   22    1    SUMIN :  -10.6953       27   21    1
  VMAX  :   41.8093       27   27   41    VMIN  :  -29.0158       27   23   43
  SVMAX :   19.9425       20   15    1    SVMIN :   1.41535       24   28    1
  PPIMAX:  0.309521E-02   27   25   43    PPIMIN: -0.122052E-02   25   26   28
  PPMAX :   261.310       26   25   41    PPMIN :  -347.844       27   21    1
  THPMAX:   17.2143       22   18   33    THPMIN:  -35.7972       27   24   45
  STHPMX:   1.12491       15   22    1    STHPMN:  0.216020       16   24    1
  MAXqv :  0.218333E-01   16   21    1    MINqv :  0.569097E-06   27   14   35
  MAXqc :  0.946373E-02   22   18   31    MINqc :   0.00000        1    1    1
  MAXqr :  0.160573E-02   26   24   31    MINqr :   0.00000        1    1    1
  MAXqi :  0.105305E-01   22   18   35    MINqi :   0.00000        1    1    1
  MAXqs :  0.138150E-02   26   24   36    MINqs :   0.00000        1    1    1
  MAXqg :  0.202635E-02   26   24   34    MINqg :   0.00000        1    1    1
  MAXqhl:   0.00000        1    1    1    MINqhl:   0.00000        1    1    1
  MAXccn:  0.168048E+10   16   22   12    MINccn:   0.00000       18   25    6
  MAXccw:  0.155205E+10   24   25    9    MINccw:   0.00000        1    1    1
  MAXcrw:  0.214564E+07   26   24   31    MINcrw:   0.00000        1    1    1
  MAXcci:  0.611178E+09   25   24   35    MINcci:   0.00000        1    1    1
  MAXcsw:   894734.       26   24   37    MINcsw:   0.00000        1    1    1
  MAXchw:   44015.8       26   24   34    MINchw:   0.00000        1    1    1
  MAXchl:   0.00000        1    1    1    MINchl:   0.00000        1    1    1
  MAXvhw:  0.535894E-05   26   25   36    MINvhw:   0.00000        1    1    1
  MAXvhl:   0.00000        1    1    1    MINvhl:   0.00000        1    1    1
  TKEMAX:   168.110       24   18   44    TKEMIN:   0.00000        1    1    1
  KMHMAX:   1734.60       24   18   44    KMHMIN:   0.00000        1    1    1
  KMVMAX:   1734.60       24   18   44    KMVMIN:   0.00000        1    1    1
  KHHMAX:   5203.80       24   18   44    KHHMIN:   0.00000        1    1    1
  KHVMAX:   5203.80       24   18   44    KHVMIN:   0.00000        1    1    1
  DIVMAX:  0.312287E-03   26   25   34    DIVMIN: -0.461031E-03   26   25   39
  RHMAX :   1.00664       25   19   23    RHMIN :  0.179218E-02   27   14   35
  RHIMAX:   1.39878       28   24   33    RHIMIN:  0.279337E-02   27   14   35
  THEMAX:   372.183       15   22    1    THEMIN:   318.822       71   70   16
  STHEMX:   372.183       15   22    1    STHEMN:   358.682       18   14    1
  QCTOP :  17300.000000    1    1    1    QCBOT :    569.454773    1    1    1
  SFPMAX:   95281.9        5    3    1    SFPMIN:   94818.5       27   21    1
  PSFCMX:   96115.9        5    3    1    PSFCMN:   95649.6       27   21    1
  WSPMAX:   64.3914       29   25   42    WSPMIN:   3.32486       21   23    1
  SWSPMX:   19.9408       20   14    1    SWSPMN:   3.32486       21   23    1
  CFLMAX:      0.780084   22   18   31
  KSHMAX:  0.975712E-02   24   18   44
  KSVMAX:  0.242506       20   24   11
  VORSFC:  0.100161E-02
  VOR1KM:  0.777226E-02
  VOR2KM:  0.101177E-01
  VOR3KM:  0.135376E-01
  VOR4KM:  0.124208E-01
  VOR5KM:  0.110651E-01
  TMASS :  0.207380E+15
  TMOIS :  0.738412E+12
  qv MAS:  0.733618E+12
  qc MAS:  0.193241E+10
  qr MAS:  0.251655E+08
  qi MAS:  0.235267E+10
  qs MAS:  0.181585E+09
  qg MAS:  0.302389E+09
  qhlMAS:  0.000000E+00
  TENERG:  0.521591E+20
  TMU   :  0.527687E+16
  TMV   :  0.328860E+16
  TMW   : -0.696928E+13
  TMFU  :  0.579623E+11
  TMFD  : -0.769403E+11
  tcond :  0.000000E+00
  tevac :  0.000000E+00
  tauto :  0.000000E+00
  taccr :  0.000000E+00
  tevar :  0.000000E+00
  train :  0.361788E+04
  erain :  0.000000E+00
  qsfc  :  0.000000E+00
  esfc  :  0.000000E+00
  erad  :  0.000000E+00
  asqv  :  0.184681E+03
  asqc  :  0.261389E+08
  asqr  :  0.482287E+05
  asqi  :  0.194188E+06
  asqs  : -0.349629E+04
  asqg  :  0.946094E+04
  asqhl :  0.000000E+00
  asccn : -0.916209E+17
  asccw :  0.226180E+19
  ascrw :  0.132689E+15
  ascci :  0.212970E+17
  ascsw : -0.189336E+13
  aschw :  0.167278E+12
  aschl :  0.000000E+00
  asvhw :  0.310852E+02
  asvhl :  0.000000E+00
  bsqv  :  0.000000E+00
  bsqc  :  0.000000E+00
  bsqr  :  0.000000E+00
  bsqi  :  0.000000E+00
  bsqs  :  0.000000E+00
  bsqg  :  0.000000E+00
  bsqhl :  0.000000E+00
  bsccn :  0.000000E+00
  bsccw :  0.000000E+00
  bscrw :  0.000000E+00
  bscci :  0.000000E+00
  bscsw :  0.000000E+00
  bschw :  0.000000E+00
  bschl :  0.000000E+00
  bsvhw :  0.000000E+00
  bsvhl :  0.000000E+00
 cm1out_stats.nc                                                       
   nrec =           19
           144             18.000000 min 
           145             18.125000 min 
           146             18.250000 min 
           147             18.375000 min 
           148             18.500000 min 
           149             18.625000 min 
           150             18.750000 min 
           151             18.875000 min 
  WMAX  :   52.3400       23   18   38    WMIN  :  -18.0146       29   22   41
  UMAX  :   68.1791       30   25   44    UMIN  :  -10.3531       28   21    1
  SUMAX :   3.88109       15   22    1    SUMIN :  -10.3531       28   21    1
  VMAX  :   45.8312       28   27   44    VMIN  :  -31.2727       28   23   43
  SVMAX :   20.0529       20   15    1    SVMIN :   1.58020       25   29    1
  PPIMAX:  0.316191E-02   27   25   43    PPIMIN: -0.118363E-02   26   26   15
  PPMAX :   254.498       27   25   42    PPMIN :  -339.719       27   21    1
  THPMAX:   14.1024       26   25   35    THPMIN:  -42.7599       28   25   46
  STHPMX:   1.13518       15   22    1    STHPMN:  0.219008       16   24    1
  MAXqv :  0.217504E-01   16   21    1    MINqv :  0.353188E-06   28   14   35
  MAXqc :  0.905720E-02   26   25   31    MINqc :   0.00000        1    1    1
  MAXqr :  0.420455E-03   26   24   31    MINqr :   0.00000        1    1    1
  MAXqi :  0.104587E-01   23   18   34    MINqi :   0.00000        1    1    1
  MAXqs :  0.114887E-02   27   24   42    MINqs :   0.00000        1    1    1
  MAXqg :  0.260653E-02   26   24   34    MINqg :   0.00000        1    1    1
  MAXqhl:   0.00000        1    1    1    MINqhl:   0.00000        1    1    1
  MAXccn:  0.167825E+10   17   23   14    MINccn:   0.00000       16   24    5
  MAXccw:  0.161337E+10   25   26    7    MINccw:   0.00000        1    1    1
  MAXcrw:  0.117122E+07   27   25   31    MINcrw:   0.00000        1    1    1
  MAXcci:  0.489930E+09   23   17   34    MINcci:   0.00000        1    1    1
  MAXcsw:   716279.       27   24   43    MINcsw:   0.00000        1    1    1
  MAXchw:   36754.9       27   26   34    MINchw:   0.00000        1    1    1
  MAXchl:   0.00000        1    1    1    MINchl:   0.00000        1    1    1
  MAXvhw:  0.678819E-05   26   24   34    MINvhw:   0.00000        1    1    1
  MAXvhl:   0.00000        1    1    1    MINvhl:   0.00000        1    1    1
  TKEMAX:   151.052       26   25   44    TKEMIN:   0.00000        1    1    1
  KMHMAX:   1644.24       26   25   44    KMHMIN:   0.00000        1    1    1
  KMVMAX:   1644.24       26   25   44    KMVMIN:   0.00000        1    1    1
  KHHMAX:   4932.72       26   25   44    KHHMIN:   0.00000        1    1    1
  KHVMAX:   4932.72       26   25   44    KHVMIN:   0.00000        1    1    1
  DIVMAX:  0.330463E-03   25   26   15    DIVMIN: -0.433548E-03   23   18   38
  RHMAX :   1.01389       26   21   13    RHMIN :  0.108689E-02   28   14   35
  RHIMAX:   1.75573       29   22   39    RHIMIN:  0.169029E-02   28   14   35
  THEMAX:   371.861       16   21    1    THEMIN:   318.825       72   70   16
  STHEMX:   371.861       16   21    1    STHEMN:   358.638       18   14    1
  QCTOP :  17300.000000    1    1    1    QCBOT :    569.454773    1    1    1
  SFPMAX:   95273.8        1   75    1    SFPMIN:   94826.6       27   21    1
  PSFCMX:   96107.8        1   75    1    PSFCMN:   95657.7       27   21    1
  WSPMAX:   65.2138       30   25   44    WSPMIN:   3.24556       21   23    1
  SWSPMX:   19.9835       25   19    1    SWSPMN:   3.24556       21   23    1
  CFLMAX:      0.739018   23   19   32
  KSHMAX:  0.924885E-02   26   25   44
  KSVMAX:  0.244257       21   22    8
  VORSFC:  0.945229E-03
  VOR1KM:  0.719254E-02
  VOR2KM:  0.918588E-02
  VOR3KM:  0.104414E-01
  VOR4KM:  0.128791E-01
  VOR5KM:  0.141033E-01
  TMASS :  0.207380E+15
  TMOIS :  0.738488E+12
  qv MAS:  0.733097E+12
  qc MAS:  0.178437E+10
  qr MAS:  0.161520E+08
  qi MAS:  0.298157E+10
  qs MAS:  0.228453E+09
  qg MAS:  0.380619E+09
  qhlMAS:  0.000000E+00
  TENERG:  0.521592E+20
  TMU   :  0.527667E+16
  TMV   :  0.328859E+16
  TMW   :  0.873018E+13
  TMFU  :  0.695343E+11
  TMFD  : -0.503973E+11
  tcond :  0.000000E+00
  tevac :  0.000000E+00
  tauto :  0.000000E+00
  taccr :  0.000000E+00
  tevar :  0.000000E+00
  train :  0.364311E+04
  erain :  0.000000E+00
  qsfc  :  0.000000E+00
  esfc  :  0.000000E+00
  erad  :  0.000000E+00
  asqv  :  0.184681E+03
  asqc  :  0.301084E+08
  asqr  :  0.524576E+05
  asqi  :  0.187284E+06
  asqs  : -0.262058E+04
  asqg  :  0.118801E+05
  asqhl :  0.000000E+00
  asccn : -0.292537E+17
  asccw :  0.243590E+19
  ascrw :  0.151544E+15
  ascci :  0.210377E+17
  ascsw : -0.168613E+13
  aschw :  0.199489E+12
  aschl :  0.000000E+00
  asvhw :  0.398743E+02
  asvhl :  0.000000E+00
  bsqv  :  0.000000E+00
  bsqc  :  0.000000E+00
  bsqr  :  0.000000E+00
  bsqi  :  0.000000E+00
  bsqs  :  0.000000E+00
  bsqg  :  0.000000E+00
  bsqhl :  0.000000E+00
  bsccn :  0.000000E+00
  bsccw :  0.000000E+00
  bscrw :  0.000000E+00
  bscci :  0.000000E+00
  bscsw :  0.000000E+00
  bschw :  0.000000E+00
  bschl :  0.000000E+00
  bsvhw :  0.000000E+00
  bsvhl :  0.000000E+00
 cm1out_stats.nc                                                       
   nrec =           20
           152             19.000000 min 
           153             19.125000 min 
           154             19.250000 min 
           155             19.375000 min 
           156             19.500000 min 
           157             19.625000 min 
           158             19.750000 min 
           159             19.875000 min 
   Getting dbz ... 
  WMAX  :   50.0145       24   19   39    WMIN  :  -18.0324       30   22   40
  UMAX  :   65.8785       31   23   43    UMIN  :  -11.6408       23   19   43
  SUMAX :   4.01106       13   18    1    SUMIN :  -9.90153       28   21    1
  VMAX  :   47.7310       28   28   44    VMIN  :  -32.7233       25   17   44
  SVMAX :   19.9354       21   15    1    SVMIN :   1.79859       25   29    1
  PPIMAX:  0.241727E-02   27   25   42    PPIMIN: -0.181413E-02   30   25   46
  PPMAX :   217.764       27   25   40    PPMIN :  -284.648       26   27   14
  THPMAX:   13.4034       23   19   33    THPMIN:  -42.8523       25   19   45
  STHPMX:   1.12734       15   22    1    STHPMN:  0.223026       16   24    1
  MAXqv :  0.216206E-01   16   21    1    MINqv :  0.453920E-06   30   14   35
  MAXqc :  0.776055E-02   27   25   32    MINqc :   0.00000        1    1    1
  MAXqr :  0.479934E-03   27   25   31    MINqr :   0.00000        1    1    1
  MAXqi :  0.984106E-02   24   19   34    MINqi :   0.00000        1    1    1
  MAXqs :  0.104410E-02   27   24   44    MINqs :   0.00000        1    1    1
  MAXqg :  0.170933E-02   27   24   40    MINqg :   0.00000        1    1    1
  MAXqhl:   0.00000        1    1    1    MINqhl:   0.00000        1    1    1
  MAXccn:  0.170067E+10   17   23   12    MINccn:   0.00000       18   26    6
  MAXccw:  0.156183E+10   25   26    9    MINccw:   0.00000        1    1    1
  MAXcrw:  0.123526E+07   27   25   31    MINcrw:   0.00000        1    1    1
  MAXcci:  0.558363E+09   26   25   34    MINcci:   0.00000        1    1    1
  MAXcsw:   621817.       29   24   44    MINcsw:   0.00000        1    1    1
  MAXchw:   39016.5       24   20   34    MINchw:   0.00000        1    1    1
  MAXchl:   0.00000        1    1    1    MINchl:   0.00000        1    1    1
  MAXvhw:  0.556714E-05   27   26   34    MINvhw:   0.00000        1    1    1
  MAXvhl:   0.00000        1    1    1    MINvhl:   0.00000        1    1    1
  TKEMAX:   111.124       23   18   44    TKEMIN:   0.00000        1    1    1
  KMHMAX:   1376.08       25   19   45    KMHMIN:   0.00000        1    1    1
  KMVMAX:   1376.08       25   19   45    KMVMIN:   0.00000        1    1    1
  KHHMAX:   4128.24       25   19   45    KHHMIN:   0.00000        1    1    1
  KHVMAX:   4128.24       25   19   45    KHVMIN:   0.00000        1    1    1
  DIVMAX:  0.282042E-03   22   21   13    DIVMIN: -0.405885E-03   27   25   38
  RHMAX :   1.04308       30   22   39    RHMIN :  0.138918E-02   30   14   35
  RHIMAX:   1.94819       28   18   42    RHIMIN:  0.215931E-02   30   14   35
  THEMAX:   371.415       16   21    1    THEMIN:   318.831       71   71   16
  STHEMX:   371.415       16   21    1    STHEMN:   358.595       18   14    1
  QCTOP :  17900.000000    1    1    1    QCBOT :    569.454773    1    1    1
  SFPMAX:   95230.2        8    5    1    SFPMIN:   94905.8       30   22    1
  PSFCMX:   96063.9        8    5    1    PSFCMN:   95737.4       30   22    1
  WSPMAX:   65.2026       30   27   43    WSPMIN:   3.11394       23   18   44
  SWSPMX:   20.1740       26   20    1    SWSPMN:   3.22496       24   29    1
  CFLMAX:      0.674511   24   19   36
  KSHMAX:  0.774044E-02   25   19   45
  KSVMAX:  0.255098       22   22    9
  VORSFC:  0.955483E-03
  VOR1KM:  0.800303E-02
  VOR2KM:  0.815824E-02
  VOR3KM:  0.121135E-01
  VOR4KM:  0.127299E-01
  VOR5KM:  0.111328E-01
  TMASS :  0.207380E+15
  TMOIS :  0.738569E+12
  qv MAS:  0.732681E+12
  qc MAS:  0.166930E+10
  qr MAS:  0.127450E+08
  qi MAS:  0.349169E+10
  qs MAS:  0.271135E+09
  qg MAS:  0.442845E+09
  qhlMAS:  0.000000E+00
  TENERG:  0.521593E+20
  TMU   :  0.527589E+16
  TMV   :  0.328748E+16
  TMW   : -0.670334E+13
  TMFU  :  0.608061E+11
  TMFD  : -0.784204E+11
  tcond :  0.000000E+00
  tevac :  0.000000E+00
  tauto :  0.000000E+00
  taccr :  0.000000E+00
  tevar :  0.000000E+00
  train :  0.365719E+04
  erain :  0.000000E+00
  qsfc  :  0.000000E+00
  esfc  :  0.000000E+00
  erad  :  0.000000E+00
  asqv  :  0.184681E+03
  asqc  :  0.336874E+08
  asqr  :  0.556211E+05
  asqi  :  0.191932E+06
  asqs  : -0.203111E+04
  asqg  :  0.137210E+05
  asqhl :  0.000000E+00
  asccn :  0.241204E+17
  asccw :  0.266703E+19
  ascrw :  0.163061E+15
  ascci :  0.202681E+17
  ascsw : -0.147373E+13
  aschw :  0.220188E+12
  aschl :  0.000000E+00
  asvhw :  0.465581E+02
  asvhl :  0.000000E+00
  bsqv  :  0.000000E+00
  bsqc  :  0.000000E+00
  bsqr  :  0.000000E+00
  bsqi  :  0.000000E+00
  bsqs  :  0.000000E+00
  bsqg  :  0.000000E+00
  bsqhl :  0.000000E+00
  bsccn :  0.000000E+00
  bsccw :  0.000000E+00
  bscrw :  0.000000E+00
  bscci :  0.000000E+00
  bscsw :  0.000000E+00
  bschw :  0.000000E+00
  bschl :  0.000000E+00
  bsvhw :  0.000000E+00
  bsvhl :  0.000000E+00
 cm1out_stats.nc                                                       
   nrec =           21
           160             20.000000 min 
   string = cm1out_rst_000004.nc                                                  
  USING COMPRESSED netCDF4 
   leaving restart_prelim 

 Total time:    8.12500000    

   sound    :        0.87   10.71%
   poiss    :        0.00    0.00%
   advs     :        1.21   14.83%
   advu     :        0.02    0.25%
   advv     :        0.01    0.18%
   advw     :        0.17    2.03%
   divx     :        0.00    0.06%
   buoyan   :        0.10    1.29%
   turb     :        0.09    1.05%
   sfcphys  :        0.00    0.00%
   tmix     :        0.33    4.06%
   cor      :        0.00    0.00%
   diffu    :        0.00    0.00%
   rdamp    :        0.00    0.00%
   microphy :        0.32    3.94%
   satadj   :        0.00    0.00%
   fallout  :        0.00    0.00%
   radiatio :        0.00    0.00%
   pbl      :        0.00    0.00%
   stat     :        0.14    1.78%
   cflq     :        0.00    0.00%
   bc       :        0.00    0.06%
   integ    :        0.16    1.97%
   write    :        0.37    4.55%
   restart  :        1.12   13.78%
   misc     :        0.24    2.95%
   swaths   :        0.00    0.00%
   pdef     :        0.32    3.94%
   prsrho   :        0.04    0.43%
   parcels  :        0.00    0.00%
   mp_total :        2.61   32.12%

   mpu1     :        0.00    0.00%
   mpu2     :        0.24    2.95%
   mpv1     :        0.00    0.06%
   mpv2     :        0.00    0.00%
   mpw1     :        0.00    0.00%
   mpw2     :        0.00    0.00%
   mpp1     :        0.00    0.00%
   mpp2     :        0.00    0.00%
   mps1     :        0.11    1.35%
   mps2     :        0.81    9.91%
   mps3     :        0.04    0.43%
   mps4     :        0.75    9.29%
   mpq1     :        0.00    0.00%
   mpq2     :        0.00    0.00%
   mptk1    :        0.66    8.12%
   mptk2    :        0.00    0.00%
   mpb      :        0.00    0.00%


   MN =    813489216.    

 Program terminated normally:  myid=          14
 Program terminated normally:  myid=           8
 Program terminated normally:  myid=          13
 Program terminated normally:  myid=           4
 Program terminated normally:  myid=          17
 Program terminated normally:  myid=          20
 Program terminated normally:  myid=          23
 Program terminated normally:  myid=           0
 Program terminated normally:  myid=           5
 Program terminated normally:  myid=          21
 Program terminated normally:  myid=          15
 Program terminated normally:  myid=           3
 Program terminated normally:  myid=          11
 Program terminated normally:  myid=          10
 Program terminated normally:  myid=           1
 Program terminated normally:  myid=          19
 Program terminated normally:  myid=           6
 Program terminated normally:  myid=          12
 Program terminated normally:  myid=          18
 Program terminated normally:  myid=          22
 Program terminated normally:  myid=          16
 Program terminated normally:  myid=           7
 Program terminated normally:  myid=           2
 Program terminated normally:  myid=           9
 Program terminated normally:  myid=          24
 Inside PARAM

   Everything is cool!
   ni,nj=          15          15


 dx        =   2000.00000    
 dy        =   2000.00000    
 dz        =   392.156860    
 dtl       =   7.50000000    
 timax     =   5400.00000    
 run_time  =   300.000000    
 tapfrq    =   900.000000    
 rstfrq    =   300.000000    
 statfrq   =   60.0000000    
 prclfrq   =   60.0000000    

 adapt_dt  =           0
 irst      =           1
 rstnum    =           4
 iconly    =           0
 hadvordrs =           5
 vadvordrs =           5
 hadvordrv =           5
 vadvordrv =           5
 pdscheme  =           1
 apmasscon =           1
 advwenos  =           2
 advwenov  =           0
 idiff     =           0
 mdiff     =           0
 difforder =           6
 imoist    =           1
 iturb     =           1
 tconfig   =           1
 bcturbs   =           1
 dns       =           0
 irdamp    =           1
 hrdamp    =           0
 psolver   =           3
 nsound    =           6
 ptype     =          27
 ihail     =           1
 iautoc    =           1
 icor      =           0
 pertcor   =           0
 eqtset    =           2
 idiss     =           1
 efall     =           0
 rterm     =           0
 wbc       =           2
 ebc       =           2
 sbc       =           2
 nbc       =           2
 bbc       =           1
 tbc       =           1
 irbc      =           4
 roflux    =           0
 isnd      =           7
 iwnd      =           2
 itern     =           0
 iinit     =           0
 irandp    =           0
 ibalance  =           0
 iorigin   =           1
 axisymm   =           0
 imove     =           0
 iptra     =           0
 npt       =           1
 pdtra     =           1
 iprcl     =           0
 nparcels  =           1

 kdiff2    =   75.0000000    
 kdiff6    =   3.99999991E-02
 fcor      =   0.00000000    
 kdiv      =  0.100000001    
 alph      =  0.600000024    
 rdalpha   =   3.33333341E-03
 zd        =   15000.0000    
 xhd       =   100000.000    
 umove     =   0.00000000    
 vmove     =   0.00000000    
 v_t       =   7.00000000    
 l_h       =   100.000000    
 lhref1    =   100.000000    
 lhref2    =   1000.00000    
 l_inf     =   100.000000    
 ndcnst    =   250.000000    

 radopt    =           0
 dtrad     =   300.000000    
 ctrlat    =   35.2358284    
 ctrlon    =  -97.4619370    
 year      =        2003
 month     =           5
 day       =           8
 hour      =          20
 minute    =          40
 second    =           0

 isfcflx   =           0
 sfcmodel  =           0
 oceanmodel=           0
 ipbl      =           0
 initsfc   =           1
 tsk0      =   299.279999    
 tmn0      =   297.279999    
 xland0    =   2.00000000    
 lu0       =          16
 season    =           1
 cecd      =           3
 pertflx   =           0
 cnstce    =   1.00000005E-03
 cnstcd    =   1.00000005E-03
 isftcflx  =           0
 iz0tlnd   =           0
 oml_hml0  =   50.0000000    
 oml_gamma =  0.140000001    

 stretch_x =           0
 dx_inner  =   1000.00000    
 dx_outer  =   7000.00000    
 nos_x_len =   40000.0000    
 tot_x_len =   120000.000    

 stretch_y =           0
 dy_inner  =   1000.00000    
 dy_outer  =   7000.00000    
 nos_y_len =   40000.0000    
 tot_y_len =   120000.000    

 stretch_z =           2
 ztop      =   20000.0000    
 str_bot   =   0.00000000    
 str_top   =   8625.00000    
 dz_bot    =   150.000000    
 dz_top    =   600.000000    

 bc_temp   =           1
 ptc_top   =   250.000000    
 ptc_bot   =   300.000000    
 viscosity =   25.0000000    
 pr_num    =  0.720000029    

 var1      =   0.00000000    
 var2      =   0.00000000    
 var3      =   0.00000000    
 var4      =   0.00000000    
 var5      =   0.00000000    
 var6      =   0.00000000    
 var7      =   0.00000000    
 var8      =   0.00000000    
 var9      =   0.00000000    
 var10     =   0.00000000    

&NSSL2MOM_PARAMS
 RHO_QR=  1000.00000    ,
 CNOR=  8000000.00    ,
 RHO_QS=  100.000000    ,
 CNOS=  3000000.00    ,
 RHO_QH=  500.000000    ,
 CNOH=  40000.0000    ,
 CCN=  2.00000000E+09,
 INFALL=4          ,
 ALPHAH=  0.00000000    ,
 ALPHAHL= 0.500000000    ,
 IMURAIN=1          ,
 ICDX=3          ,
 ICDXHL=3          ,
 DFRZ=  1.50000007E-04,
 HLDNMN=  500.000000    ,
 IFERWISVENTR=2          ,
 IEHW=1          ,
 IEHLW=1          ,
 EHW0= 0.750000000    ,
 EHLW0= 0.750000000    ,
 DMRAUTO=0          ,
 IOLDLIMITER=0          ,
 /

 ZGRID:  STRETCH FAC  =    1.0359004512429237     
 ZGRID:  DOMAIN  HGT  =    20000.0000    

 ZGRID:  STRETCH FAC  =    1.0359004512429237     
 ZGRID:  DOMAIN  HGT  =    20000.0000    

 ZGRID:  STRETCH FAC  =    1.0359004512429237     
 ZGRID:  DOMAIN  HGT  =    20000.0000    

 ZGRID:  STRETCH FAC  =    1.0359004512429237     
 ZGRID:  DOMAIN  HGT  =    20000.0000    

 ZGRID:  STRETCH FAC  =    1.0359004512429237     
 ZGRID:  DOMAIN  HGT  =    20000.0000    

 ZGRID:  STRETCH FAC  =    1.0359004512429237     
 ZGRID:  DOMAIN  HGT  =    20000.0000    

 ZGRID:  STRETCH FAC  =    1.0359004512429237     
 ZGRID:  DOMAIN  HGT  =    20000.0000    

 ZGRID:  STRETCH FAC  =    1.0359004512429237     
 ZGRID:  DOMAIN  HGT  =    20000.0000    

 ZGRID:  STRETCH FAC  =    1.0359004512429237     
 ZGRID:  DOMAIN  HGT  =    20000.0000    

 ZGRID:  STRETCH FAC  =    1.0359004512429237     
 ZGRID:  DOMAIN  HGT  =    20000.0000    

 ZGRID:  STRETCH FAC  =    1.0359004512429237     
 ZGRID:  DOMAIN  HGT  =    20000.0000    

 ZGRID:  STRETCH FAC  =    1.0359004512429237     
 ZGRID:  DOMAIN  HGT  =    20000.0000    

 ZGRID:  STRETCH FAC  =    1.0359004512429237     
 ZGRID:  DOMAIN  HGT  =    20000.0000    

 ZGRID:  STRETCH FAC  =    1.0359004512429237     
 ZGRID:  DOMAIN  HGT  =    20000.0000    

 ZGRID:  STRETCH FAC  =    1.0359004512429237     
 ZGRID:  DOMAIN  HGT  =    20000.0000    

 ZGRID:  STRETCH FAC  =    1.0359004512429237     
 ZGRID:  DOMAIN  HGT  =    20000.0000    

 ZGRID:  STRETCH FAC  =    1.0359004512429237     
 ZGRID:  DOMAIN  HGT  =    20000.0000    

 ZGRID:  STRETCH FAC  =    1.0359004512429237     
 ZGRID:  DOMAIN  HGT  =    20000.0000    

 ZGRID:  STRETCH FAC  =    1.0359004512429237     
 ZGRID:  DOMAIN  HGT  =    20000.0000    

 ZGRID:  STRETCH FAC  =    1.0359004512429237     
 ZGRID:  DOMAIN  HGT  =    20000.0000    

 ZGRID:  STRETCH FAC  =    1.0359004512429237     
 ZGRID:  DOMAIN  HGT  =    20000.0000    

 ZGRID:  STRETCH FAC  =    1.0359004512429237     
 ZGRID:  DOMAIN  HGT  =    20000.0000    

 ZGRID:  STRETCH FAC  =    1.0359004512429237     
 ZGRID:  DOMAIN  HGT  =    20000.0000    

 ZGRID:  STRETCH FAC  =    1.0359004512429237     
 ZGRID:  DOMAIN  HGT  =    20000.0000    

 iice      =           1
 idm       =           1
 idmplus   =           1
 numq      =          16
 nqv       =           1
 nqc       =           2
 nqr       =           3
 nqi       =           4
 nqs       =           5
 nqg       =           6
 nql1      =           2
 nql2      =           3
 nqs1      =           4
 nqs2      =           7
 nnc1      =           8
 nnc2      =          14
 nvl1      =          15
 nvl2      =          16
 nzl1      =           1
 nzl2      =           1

 nrain     =           1


 output_path      = ./                                                                    
 output_basename  = cm1out                                                                
 output_format    =           2
 output_filetype  =           1
 output_interp    =           0
 output_rain      =           1
 output_sws       =           1
 output_svs       =           1
 output_sps       =           1
 output_srs       =           1
 output_sgs       =           1
 output_sus       =           1
 output_shs       =           1
 output_coldpool  =           0
 output_sfcflx    =           0
 output_sfcparams =           0
 output_sfcdiags  =           0
 output_psfc      =           0
 output_zs        =           0
 output_zh        =           0
 output_basestate =           0
 output_th        =           1
 output_thpert    =           0
 output_prs       =           1
 output_prspert   =           0
 output_pi        =           0
 output_pipert    =           0
 output_rho       =           1
 output_rhopert   =           1
 output_tke       =           1
 output_km        =           1
 output_kh        =           1
 output_qv        =           1
 output_qvpert    =           0
 output_q         =           1
 output_dbz       =           1
 output_buoyancy  =           0
 output_u         =           1
 output_upert     =           0
 output_uinterp   =           1
 output_v         =           1
 output_vpert     =           0
 output_vinterp   =           1
 output_w         =           1
 output_winterp   =           1
 output_vort      =           0
 output_pv        =           0
 output_uh        =           0
 output_pblten    =           0
 output_dissten   =           0
 output_dissheat  =           0
 output_mptend    =           0
 output_fallvel   =           0
 output_nm        =           0
 output_def       =           0
 output_turbten   =           0
 output_impdiften =           0
 output_radten    =           0


 restart_format       =            2
 restart_filetype     =            1
 restart_file_theta   =  T
 restart_file_dbz     =  T
 restart_file_th0     =  T
 restart_file_prs0    =  T
 restart_file_pi0     =  T
 restart_file_rho0    =  T
 restart_file_qv0     =  T
 restart_file_u0      =  T
 restart_file_v0      =  T
 restart_file_zs      =  F
 restart_file_zh      =  F
 restart_file_zf      =  F
 restart_file_diags   =  F
 restart_use_theta    =  T
 restart_reset_frqtim =  T

   maxk =           51


   myid,mynode             =            0           0
   nodemaster,nodes,ppnode =            0           1          25
   nodex,nodey             =            5           5

   d2i   =           80
   d2is  =           75
   d2iu  =           76
   d2iv  =           75

   d2j   =           80
   d2js  =           75
   d2ju  =           75
   d2jv  =           76

   d3i   =           16
   d3is  =           15
   d3iu  =           16
   d3iv  =           15

   d3j   =           16
   d3js  =           15
   d3ju  =           15
   d3jv  =           16

   d3n   =           25
   d3t   =           24


 stat_w       =            1
 stat_u       =            1
 stat_v       =            1
 stat_rmw     =            0
 stat_pipert  =            1
 stat_prspert =            1
 stat_thpert  =            1
 stat_q       =            1
 stat_tke     =            1
 stat_km      =            1
 stat_kh      =            1
 stat_div     =            1
 stat_rh      =            1
 stat_rhi     =            1
 stat_the     =            1
 stat_cloud   =            1
 stat_sfcprs  =            1
 stat_wsp     =            1
 stat_cfl     =            1
 stat_vort    =            1
 stat_tmass   =            1
 stat_tmois   =            1
 stat_qmass   =            1
 stat_tenerg  =            1
 stat_mo      =            1
 stat_tmf     =            1
 stat_pcn     =            1
 stat_qsrc    =            1

 stat_out =          150


 prcl_th      =            0
 prcl_t       =            0
 prcl_prs     =            0
 prcl_ptra    =            0
 prcl_q       =            0
 prcl_nc      =            0
 prcl_km      =            0
 prcl_kh      =            0
 prcl_tke     =            0
 prcl_dbz     =            0
 prcl_b       =            0
 prcl_vpg     =            0
 prcl_vort    =            0
 prcl_rho     =            0
 prcl_qsat    =            0
 prcl_sfc     =            0


   c_m,c_l,ri_c  =   0.100000001      0.816500008      0.250000000    
   c_e1,c_e2,sum =   0.200001687      0.786958814      0.986960530    
   c_s,rcs       =   0.178412408       5.60499144    

   nparcels =            1
   npvals   =            1
     prx      =            0
     pry      =            0
     prz      =            0
     pru      =            0
     prv      =            0
     prw      =            0
     prth     =            0
     prt      =            0
     prprs    =            0
     prpt1    =            0
     prpt2    =            0
     prqv     =            0
     prq1     =            0
     prq2     =            0
     prnc1    =            0
     prnc2    =            0
     prkm     =            0
     prkh     =            0
     prtke    =            0
     prdbz    =            0
     prb      =            0
     prvpg    =            0
     przv     =            0
     prrho    =            0
     prqsl    =            0
     prqsi    =            0
     prznt    =            0
     prust    =            0

   myi,myj=           1           1

   mywest  =           4
   myeast  =           1
   mysouth =          20
   mynorth =           5

   mysw    =          24
   mynw    =           9
   myne    =           6
   myse    =          21

   cs1we   =         765
   cs1sn   =         765
   ct1we   =         780
   ct1sn   =         780
   cv1we   =         816
   cu1sn   =         816
   cw1we   =         750
   cw1sn   =         750
   cs2we   =        1530
   cs2sn   =        1530
   cs3we   =        2295
   cs3sn   =        2295
   ct3we   =        2340
   ct3sn   =        2340
   cv3we   =        2448
   cu3sn   =        2448
   cw3we   =        2250
   cw3sn   =        2250


 g     =   9.81000042    
 to    =   273.149994    
 rd    =   287.040009    
 rv    =   461.500000    
 cp    =   1005.70001    
 cv    =   718.660034    
 cpv   =   1870.00000    
 cvv   =   1408.50000    
 p00   =   100000.000    
 rp00  =   9.99999975E-06
 th0r  =   300.000000    
 rcp   =   9.94332251E-04
 pi    =   3.14159274    

 cpdcv =   1.39941001    
 rovcp =  0.285413146    
 rddcv =  0.399410009    
 cvdrd =   2.50369287    
 cpdrd =   3.50369287    
 eps   =  0.621971846    
 reps  =   1.60778975    
 repsm1=  0.607789755    
 cpt   =  0.859401345    
 cvt   =  0.959897518    
 pnum  =  -72634.2500    
 xlv   =   2501000.00    
 xls   =   2834000.00    
 lvdcp =   2486.82495    
 condc =   13476814.0    
 cpl   =   4190.00000    
 cpi   =   2106.00000    
 lv1   =   3134708.00    
 lv2   =   2320.00000    
 ls1   =   2898463.50    
 ls2   =   236.000000    
 karman=  0.400000006    

 timeformat   =           2
 timestats    =           1
 terrain_flag = F
 procfiles    = F

 nx    =          75
 ny    =          75
 nz    =          51

 nodex    =           5
 nodey    =           5
 numprocs =          25
 ppnode   =          25

 ni    =          15
 nj    =          15
 nk    =          51
 nkp1  =          52

 ib,ibm,ibi,ibc,ibt=       -2       -2       -2       -2       -2
 ie,iem,iei,iec,iet=       18       18       18       18       18
 jb,jbm,jbi,jbc,jbt=       -2       -2       -2       -2       -2
 je,jem,jei,jec,jet=       18       18       18       18       18
 kb,kbm,kbi,kbc,kbt=        0        0        0        0        0
 ke,kem,kei,kec,ket=       52       52       52       53       53

 imirror,jmirror =            0           0

 ibp,itb,ipb,ibr,ibb=        1        1        1        1        1
 iep,ite,ipe,ier,ieb=        1        1        1        1        1
 jbp,jtb,jpb,jbr,jbb=        1        1        1        1        1
 jep,jte,jpe,jer,jeb=        1        1        1        1        1
 kbp,ktb,kpb,kbr,kbb=        1        1        1        1        1
 kep,kte,kpe,ker,keb=        1        1        1        1        1

 ibd               =        1
 ied               =        1
 jbd               =        1
 jed               =        1
 kbd               =        1
 ked               =        1

 ibl               =        1
 iel               =        1
 jbl               =        1
 jel               =        1

 imp,jmp,kmp,kmt,rmp,cmp =     15     15     51     52      8      3

 rdx    =   5.00000024E-04
 rdy    =   5.00000024E-04
 rdz    =   2.55000009E-03
 rdx2   =   2.50000012E-04
 rdy2   =   2.50000012E-04
 rdz2   =   1.27500005E-03
 rdx4   =   1.25000006E-04
 rdy4   =   1.25000006E-04
 rdz4   =   6.37500023E-04
 govtwo =   4.90500021    
 clwsat =   9.99999997E-07
 smeps  =   1.00000000E-30
 tsmall =   9.99999975E-05
 qsmall =   9.99999982E-15
 cstar  =   30.0000000    
 csmax  =   350.000000    
 epsilon=   1.00000005E-18


 x:
      i         xf           xh         dx         uf         uh
 ---------------------------------------------------------------
      -2      -6000.00      -5000.00     2000.00     1.0000     1.0000   x
      -1      -4000.00      -3000.00     2000.00     1.0000     1.0000   x
       0      -2000.00      -1000.00     2000.00     1.0000     1.0000   x
       1          0.00       1000.00     2000.00     1.0000     1.0000    
       2       2000.00       3000.00     2000.00     1.0000     1.0000    
       3       4000.00       5000.00     2000.00     1.0000     1.0000    
       4       6000.00       7000.00     2000.00     1.0000     1.0000    
       5       8000.00       9000.00     2000.00     1.0000     1.0000    
       6      10000.00      11000.00     2000.00     1.0000     1.0000    
       7      12000.00      13000.00     2000.00     1.0000     1.0000    
       8      14000.00      15000.00     2000.00     1.0000     1.0000    
       9      16000.00      17000.00     2000.00     1.0000     1.0000    
      10      18000.00      19000.00     2000.00     1.0000     1.0000    
      11      20000.00      21000.00     2000.00     1.0000     1.0000    
      12      22000.00      23000.00     2000.00     1.0000     1.0000    
      13      24000.00      25000.00     2000.00     1.0000     1.0000    
      14      26000.00      27000.00     2000.00     1.0000     1.0000    
      15      28000.00      29000.00     2000.00     1.0000     1.0000    
      16      30000.00      31000.00     2000.00     1.0000     1.0000    
      17      32000.00      33000.00     2000.00     1.0000     1.0000    
      18      34000.00      35000.00     2000.00     1.0000     1.0000    
      19      36000.00      37000.00     2000.00     1.0000     1.0000    
      20      38000.00      39000.00     2000.00     1.0000     1.0000    
      21      40000.00      41000.00     2000.00     1.0000     1.0000    
      22      42000.00      43000.00     2000.00     1.0000     1.0000    
      23      44000.00      45000.00     2000.00     1.0000     1.0000    
      24      46000.00      47000.00     2000.00     1.0000     1.0000    
      25      48000.00      49000.00     2000.00     1.0000     1.0000    
      26      50000.00      51000.00     2000.00     1.0000     1.0000    
      27      52000.00      53000.00     2000.00     1.0000     1.0000    
      28      54000.00      55000.00     2000.00     1.0000     1.0000    
      29      56000.00      57000.00     2000.00     1.0000     1.0000    
      30      58000.00      59000.00     2000.00     1.0000     1.0000    
      31      60000.00      61000.00     2000.00     1.0000     1.0000    
      32      62000.00      63000.00     2000.00     1.0000     1.0000    
      33      64000.00      65000.00     2000.00     1.0000     1.0000    
      34      66000.00      67000.00     2000.00     1.0000     1.0000    
      35      68000.00      69000.00     2000.00     1.0000     1.0000    
      36      70000.00      71000.00     2000.00     1.0000     1.0000    
      37      72000.00      73000.00     2000.00     1.0000     1.0000    
      38      74000.00      75000.00     2000.00     1.0000     1.0000    
      39      76000.00      77000.00     2000.00     1.0000     1.0000    
      40      78000.00      79000.00     2000.00     1.0000     1.0000    
      41      80000.00      81000.00     2000.00     1.0000     1.0000    
      42      82000.00      83000.00     2000.00     1.0000     1.0000    
      43      84000.00      85000.00     2000.00     1.0000     1.0000    
      44      86000.00      87000.00     2000.00     1.0000     1.0000    
      45      88000.00      89000.00     2000.00     1.0000     1.0000    
      46      90000.00      91000.00     2000.00     1.0000     1.0000    
      47      92000.00      93000.00     2000.00     1.0000     1.0000    
      48      94000.00      95000.00     2000.00     1.0000     1.0000    
      49      96000.00      97000.00     2000.00     1.0000     1.0000    
      50      98000.00      99000.00     2000.00     1.0000     1.0000    
      51     100000.00     101000.00     2000.00     1.0000     1.0000    
      52     102000.00     103000.00     2000.00     1.0000     1.0000    
      53     104000.00     105000.00     2000.00     1.0000     1.0000    
      54     106000.00     107000.00     2000.00     1.0000     1.0000    
      55     108000.00     109000.00     2000.00     1.0000     1.0000    
      56     110000.00     111000.00     2000.00     1.0000     1.0000    
      57     112000.00     113000.00     2000.00     1.0000     1.0000    
      58     114000.00     115000.00     2000.00     1.0000     1.0000    
      59     116000.00     117000.00     2000.00     1.0000     1.0000    
      60     118000.00     119000.00     2000.00     1.0000     1.0000    
      61     120000.00     121000.00     2000.00     1.0000     1.0000    
      62     122000.00     123000.00     2000.00     1.0000     1.0000    
      63     124000.00     125000.00     2000.00     1.0000     1.0000    
      64     126000.00     127000.00     2000.00     1.0000     1.0000    
      65     128000.00     129000.00     2000.00     1.0000     1.0000    
      66     130000.00     131000.00     2000.00     1.0000     1.0000    
      67     132000.00     133000.00     2000.00     1.0000     1.0000    
      68     134000.00     135000.00     2000.00     1.0000     1.0000    
      69     136000.00     137000.00     2000.00     1.0000     1.0000    
      70     138000.00     139000.00     2000.00     1.0000     1.0000    
      71     140000.00     141000.00     2000.00     1.0000     1.0000    
      72     142000.00     143000.00     2000.00     1.0000     1.0000    
      73     144000.00     145000.00     2000.00     1.0000     1.0000    
      74     146000.00     147000.00     2000.00     1.0000     1.0000    
      75     148000.00     149000.00     2000.00     1.0000     1.0000    
      76     150000.00     151000.00     2000.00     1.0000     1.0000   x
      77     152000.00     153000.00     2000.00     1.0000     1.0000   x
      78     154000.00     155000.00     2000.00     1.0000     1.0000   x
      79     156000.00                               1.0000


 y:
      j         yf           yh         dy         vf         vh
 ---------------------------------------------------------------
      -2      -6000.00      -5000.00     2000.00     1.0000     1.0000   x
      -1      -4000.00      -3000.00     2000.00     1.0000     1.0000   x
       0      -2000.00      -1000.00     2000.00     1.0000     1.0000   x
       1          0.00       1000.00     2000.00     1.0000     1.0000    
       2       2000.00       3000.00     2000.00     1.0000     1.0000    
       3       4000.00       5000.00     2000.00     1.0000     1.0000    
       4       6000.00       7000.00     2000.00     1.0000     1.0000    
       5       8000.00       9000.00     2000.00     1.0000     1.0000    
       6      10000.00      11000.00     2000.00     1.0000     1.0000    
       7      12000.00      13000.00     2000.00     1.0000     1.0000    
       8      14000.00      15000.00     2000.00     1.0000     1.0000    
       9      16000.00      17000.00     2000.00     1.0000     1.0000    
      10      18000.00      19000.00     2000.00     1.0000     1.0000    
      11      20000.00      21000.00     2000.00     1.0000     1.0000    
      12      22000.00      23000.00     2000.00     1.0000     1.0000    
      13      24000.00      25000.00     2000.00     1.0000     1.0000    
      14      26000.00      27000.00     2000.00     1.0000     1.0000    
      15      28000.00      29000.00     2000.00     1.0000     1.0000    
      16      30000.00      31000.00     2000.00     1.0000     1.0000    
      17      32000.00      33000.00     2000.00     1.0000     1.0000    
      18      34000.00      35000.00     2000.00     1.0000     1.0000    
      19      36000.00      37000.00     2000.00     1.0000     1.0000    
      20      38000.00      39000.00     2000.00     1.0000     1.0000    
      21      40000.00      41000.00     2000.00     1.0000     1.0000    
      22      42000.00      43000.00     2000.00     1.0000     1.0000    
      23      44000.00      45000.00     2000.00     1.0000     1.0000    
      24      46000.00      47000.00     2000.00     1.0000     1.0000    
      25      48000.00      49000.00     2000.00     1.0000     1.0000    
      26      50000.00      51000.00     2000.00     1.0000     1.0000    
      27      52000.00      53000.00     2000.00     1.0000     1.0000    
      28      54000.00      55000.00     2000.00     1.0000     1.0000    
      29      56000.00      57000.00     2000.00     1.0000     1.0000    
      30      58000.00      59000.00     2000.00     1.0000     1.0000    
      31      60000.00      61000.00     2000.00     1.0000     1.0000    
      32      62000.00      63000.00     2000.00     1.0000     1.0000    
      33      64000.00      65000.00     2000.00     1.0000     1.0000    
      34      66000.00      67000.00     2000.00     1.0000     1.0000    
      35      68000.00      69000.00     2000.00     1.0000     1.0000    
      36      70000.00      71000.00     2000.00     1.0000     1.0000    
      37      72000.00      73000.00     2000.00     1.0000     1.0000    
      38      74000.00      75000.00     2000.00     1.0000     1.0000    
      39      76000.00      77000.00     2000.00     1.0000     1.0000    
      40      78000.00      79000.00     2000.00     1.0000     1.0000    
      41      80000.00      81000.00     2000.00     1.0000     1.0000    
      42      82000.00      83000.00     2000.00     1.0000     1.0000    
      43      84000.00      85000.00     2000.00     1.0000     1.0000    
      44      86000.00      87000.00     2000.00     1.0000     1.0000    
      45      88000.00      89000.00     2000.00     1.0000     1.0000    
      46      90000.00      91000.00     2000.00     1.0000     1.0000    
      47      92000.00      93000.00     2000.00     1.0000     1.0000    
      48      94000.00      95000.00     2000.00     1.0000     1.0000    
      49      96000.00      97000.00     2000.00     1.0000     1.0000    
      50      98000.00      99000.00     2000.00     1.0000     1.0000    
      51     100000.00     101000.00     2000.00     1.0000     1.0000    
      52     102000.00     103000.00     2000.00     1.0000     1.0000    
      53     104000.00     105000.00     2000.00     1.0000     1.0000    
      54     106000.00     107000.00     2000.00     1.0000     1.0000    
      55     108000.00     109000.00     2000.00     1.0000     1.0000    
      56     110000.00     111000.00     2000.00     1.0000     1.0000    
      57     112000.00     113000.00     2000.00     1.0000     1.0000    
      58     114000.00     115000.00     2000.00     1.0000     1.0000    
      59     116000.00     117000.00     2000.00     1.0000     1.0000    
      60     118000.00     119000.00     2000.00     1.0000     1.0000    
      61     120000.00     121000.00     2000.00     1.0000     1.0000    
      62     122000.00     123000.00     2000.00     1.0000     1.0000    
      63     124000.00     125000.00     2000.00     1.0000     1.0000    
      64     126000.00     127000.00     2000.00     1.0000     1.0000    
      65     128000.00     129000.00     2000.00     1.0000     1.0000    
      66     130000.00     131000.00     2000.00     1.0000     1.0000    
      67     132000.00     133000.00     2000.00     1.0000     1.0000    
      68     134000.00     135000.00     2000.00     1.0000     1.0000    
      69     136000.00     137000.00     2000.00     1.0000     1.0000    
      70     138000.00     139000.00     2000.00     1.0000     1.0000    
      71     140000.00     141000.00     2000.00     1.0000     1.0000    
      72     142000.00     143000.00     2000.00     1.0000     1.0000    
      73     144000.00     145000.00     2000.00     1.0000     1.0000    
      74     146000.00     147000.00     2000.00     1.0000     1.0000    
      75     148000.00     149000.00     2000.00     1.0000     1.0000    
      76     150000.00     151000.00     2000.00     1.0000     1.0000   x
      77     152000.00     153000.00     2000.00     1.0000     1.0000   x
      78     154000.00     155000.00     2000.00     1.0000     1.0000   x
      79     156000.00                               1.0000


 ZGRID:  STRETCH FAC  =    1.0359004512429237     
 ZGRID:  DOMAIN  HGT  =    20000.0000    
 k,gzc,gze =            1   77.692535400390625        0.0000000000000000     
 k,gzc,gze =            2   235.86680603027344        155.38507080078125     
 k,gzc,gze =            3   399.71958923339844        316.34854125976562     
 k,gzc,gze =            4   569.45477294921875        483.09063720703125     
 k,gzc,gze =            5   745.28353881835938        655.81890869140625     
 k,gzc,gze =            6   927.42462158203125        834.74816894531250     
 k,gzc,gze =            7   1116.1046142578125        1020.1010742187500     
 k,gzc,gze =            8   1311.5583496093750        1212.1081542968750     
 k,gzc,gze =            9   1514.0289916992188        1411.0085449218750     
 k,gzc,gze =           10   1723.7683715820312        1617.0494384765625     
 k,gzc,gze =           11   1941.0374755859375        1830.4873046875000     
 k,gzc,gze =           12   2166.1066894531250        2051.5876464843750     
 k,gzc,gze =           13   2399.2559814453125        2280.6257324218750     
 k,gzc,gze =           14   2640.7753906250000        2517.8862304687500     
 k,gzc,gze =           15   2890.9654541015625        2763.6645507812500     
 k,gzc,gze =           16   3150.1374511718750        3018.2663574218750     
 k,gzc,gze =           17   3418.6138916015625        3282.0085449218750     
 k,gzc,gze =           18   3696.7287597656250        3555.2192382812500     
 k,gzc,gze =           19   3984.8281250000000        3838.2382812500000     
 k,gzc,gze =           20   4283.2702636718750        4131.4179687500000     
 k,gzc,gze =           21   4592.4265136718750        4435.1225585937500     
 k,gzc,gze =           22   4912.6818847656250        4749.7304687500000     
 k,gzc,gze =           23   5244.4345703125000        5075.6333007812500     
 k,gzc,gze =           24   5588.0971679687500        5413.2358398437500     
 k,gzc,gze =           25   5944.0974121093750        5762.9584960937500     
 k,gzc,gze =           26   6312.8781738281250        6125.2363281250000     
 k,gzc,gze =           27   6694.8984375000000        6500.5200195312500     
 k,gzc,gze =           28   7090.6335449218750        6889.2768554687500     
 k,gzc,gze =           29   7500.5754394531250        7291.9902343750000     
 k,gzc,gze =           30   7925.2343750000000        7709.1606445312500     
 k,gzc,gze =           31   8365.1389160156250        8141.3081054687500     
 k,gzc,gze =           32   8820.8364257812500        8588.9697265625000     
 k,gzc,gze =           33   9292.8935546875000        9052.7031250000000     
 k,gzc,gze =           34   9781.8974609375000        9533.0839843750000     
 k,gzc,gze =           35   10288.457031250000        10030.710937500000     
 k,gzc,gze =           36   10813.202636718750        10546.203125000000     
 k,gzc,gze =           37   11356.786621093750        11080.202148437500     
 k,gzc,gze =           38   11919.885253906250        11633.371093750000     
 k,gzc,gze =           39   12503.199707031250        12206.399414062500     
 k,gzc,gze =           40   13100.000000000000        12800.000000000000     
 k,gzc,gze =           41   13700.000000000000        13400.000000000000     
 k,gzc,gze =           42   14300.000000000000        14000.000000000000     
 k,gzc,gze =           43   14900.000000000000        14600.000000000000     
 k,gzc,gze =           44   15500.000000000000        15200.000000000000     
 k,gzc,gze =           45   16100.000000000000        15800.000000000000     
 k,gzc,gze =           46   16700.000000000000        16400.000000000000     
 k,gzc,gze =           47   17300.000000000000        17000.000000000000     
 k,gzc,gze =           48   17900.000000000000        17600.000000000000     
 k,gzc,gze =           49   18500.000000000000        18200.000000000000     
 k,gzc,gze =           50   19100.000000000000        18800.000000000000     
 k,gzc,gze =           51   19700.000000000000        19400.000000000000     
 k,gzc,gze =           52   20300.000000000000        20000.000000000000     

 model heights:
     k       zf         zh         dz         mf         mh
 ---------------------------------------------------------------
      1       0.00      77.69     155.39     2.5238     2.5238
      2     155.39     235.87     160.96     2.4793     2.4363
      3     316.35     399.72     166.74     2.3933     2.3519
      4     483.09     569.45     172.73     2.3104     2.2704
      5     655.82     745.28     178.93     2.2303     2.1917
      6     834.75     927.42     185.35     2.1530     2.1157
      7    1020.10    1116.10     192.01     2.0784     2.0424
      8    1212.11    1311.56     198.90     2.0064     1.9716
      9    1411.01    1514.03     206.04     1.9369     1.9033
     10    1617.05    1723.77     213.44     1.8697     1.8373
     11    1830.49    1941.04     221.10     1.8049     1.7737
     12    2051.59    2166.11     229.04     1.7424     1.7122
     13    2280.63    2399.26     237.26     1.6820     1.6529
     14    2517.89    2640.78     245.78     1.6237     1.5956
     15    2763.66    2890.97     254.60     1.5674     1.5403
     16    3018.27    3150.14     263.74     1.5131     1.4869
     17    3282.01    3418.61     273.21     1.4607     1.4354
     18    3555.22    3696.73     283.02     1.4101     1.3856
     19    3838.24    3984.83     293.18     1.3612     1.3376
     20    4131.42    4283.27     303.70     1.3140     1.2912
     21    4435.12    4592.43     314.61     1.2685     1.2465
     22    4749.73    4912.68     325.90     1.2245     1.2033
     23    5075.63    5244.43     337.60     1.1821     1.1616
     24    5413.24    5588.10     349.72     1.1411     1.1213
     25    5762.96    5944.10     362.28     1.1016     1.0825
     26    6125.24    6312.88     375.28     1.0634     1.0450
     27    6500.52    6694.90     388.76     1.0265     1.0087
     28    6889.28    7090.63     402.71     0.9910     0.9738
     29    7291.99    7500.58     417.17     0.9566     0.9400
     30    7709.16    7925.23     432.15     0.9235     0.9075
     31    8141.31    8365.14     447.66     0.8915     0.8760
     32    8588.97    8820.84     463.73     0.8606     0.8457
     33    9052.70    9292.89     480.38     0.8307     0.8163
     34    9533.08    9781.90     497.63     0.8020     0.7881
     35   10030.71   10288.46     515.49     0.7742     0.7607
     36   10546.20   10813.20     534.00     0.7473     0.7344
     37   11080.20   11356.79     553.17     0.7214     0.7089
     38   11633.37   11919.88     573.03     0.6964     0.6844
     39   12206.40   12503.20     593.60     0.6723     0.6606
     40   12800.00   13100.00     600.00     0.6571     0.6536
     41   13400.00   13700.00     600.00     0.6536     0.6536
     42   14000.00   14300.00     600.00     0.6536     0.6536
     43   14600.00   14900.00     600.00     0.6536     0.6536
     44   15200.00   15500.00     600.00     0.6536     0.6536
     45   15800.00   16100.00     600.00     0.6536     0.6536
     46   16400.00   16700.00     600.00     0.6536     0.6536
     47   17000.00   17300.00     600.00     0.6536     0.6536
     48   17600.00   17900.00     600.00     0.6536     0.6536
     49   18200.00   18500.00     600.00     0.6536     0.6536
     50   18800.00   19100.00     600.00     0.6536     0.6536
     51   19400.00   19700.00     600.00     0.6536     0.6536
     52   20000.00                           0.6536

   patchsww = F
   patchnww = T
   patchsee = F
   patchnee = F
   patchsws = F
   patchses = T
   patchnwn = F
   patchnen = F

   p2tchsww = T
   p2tchnww = F
   p2tchsee = F
   p2tchnee = F
   p2tchsws = T
   p2tchses = F
   p2tchnwn = F
   p2tchnen = F

   minx =    0.00000000    
   maxx =    150000.000    
   miny =    0.00000000    
   maxy =    150000.000    
   maxz =    20000.0000    

   ibw =           1
   ibe =           0
   ibs =           1
   ibn =           0

   min_dx =    2000.00000    
   max_dx =    2000.00000    
   min_dy =    2000.00000    
   max_dy =    2000.00000    
   min_dz =    155.385071    
   max_dz =    600.000000    


   k,c1,c2,zhm1,zf,zh:
      1    0.5000    0.5000     -77.69       0.00      77.69
      2    0.5088    0.4912      77.69     155.39     235.87
      3    0.5088    0.4912     235.87     316.35     399.72
      4    0.5088    0.4912     399.72     483.09     569.45
      5    0.5088    0.4912     569.45     655.82     745.28
      6    0.5088    0.4912     745.28     834.75     927.42
      7    0.5088    0.4912     927.42    1020.10    1116.10
      8    0.5088    0.4912    1116.10    1212.11    1311.56
      9    0.5088    0.4912    1311.56    1411.01    1514.03
     10    0.5088    0.4912    1514.03    1617.05    1723.77
     11    0.5088    0.4912    1723.77    1830.49    1941.04
     12    0.5088    0.4912    1941.04    2051.59    2166.11
     13    0.5088    0.4912    2166.11    2280.63    2399.26
     14    0.5088    0.4912    2399.26    2517.89    2640.78
     15    0.5088    0.4912    2640.78    2763.66    2890.97
     16    0.5088    0.4912    2890.97    3018.27    3150.14
     17    0.5088    0.4912    3150.14    3282.01    3418.61
     18    0.5088    0.4912    3418.61    3555.22    3696.73
     19    0.5088    0.4912    3696.73    3838.24    3984.83
     20    0.5088    0.4912    3984.83    4131.42    4283.27
     21    0.5088    0.4912    4283.27    4435.12    4592.43
     22    0.5088    0.4912    4592.43    4749.73    4912.68
     23    0.5088    0.4912    4912.68    5075.63    5244.43
     24    0.5088    0.4912    5244.43    5413.24    5588.10
     25    0.5088    0.4912    5588.10    5762.96    5944.10
     26    0.5088    0.4912    5944.10    6125.24    6312.88
     27    0.5088    0.4912    6312.88    6500.52    6694.90
     28    0.5088    0.4912    6694.90    6889.28    7090.63
     29    0.5088    0.4912    7090.63    7291.99    7500.58
     30    0.5088    0.4912    7500.58    7709.16    7925.23
     31    0.5088    0.4912    7925.23    8141.31    8365.14
     32    0.5088    0.4912    8365.14    8588.97    8820.84
     33    0.5088    0.4912    8820.84    9052.70    9292.89
     34    0.5088    0.4912    9292.89    9533.08    9781.90
     35    0.5088    0.4912    9781.90   10030.71   10288.46
     36    0.5088    0.4912   10288.46   10546.20   10813.20
     37    0.5088    0.4912   10813.20   11080.20   11356.79
     38    0.5088    0.4912   11356.79   11633.37   11919.88
     39    0.5088    0.4912   11919.88   12206.40   12503.20
     40    0.5027    0.4973   12503.20   12800.00   13100.00
     41    0.5000    0.5000   13100.00   13400.00   13700.00
     42    0.5000    0.5000   13700.00   14000.00   14300.00
     43    0.5000    0.5000   14300.00   14600.00   14900.00
     44    0.5000    0.5000   14900.00   15200.00   15500.00
     45    0.5000    0.5000   15500.00   15800.00   16100.00
     46    0.5000    0.5000   16100.00   16400.00   16700.00
     47    0.5000    0.5000   16700.00   17000.00   17300.00
     48    0.5000    0.5000   17300.00   17600.00   17900.00
     49    0.5000    0.5000   17900.00   18200.00   18500.00
     50    0.5000    0.5000   18500.00   18800.00   19100.00
     51    0.5000    0.5000   19100.00   19400.00   19700.00
     52    0.5000    0.5000   19700.00   20000.00   20300.00


   ------ tauf, tauh -----
           1   0.00000000       0.00000000    
           2   0.00000000       0.00000000    
           3   0.00000000       0.00000000    
           4   0.00000000       0.00000000    
           5   0.00000000       0.00000000    
           6   0.00000000       0.00000000    
           7   0.00000000       0.00000000    
           8   0.00000000       0.00000000    
           9   0.00000000       0.00000000    
          10   0.00000000       0.00000000    
          11   0.00000000       0.00000000    
          12   0.00000000       0.00000000    
          13   0.00000000       0.00000000    
          14   0.00000000       0.00000000    
          15   0.00000000       0.00000000    
          16   0.00000000       0.00000000    
          17   0.00000000       0.00000000    
          18   0.00000000       0.00000000    
          19   0.00000000       0.00000000    
          20   0.00000000       0.00000000    
          21   0.00000000       0.00000000    
          22   0.00000000       0.00000000    
          23   0.00000000       0.00000000    
          24   0.00000000       0.00000000    
          25   0.00000000       0.00000000    
          26   0.00000000       0.00000000    
          27   0.00000000       0.00000000    
          28   0.00000000       0.00000000    
          29   0.00000000       0.00000000    
          30   0.00000000       0.00000000    
          31   0.00000000       0.00000000    
          32   0.00000000       0.00000000    
          33   0.00000000       0.00000000    
          34   0.00000000       0.00000000    
          35   0.00000000       0.00000000    
          36   0.00000000       0.00000000    
          37   0.00000000       0.00000000    
          38   0.00000000       0.00000000    
          39   0.00000000       0.00000000    
          40   0.00000000       0.00000000    
          41   0.00000000       0.00000000    
          42   0.00000000       0.00000000    
          43   0.00000000       0.00000000    
          44   3.94263864E-03   2.44717300E-02
          45   6.18466735E-02  0.114743382    
          46  0.181288034      0.259123147    
          47  0.345491529      0.437333375    
          48  0.531395316      0.624345005    
          49  0.712889671      0.793892622    
          50  0.864484310      0.922163963    
          51  0.964888215      0.991143644    
          52   1.00000000    


   vialpha,vibeta =   0.500000000      0.500000000    


   x0,alpha,delta,sum,predict,maxz:
   0.00000000    
  0.500000000       1.51795030       2.57244539       3.66479731    
   1.85094726      -1.19824338      0.347296089       0.00000000    
   1.00000000       1.52587891E-05   20000.0000    


   cgs1,cgs2,cgs3 =    1.85094726      -1.19824338      0.347296089    
   sum            =    1.00000000    

   dgs1,dgs2,dgs3 =   -1.93890107       2.86228609     -0.923384964    
   sum            =    5.96046448E-08


   x0,alpha,delta,sum,predict,maxz:
   33.3333321    
   32.8333321       31.8333340       30.8333340       29.8333340    
   1.87500155      -1.25000143      0.374999881       0.00000000    
   1.00000000       20000.0020       20000.0000    


   cgt1,cgt2,cgt3 =    1.87500155      -1.25000143      0.374999881    
   sum            =    1.00000000    

   dgt1,dgt2,dgt3 =    2.00000381      -3.00000381       1.00000000    
   sum            =    0.00000000    

 Leaving PARAM
 Inside BASE

  Reading sounding from external file, input_sounding

  p_sfc, th_sfc, qv_sfc =    960.000000       304.899994       19.0599995    
   Found           68   levels (including surface)


     k,z,th,qv:
           1   0.00000000       304.899994       19.0599995    
           2   0.00000000       304.899994       19.0599995    
           3   253.000000       305.200012       17.9099998    
           4   329.000000       305.299988       17.5799999    
           5   557.000000       305.500000       17.2199993    
           6   757.000000       305.600006       16.9099998    
           7   862.000000       306.799988       15.3999996    
           8   1069.00000       309.200012       12.7700005    
           9   1472.00000       310.700012       8.30000019    
          10   1777.00000       311.799988       5.88999987    
          11   1942.00000       312.399994       4.86000013    
          12   2081.00000       312.399994       5.42000008    
          13   2386.00000       312.399994       6.84999990    
          14   2475.00000       312.399994       7.32000017    
          15   2721.00000       312.899994       4.53999996    
          16   2876.00000       313.000000       3.85999990    
          17   3070.00000       314.399994       1.21000004    
          18   3301.00000       315.799988       1.08000004    
          19   3605.00000       317.600006      0.920000017    
          20   3807.00000       318.700012      0.819999993    
          21   3910.00000       318.899994      0.829999983    
          22   4520.00000       319.500000      0.829999983    
          23   4718.00000       319.700012      0.839999974    
          24   5026.00000       323.500000      0.230000004    
          25   5423.00000       324.600006      0.189999998    
          26   5434.00000       324.600006      0.189999998    
          27   5739.00000       325.700012      0.209999993    
          28   6102.00000       327.100006      0.219999999    
          29   7123.00000       328.299988      0.119999997    
          30   7263.00000       328.500000      0.119999997    
          31   8787.00000       331.100006      0.170000002    
          32   9092.00000       331.399994      0.180000007    
          33   9160.00000       331.500000      0.189999998    
          34   9183.00000       331.600006       1.00000005E-03
          35   9701.00000       334.700012       1.00000005E-03
          36   9844.00000       335.500000       1.00000005E-03
          37   10311.0000       338.299988       1.00000005E-03
          38   10413.0000       338.899994       1.00000005E-03
          39   10921.0000       340.600006       1.00000005E-03
          40   11530.0000       342.500000       1.00000005E-03
          41   11863.0000       343.399994       1.00000005E-03
          42   12140.0000       347.799988       1.00000005E-03
          43   12290.0000       350.100006       1.00000005E-03
          44   13664.0000       359.100006       1.00000005E-03
          45   13663.0000       359.100006       1.00000005E-03
          46   14273.0000       362.500000       1.00000005E-03
          47   14391.0000       363.100006       1.00000005E-03
          48   14811.0000       371.299988       1.00000005E-03
          49   14883.0000       372.700012       1.00000005E-03
          50   15797.0000       391.100006       1.00000005E-03
          51   16103.0000       397.399994       1.00000005E-03
          52   16481.0000       399.899994       1.00000005E-03
          53   16637.0000       410.000000       1.00000005E-03
          54   17281.0000       413.000000       1.00000005E-03
          55   17321.0000       415.399994       1.00000005E-03
          56   17527.0000       427.799988       1.00000005E-03
          57   18236.0000       441.399994       1.00000005E-03
          58   18253.0000       441.799988       1.00000005E-03
          59   18517.0000       445.600006       1.00000005E-03
          60   18845.0000       457.100006       1.00000005E-03
          61   19981.0000       498.799988       1.00000005E-03
          62   20323.0000       504.700012       1.00000005E-03
          63   22954.0000       573.599976       1.00000005E-03
          64   23563.0000       595.500000       1.00000005E-03
          65   24663.0000       636.000000       1.00000005E-03
          66   26193.0000       679.000000       1.00000005E-03
          67   26846.0000       706.799988       1.00000005E-03
          68   27739.0000       734.200012       1.00000005E-03

     k,u,v:
           1  -1.68008852      -2.17436504    
           2  -2.28714967       6.28391504    
           3  -3.03701520       17.2238979    
           4  -2.85836720       16.2107277    
           5   0.00000000       18.0039997    
           6   4.05004406       17.5425529    
           7   6.15775585       16.9182167    
           8   10.3266935       14.7479963    
           9   14.1859379       11.9033737    
          10   16.8548927       11.8018789    
          11   17.6976376       12.3919735    
          12   18.5403824       12.9820671    
          13   19.8044987       13.8672075    
          14   20.2258720       14.1622553    
          15   21.0686169       14.7523489    
          16   22.6022434       15.2453480    
          17   24.8654766       15.5376129    
          18   27.1745205       15.6891508    
          19   30.2929077       17.4895458    
          20   30.1988850       19.6113091    
          21   29.9174347       20.9483356    
          22   32.0242958       22.4235706    
          23   30.7601795       21.5384293    
          24   29.0746899       20.3582420    
          25   26.9678288       18.8830070    
          26   26.1250839       18.2929134    
          27   26.1250839       18.2929134    
          28   27.3892021       19.1780529    
          29   30.7601795       21.5384293    
          30   30.3388081       21.2433815    
          31   36.2380219       25.3740406    
          32   34.1311569       23.8988056    
          33   34.1311569       23.8988056    
          34   34.1311569       23.8988056    
          35   44.7556915       20.8698215    
          36   44.7556915       20.8698215    
          37   43.0206604       15.6581488    
          38   41.0871468       14.9544115    
          39   38.2591820       10.2514391    
          40   41.4922562       19.3480644    
          41   40.2466736       10.7839813    
          42   39.5136528       6.96724367    
          43   38.5004807       6.78859663    
          44   27.0691795       9.85231876    
          45   28.8186054       7.72186279    
          46   27.0398979       12.6088505    
          47   29.8371277       13.9132147    
          48   27.9723072       13.0436392    
          49   27.9723072       13.0436392    
          50   27.9723072       13.0436392    
          51   27.9723072       13.0436392    
          52   27.9723072       13.0436392    
          53   27.9723072       13.0436392    
          54   27.9723072       13.0436392    
          55   27.9723072       13.0436392    
          56   27.9723072       13.0436392    
          57   27.9723072       13.0436392    
          58   27.9723072       13.0436392    
          59   27.9723072       13.0436392    
          60   27.9723072       13.0436392    
          61   27.9723072       13.0436392    
          62   27.9723072       13.0436392    
          63   27.9723072       13.0436392    
          64   27.9723072       13.0436392    
          65   27.9723072       13.0436392    
          66   27.9723072       13.0436392    
          67   27.9723072       13.0436392    
          68   27.9723072       13.0436392    


 interpolating sounding to grid: 

           0.00000000       77.6925354       253.000000      0.307085127    
           0.00000000       235.866806       253.000000      0.932279885    
           329.000000       399.719604       557.000000      0.310173690    
           557.000000       569.454773       757.000000       6.22738637E-02
           557.000000       745.283569       757.000000      0.941417873    
           862.000000       927.424622       1069.00000      0.316060960    
           1069.00000       1116.10461       1472.00000      0.116884902    
           1069.00000       1311.55835       1472.00000      0.601881742    
           1472.00000       1514.02905       1777.00000      0.137800172    
           1472.00000       1723.76831       1777.00000      0.825469851    
           1777.00000       1941.03748       1942.00000      0.994166493    
           2081.00000       2166.10669       2386.00000      0.279038340    
           2386.00000       2399.25586       2475.00000      0.148942247    
           2475.00000       2640.77539       2721.00000      0.673883677    
           2876.00000       2890.96533       3070.00000       7.71408901E-02
           3070.00000       3150.13745       3301.00000      0.346915364    
           3301.00000       3418.61377       3605.00000      0.386887401    
           3605.00000       3696.72876       3807.00000      0.454102784    
           3910.00000       3984.82812       4520.00000      0.122669056    
           3910.00000       4283.27051       4520.00000      0.611918867    
           4520.00000       4592.42676       4718.00000      0.365791708    
           4718.00000       4912.68164       5026.00000      0.632083237    
           5026.00000       5244.43457       5423.00000      0.550213039    
           5434.00000       5588.09717       5739.00000      0.505236626    
           5739.00000       5944.09766       6102.00000      0.565007329    
           6102.00000       6312.87793       7123.00000      0.206540585    
           6102.00000       6694.89844       7123.00000      0.580703676    
           6102.00000       7090.63379       7123.00000      0.968299508    
           7263.00000       7500.57520       8787.00000      0.155889243    
           7263.00000       7925.23438       8787.00000      0.434536994    
           7263.00000       8365.13867       8787.00000      0.723188102    
           8787.00000       8820.83594       9092.00000      0.110937499    
           9183.00000       9292.89355       9701.00000      0.212149724    
           9701.00000       9781.89746       9844.00000      0.565716505    
           9844.00000       10288.4570       10311.0000      0.951728106    
           10413.0000       10813.2031       10921.0000      0.787801445    
           10921.0000       11356.7871       11530.0000      0.715578198    
           11863.0000       11919.8848       12140.0000      0.205360159    
           12290.0000       12503.1992       13664.0000      0.155166820    
           12290.0000       13100.0000       13664.0000      0.589519680    
           13663.0000       13700.0000       14273.0000       6.06557392E-02
           14273.0000       14300.0000       14391.0000      0.228813559    
           14883.0000       14900.0000       15797.0000       1.85995623E-02
           14883.0000       15500.0000       15797.0000      0.675054729    
           15797.0000       16100.0000       16103.0000      0.990196049    
           16637.0000       16700.0000       17281.0000       9.78260860E-02
           17281.0000       17300.0000       17321.0000      0.474999994    
           17527.0000       17900.0000       18236.0000      0.526093066    
           18253.0000       18500.0000       18517.0000      0.935606062    
           18845.0000       19100.0000       19981.0000      0.224471837    
           18845.0000       19700.0000       19981.0000      0.752640843    


       k    prs0 (Pa)        pi0        rho0 (kg/m^3)
    ---------------------------------------------------------------------
       1     95166.33     0.9859590     1.0703498
       2     93485.29     0.9809565     1.0573388
       3     91766.82     0.9757757     1.0436164
       4     90011.12     0.9704106     1.0292686
       5     88218.23     0.9648541     1.0147177
       6     86392.74     0.9591130     0.9969282
       7     84539.13     0.9531941     0.9795130
       8     82654.29     0.9470795     0.9649808
       9     80735.77     0.9407526     0.9496903
      10     78784.72     0.9342071     0.9334296
      11     76802.45     0.9274372     0.9163421
      12     74789.16     0.9204324     0.8976445
      13     72744.92     0.9131806     0.8785866
      14     70670.52     0.9056714     0.8617814
      15     68566.91     0.8978937     0.8447158
      16     66439.88     0.8898542     0.8245230
      17     64296.38     0.8815641     0.8015164
      18     62139.18     0.8730192     0.7784428
      19     59967.84     0.8642015     0.7568735
      20     57780.22     0.8550838     0.7363547
      21     55576.87     0.8456476     0.7154992
      22     53367.82     0.8359147     0.6900161
      23     51161.31     0.8259013     0.6656416
      24     48955.23     0.8155763     0.6429248
      25     46750.48     0.8049198     0.6195389
      26     44549.63     0.7939177     0.5970089
      27     42353.16     0.7825432     0.5750714
      28     40163.54     0.7707765     0.5529107
      29     37985.48     0.7586079     0.5302529
      30     35824.05     0.7460288     0.5073733
      31     33683.91     0.7330273     0.4844181
      32     31569.63     0.7195897     0.4614443
      33     29486.92     0.7057083     0.4381128
      34     27446.87     0.6914145     0.4126375
      35     25459.17     0.6767374     0.3875721
      36     23525.05     0.6616473     0.3640629
      37     21644.84     0.6461025     0.3412990
      38     19823.50     0.6300950     0.3183388
      39     18078.52     0.6137401     0.2919538
      40     16435.03     0.5972698     0.2697319
      41     14909.51     0.5808922     0.2488627
      42     13501.69     0.5646787     0.2297055
      43     12215.12     0.5487678     0.2078778
      44     11052.86     0.5333288     0.1874732
      45     10004.23     0.5183693     0.1692158
      46      9058.02     0.5038759     0.1526413
      47      8194.87     0.4896780     0.1407800
      48      7414.63     0.4758924     0.1247940
      49      6713.81     0.4625956     0.1135318
      50      6083.39     0.4497583     0.1010202
      51      5522.05     0.4375008     0.0900174


       k    th0 (K)     thv0 (K)     t0 (K)     l.r. (K/km)     N^2
    ---------------------------------------------------------------------
       1    304.9921    308.3957    300.7097       4.2116      0.0406
       2    305.1797    308.4570    299.3680       8.3355      0.1212
       3    305.3620    308.5506    297.9648       8.4152      0.1784
       4    305.5062    308.6466    296.4665       8.6748      0.1767
       5    305.5941    308.6865    294.8538       9.0131      0.0708
       6    307.5585    310.2476    294.9834      -0.6994      2.6698
       7    309.3753    311.6422    294.8947       0.4617      2.2916
       8    310.1028    311.9650    293.6920       6.0467      0.5105
       9    310.8516    312.3410    292.4344       6.1036      0.5735
      10    311.6080    312.7908    291.1064       6.2221      0.6615
      11    312.3965    313.3159    289.7281       6.2337      0.7441
      12    312.4000    313.5106    287.5431       9.5403      0.2661
      13    312.4000    313.7057    285.2776       9.5483      0.2572
      14    312.7369    313.7564    283.2369       8.3032      0.0645
      15    313.1080    313.8004    281.1377       8.2450      0.0541
      16    314.8857    315.1082    280.2023       3.5465      1.5469
      17    316.4964    316.6917    279.0119       4.3573      1.7999
      18    318.0995    318.2682    277.7070       4.6105      1.7213
      19    318.9736    319.1355    275.6575       6.9907      0.9105
      20    319.2672    319.4302    273.0002       8.7497      0.2982
      21    319.5732    319.7352    270.2462       8.7535      0.2976
      22    322.1019    322.1924    269.2498       3.0576      2.3044
      23    324.1052    324.1460    267.6789       4.6529      1.7566
      24    325.1558    325.1955    265.1893       7.1188      0.9068
      25    326.4910    326.5340    262.7991       6.5979      1.1122
      26    327.3478    327.3865    259.8872       7.7590      0.6816
      27    327.7968    327.8278    256.5152       8.6739      0.3399
      28    328.2620    328.2864    253.0166       8.6876      0.3405
      29    328.9053    328.9351    249.5101       8.4053      0.4642
      30    329.6298    329.6649    245.9133       8.3232      0.5032
      31    330.3803    330.4164    242.1778       8.3446      0.4989
      32    331.1333    331.1679    238.2801       8.4050      0.4806
      33    332.2577    332.2579    234.4770       7.9169      0.6711
      34    335.1526    335.1528    231.7294       5.5215      1.7102
      35    338.1648    338.1650    228.8488       5.5880      1.7027
      36    340.2393    340.2395    225.1184       6.9857      1.1235
      37    341.9596    341.9598    220.9409       7.5518      0.8944
      38    344.3036    344.3038    216.9440       6.9752      1.1695
      39    351.4965    351.4967    215.7275       2.0493      3.4170
      40    355.4057    355.4059    212.2731       5.7574      1.8083
      41    359.3062    359.3065    208.7182       5.9248      1.7846
      42    362.6373    362.6375    204.7735       6.5744      1.5088
      43    373.0422    373.0424    204.7136       0.1000      4.6252
      44    385.1210    385.1213    205.3961      -1.1376      5.2101
      45    397.3382    397.3385    205.9679      -0.9530      5.1061
      46    410.2935    410.2937    206.7370      -1.2818      5.2459
      47    414.1400    414.1403    202.7952       6.5696      1.5257
      48    434.9549    434.9551    206.9917      -6.9941      8.0177
      49    445.3553    445.3556    206.0194       1.6205      3.8635
      50    466.4605    466.4608    209.7945      -6.2918      7.5702
      51    488.4851    488.4855    213.7126      -6.5303      7.5432


   Richardson number:  NOTE!!!  Ri should be > 0.25 for most applications!

   k,z,Ri:           2   156.779663       6.56792847E-03 <---- NOTE!  Ri < 0.25
   k,z,Ri:           3   317.793213      0.439205140    
   k,z,Ri:           4   484.587189       8.08897913E-02 <---- NOTE!  Ri < 0.25
   k,z,Ri:           5   657.369141       1.73391774E-02 <---- NOTE!  Ri < 0.25
   k,z,Ri:           6   836.354126      0.592872560    
   k,z,Ri:           7   1021.76465      0.584386945    
   k,z,Ri:           8   1213.83154      0.367057145    
   k,z,Ri:           9   1412.79370      0.484290212    
   k,z,Ri:          10   1618.89868      0.877767026    
   k,z,Ri:          11   1832.40283       1.76677966    
   k,z,Ri:          12   2053.57202      0.638745427    
   k,z,Ri:          13   2282.68115       1.00608993    
   k,z,Ri:          14   2520.01562      0.299344897    
   k,z,Ri:          15   2765.87036       7.77312294E-02 <---- NOTE!  Ri < 0.25
   k,z,Ri:          16   3020.55127       1.25069678    
   k,z,Ri:          17   3284.37549       1.65002930    
   k,z,Ri:          18   3557.67139       1.74417806    
   k,z,Ri:          19   3840.77832       1.07290030    
   k,z,Ri:          20   4134.04932       1.70674646    
   k,z,Ri:          21   4437.84863       15.3919201    
   k,z,Ri:          22   4752.55420       4.62953997    
   k,z,Ri:          23   5078.55811       4.16976404    
   k,z,Ri:          24   5416.26562       2.28135395    
   k,z,Ri:          25   5766.09766       18.8682423    
   k,z,Ri:          26   6128.48779       4.07634592    
   k,z,Ri:          27   6503.88818       2.12920070    
   k,z,Ri:          28   6892.76611       2.13297796    
   k,z,Ri:          29   7295.60449       14.5481768    
   k,z,Ri:          30   7712.90479       2.29302764    
   k,z,Ri:          31   8145.18652       2.27365947    
   k,z,Ri:          32   8592.98730       3.48084259    
   k,z,Ri:          33   9056.86523       3.83905840    
   k,z,Ri:          34   9537.39551      0.549297452    
   k,z,Ri:          35   10035.1777       1.62694931    
   k,z,Ri:          36   10550.8301      0.792215824    
   k,z,Ri:          37   11084.9951      0.807363927    
   k,z,Ri:          38   11638.3359      0.821527362    
   k,z,Ri:          39   12211.5420       6.28008318    
   k,z,Ri:          40   12801.5996       2.45053101    
   k,z,Ri:          41   13400.0000       6.66491270    
   k,z,Ri:          42   14000.0000       2.17567515    
   k,z,Ri:          43   14600.0000       1600.02026    
   k,z,Ri:          44   15200.0000       521010880.    
   k,z,Ri:          45   15800.0000       510614496.    
   k,z,Ri:          46   16400.0000       524586304.    
   k,z,Ri:          47   17000.0000       152568752.    
   k,z,Ri:          48   17600.0000       801772096.    
   k,z,Ri:          49   18200.0000       386353664.    
   k,z,Ri:          50   18800.0000       757021440.    
   k,z,Ri:          51   19400.0000       754319168.    


       k  theta-e (K)       rh0          qv0          qc0          qi0
    ---------------------------------------------------------------------
       1    361.2180     0.746565     0.018704     0.000000     0.000000
       2    359.2769     0.765035     0.017987     0.000000     0.000000
       3    357.9687     0.795197     0.017480     0.000000     0.000000
       4    357.3099     0.842005     0.017204     0.000000     0.000000
       5    356.5935     0.898027     0.016931     0.000000     0.000000
       6    351.9169     0.751467     0.014595     0.000000     0.000000
       7    346.8395     0.617836     0.012203     0.000000     0.000000
       8    340.9742     0.532665     0.009978     0.000000     0.000000
       9    335.6923     0.448644     0.007946     0.000000     0.000000
      10    331.4999     0.376910     0.006285     0.000000     0.000000
      11    328.0279     0.310897     0.004866     0.000000     0.000000
      12    331.1370     0.422303     0.005884     0.000000     0.000000
      13    334.2994     0.561836     0.006924     0.000000     0.000000
      14    330.0004     0.487704     0.005392     0.000000     0.000000
      15    325.0440     0.369899     0.003652     0.000000     0.000000
      16    318.9708     0.121831     0.001164     0.000000     0.000000
      17    320.1140     0.111821     0.001016     0.000000     0.000000
      18    321.2564     0.101819     0.000874     0.000000     0.000000
      19    322.0104     0.108726     0.000835     0.000000     0.000000
      20    322.3262     0.127866     0.000841     0.000000     0.000000
      21    322.6159     0.149776     0.000835     0.000000     0.000000
      22    323.8599     0.085740     0.000462     0.000000     0.000000
      23    324.9351     0.041509     0.000207     0.000000     0.000000
      24    325.9660     0.046739     0.000201     0.000000     0.000000
      25    327.3644     0.058020     0.000217     0.000000     0.000000
      26    328.1400     0.062841     0.000195     0.000000     0.000000
      27    328.4380     0.063032     0.000155     0.000000     0.000000
      28    328.7739     0.063391     0.000122     0.000000     0.000000
      29    329.5230     0.099196     0.000149     0.000000     0.000000
      30    330.3536     0.152810     0.000175     0.000000     0.000000
      31    331.1224     0.208787     0.000180     0.000000     0.000000
      32    331.8469     0.273358     0.000172     0.000000     0.000000
      33    332.2629     0.002189     0.000001     0.000000     0.000000
      34    335.1579     0.002701     0.000001     0.000000     0.000000
      35    338.1702     0.003410     0.000001     0.000000     0.000000
      36    340.2447     0.004804     0.000001     0.000000     0.000000
      37    341.9651     0.007228     0.000001     0.000000     0.000000
      38    344.3091     0.010474     0.000001     0.000000     0.000000
      39    351.5024     0.011706     0.000001     0.000000     0.000000
      40    355.4118     0.016890     0.000001     0.000000     0.000000
      41    359.3120     0.022788     0.000001     0.000000     0.000000
      42    362.6431     0.035243     0.000001     0.000000     0.000000
      43    373.0482     0.032143     0.000001     0.000000     0.000000
      44    385.1273     0.026608     0.000001     0.000000     0.000000
      45    397.3446     0.022091     0.000001     0.000000     0.000000
      46    410.3002     0.018306     0.000001     0.000000     0.000000
      47    414.1467     0.028352     0.000001     0.000000     0.000000
      48    434.9620     0.014202     0.000001     0.000000     0.000000
      49    445.3626     0.014721     0.000001     0.000000     0.000000
      50    466.4689     0.008796     0.000001     0.000000     0.000000
      51    488.4944     0.005053     0.000001     0.000000     0.000000


   Thermodynamic properties of base-state sounding:

     for surface parcel:
        source p(mb),T(K),qv(g/kg) =      960.0     301.4      19.1
        LCL,LFC,EL (m AGL)         =      647.6     650.9     844.1
        CAPE,CIN (J/kg)            =     4784.3       6.6

     for most-unstable parcel:
        source p(mb),T(K),qv(g/kg) =      960.0     301.4      19.1
        LCL,LFC,EL (m AGL)         =      647.6     650.9     844.1
        CAPE,CIN (J/kg)            =     4784.3       6.6

     for mixed-layer parcel:
        source p(mb),T(K),qv(g/kg) =      960.0     301.7      18.0
        LCL,LFC,EL (m AGL)         =      793.2    1463.4   13694.8
        CAPE,CIN (J/kg)            =     4180.8      18.9



       k     u0 (m/s)     v0 (m/s)
    ---------------------------------------------------------------------
       1      -2.5174       9.6434
       2      -2.9862      16.4830
       3      -1.9718      16.7670
       4       0.2522      17.9753
       5       3.8128      17.5696
       6       7.4754      16.2323
       7      10.7778      14.4155
       8      12.6495      13.0359
       9      14.5537      11.8894
      10      16.3891      11.8196
      11      17.6927      12.3885
      12      18.8931      13.2291
      13      19.8673      13.9112
      14      20.7938      14.5599
      15      22.7768      15.2679
      16      25.6665      15.5902
      17      28.3810      16.3857
      18      30.2502      18.4530
      19      30.1759      21.1293
      20      31.2067      21.8511
      21      31.5619      22.0998
      22      29.6948      20.7925
      23      27.9155      19.5465
      24      26.1251      18.2929
      25      26.8393      18.7930
      26      28.0854      19.6656
      27      29.3467      20.5487
      28      30.6533      21.4636
      29      31.2584      21.8873
      30      32.9022      23.0383
      31      34.6050      24.2306
      32      36.0043      25.2104
      33      36.3851      23.2562
      34      44.7557      20.8698
      35      43.1044      15.9097
      36      38.8593      11.2494
      37      40.5727      16.7608
      38      40.0961      10.0002
      39      36.7267       7.2640
      40      31.7615       8.5947
      41      28.7107       8.0183
      42      27.6799      12.9073
      43      27.9723      13.0436
      44      27.9723      13.0436
      45      27.9723      13.0436
      46      27.9723      13.0436
      47      27.9723      13.0436
      48      27.9723      13.0436
      49      27.9723      13.0436
      50      27.9723      13.0436
      51      27.9723      13.0436


   psurf,tsurf  =    96000.0000       301.368195    
   qsurf,thsurf =    1.90599989E-02   304.899994    

 Leaving BASE
   rbufsz,nrad2d =            1          10
 Inside INIT3D

   seed_size =            8
   rand-1 =   0.620773196    

 Leaving INIT3D

   allocating diagnostic arrays:  ntdiag,nqdiag =            1           1


   strlen          =            0
   baselen         =            6
   totlen          =            6
   output_basename = cm1out
   statfile        = cm1out_stats.dat                                                      



   Settings used in this simulation:
   isfcflx  =            0
   bbc      =            1
   dosfcflx =  F

   string = cm1out_rst_000004.nc                                                  
   nvar_npt =            0
   nvar_parcels =            0

   From restart file: 

    mtime   =    1200.0000000000000     
    stattim =    1260.0000000000000     
    taptim  =    1800.0000000000000     
    rsttim  =    1500.0000000000000     
    radtim  =    0.0000000000000000     
    prcltim =    1.0000000000000000E+030

    nstep   =          160
    nrec    =           22
    prec    =            1
    nwrite  =            2
    nrst    =            4


   Using the following: 

    stattim =    1260.0000000000000     
    taptim  =    2100.0000000000000     
    rsttim  =    1500.0000000000000     
    radtim  =    0.0000000000000000     


   Detected positive value for run_time. 
      Using the following values: 
         run_time =    300.000000    
         timax    =    1500.00000    


   strlen          =            0
   baselen         =            6
   totlen          =            6
   output_basename = cm1out
   statfile        = cm1out_stats.dat                                                      


 Inside GETSET


 Leaving GETSET

   ... skipping sfc stuff ... 

  WMAX  :   45.4832       24   19   42    WMIN  :  -26.4494       23   31   30
  UMAX  :   65.8785       31   23   43    UMIN  :  -11.9570       28   21    1
  SUMAX :   6.76060       21   23    1    SUMIN :  -11.9570       28   21    1
  VMAX  :   47.7310       28   28   44    VMIN  :  -32.7233       25   17   44
  SVMAX :   16.2612       16   16    1    SVMIN :  -7.46344       20   23    1
  PPIMAX:  0.241727E-02   27   25   42    PPIMIN: -0.181413E-02   30   25   46
  PPMAX :   217.764       27   25   40    PPMIN :  -284.648       26   27   14
  THPMAX:   10.8364       33   23   38    THPMIN:  -42.8523       25   19   45
  STHPMX:   1.39334       13   18    1    STHPMN:  0.122498       17   26    1
  MAXqv :  0.254137E-01   18   18    6    MINqv :   0.00000       29   30   15
  MAXqc :  0.517799E-02   21   27   18    MINqc :   0.00000        1    1    1
  MAXqr :  0.441987E-03   23   30   31    MINqr :   0.00000        1    1    1
  MAXqi :  0.926486E-02   25   18   45    MINqi :   0.00000        1    1    1
  MAXqs :  0.124978E-02   23   30   33    MINqs :   0.00000        1    1    1
  MAXqg :  0.165440E-02   27   24   40    MINqg :   0.00000        1    1    1
  MAXqhl:   0.00000        1    1    1    MINqhl:   0.00000        1    1    1
  MAXccn:  0.170067E+10   17   23   12    MINccn:   0.00000       18   26    6
  MAXccw:  0.156183E+10   25   26    9    MINccw:   0.00000        1    1    1
  MAXcrw:  0.123526E+07   27   25   31    MINcrw:   0.00000        1    1    1
  MAXcci:  0.558363E+09   26   25   34    MINcci:   0.00000        1    1    1
  MAXcsw:   621817.       29   24   44    MINcsw:   0.00000        1    1    1
  MAXchw:   39016.5       24   20   34    MINchw:   0.00000        1    1    1
  MAXchl:   0.00000        1    1    1    MINchl:   0.00000        1    1    1
  MAXvhw:  0.556714E-05   27   26   34    MINvhw:   0.00000        1    1    1
  MAXvhl:   0.00000        1    1    1    MINvhl:   0.00000        1    1    1
  TKEMAX:   111.124       23   18   44    TKEMIN:   0.00000        1    1    1
  KMHMAX:   1376.08       25   19   45    KMHMIN:   0.00000        1    1    1
  KMVMAX:   1376.08       25   19   45    KMVMIN:   0.00000        1    1    1
  KHHMAX:   4128.24       25   19   45    KHHMIN:   0.00000        1    1    1
  KHVMAX:   4128.24       25   19   45    KHVMIN:   0.00000        1    1    1
  DIVMAX:  0.735946E-02   23   32   32    DIVMIN: -0.646220E-02   22   23   28
  RHMAX :   2.10682       21   24   14    RHMIN :   0.00000       29   30   15
  RHIMAX:   1.95742       24   19   16    RHIMIN:   0.00000       29   30   15
  THEMAX:   380.524       18   18    6    THEMIN:   314.184       25   49   15
  STHEMX:   378.727       16   21    1    STHEMN:   356.880       17   27    1
  QCTOP :  17900.000000    1    1    1    QCBOT :    569.454773    1    1    1
  SFPMAX:   95230.2        8    5    1    SFPMIN:   94905.8       30   22    1
  PSFCMX:   96063.9        8    5    1    PSFCMN:   95737.4       30   22    1
  WSPMAX:   65.2026       30   27   43    WSPMIN:  0.590581       16   26    1
  SWSPMX:   19.1833       27   20    1    SWSPMN:  0.590581       16   26    1
  CFLMAX:      0.576974   24   19   41
  KSHMAX:  0.774044E-02   25   19   45
  KSVMAX:  0.231326       20   18    8
  VORSFC:  0.249570E-02
  VOR1KM:  0.631173E-02
  VOR2KM:  0.697775E-02
  VOR3KM:  0.133389E-01
  VOR4KM:  0.135672E-01
  VOR5KM:  0.103089E-01
  TMASS :  0.207380E+15
  TMOIS :  0.750934E+12
  qv MAS:  0.743651E+12
  qc MAS:  0.302390E+10
  qr MAS:  0.340579E+08
  qi MAS:  0.340710E+10
  qs MAS:  0.302578E+09
  qg MAS:  0.515428E+09
  qhlMAS:  0.000000E+00
  TENERG:  0.521579E+20
  TMU   :  0.523147E+16
  TMV   :  0.327305E+16
  TMW   : -0.208393E+13
  TMFU  :  0.726785E+11
  TMFD  : -0.750086E+11
  tcond :  0.000000E+00
  tevac :  0.000000E+00
  tauto :  0.000000E+00
  taccr :  0.000000E+00
  tevar :  0.000000E+00
  train :  0.365719E+04
  erain :  0.000000E+00
  qsfc  :  0.000000E+00
  esfc  :  0.000000E+00
  erad  :  0.000000E+00
  asqv  :  0.184681E+03
  asqc  :  0.336874E+08
  asqr  :  0.556211E+05
  asqi  :  0.191932E+06
  asqs  : -0.203111E+04
  asqg  :  0.137210E+05
  asqhl :  0.000000E+00
  asccn :  0.241204E+17
  asccw :  0.266703E+19
  ascrw :  0.163061E+15
  ascci :  0.202681E+17
  ascsw : -0.147373E+13
  aschw :  0.220188E+12
  aschl :  0.000000E+00
  asvhw :  0.465581E+02
  asvhl :  0.000000E+00
  bsqv  :  0.000000E+00
  bsqc  :  0.000000E+00
  bsqr  :  0.000000E+00
  bsqi  :  0.000000E+00
  bsqs  :  0.000000E+00
  bsqg  :  0.000000E+00
  bsqhl :  0.000000E+00
  bsccn :  0.000000E+00
  bsccw :  0.000000E+00
  bscrw :  0.000000E+00
  bscci :  0.000000E+00
  bscsw :  0.000000E+00
  bschw :  0.000000E+00
  bschl :  0.000000E+00
  bsvhw :  0.000000E+00
  bsvhl :  0.000000E+00
 cm1out_stats.nc                                                       
   nrec =           21
           160             20.000000 min 

 -------------Done with Preprocessors-----------

           161             20.125000 min 
           162             20.250000 min 
           163             20.375000 min 
           164             20.500000 min 
           165             20.625000 min 
           166             20.750000 min 
           167             20.875000 min 
  WMAX  :   27.1644       24   19   39    WMIN  :  -21.4233       31   26   44
  UMAX  :   60.6210       32   26   43    UMIN  :  -11.7395       29   22    1
  SUMAX :   9.35952       22   24    1    SUMIN :  -11.7395       29   22    1
  VMAX  :   44.5551       29   29   43    VMIN  :  -28.2539       26   17   43
  SVMAX :   17.7972       27   19    1    SVMIN :  -5.70487       20   23    1
  PPIMAX:  0.801929E-02   17   25   51    PPIMIN: -0.872513E-02   21   25   51
  PPMAX :   935.922       24   36    1    PPMIN :  -1365.15       33   20    1
  THPMAX:   20.2749       30   25   47    THPMIN:  -38.7120       28   26   45
  STHPMX:   1.32977       13   19    1    STHPMN:  0.997326E-01   17   27    1
  MAXqv :  0.237598E-01   16   20    2    MINqv :  0.156772E-08   30   31   16
  MAXqc :  0.788416E-02   22   28   21    MINqc :   0.00000        1    1    1
  MAXqr :  0.126919E-02   22   28   24    MINqr :   0.00000        1    1    1
  MAXqi :  0.895733E-02   24   18   44    MINqi :   0.00000        1    1    1
  MAXqs :  0.955243E-03   28   24   44    MINqs :   0.00000        1    1    1
  MAXqg :  0.171892E-02   24   29   33    MINqg :   0.00000        1    1    1
  MAXqhl:  0.352480E-05   22   28   26    MINqhl:   0.00000        1    1    1
  MAXccn:  0.173180E+10   23   26   25    MINccn:   0.00000       15   28    4
  MAXccw:  0.693404E+10   22   29   31    MINccw:   0.00000        1    1    1
  MAXcrw:   872383.       21   24   13    MINcrw:   0.00000        1    1    1
  MAXcci:  0.162058E+10   24   29   35    MINcci:   0.00000        1    1    1
  MAXcsw:   551837.       25   18   44    MINcsw:   0.00000        1    1    1
  MAXchw:   28053.5       25   20   36    MINchw:   0.00000        1    1    1
  MAXchl:  0.198676E-02   22   29   27    MINchl:   0.00000        1    1    1
  MAXvhw:  0.464516E-05   28   27   41    MINvhw:   0.00000        1    1    1
  MAXvhl:  0.391704E-08   22   28   26    MINvhl:   0.00000        1    1    1
  TKEMAX:   74.6440       25   19   45    TKEMIN:   0.00000        1    1    1
  KMHMAX:   844.880       22   28   24    KMHMIN:   0.00000        1    1    1
  KMVMAX:   844.880       22   28   24    KMVMIN:   0.00000        1    1    1
  KHHMAX:   2534.64       22   28   24    KHHMIN:   0.00000        1    1    1
  KHVMAX:   2534.64       22   28   24    KHVMIN:   0.00000        1    1    1
  DIVMAX:  0.144963E-02   27   34    1    DIVMIN: -0.169015E-02   32   22    1
  RHMAX :   1.46409       32   25   42    RHMIN :  0.156324E-06   30   31   16
  RHIMAX:   2.99469       32   25   42    RHIMIN:  0.144723E-06   30   31   16
  THEMAX:   378.584       16   21    2    THEMIN:   314.465       26   50   15
  STHEMX:   378.486       16   21    1    STHEMN:   355.863       17   28    1
  QCTOP :  17300.000000    1    1    1    QCBOT :    399.719604    1    1    1
  SFPMAX:   96102.2       24   36    1    SFPMIN:   93801.2       33   20    1
  PSFCMX:   96941.4       24   36    1    PSFCMN:   94625.8       33   20    1
  WSPMAX:   61.2470       31   27   43    WSPMIN:  0.718566E-01   18   24    1
  SWSPMX:   19.7632       27   20    1    SWSPMN:  0.718566E-01   18   24    1
  CFLMAX:      0.516676   22   28   20
  KSHMAX:  0.475245E-02   22   28   24
  KSVMAX:  0.277883       22   23    8
  VORSFC:  0.237756E-02
  VOR1KM:  0.577520E-02
  VOR2KM:  0.792230E-02
  VOR3KM:  0.881812E-02
  VOR4KM:  0.105079E-01
  VOR5KM:  0.946495E-02
  TMASS :  0.207380E+15
  TMOIS :  0.751021E+12
  qv MAS:  0.743234E+12
  qc MAS:  0.311067E+10
  qr MAS:  0.817437E+08
  qi MAS:  0.366473E+10
  qs MAS:  0.334330E+09
  qg MAS:  0.595543E+09
  qhlMAS:  0.864629E+05
  TENERG:  0.521592E+20
  TMU   :  0.523149E+16
  TMV   :  0.327160E+16
  TMW   :  0.833261E+13
  TMFU  :  0.882516E+11
  TMFD  : -0.682486E+11
  tcond :  0.000000E+00
  tevac :  0.000000E+00
  tauto :  0.000000E+00
  taccr :  0.000000E+00
  tevar :  0.000000E+00
  train :  0.382813E+04
  erain :  0.000000E+00
  qsfc  :  0.000000E+00
  esfc  :  0.000000E+00
  erad  :  0.000000E+00
  asqv  :  0.553855E+05
  asqc  :  0.352770E+08
  asqr  :  0.566065E+05
  asqi  :  0.201566E+06
  asqs  : -0.920849E+03
  asqg  :  0.164853E+05
  asqhl :  0.346686E+02
  asccn :  0.521556E+17
  asccw :  0.315597E+19
  ascrw :  0.166195E+15
  ascci :  0.260426E+17
  ascsw : -0.126432E+13
  aschw :  0.239542E+12
  aschl :  0.311212E+05
  asvhw :  0.527153E+02
  asvhl :  0.607539E-01
  bsqv  :  0.000000E+00
  bsqc  :  0.000000E+00
  bsqr  :  0.000000E+00
  bsqi  :  0.000000E+00
  bsqs  :  0.000000E+00
  bsqg  :  0.000000E+00
  bsqhl :  0.000000E+00
  bsccn :  0.000000E+00
  bsccw :  0.000000E+00
  bscrw :  0.000000E+00
  bscci :  0.000000E+00
  bscsw :  0.000000E+00
  bschw :  0.000000E+00
  bschl :  0.000000E+00
  bsvhw :  0.000000E+00
  bsvhl :  0.000000E+00
 cm1out_stats.nc                                                       
   nrec =           22
           168             21.000000 min 
           169             21.125000 min 
           170             21.250000 min 
           171             21.375000 min 
           172             21.500000 min 
           173             21.625000 min 
           174             21.750000 min 
           175             21.875000 min 
  WMAX  :   24.0385       23   29   23    WMIN  :  -16.4802       31   26   44
  UMAX  :   58.2588       33   24   42    UMIN  :  -12.5059       29   22    1
  SUMAX :   8.92910       22   24    1    SUMIN :  -12.5059       29   22    1
  VMAX  :   40.7383       29   29   43    VMIN  :  -24.4996       26   17   43
  SVMAX :   19.1206       27   20    1    SVMIN :  -5.97615       20   22    1
  PPIMAX:  0.404679E-02   29   38   51    PPIMIN: -0.352595E-02   33   18   51
  PPMAX :   612.547       21   19    1    PPMIN :  -660.523       38   32    1
  THPMAX:   22.1171       31   26   45    THPMIN:  -30.6873       29   27   44
  STHPMX:   1.31989       13   19    1    STHPMN: -0.513000E-01   18   28    1
  MAXqv :  0.236554E-01   16   21    1    MINqv :  0.641354E-07   31   31   16
  MAXqc :  0.768664E-02   22   28   22    MINqc :   0.00000        1    1    1
  MAXqr :  0.176690E-02   23   28   23    MINqr :   0.00000        1    1    1
  MAXqi :  0.783599E-02   26   18   43    MINqi :   0.00000        1    1    1
  MAXqs :  0.856797E-03   28   24   43    MINqs :   0.00000        1    1    1
  MAXqg :  0.187154E-02   24   30   33    MINqg :   0.00000        1    1    1
  MAXqhl:  0.147706E-04   23   29   26    MINqhl:   0.00000        1    1    1
  MAXccn:  0.171115E+10   18   24   13    MINccn:   0.00000       14   18    5
  MAXccw:  0.453942E+10   24   24   27    MINccw:   0.00000        1    1    1
  MAXcrw:  0.100416E+07   22   28   22    MINcrw:   0.00000        1    1    1
  MAXcci:  0.245941E+10   24   29   35    MINcci:   0.00000        1    1    1
  MAXcsw:   470430.       26   18   43    MINcsw:   0.00000        1    1    1
  MAXchw:   25302.5       29   27   42    MINchw:   0.00000        1    1    1
  MAXchl:   4.03202       23   29   26    MINchl:   0.00000        1    1    1
  MAXvhw:  0.563100E-05   25   29   33    MINvhw:   0.00000        1    1    1
  MAXvhl:  0.207857E-07   23   29   26    MINvhl:   0.00000        1    1    1
  TKEMAX:   62.8472       20   20   20    TKEMIN:   0.00000        1    1    1
  KMHMAX:   860.085       23   29   26    KMHMIN:   0.00000        1    1    1
  KMVMAX:   860.085       23   29   26    KMVMIN:   0.00000        1    1    1
  KHHMAX:   2580.25       23   29   26    KHHMIN:   0.00000        1    1    1
  KHVMAX:   2580.25       23   29   26    KHVMIN:   0.00000        1    1    1
  DIVMAX:  0.918526E-03   29   24    1    DIVMIN: -0.828618E-03   17   19    1
  RHMAX :   1.06870       18   36    5    RHMIN :  0.636105E-05   31   31   16
  RHIMAX:   2.01699       31   26   41    RHIMIN:  0.588188E-05   31   31   16
  THEMAX:   378.191       16   21    1    THEMIN:   314.972       27   51   15
  STHEMX:   378.191       16   21    1    STHEMN:   355.222       17   28    1
  QCTOP :  17300.000000    1    1    1    QCBOT :    399.719604    1    1    1
  SFPMAX:   95778.9       21   19    1    SFPMIN:   94505.8       38   32    1
  PSFCMX:   96618.1       21   19    1    PSFCMN:   95334.8       38   32    1
  WSPMAX:   60.4820       32   29   42    WSPMIN:  0.220428       17   24    1
  SWSPMX:   20.9872       27   20    1    SWSPMN:  0.220428       17   24    1
  CFLMAX:      0.567851   23   29   21
  KSHMAX:  0.483798E-02   23   29   26
  KSVMAX:  0.284890       23   23    9
  VORSFC:  0.250241E-02
  VOR1KM:  0.487192E-02
  VOR2KM:  0.806208E-02
  VOR3KM:  0.100067E-01
  VOR4KM:  0.103785E-01
  VOR5KM:  0.921088E-02
  TMASS :  0.207380E+15
  TMOIS :  0.751113E+12
  qv MAS:  0.742952E+12
  qc MAS:  0.314270E+10
  qr MAS:  0.993269E+08
  qi MAS:  0.386559E+10
  qs MAS:  0.380405E+09
  qg MAS:  0.672764E+09
  qhlMAS:  0.102794E+06
  TENERG:  0.521595E+20
  TMU   :  0.523545E+16
  TMV   :  0.327178E+16
  TMW   : -0.500599E+13
  TMFU  :  0.785858E+11
  TMFD  : -0.904476E+11
  tcond :  0.000000E+00
  tevac :  0.000000E+00
  tauto :  0.000000E+00
  taccr :  0.000000E+00
  tevar :  0.000000E+00
  train :  0.118869E+05
  erain :  0.000000E+00
  qsfc  :  0.000000E+00
  esfc  :  0.000000E+00
  erad  :  0.000000E+00
  asqv  :  0.127702E+06
  asqc  :  0.359247E+08
  asqr  :  0.573987E+05
  asqi  :  0.206139E+06
  asqs  : -0.394492E+03
  asqg  :  0.175308E+05
  asqhl :  0.379483E+02
  asccn :  0.715593E+17
  asccw :  0.360711E+19
  ascrw :  0.167306E+15
  ascci :  0.287145E+17
  ascsw : -0.121758E+13
  aschw :  0.250213E+12
  aschl :  0.358656E+05
  asvhw :  0.562416E+02
  asvhl :  0.751333E-01
  bsqv  :  0.000000E+00
  bsqc  :  0.000000E+00
  bsqr  :  0.000000E+00
  bsqi  :  0.000000E+00
  bsqs  :  0.000000E+00
  bsqg  :  0.000000E+00
  bsqhl :  0.000000E+00
  bsccn :  0.000000E+00
  bsccw :  0.000000E+00
  bscrw :  0.000000E+00
  bscci :  0.000000E+00
  bscsw :  0.000000E+00
  bschw :  0.000000E+00
  bschl :  0.000000E+00
  bsvhw :  0.000000E+00
  bsvhl :  0.000000E+00
 cm1out_stats.nc                                                       
   nrec =           23
           176             22.000000 min 
           177             22.125000 min 
           178             22.250000 min 
           179             22.375000 min 
           180             22.500000 min 
           181             22.625000 min 
           182             22.750000 min 
           183             22.875000 min 
  WMAX  :   28.8177       23   29   26    WMIN  :  -13.7279       26   19   45
  UMAX  :   57.0949       34   26   41    UMIN  :  -12.7430       29   22    1
  SUMAX :   10.1555       18   19    1    SUMIN :  -12.7430       29   22    1
  VMAX  :   38.0342       23   31   28    VMIN  :  -19.3264       27   17   42
  SVMAX :   21.1365       27   20    1    SVMIN :  -7.20124       20   22    1
  PPIMAX:  0.320706E-02   27   19   51    PPIMIN: -0.202026E-02    3   25   51
  PPMAX :   434.086        7   14    1    PPMIN :  -479.578       34   13    1
  THPMAX:   24.3039       28   19   44    THPMIN:  -23.4413       33   21   45
  STHPMX:   1.28265       14   19    1    STHPMN: -0.242676       18   28    1
  MAXqv :  0.235869E-01   16   21    1    MINqv :  0.122520E-06   24   25   35
  MAXqc :  0.808351E-02   23   29   23    MINqc :   0.00000        1    1    1
  MAXqr :  0.327123E-02   23   29   26    MINqr :   0.00000        1    1    1
  MAXqi :  0.721272E-02   35   25   41    MINqi :   0.00000        1    1    1
  MAXqs :  0.104138E-02   29   29   32    MINqs :   0.00000        1    1    1
  MAXqg :  0.271452E-02   25   30   33    MINqg :   0.00000        1    1    1
  MAXqhl:  0.583974E-04   23   29   27    MINqhl:   0.00000        1    1    1
  MAXccn:  0.167449E+10   18   24   13    MINccn:   0.00000       14   19    5
  MAXccw:  0.335565E+10   25   25   28    MINccw:   0.00000        1    1    1
  MAXcrw:  0.169779E+07   23   29   24    MINcrw:   0.00000        1    1    1
  MAXcci:  0.196494E+10   25   30   36    MINcci:   0.00000        1    1    1
  MAXcsw:   475103.       29   29   32    MINcsw:   0.00000        1    1    1
  MAXchw:   31516.7       29   28   32    MINchw:   0.00000        1    1    1
  MAXchl:   22.5794       23   29   27    MINchl:   0.00000        1    1    1
  MAXvhw:  0.928423E-05   25   30   33    MINvhw:   0.00000        1    1    1
  MAXvhl:  0.684560E-07   23   29   27    MINvhl:   0.00000        1    1    1
  TKEMAX:   65.9908       20   20   21    TKEMIN:   0.00000        1    1    1
  KMHMAX:   940.170       23   29   29    KMHMIN:   0.00000        1    1    1
  KMVMAX:   940.170       23   29   29    KMVMIN:   0.00000        1    1    1
  KHHMAX:   2820.51       23   29   29    KHHMIN:   0.00000        1    1    1
  KHVMAX:   2820.51       23   29   29    KHVMIN:   0.00000        1    1    1
  DIVMAX:  0.491232E-03   38   12    1    DIVMIN: -0.443014E-03   10   34    1
  RHMAX :   1.01401       17   37    5    RHMIN :  0.147644E-03   25   33   19
  RHIMAX:   1.66848       32   26   42    RHIMIN:  0.138337E-03   25   33   19
  THEMAX:   377.969       16   21    1    THEMIN:   314.990       31   32   15
  STHEMX:   377.969       16   21    1    STHEMN:   355.440       17   28    1
  QCTOP :  17900.000000    1    1    1    QCBOT :    399.719604    1    1    1
  SFPMAX:   95600.4        7   14    1    SFPMIN:   94686.8       34   13    1
  PSFCMX:   96436.3        7   14    1    PSFCMN:   95516.9       34   13    1
  WSPMAX:   57.1945       33   26   41    WSPMIN:  0.460863       17   24    1
  SWSPMX:   22.3980       27   20    1    SWSPMN:  0.460863       17   24    1
  CFLMAX:      0.625147   23   29   23
  KSHMAX:  0.528845E-02   23   29   29
  KSVMAX:  0.287902       23   23    9
  VORSFC:  0.268186E-02
  VOR1KM:  0.511565E-02
  VOR2KM:  0.976891E-02
  VOR3KM:  0.100604E-01
  VOR4KM:  0.108289E-01
  VOR5KM:  0.932497E-02
  TMASS :  0.207380E+15
  TMOIS :  0.751230E+12
  qv MAS:  0.742498E+12
  qc MAS:  0.331455E+10
  qr MAS:  0.149181E+09
  qi MAS:  0.403587E+10
  qs MAS:  0.441825E+09
  qg MAS:  0.789464E+09
  qhlMAS:  0.629501E+06
  TENERG:  0.521601E+20
  TMU   :  0.525009E+16
  TMV   :  0.327329E+16
  TMW   :  0.100332E+14
  TMFU  :  0.970998E+11
  TMFD  : -0.723675E+11
  tcond :  0.000000E+00
  tevac :  0.000000E+00
  tauto :  0.000000E+00
  taccr :  0.000000E+00
  tevar :  0.000000E+00
  train :  0.744987E+05
  erain :  0.000000E+00
  qsfc  :  0.000000E+00
  esfc  :  0.000000E+00
  erad  :  0.000000E+00
  asqv  :  0.155095E+06
  asqc  :  0.366167E+08
  asqr  :  0.581383E+05
  asqi  :  0.207528E+06
  asqs  : -0.403245E+03
  asqg  :  0.180796E+05
  asqhl :  0.631017E+02
  asccn :  0.969973E+17
  asccw :  0.397336E+19
  ascrw :  0.168576E+15
  ascci :  0.306697E+17
  ascsw : -0.123974E+13
  aschw :  0.257113E+12
  aschl :  0.141960E+08
  asvhw :  0.584624E+02
  asvhl :  0.129416E+00
  bsqv  :  0.000000E+00
  bsqc  :  0.000000E+00
  bsqr  :  0.000000E+00
  bsqi  :  0.000000E+00
  bsqs  :  0.000000E+00
  bsqg  :  0.000000E+00
  bsqhl :  0.000000E+00
  bsccn :  0.000000E+00
  bsccw :  0.000000E+00
  bscrw :  0.000000E+00
  bscci :  0.000000E+00
  bscsw :  0.000000E+00
  bschw :  0.000000E+00
  bschl :  0.000000E+00
  bsvhw :  0.000000E+00
  bsvhl :  0.000000E+00
 cm1out_stats.nc                                                       
   nrec =           24
           184             23.000000 min 
           185             23.125000 min 
           186             23.250000 min 
           187             23.375000 min 
           188             23.500000 min 
           189             23.625000 min 
           190             23.750000 min 
           191             23.875000 min 
  WMAX  :   32.9548       24   30   29    WMIN  :  -10.7926       24   27   18
  UMAX  :   54.6636       35   26   41    UMIN  :  -12.4103       30   22    1
  SUMAX :   10.3991       18   19    1    SUMIN :  -12.4103       30   22    1
  VMAX  :   41.6886       24   32   31    VMIN  :  -12.3411       27   17   41
  SVMAX :   22.2740       27   21    1    SVMIN :  -8.03796       20   22    1
  PPIMAX:  0.249404E-02   54    6   51    PPIMIN: -0.164674E-02   45    4   51
  PPMAX :   399.516       19   20   20    PPMIN :  -261.656       24   31   20
  THPMAX:   27.2222       28   20   44    THPMIN:  -21.3558       27   26   45
  STHPMX:   1.23661       14   20    1    STHPMN: -0.340179       18   28    1
  MAXqv :  0.235430E-01   16   21    1    MINqv :  0.467559E-07   32   32   15
  MAXqc :  0.796514E-02   23   30   25    MINqc :   0.00000        1    1    1
  MAXqr :  0.544132E-02   24   30   28    MINqr :   0.00000        1    1    1
  MAXqi :  0.708725E-02   36   26   40    MINqi :   0.00000        1    1    1
  MAXqs :  0.132646E-02   30   29   32    MINqs :   0.00000        1    1    1
  MAXqg :  0.408044E-02   25   30   32    MINqg :   0.00000        1    1    1
  MAXqhl:  0.283970E-03   24   30   28    MINqhl:   0.00000        1    1    1
  MAXccn:  0.168619E+10   20   25   14    MINccn:   0.00000       12   24    6
  MAXccw:  0.263054E+10   26   25   30    MINccw:   0.00000        1    1    1
  MAXcrw:  0.129294E+07   23   29   25    MINcrw:   0.00000        1    1    1
  MAXcci:  0.168356E+10   27   31   38    MINcci:   0.00000        1    1    1
  MAXcsw:   479713.       30   30   32    MINcsw:   0.00000        1    1    1
  MAXchw:   29814.7       30   28   33    MINchw:   0.00000        1    1    1
  MAXchl:   64.6951       24   30   28    MINchl:   0.00000        1    1    1
  MAXvhw:  0.112880E-04   26   30   33    MINvhw:   0.00000        1    1    1
  MAXvhl:  0.321286E-06   24   30   28    MINvhl:   0.00000        1    1    1
  TKEMAX:   73.0503       24   30   32    TKEMIN:   0.00000        1    1    1
  KMHMAX:   1041.96       24   30   32    KMHMIN:   0.00000        1    1    1
  KMVMAX:   1041.96       24   30   32    KMVMIN:   0.00000        1    1    1
  KHHMAX:   3125.88       24   30   32    KHHMIN:   0.00000        1    1    1
  KHVMAX:   3125.88       24   30   32    KHVMIN:   0.00000        1    1    1
  DIVMAX:  0.286344E-03    1    9    1    DIVMIN: -0.311292E-03   27   20    1
  RHMAX :   1.00754       34   33   21    RHMIN :  0.429021E-05   32   32   15
  RHIMAX:   1.48443       32   26   47    RHIMIN:  0.390602E-05   32   32   15
  THEMAX:   377.766       16   21    1    THEMIN:   315.070       32   32   15
  STHEMX:   377.766       16   21    1    STHEMN:   355.778       18   28    1
  QCTOP :  18500.000000    1    1    1    QCBOT :    569.454773    1    1    1
  SFPMAX:   95545.2        1    5    1    SFPMIN:   94912.5       28   30    1
  PSFCMX:   96380.8        1    5    1    PSFCMN:   95744.1       28   30    1
  WSPMAX:   54.9240       39   30   37    WSPMIN:  0.313734       18   24    1
  SWSPMX:   22.9671       27   20    1    SWSPMN:  0.313734       18   24    1
  CFLMAX:      0.642762   24   30   26
  KSHMAX:  0.586103E-02   24   30   32
  KSVMAX:  0.273620       23   23    9
  VORSFC:  0.345913E-02
  VOR1KM:  0.599422E-02
  VOR2KM:  0.910794E-02
  VOR3KM:  0.102731E-01
  VOR4KM:  0.923597E-02
  VOR5KM:  0.962860E-02
  TMASS :  0.207380E+15
  TMOIS :  0.751386E+12
  qv MAS:  0.742026E+12
  qc MAS:  0.342295E+10
  qr MAS:  0.241561E+09
  qi MAS:  0.418856E+10
  qs MAS:  0.514972E+09
  qg MAS:  0.988603E+09
  qhlMAS:  0.390906E+07
  TENERG:  0.521604E+20
  TMU   :  0.525652E+16
  TMV   :  0.327650E+16
  TMW   : -0.411647E+13
  TMFU  :  0.851829E+11
  TMFD  : -0.952494E+11
  tcond :  0.000000E+00
  tevac :  0.000000E+00
  tauto :  0.000000E+00
  taccr :  0.000000E+00
  tevar :  0.000000E+00
  train :  0.218031E+06
  erain :  0.000000E+00
  qsfc  :  0.000000E+00
  esfc  :  0.000000E+00
  erad  :  0.000000E+00
  asqv  :  0.163812E+06
  asqc  :  0.373713E+08
  asqr  :  0.640520E+05
  asqi  :  0.207769E+06
  asqs  : -0.499211E+03
  asqg  :  0.187788E+05
  asqhl :  0.200242E+03
  asccn :  0.110770E+18
  asccw :  0.422712E+19
  ascrw :  0.170550E+15
  ascci :  0.319712E+17
  ascsw : -0.170176E+13
  aschw :  0.261276E+12
  aschl :  0.720379E+08
  asvhw :  0.610843E+02
  asvhl :  0.434183E+00
  bsqv  :  0.000000E+00
  bsqc  :  0.000000E+00
  bsqr  :  0.000000E+00
  bsqi  :  0.000000E+00
  bsqs  :  0.000000E+00
  bsqg  :  0.000000E+00
  bsqhl :  0.000000E+00
  bsccn :  0.000000E+00
  bsccw :  0.000000E+00
  bscrw :  0.000000E+00
  bscci :  0.000000E+00
  bscsw :  0.000000E+00
  bschw :  0.000000E+00
  bschl :  0.000000E+00
  bsvhw :  0.000000E+00
  bsvhl :  0.000000E+00
 cm1out_stats.nc                                                       
   nrec =           25
           192             24.000000 min 
           193             24.125000 min 
           194             24.250000 min 
           195             24.375000 min 
           196             24.500000 min 
           197             24.625000 min 
           198             24.750000 min 
           199             24.875000 min 
   Getting dbz ... 
  WMAX  :   35.6524       25   31   31    WMIN  :  -11.8746       24   20   17
  UMAX  :   53.7830       43   28   38    UMIN  :  -12.1596       31   23    1
  SUMAX :   10.8252       18   20    1    SUMIN :  -12.1596       31   23    1
  VMAX  :   41.9841       25   33   32    VMIN  :  -10.5368       30   15   39
  SVMAX :   23.5429       27   21    1    SVMIN :  -7.75466       20   22    1
  PPIMAX:  0.280946E-02   25   31   36    PPIMIN: -0.127699E-02   63    8   51
  PPMAX :   367.496       25   31   35    PPMIN :  -247.344       13   14    1
  THPMAX:   28.9777       29   20   43    THPMIN:  -19.1365       27   26   44
  STHPMX:   1.27640       14   20    1    STHPMN: -0.366791       18   29    1
  MAXqv :  0.235137E-01   16   21    1    MINqv :  0.778710E-07   33   32   15
  MAXqc :  0.948801E-02   27   22   27    MINqc :   0.00000        1    1    1
  MAXqr :  0.445984E-02   25   31   29    MINqr :   0.00000        1    1    1
  MAXqi :  0.686270E-02   38   26   40    MINqi :   0.00000        1    1    1
  MAXqs :  0.154776E-02   31   30   32    MINqs :   0.00000        1    1    1
  MAXqg :  0.734734E-02   25   31   32    MINqg :   0.00000        1    1    1
  MAXqhl:  0.738650E-03   25   31   28    MINqhl:   0.00000        1    1    1
  MAXccn:  0.166683E+10   20   32   14    MINccn:   0.00000       14   20    6
  MAXccw:  0.214397E+10   27   26   30    MINccw:   0.00000        1    1    1
  MAXcrw:  0.171927E+07   27   22   27    MINcrw:   0.00000        1    1    1
  MAXcci:  0.153624E+10   28   31   39    MINcci:   0.00000        1    1    1
  MAXcsw:   423412.       32   30   32    MINcsw:   0.00000        1    1    1
  MAXchw:   30838.3       24   30   32    MINchw:   0.00000        1    1    1
  MAXchl:   136.547       28   29   23    MINchl:   0.00000        1    1    1
  MAXvhw:  0.157938E-04   26   31   33    MINvhw:   0.00000        1    1    1
  MAXvhl:  0.821210E-06   25   31   28    MINvhl:   0.00000        1    1    1
  TKEMAX:   79.5345       25   31   35    TKEMIN:   0.00000        1    1    1
  KMHMAX:   1126.73       25   31   35    KMHMIN:   0.00000        1    1    1
  KMVMAX:   1126.73       25   31   35    KMVMIN:   0.00000        1    1    1
  KHHMAX:   3380.20       25   31   35    KHHMIN:   0.00000        1    1    1
  KHVMAX:   3380.20       25   31   35    KHVMIN:   0.00000        1    1    1
  DIVMAX:  0.362627E-03   24   31   15    DIVMIN: -0.249156E-03   27   21   16
  RHMAX :   1.02968       29   20   47    RHMIN :  0.679938E-05   33   32   15
  RHIMAX:   2.07932       32   27   48    RHIMIN:  0.614449E-05   33   32   15
  THEMAX:   377.654       16   21    1    THEMIN:   315.707       33   32   15
  STHEMX:   377.654       16   21    1    STHEMN:   355.912       18   29    1
  QCTOP :  18500.000000    1    1    1    QCBOT :    569.454773    1    1    1
  SFPMAX:   95466.3        1   13    1    SFPMIN:   94919.0       13   14    1
  PSFCMX:   96301.4        1   13    1    PSFCMN:   95750.6       13   14    1
  WSPMAX:   57.6607       26   32   34    WSPMIN:  0.364954       18   24    1
  SWSPMX:   23.0407       27   20    1    SWSPMN:  0.364954       18   24    1
  CFLMAX:      0.664431   24   30   25
  KSHMAX:  0.633788E-02   25   31   35
  KSVMAX:  0.252806       24   24   10
  VORSFC:  0.379962E-02
  VOR1KM:  0.634827E-02
  VOR2KM:  0.928266E-02
  VOR3KM:  0.101091E-01
  VOR4KM:  0.991218E-02
  VOR5KM:  0.123607E-01
  TMASS :  0.207380E+15
  TMOIS :  0.751588E+12
  qv MAS:  0.741430E+12
  qc MAS:  0.352627E+10
  qr MAS:  0.312393E+09
  qi MAS:  0.434944E+10
  qs MAS:  0.593436E+09
  qg MAS:  0.136000E+10
  qhlMAS:  0.162124E+08
  TENERG:  0.521604E+20
  TMU   :  0.526290E+16
  TMV   :  0.327840E+16
  TMW   :  0.125912E+14
  TMFU  :  0.111807E+12
  TMFD  : -0.812607E+11
  tcond :  0.000000E+00
  tevac :  0.000000E+00
  tauto :  0.000000E+00
  taccr :  0.000000E+00
  tevar :  0.000000E+00
  train :  0.436918E+06
  erain :  0.000000E+00
  qsfc  :  0.000000E+00
  esfc  :  0.000000E+00
  erad  :  0.000000E+00
  asqv  :  0.169057E+06
  asqc  :  0.382174E+08
  asqr  :  0.817787E+05
  asqi  :  0.207784E+06
  asqs  : -0.609734E+03
  asqg  :  0.214230E+05
  asqhl :  0.418233E+03
  asccn :  0.120680E+18
  asccw :  0.446229E+19
  ascrw :  0.174065E+15
  ascci :  0.335427E+17
  ascsw : -0.173838E+13
  aschw :  0.271843E+12
  aschl :  0.179261E+09
  asvhw :  0.675227E+02
  asvhl :  0.118619E+01
  bsqv  :  0.000000E+00
  bsqc  :  0.000000E+00
  bsqr  :  0.000000E+00
  bsqi  :  0.000000E+00
  bsqs  :  0.000000E+00
  bsqg  :  0.000000E+00
  bsqhl :  0.000000E+00
  bsccn :  0.000000E+00
  bsccw :  0.000000E+00
  bscrw :  0.000000E+00
  bscci :  0.000000E+00
  bscsw :  0.000000E+00
  bschw :  0.000000E+00
  bschl :  0.000000E+00
  bsvhw :  0.000000E+00
  bsvhl :  0.000000E+00
 cm1out_stats.nc                                                       
   nrec =           26
           200             25.000000 min 
   string = cm1out_rst_000005.nc                                                  
  USING COMPRESSED netCDF4 
   leaving restart_prelim 

 Total time:    2.37500000    

   sound    :        0.12    5.26%
   poiss    :        0.00    0.00%
   advs     :        0.32   13.68%
   advu     :        0.00    0.00%
   advv     :        0.00    0.00%
   advw     :        0.01    0.42%
   divx     :        0.00    0.00%
   buoyan   :        0.00    0.00%
   turb     :        0.08    3.37%
   sfcphys  :        0.00    0.00%
   tmix     :        0.12    5.05%
   cor      :        0.00    0.00%
   diffu    :        0.00    0.00%
   rdamp    :        0.00    0.21%
   microphy :        0.05    1.89%
   satadj   :        0.00    0.00%
   fallout  :        0.00    0.00%
   radiatio :        0.00    0.00%
   pbl      :        0.00    0.00%
   stat     :        0.00    0.00%
   cflq     :        0.00    0.00%
   bc       :        0.01    0.63%
   integ    :        0.05    2.32%
   write    :        0.00    0.00%
   restart  :        0.25   10.53%
   misc     :        0.00    0.21%
   swaths   :        0.00    0.00%
   pdef     :        0.12    4.84%
   prsrho   :        0.11    4.63%
   parcels  :        0.00    0.00%
   mp_total :        1.12   46.95%

   mpu1     :        0.05    1.89%
   mpu2     :        0.12    4.84%
   mpv1     :        0.00    0.21%
   mpv2     :        0.00    0.21%
   mpw1     :        0.02    0.84%
   mpw2     :        0.00    0.00%
   mpp1     :        0.00    0.00%
   mpp2     :        0.00    0.00%
   mps1     :        0.01    0.63%
   mps2     :        0.17    6.95%
   mps3     :        0.01    0.42%
   mps4     :        0.42   17.68%
   mpq1     :        0.00    0.00%
   mpq2     :        0.00    0.00%
   mptk1    :        0.31   13.26%
   mptk2    :        0.00    0.00%
   mpb      :        0.00    0.00%


   MN =    695747456.    

 Program terminated normally:  myid=          15
 Program terminated normally:  myid=           9
 Program terminated normally:  myid=          14
 Program terminated normally:  myid=          12
 Program terminated normally:  myid=           8
 Program terminated normally:  myid=           0
 Program terminated normally:  myid=          18
 Program terminated normally:  myid=          23
 Program terminated normally:  myid=           4
 Program terminated normally:  myid=           7
 Program terminated normally:  myid=          13
 Program terminated normally:  myid=          20
 Program terminated normally:  myid=          16
 Program terminated normally:  myid=          10
 Program terminated normally:  myid=          11
 Program terminated normally:  myid=           1
 Program terminated normally:  myid=           2
 Program terminated normally:  myid=          21
 Program terminated normally:  myid=          17
 Program terminated normally:  myid=          24
 Program terminated normally:  myid=          22
 Program terminated normally:  myid=           5
 Program terminated normally:  myid=          19
 Program terminated normally:  myid=           3
 Program terminated normally:  myid=           6
