 Inside PARAM

   Everything is cool!
   ni,nj=          15          15


 dx        =   2000.00000    
 dy        =   2000.00000    
 dz        =   392.156860    
 dtl       =   7.50000000    
 timax     =   5400.00000    
 run_time  =   0.00000000    
 tapfrq    =   900.000000    
 rstfrq    =   0.00000000    
 statfrq   =   60.0000000    
 prclfrq   =   60.0000000    

 adapt_dt  =           0
 irst      =           0
 rstnum    =           0
 iconly    =           0
 hadvordrs =           5
 vadvordrs =           5
 hadvordrv =           5
 vadvordrv =           5
 pdscheme  =           1
 apmasscon =           1
 advwenos  =           2
 advwenov  =           0
 idiff     =           0
 mdiff     =           0
 difforder =           6
 imoist    =           1
 iturb     =           1
 tconfig   =           1
 bcturbs   =           1
 dns       =           0
 irdamp    =           1
 hrdamp    =           0
 psolver   =           3
 nsound    =           6
 ptype     =          27
 ihail     =           1
 iautoc    =           1
 icor      =           0
 pertcor   =           0
 eqtset    =           2
 idiss     =           1
 efall     =           0
 rterm     =           0
 wbc       =           2
 ebc       =           2
 sbc       =           2
 nbc       =           2
 bbc       =           1
 tbc       =           1
 irbc      =           4
 roflux    =           0
 isnd      =           7
 iwnd      =           2
 itern     =           0
 iinit     =           0
 irandp    =           0
 ibalance  =           0
 iorigin   =           1
 axisymm   =           0
 imove     =           0
 iptra     =           0
 npt       =           1
 pdtra     =           1
 iprcl     =           0
 nparcels  =           1

 kdiff2    =   75.0000000    
 kdiff6    =   3.99999991E-02
 fcor      =   0.00000000    
 kdiv      =  0.100000001    
 alph      =  0.600000024    
 rdalpha   =   3.33333341E-03
 zd        =   15000.0000    
 xhd       =   100000.000    
 umove     =   0.00000000    
 vmove     =   0.00000000    
 v_t       =   7.00000000    
 l_h       =   100.000000    
 lhref1    =   100.000000    
 lhref2    =   1000.00000    
 l_inf     =   100.000000    
 ndcnst    =   250.000000    

 radopt    =           0
 dtrad     =   300.000000    
 ctrlat    =   35.2358284    
 ctrlon    =  -97.4619370    
 year      =        2003
 month     =           5
 day       =           8
 hour      =          20
 minute    =          40
 second    =           0

 isfcflx   =           0
 sfcmodel  =           0
 oceanmodel=           0
 ipbl      =           0
 initsfc   =           1
 tsk0      =   299.279999    
 tmn0      =   297.279999    
 xland0    =   2.00000000    
 lu0       =          16
 season    =           1
 cecd      =           3
 pertflx   =           0
 cnstce    =   1.00000005E-03
 cnstcd    =   1.00000005E-03
 isftcflx  =           0
 iz0tlnd   =           0
 oml_hml0  =   50.0000000    
 oml_gamma =  0.140000001    

 stretch_x =           0
 dx_inner  =   1000.00000    
 dx_outer  =   7000.00000    
 nos_x_len =   40000.0000    
 tot_x_len =   120000.000    

 stretch_y =           0
 dy_inner  =   1000.00000    
 dy_outer  =   7000.00000    
 nos_y_len =   40000.0000    
 tot_y_len =   120000.000    

 stretch_z =           2
 ztop      =   20000.0000    
 str_bot   =   0.00000000    
 str_top   =   8625.00000    
 dz_bot    =   150.000000    
 dz_top    =   600.000000    

 bc_temp   =           1
 ptc_top   =   250.000000    
 ptc_bot   =   300.000000    
 viscosity =   25.0000000    
 pr_num    =  0.720000029    

 var1      =   0.00000000    
 var2      =   0.00000000    
 var3      =   0.00000000    
 var4      =   0.00000000    
 var5      =   0.00000000    
 var6      =   0.00000000    
 var7      =   0.00000000    
 var8      =   0.00000000    
 var9      =   0.00000000    
 var10     =   0.00000000    

&NSSL2MOM_PARAMS
 RHO_QR=  1000.00000    ,
 CNOR=  8000000.00    ,
 RHO_QS=  100.000000    ,
 CNOS=  3000000.00    ,
 RHO_QH=  500.000000    ,
 CNOH=  40000.0000    ,
 CCN=  2.00000000E+09,
 INFALL=4          ,
 ALPHAH=  0.00000000    ,
 ALPHAHL= 0.500000000    ,
 IMURAIN=1          ,
 ICDX=3          ,
 ICDXHL=3          ,
 DFRZ=  1.50000007E-04,
 HLDNMN=  500.000000    ,
 IFERWISVENTR=2          ,
 IEHW=1          ,
 IEHLW=1          ,
 EHW0= 0.750000000    ,
 EHLW0= 0.750000000    ,
 DMRAUTO=0          ,
 IOLDLIMITER=0          ,
 /

 ZGRID:  STRETCH FAC  =    1.0359004512429237     
 ZGRID:  DOMAIN  HGT  =    20000.0000    

 ZGRID:  STRETCH FAC  =    1.0359004512429237     
 ZGRID:  DOMAIN  HGT  =    20000.0000    

 ZGRID:  STRETCH FAC  =    1.0359004512429237     
 ZGRID:  DOMAIN  HGT  =    20000.0000    

 ZGRID:  STRETCH FAC  =    1.0359004512429237     
 ZGRID:  DOMAIN  HGT  =    20000.0000    

 ZGRID:  STRETCH FAC  =    1.0359004512429237     
 ZGRID:  DOMAIN  HGT  =    20000.0000    

 ZGRID:  STRETCH FAC  =    1.0359004512429237     
 ZGRID:  DOMAIN  HGT  =    20000.0000    

 ZGRID:  STRETCH FAC  =    1.0359004512429237     
 ZGRID:  DOMAIN  HGT  =    20000.0000    

 ZGRID:  STRETCH FAC  =    1.0359004512429237     
 ZGRID:  DOMAIN  HGT  =    20000.0000    

 ZGRID:  STRETCH FAC  =    1.0359004512429237     
 ZGRID:  DOMAIN  HGT  =    20000.0000    

 ZGRID:  STRETCH FAC  =    1.0359004512429237     
 ZGRID:  DOMAIN  HGT  =    20000.0000    

 ZGRID:  STRETCH FAC  =    1.0359004512429237     
 ZGRID:  DOMAIN  HGT  =    20000.0000    

 ZGRID:  STRETCH FAC  =    1.0359004512429237     
 ZGRID:  DOMAIN  HGT  =    20000.0000    

 ZGRID:  STRETCH FAC  =    1.0359004512429237     
 ZGRID:  DOMAIN  HGT  =    20000.0000    

 ZGRID:  STRETCH FAC  =    1.0359004512429237     
 ZGRID:  DOMAIN  HGT  =    20000.0000    

 ZGRID:  STRETCH FAC  =    1.0359004512429237     
 ZGRID:  DOMAIN  HGT  =    20000.0000    

 ZGRID:  STRETCH FAC  =    1.0359004512429237     
 ZGRID:  DOMAIN  HGT  =    20000.0000    

 ZGRID:  STRETCH FAC  =    1.0359004512429237     
 ZGRID:  DOMAIN  HGT  =    20000.0000    

 ZGRID:  STRETCH FAC  =    1.0359004512429237     

 ZGRID:  STRETCH FAC  =    1.0359004512429237     
 ZGRID:  DOMAIN  HGT  =    20000.0000    
 ZGRID:  DOMAIN  HGT  =    20000.0000    

 ZGRID:  STRETCH FAC  =    1.0359004512429237     
 ZGRID:  DOMAIN  HGT  =    20000.0000    

 ZGRID:  STRETCH FAC  =    1.0359004512429237     
 ZGRID:  DOMAIN  HGT  =    20000.0000    

 ZGRID:  STRETCH FAC  =    1.0359004512429237     
 ZGRID:  DOMAIN  HGT  =    20000.0000    

 ZGRID:  STRETCH FAC  =    1.0359004512429237     
 ZGRID:  DOMAIN  HGT  =    20000.0000    

 ZGRID:  STRETCH FAC  =    1.0359004512429237     
 ZGRID:  DOMAIN  HGT  =    20000.0000    

 iice      =           1
 idm       =           1
 idmplus   =           1
 numq      =          16
 nqv       =           1
 nqc       =           2
 nqr       =           3
 nqi       =           4
 nqs       =           5
 nqg       =           6
 nql1      =           2
 nql2      =           3
 nqs1      =           4
 nqs2      =           7
 nnc1      =           8
 nnc2      =          14
 nvl1      =          15
 nvl2      =          16
 nzl1      =           1
 nzl2      =           1

 nrain     =           1


 output_path      = ./                                                                    
 output_basename  = cm1out                                                                
 output_format    =           2
 output_filetype  =           1
 output_interp    =           0
 output_rain      =           1
 output_sws       =           1
 output_svs       =           1
 output_sps       =           1
 output_srs       =           1
 output_sgs       =           1
 output_sus       =           1
 output_shs       =           1
 output_coldpool  =           0
 output_sfcflx    =           0
 output_sfcparams =           0
 output_sfcdiags  =           0
 output_psfc      =           0
 output_zs        =           0
 output_zh        =           0
 output_basestate =           0
 output_th        =           1
 output_thpert    =           0
 output_prs       =           1
 output_prspert   =           0
 output_pi        =           0
 output_pipert    =           0
 output_rho       =           1
 output_rhopert   =           1
 output_tke       =           1
 output_km        =           1
 output_kh        =           1
 output_qv        =           1
 output_qvpert    =           0
 output_q         =           1
 output_dbz       =           1
 output_buoyancy  =           0
 output_u         =           1
 output_upert     =           0
 output_uinterp   =           1
 output_v         =           1
 output_vpert     =           0
 output_vinterp   =           1
 output_w         =           1
 output_winterp   =           1
 output_vort      =           0
 output_pv        =           0
 output_uh        =           0
 output_pblten    =           0
 output_dissten   =           0
 output_dissheat  =           0
 output_mptend    =           0
 output_fallvel   =           0
 output_nm        =           0
 output_def       =           0
 output_turbten   =           0
 output_impdiften =           0
 output_radten    =           0


 restart_format       =            2
 restart_filetype     =            1
 restart_file_theta   =  T
 restart_file_dbz     =  T
 restart_file_th0     =  T
 restart_file_prs0    =  T
 restart_file_pi0     =  T
 restart_file_rho0    =  T
 restart_file_qv0     =  T
 restart_file_u0      =  T
 restart_file_v0      =  T
 restart_file_zs      =  F
 restart_file_zh      =  F
 restart_file_zf      =  F
 restart_file_diags   =  F
 restart_use_theta    =  T
 restart_reset_frqtim =  T

   maxk =           51


   myid,mynode             =            0           0
   nodemaster,nodes,ppnode =            0           1          25
   nodex,nodey             =            5           5

   d2i   =           80
   d2is  =           75
   d2iu  =           76
   d2iv  =           75

   d2j   =           80
   d2js  =           75
   d2ju  =           75
   d2jv  =           76

   d3i   =           16
   d3is  =           15
   d3iu  =           16
   d3iv  =           15

   d3j   =           16
   d3js  =           15
   d3ju  =           15
   d3jv  =           16

   d3n   =           25
   d3t   =           24


 stat_w       =            1
 stat_u       =            1
 stat_v       =            1
 stat_rmw     =            0
 stat_pipert  =            1
 stat_prspert =            1
 stat_thpert  =            1
 stat_q       =            1
 stat_tke     =            1
 stat_km      =            1
 stat_kh      =            1
 stat_div     =            1
 stat_rh      =            1
 stat_rhi     =            1
 stat_the     =            1
 stat_cloud   =            1
 stat_sfcprs  =            1
 stat_wsp     =            1
 stat_cfl     =            1
 stat_vort    =            1
 stat_tmass   =            1
 stat_tmois   =            1
 stat_qmass   =            1
 stat_tenerg  =            1
 stat_mo      =            1
 stat_tmf     =            1
 stat_pcn     =            1
 stat_qsrc    =            1

 stat_out =          150


 prcl_th      =            0
 prcl_t       =            0
 prcl_prs     =            0
 prcl_ptra    =            0
 prcl_q       =            0
 prcl_nc      =            0
 prcl_km      =            0
 prcl_kh      =            0
 prcl_tke     =            0
 prcl_dbz     =            0
 prcl_b       =            0
 prcl_vpg     =            0
 prcl_vort    =            0
 prcl_rho     =            0
 prcl_qsat    =            0
 prcl_sfc     =            0


   c_m,c_l,ri_c  =   0.100000001      0.816500008      0.250000000    
   c_e1,c_e2,sum =   0.200001687      0.786958814      0.986960530    
   c_s,rcs       =   0.178412408       5.60499144    

   nparcels =            1
   npvals   =            1
     prx      =            0
     pry      =            0
     prz      =            0
     pru      =            0
     prv      =            0
     prw      =            0
     prth     =            0
     prt      =            0
     prprs    =            0
     prpt1    =            0
     prpt2    =            0
     prqv     =            0
     prq1     =            0
     prq2     =            0
     prnc1    =            0
     prnc2    =            0
     prkm     =            0
     prkh     =            0
     prtke    =            0
     prdbz    =            0
     prb      =            0
     prvpg    =            0
     przv     =            0
     prrho    =            0
     prqsl    =            0
     prqsi    =            0
     prznt    =            0
     prust    =            0

   myi,myj=           1           1

   mywest  =           4
   myeast  =           1
   mysouth =          20
   mynorth =           5

   mysw    =          24
   mynw    =           9
   myne    =           6
   myse    =          21

   cs1we   =         765
   cs1sn   =         765
   ct1we   =         780
   ct1sn   =         780
   cv1we   =         816
   cu1sn   =         816
   cw1we   =         750
   cw1sn   =         750
   cs2we   =        1530
   cs2sn   =        1530
   cs3we   =        2295
   cs3sn   =        2295
   ct3we   =        2340
   ct3sn   =        2340
   cv3we   =        2448
   cu3sn   =        2448
   cw3we   =        2250
   cw3sn   =        2250


 g     =   9.81000042    
 to    =   273.149994    
 rd    =   287.040009    
 rv    =   461.500000    
 cp    =   1005.70001    
 cv    =   718.660034    
 cpv   =   1870.00000    
 cvv   =   1408.50000    
 p00   =   100000.000    
 rp00  =   9.99999975E-06
 th0r  =   300.000000    
 rcp   =   9.94332251E-04
 pi    =   3.14159274    

 cpdcv =   1.39941001    
 rovcp =  0.285413146    
 rddcv =  0.399410009    
 cvdrd =   2.50369287    
 cpdrd =   3.50369287    
 eps   =  0.621971846    
 reps  =   1.60778975    
 repsm1=  0.607789755    
 cpt   =  0.859401345    
 cvt   =  0.959897518    
 pnum  =  -72634.2500    
 xlv   =   2501000.00    
 xls   =   2834000.00    
 lvdcp =   2486.82495    
 condc =   13476814.0    
 cpl   =   4190.00000    
 cpi   =   2106.00000    
 lv1   =   3134708.00    
 lv2   =   2320.00000    
 ls1   =   2898463.50    
 ls2   =   236.000000    
 karman=  0.400000006    

 timeformat   =           2
 timestats    =           1
 terrain_flag = F
 procfiles    = F

 nx    =          75
 ny    =          75
 nz    =          51

 nodex    =           5
 nodey    =           5
 numprocs =          25
 ppnode   =          25

 ni    =          15
 nj    =          15
 nk    =          51
 nkp1  =          52

 ib,ibm,ibi,ibc,ibt=       -2       -2       -2       -2       -2
 ie,iem,iei,iec,iet=       18       18       18       18       18
 jb,jbm,jbi,jbc,jbt=       -2       -2       -2       -2       -2
 je,jem,jei,jec,jet=       18       18       18       18       18
 kb,kbm,kbi,kbc,kbt=        0        0        0        0        0
 ke,kem,kei,kec,ket=       52       52       52       53       53

 imirror,jmirror =            0           0

 ibp,itb,ipb,ibr,ibb=        1        1        1        1        1
 iep,ite,ipe,ier,ieb=        1        1        1        1        1
 jbp,jtb,jpb,jbr,jbb=        1        1        1        1        1
 jep,jte,jpe,jer,jeb=        1        1        1        1        1
 kbp,ktb,kpb,kbr,kbb=        1        1        1        1        1
 kep,kte,kpe,ker,keb=        1        1        1        1        1

 ibd               =        1
 ied               =        1
 jbd               =        1
 jed               =        1
 kbd               =        1
 ked               =        1

 ibl               =        1
 iel               =        1
 jbl               =        1
 jel               =        1

 imp,jmp,kmp,kmt,rmp,cmp =     15     15     51     52      8      3

 rdx    =   5.00000024E-04
 rdy    =   5.00000024E-04
 rdz    =   2.55000009E-03
 rdx2   =   2.50000012E-04
 rdy2   =   2.50000012E-04
 rdz2   =   1.27500005E-03
 rdx4   =   1.25000006E-04
 rdy4   =   1.25000006E-04
 rdz4   =   6.37500023E-04
 govtwo =   4.90500021    
 clwsat =   9.99999997E-07
 smeps  =   1.00000000E-30
 tsmall =   9.99999975E-05
 qsmall =   9.99999982E-15
 cstar  =   30.0000000    
 csmax  =   350.000000    
 epsilon=   1.00000005E-18


 x:
      i         xf           xh         dx         uf         uh
 ---------------------------------------------------------------
      -2      -6000.00      -5000.00     2000.00     1.0000     1.0000   x
      -1      -4000.00      -3000.00     2000.00     1.0000     1.0000   x
       0      -2000.00      -1000.00     2000.00     1.0000     1.0000   x
       1          0.00       1000.00     2000.00     1.0000     1.0000    
       2       2000.00       3000.00     2000.00     1.0000     1.0000    
       3       4000.00       5000.00     2000.00     1.0000     1.0000    
       4       6000.00       7000.00     2000.00     1.0000     1.0000    
       5       8000.00       9000.00     2000.00     1.0000     1.0000    
       6      10000.00      11000.00     2000.00     1.0000     1.0000    
       7      12000.00      13000.00     2000.00     1.0000     1.0000    
       8      14000.00      15000.00     2000.00     1.0000     1.0000    
       9      16000.00      17000.00     2000.00     1.0000     1.0000    
      10      18000.00      19000.00     2000.00     1.0000     1.0000    
      11      20000.00      21000.00     2000.00     1.0000     1.0000    
      12      22000.00      23000.00     2000.00     1.0000     1.0000    
      13      24000.00      25000.00     2000.00     1.0000     1.0000    
      14      26000.00      27000.00     2000.00     1.0000     1.0000    
      15      28000.00      29000.00     2000.00     1.0000     1.0000    
      16      30000.00      31000.00     2000.00     1.0000     1.0000    
      17      32000.00      33000.00     2000.00     1.0000     1.0000    
      18      34000.00      35000.00     2000.00     1.0000     1.0000    
      19      36000.00      37000.00     2000.00     1.0000     1.0000    
      20      38000.00      39000.00     2000.00     1.0000     1.0000    
      21      40000.00      41000.00     2000.00     1.0000     1.0000    
      22      42000.00      43000.00     2000.00     1.0000     1.0000    
      23      44000.00      45000.00     2000.00     1.0000     1.0000    
      24      46000.00      47000.00     2000.00     1.0000     1.0000    
      25      48000.00      49000.00     2000.00     1.0000     1.0000    
      26      50000.00      51000.00     2000.00     1.0000     1.0000    
      27      52000.00      53000.00     2000.00     1.0000     1.0000    
      28      54000.00      55000.00     2000.00     1.0000     1.0000    
      29      56000.00      57000.00     2000.00     1.0000     1.0000    
      30      58000.00      59000.00     2000.00     1.0000     1.0000    
      31      60000.00      61000.00     2000.00     1.0000     1.0000    
      32      62000.00      63000.00     2000.00     1.0000     1.0000    
      33      64000.00      65000.00     2000.00     1.0000     1.0000    
      34      66000.00      67000.00     2000.00     1.0000     1.0000    
      35      68000.00      69000.00     2000.00     1.0000     1.0000    
      36      70000.00      71000.00     2000.00     1.0000     1.0000    
      37      72000.00      73000.00     2000.00     1.0000     1.0000    
      38      74000.00      75000.00     2000.00     1.0000     1.0000    
      39      76000.00      77000.00     2000.00     1.0000     1.0000    
      40      78000.00      79000.00     2000.00     1.0000     1.0000    
      41      80000.00      81000.00     2000.00     1.0000     1.0000    
      42      82000.00      83000.00     2000.00     1.0000     1.0000    
      43      84000.00      85000.00     2000.00     1.0000     1.0000    
      44      86000.00      87000.00     2000.00     1.0000     1.0000    
      45      88000.00      89000.00     2000.00     1.0000     1.0000    
      46      90000.00      91000.00     2000.00     1.0000     1.0000    
      47      92000.00      93000.00     2000.00     1.0000     1.0000    
      48      94000.00      95000.00     2000.00     1.0000     1.0000    
      49      96000.00      97000.00     2000.00     1.0000     1.0000    
      50      98000.00      99000.00     2000.00     1.0000     1.0000    
      51     100000.00     101000.00     2000.00     1.0000     1.0000    
      52     102000.00     103000.00     2000.00     1.0000     1.0000    
      53     104000.00     105000.00     2000.00     1.0000     1.0000    
      54     106000.00     107000.00     2000.00     1.0000     1.0000    
      55     108000.00     109000.00     2000.00     1.0000     1.0000    
      56     110000.00     111000.00     2000.00     1.0000     1.0000    
      57     112000.00     113000.00     2000.00     1.0000     1.0000    
      58     114000.00     115000.00     2000.00     1.0000     1.0000    
      59     116000.00     117000.00     2000.00     1.0000     1.0000    
      60     118000.00     119000.00     2000.00     1.0000     1.0000    
      61     120000.00     121000.00     2000.00     1.0000     1.0000    
      62     122000.00     123000.00     2000.00     1.0000     1.0000    
      63     124000.00     125000.00     2000.00     1.0000     1.0000    
      64     126000.00     127000.00     2000.00     1.0000     1.0000    
      65     128000.00     129000.00     2000.00     1.0000     1.0000    
      66     130000.00     131000.00     2000.00     1.0000     1.0000    
      67     132000.00     133000.00     2000.00     1.0000     1.0000    
      68     134000.00     135000.00     2000.00     1.0000     1.0000    
      69     136000.00     137000.00     2000.00     1.0000     1.0000    
      70     138000.00     139000.00     2000.00     1.0000     1.0000    
      71     140000.00     141000.00     2000.00     1.0000     1.0000    
      72     142000.00     143000.00     2000.00     1.0000     1.0000    
      73     144000.00     145000.00     2000.00     1.0000     1.0000    
      74     146000.00     147000.00     2000.00     1.0000     1.0000    
      75     148000.00     149000.00     2000.00     1.0000     1.0000    
      76     150000.00     151000.00     2000.00     1.0000     1.0000   x
      77     152000.00     153000.00     2000.00     1.0000     1.0000   x
      78     154000.00     155000.00     2000.00     1.0000     1.0000   x
      79     156000.00                               1.0000


 y:
      j         yf           yh         dy         vf         vh
 ---------------------------------------------------------------
      -2      -6000.00      -5000.00     2000.00     1.0000     1.0000   x
      -1      -4000.00      -3000.00     2000.00     1.0000     1.0000   x
       0      -2000.00      -1000.00     2000.00     1.0000     1.0000   x
       1          0.00       1000.00     2000.00     1.0000     1.0000    
       2       2000.00       3000.00     2000.00     1.0000     1.0000    
       3       4000.00       5000.00     2000.00     1.0000     1.0000    
       4       6000.00       7000.00     2000.00     1.0000     1.0000    
       5       8000.00       9000.00     2000.00     1.0000     1.0000    
       6      10000.00      11000.00     2000.00     1.0000     1.0000    
       7      12000.00      13000.00     2000.00     1.0000     1.0000    
       8      14000.00      15000.00     2000.00     1.0000     1.0000    
       9      16000.00      17000.00     2000.00     1.0000     1.0000    
      10      18000.00      19000.00     2000.00     1.0000     1.0000    
      11      20000.00      21000.00     2000.00     1.0000     1.0000    
      12      22000.00      23000.00     2000.00     1.0000     1.0000    
      13      24000.00      25000.00     2000.00     1.0000     1.0000    
      14      26000.00      27000.00     2000.00     1.0000     1.0000    
      15      28000.00      29000.00     2000.00     1.0000     1.0000    
      16      30000.00      31000.00     2000.00     1.0000     1.0000    
      17      32000.00      33000.00     2000.00     1.0000     1.0000    
      18      34000.00      35000.00     2000.00     1.0000     1.0000    
      19      36000.00      37000.00     2000.00     1.0000     1.0000    
      20      38000.00      39000.00     2000.00     1.0000     1.0000    
      21      40000.00      41000.00     2000.00     1.0000     1.0000    
      22      42000.00      43000.00     2000.00     1.0000     1.0000    
      23      44000.00      45000.00     2000.00     1.0000     1.0000    
      24      46000.00      47000.00     2000.00     1.0000     1.0000    
      25      48000.00      49000.00     2000.00     1.0000     1.0000    
      26      50000.00      51000.00     2000.00     1.0000     1.0000    
      27      52000.00      53000.00     2000.00     1.0000     1.0000    
      28      54000.00      55000.00     2000.00     1.0000     1.0000    
      29      56000.00      57000.00     2000.00     1.0000     1.0000    
      30      58000.00      59000.00     2000.00     1.0000     1.0000    
      31      60000.00      61000.00     2000.00     1.0000     1.0000    
      32      62000.00      63000.00     2000.00     1.0000     1.0000    
      33      64000.00      65000.00     2000.00     1.0000     1.0000    
      34      66000.00      67000.00     2000.00     1.0000     1.0000    
      35      68000.00      69000.00     2000.00     1.0000     1.0000    
      36      70000.00      71000.00     2000.00     1.0000     1.0000    
      37      72000.00      73000.00     2000.00     1.0000     1.0000    
      38      74000.00      75000.00     2000.00     1.0000     1.0000    
      39      76000.00      77000.00     2000.00     1.0000     1.0000    
      40      78000.00      79000.00     2000.00     1.0000     1.0000    
      41      80000.00      81000.00     2000.00     1.0000     1.0000    
      42      82000.00      83000.00     2000.00     1.0000     1.0000    
      43      84000.00      85000.00     2000.00     1.0000     1.0000    
      44      86000.00      87000.00     2000.00     1.0000     1.0000    
      45      88000.00      89000.00     2000.00     1.0000     1.0000    
      46      90000.00      91000.00     2000.00     1.0000     1.0000    
      47      92000.00      93000.00     2000.00     1.0000     1.0000    
      48      94000.00      95000.00     2000.00     1.0000     1.0000    
      49      96000.00      97000.00     2000.00     1.0000     1.0000    
      50      98000.00      99000.00     2000.00     1.0000     1.0000    
      51     100000.00     101000.00     2000.00     1.0000     1.0000    
      52     102000.00     103000.00     2000.00     1.0000     1.0000    
      53     104000.00     105000.00     2000.00     1.0000     1.0000    
      54     106000.00     107000.00     2000.00     1.0000     1.0000    
      55     108000.00     109000.00     2000.00     1.0000     1.0000    
      56     110000.00     111000.00     2000.00     1.0000     1.0000    
      57     112000.00     113000.00     2000.00     1.0000     1.0000    
      58     114000.00     115000.00     2000.00     1.0000     1.0000    
      59     116000.00     117000.00     2000.00     1.0000     1.0000    
      60     118000.00     119000.00     2000.00     1.0000     1.0000    
      61     120000.00     121000.00     2000.00     1.0000     1.0000    
      62     122000.00     123000.00     2000.00     1.0000     1.0000    
      63     124000.00     125000.00     2000.00     1.0000     1.0000    
      64     126000.00     127000.00     2000.00     1.0000     1.0000    
      65     128000.00     129000.00     2000.00     1.0000     1.0000    
      66     130000.00     131000.00     2000.00     1.0000     1.0000    
      67     132000.00     133000.00     2000.00     1.0000     1.0000    
      68     134000.00     135000.00     2000.00     1.0000     1.0000    
      69     136000.00     137000.00     2000.00     1.0000     1.0000    
      70     138000.00     139000.00     2000.00     1.0000     1.0000    
      71     140000.00     141000.00     2000.00     1.0000     1.0000    
      72     142000.00     143000.00     2000.00     1.0000     1.0000    
      73     144000.00     145000.00     2000.00     1.0000     1.0000    
      74     146000.00     147000.00     2000.00     1.0000     1.0000    
      75     148000.00     149000.00     2000.00     1.0000     1.0000    
      76     150000.00     151000.00     2000.00     1.0000     1.0000   x
      77     152000.00     153000.00     2000.00     1.0000     1.0000   x
      78     154000.00     155000.00     2000.00     1.0000     1.0000   x
      79     156000.00                               1.0000


 ZGRID:  STRETCH FAC  =    1.0359004512429237     
 ZGRID:  DOMAIN  HGT  =    20000.0000    
 k,gzc,gze =            1   77.692535400390625        0.0000000000000000     
 k,gzc,gze =            2   235.86680603027344        155.38507080078125     
 k,gzc,gze =            3   399.71958923339844        316.34854125976562     
 k,gzc,gze =            4   569.45477294921875        483.09063720703125     
 k,gzc,gze =            5   745.28353881835938        655.81890869140625     
 k,gzc,gze =            6   927.42462158203125        834.74816894531250     
 k,gzc,gze =            7   1116.1046142578125        1020.1010742187500     
 k,gzc,gze =            8   1311.5583496093750        1212.1081542968750     
 k,gzc,gze =            9   1514.0289916992188        1411.0085449218750     
 k,gzc,gze =           10   1723.7683715820312        1617.0494384765625     
 k,gzc,gze =           11   1941.0374755859375        1830.4873046875000     
 k,gzc,gze =           12   2166.1066894531250        2051.5876464843750     
 k,gzc,gze =           13   2399.2559814453125        2280.6257324218750     
 k,gzc,gze =           14   2640.7753906250000        2517.8862304687500     
 k,gzc,gze =           15   2890.9654541015625        2763.6645507812500     
 k,gzc,gze =           16   3150.1374511718750        3018.2663574218750     
 k,gzc,gze =           17   3418.6138916015625        3282.0085449218750     
 k,gzc,gze =           18   3696.7287597656250        3555.2192382812500     
 k,gzc,gze =           19   3984.8281250000000        3838.2382812500000     
 k,gzc,gze =           20   4283.2702636718750        4131.4179687500000     
 k,gzc,gze =           21   4592.4265136718750        4435.1225585937500     
 k,gzc,gze =           22   4912.6818847656250        4749.7304687500000     
 k,gzc,gze =           23   5244.4345703125000        5075.6333007812500     
 k,gzc,gze =           24   5588.0971679687500        5413.2358398437500     
 k,gzc,gze =           25   5944.0974121093750        5762.9584960937500     
 k,gzc,gze =           26   6312.8781738281250        6125.2363281250000     
 k,gzc,gze =           27   6694.8984375000000        6500.5200195312500     
 k,gzc,gze =           28   7090.6335449218750        6889.2768554687500     
 k,gzc,gze =           29   7500.5754394531250        7291.9902343750000     
 k,gzc,gze =           30   7925.2343750000000        7709.1606445312500     
 k,gzc,gze =           31   8365.1389160156250        8141.3081054687500     
 k,gzc,gze =           32   8820.8364257812500        8588.9697265625000     
 k,gzc,gze =           33   9292.8935546875000        9052.7031250000000     
 k,gzc,gze =           34   9781.8974609375000        9533.0839843750000     
 k,gzc,gze =           35   10288.457031250000        10030.710937500000     
 k,gzc,gze =           36   10813.202636718750        10546.203125000000     
 k,gzc,gze =           37   11356.786621093750        11080.202148437500     
 k,gzc,gze =           38   11919.885253906250        11633.371093750000     
 k,gzc,gze =           39   12503.199707031250        12206.399414062500     
 k,gzc,gze =           40   13100.000000000000        12800.000000000000     
 k,gzc,gze =           41   13700.000000000000        13400.000000000000     
 k,gzc,gze =           42   14300.000000000000        14000.000000000000     
 k,gzc,gze =           43   14900.000000000000        14600.000000000000     
 k,gzc,gze =           44   15500.000000000000        15200.000000000000     
 k,gzc,gze =           45   16100.000000000000        15800.000000000000     
 k,gzc,gze =           46   16700.000000000000        16400.000000000000     
 k,gzc,gze =           47   17300.000000000000        17000.000000000000     
 k,gzc,gze =           48   17900.000000000000        17600.000000000000     
 k,gzc,gze =           49   18500.000000000000        18200.000000000000     
 k,gzc,gze =           50   19100.000000000000        18800.000000000000     
 k,gzc,gze =           51   19700.000000000000        19400.000000000000     
 k,gzc,gze =           52   20300.000000000000        20000.000000000000     

 model heights:
     k       zf         zh         dz         mf         mh
 ---------------------------------------------------------------
      1       0.00      77.69     155.39     2.5238     2.5238
      2     155.39     235.87     160.96     2.4793     2.4363
      3     316.35     399.72     166.74     2.3933     2.3519
      4     483.09     569.45     172.73     2.3104     2.2704
      5     655.82     745.28     178.93     2.2303     2.1917
      6     834.75     927.42     185.35     2.1530     2.1157
      7    1020.10    1116.10     192.01     2.0784     2.0424
      8    1212.11    1311.56     198.90     2.0064     1.9716
      9    1411.01    1514.03     206.04     1.9369     1.9033
     10    1617.05    1723.77     213.44     1.8697     1.8373
     11    1830.49    1941.04     221.10     1.8049     1.7737
     12    2051.59    2166.11     229.04     1.7424     1.7122
     13    2280.63    2399.26     237.26     1.6820     1.6529
     14    2517.89    2640.78     245.78     1.6237     1.5956
     15    2763.66    2890.97     254.60     1.5674     1.5403
     16    3018.27    3150.14     263.74     1.5131     1.4869
     17    3282.01    3418.61     273.21     1.4607     1.4354
     18    3555.22    3696.73     283.02     1.4101     1.3856
     19    3838.24    3984.83     293.18     1.3612     1.3376
     20    4131.42    4283.27     303.70     1.3140     1.2912
     21    4435.12    4592.43     314.61     1.2685     1.2465
     22    4749.73    4912.68     325.90     1.2245     1.2033
     23    5075.63    5244.43     337.60     1.1821     1.1616
     24    5413.24    5588.10     349.72     1.1411     1.1213
     25    5762.96    5944.10     362.28     1.1016     1.0825
     26    6125.24    6312.88     375.28     1.0634     1.0450
     27    6500.52    6694.90     388.76     1.0265     1.0087
     28    6889.28    7090.63     402.71     0.9910     0.9738
     29    7291.99    7500.58     417.17     0.9566     0.9400
     30    7709.16    7925.23     432.15     0.9235     0.9075
     31    8141.31    8365.14     447.66     0.8915     0.8760
     32    8588.97    8820.84     463.73     0.8606     0.8457
     33    9052.70    9292.89     480.38     0.8307     0.8163
     34    9533.08    9781.90     497.63     0.8020     0.7881
     35   10030.71   10288.46     515.49     0.7742     0.7607
     36   10546.20   10813.20     534.00     0.7473     0.7344
     37   11080.20   11356.79     553.17     0.7214     0.7089
     38   11633.37   11919.88     573.03     0.6964     0.6844
     39   12206.40   12503.20     593.60     0.6723     0.6606
     40   12800.00   13100.00     600.00     0.6571     0.6536
     41   13400.00   13700.00     600.00     0.6536     0.6536
     42   14000.00   14300.00     600.00     0.6536     0.6536
     43   14600.00   14900.00     600.00     0.6536     0.6536
     44   15200.00   15500.00     600.00     0.6536     0.6536
     45   15800.00   16100.00     600.00     0.6536     0.6536
     46   16400.00   16700.00     600.00     0.6536     0.6536
     47   17000.00   17300.00     600.00     0.6536     0.6536
     48   17600.00   17900.00     600.00     0.6536     0.6536
     49   18200.00   18500.00     600.00     0.6536     0.6536
     50   18800.00   19100.00     600.00     0.6536     0.6536
     51   19400.00   19700.00     600.00     0.6536     0.6536
     52   20000.00                           0.6536

   patchsww = F
   patchnww = T
   patchsee = F
   patchnee = F
   patchsws = F
   patchses = T
   patchnwn = F
   patchnen = F

   p2tchsww = T
   p2tchnww = F
   p2tchsee = F
   p2tchnee = F
   p2tchsws = T
   p2tchses = F
   p2tchnwn = F
   p2tchnen = F

   minx =    0.00000000    
   maxx =    150000.000    
   miny =    0.00000000    
   maxy =    150000.000    
   maxz =    20000.0000    

   ibw =           1
   ibe =           0
   ibs =           1
   ibn =           0

   min_dx =    2000.00000    
   max_dx =    2000.00000    
   min_dy =    2000.00000    
   max_dy =    2000.00000    
   min_dz =    155.385071    
   max_dz =    600.000000    


   k,c1,c2,zhm1,zf,zh:
      1    0.5000    0.5000     -77.69       0.00      77.69
      2    0.5088    0.4912      77.69     155.39     235.87
      3    0.5088    0.4912     235.87     316.35     399.72
      4    0.5088    0.4912     399.72     483.09     569.45
      5    0.5088    0.4912     569.45     655.82     745.28
      6    0.5088    0.4912     745.28     834.75     927.42
      7    0.5088    0.4912     927.42    1020.10    1116.10
      8    0.5088    0.4912    1116.10    1212.11    1311.56
      9    0.5088    0.4912    1311.56    1411.01    1514.03
     10    0.5088    0.4912    1514.03    1617.05    1723.77
     11    0.5088    0.4912    1723.77    1830.49    1941.04
     12    0.5088    0.4912    1941.04    2051.59    2166.11
     13    0.5088    0.4912    2166.11    2280.63    2399.26
     14    0.5088    0.4912    2399.26    2517.89    2640.78
     15    0.5088    0.4912    2640.78    2763.66    2890.97
     16    0.5088    0.4912    2890.97    3018.27    3150.14
     17    0.5088    0.4912    3150.14    3282.01    3418.61
     18    0.5088    0.4912    3418.61    3555.22    3696.73
     19    0.5088    0.4912    3696.73    3838.24    3984.83
     20    0.5088    0.4912    3984.83    4131.42    4283.27
     21    0.5088    0.4912    4283.27    4435.12    4592.43
     22    0.5088    0.4912    4592.43    4749.73    4912.68
     23    0.5088    0.4912    4912.68    5075.63    5244.43
     24    0.5088    0.4912    5244.43    5413.24    5588.10
     25    0.5088    0.4912    5588.10    5762.96    5944.10
     26    0.5088    0.4912    5944.10    6125.24    6312.88
     27    0.5088    0.4912    6312.88    6500.52    6694.90
     28    0.5088    0.4912    6694.90    6889.28    7090.63
     29    0.5088    0.4912    7090.63    7291.99    7500.58
     30    0.5088    0.4912    7500.58    7709.16    7925.23
     31    0.5088    0.4912    7925.23    8141.31    8365.14
     32    0.5088    0.4912    8365.14    8588.97    8820.84
     33    0.5088    0.4912    8820.84    9052.70    9292.89
     34    0.5088    0.4912    9292.89    9533.08    9781.90
     35    0.5088    0.4912    9781.90   10030.71   10288.46
     36    0.5088    0.4912   10288.46   10546.20   10813.20
     37    0.5088    0.4912   10813.20   11080.20   11356.79
     38    0.5088    0.4912   11356.79   11633.37   11919.88
     39    0.5088    0.4912   11919.88   12206.40   12503.20
     40    0.5027    0.4973   12503.20   12800.00   13100.00
     41    0.5000    0.5000   13100.00   13400.00   13700.00
     42    0.5000    0.5000   13700.00   14000.00   14300.00
     43    0.5000    0.5000   14300.00   14600.00   14900.00
     44    0.5000    0.5000   14900.00   15200.00   15500.00
     45    0.5000    0.5000   15500.00   15800.00   16100.00
     46    0.5000    0.5000   16100.00   16400.00   16700.00
     47    0.5000    0.5000   16700.00   17000.00   17300.00
     48    0.5000    0.5000   17300.00   17600.00   17900.00
     49    0.5000    0.5000   17900.00   18200.00   18500.00
     50    0.5000    0.5000   18500.00   18800.00   19100.00
     51    0.5000    0.5000   19100.00   19400.00   19700.00
     52    0.5000    0.5000   19700.00   20000.00   20300.00


   ------ tauf, tauh -----
           1   0.00000000       0.00000000    
           2   0.00000000       0.00000000    
           3   0.00000000       0.00000000    
           4   0.00000000       0.00000000    
           5   0.00000000       0.00000000    
           6   0.00000000       0.00000000    
           7   0.00000000       0.00000000    
           8   0.00000000       0.00000000    
           9   0.00000000       0.00000000    
          10   0.00000000       0.00000000    
          11   0.00000000       0.00000000    
          12   0.00000000       0.00000000    
          13   0.00000000       0.00000000    
          14   0.00000000       0.00000000    
          15   0.00000000       0.00000000    
          16   0.00000000       0.00000000    
          17   0.00000000       0.00000000    
          18   0.00000000       0.00000000    
          19   0.00000000       0.00000000    
          20   0.00000000       0.00000000    
          21   0.00000000       0.00000000    
          22   0.00000000       0.00000000    
          23   0.00000000       0.00000000    
          24   0.00000000       0.00000000    
          25   0.00000000       0.00000000    
          26   0.00000000       0.00000000    
          27   0.00000000       0.00000000    
          28   0.00000000       0.00000000    
          29   0.00000000       0.00000000    
          30   0.00000000       0.00000000    
          31   0.00000000       0.00000000    
          32   0.00000000       0.00000000    
          33   0.00000000       0.00000000    
          34   0.00000000       0.00000000    
          35   0.00000000       0.00000000    
          36   0.00000000       0.00000000    
          37   0.00000000       0.00000000    
          38   0.00000000       0.00000000    
          39   0.00000000       0.00000000    
          40   0.00000000       0.00000000    
          41   0.00000000       0.00000000    
          42   0.00000000       0.00000000    
          43   0.00000000       0.00000000    
          44   3.94263864E-03   2.44717300E-02
          45   6.18466735E-02  0.114743382    
          46  0.181288034      0.259123147    
          47  0.345491529      0.437333375    
          48  0.531395316      0.624345005    
          49  0.712889671      0.793892622    
          50  0.864484310      0.922163963    
          51  0.964888215      0.991143644    
          52   1.00000000    


   vialpha,vibeta =   0.500000000      0.500000000    


   x0,alpha,delta,sum,predict,maxz:
   0.00000000    
  0.500000000       1.51795030       2.57244539       3.66479731    
   1.85094726      -1.19824338      0.347296089       0.00000000    
   1.00000000       1.52587891E-05   20000.0000    


   cgs1,cgs2,cgs3 =    1.85094726      -1.19824338      0.347296089    
   sum            =    1.00000000    

   dgs1,dgs2,dgs3 =   -1.93890107       2.86228609     -0.923384964    
   sum            =    5.96046448E-08


   x0,alpha,delta,sum,predict,maxz:
   33.3333321    
   32.8333321       31.8333340       30.8333340       29.8333340    
   1.87500155      -1.25000143      0.374999881       0.00000000    
   1.00000000       20000.0020       20000.0000    


   cgt1,cgt2,cgt3 =    1.87500155      -1.25000143      0.374999881    
   sum            =    1.00000000    

   dgt1,dgt2,dgt3 =    2.00000381      -3.00000381       1.00000000    
   sum            =    0.00000000    

 Leaving PARAM
 Inside BASE

  Reading sounding from external file, input_sounding

  p_sfc, th_sfc, qv_sfc =    960.000000       304.899994       19.0599995    
   Found           68   levels (including surface)


     k,z,th,qv:
           1   0.00000000       304.899994       19.0599995    
           2   0.00000000       304.899994       19.0599995    
           3   253.000000       305.200012       17.9099998    
           4   329.000000       305.299988       17.5799999    
           5   557.000000       305.500000       17.2199993    
           6   757.000000       305.600006       16.9099998    
           7   862.000000       306.799988       15.3999996    
           8   1069.00000       309.200012       12.7700005    
           9   1472.00000       310.700012       8.30000019    
          10   1777.00000       311.799988       5.88999987    
          11   1942.00000       312.399994       4.86000013    
          12   2081.00000       312.399994       5.42000008    
          13   2386.00000       312.399994       6.84999990    
          14   2475.00000       312.399994       7.32000017    
          15   2721.00000       312.899994       4.53999996    
          16   2876.00000       313.000000       3.85999990    
          17   3070.00000       314.399994       1.21000004    
          18   3301.00000       315.799988       1.08000004    
          19   3605.00000       317.600006      0.920000017    
          20   3807.00000       318.700012      0.819999993    
          21   3910.00000       318.899994      0.829999983    
          22   4520.00000       319.500000      0.829999983    
          23   4718.00000       319.700012      0.839999974    
          24   5026.00000       323.500000      0.230000004    
          25   5423.00000       324.600006      0.189999998    
          26   5434.00000       324.600006      0.189999998    
          27   5739.00000       325.700012      0.209999993    
          28   6102.00000       327.100006      0.219999999    
          29   7123.00000       328.299988      0.119999997    
          30   7263.00000       328.500000      0.119999997    
          31   8787.00000       331.100006      0.170000002    
          32   9092.00000       331.399994      0.180000007    
          33   9160.00000       331.500000      0.189999998    
          34   9183.00000       331.600006       1.00000005E-03
          35   9701.00000       334.700012       1.00000005E-03
          36   9844.00000       335.500000       1.00000005E-03
          37   10311.0000       338.299988       1.00000005E-03
          38   10413.0000       338.899994       1.00000005E-03
          39   10921.0000       340.600006       1.00000005E-03
          40   11530.0000       342.500000       1.00000005E-03
          41   11863.0000       343.399994       1.00000005E-03
          42   12140.0000       347.799988       1.00000005E-03
          43   12290.0000       350.100006       1.00000005E-03
          44   13664.0000       359.100006       1.00000005E-03
          45   13663.0000       359.100006       1.00000005E-03
          46   14273.0000       362.500000       1.00000005E-03
          47   14391.0000       363.100006       1.00000005E-03
          48   14811.0000       371.299988       1.00000005E-03
          49   14883.0000       372.700012       1.00000005E-03
          50   15797.0000       391.100006       1.00000005E-03
          51   16103.0000       397.399994       1.00000005E-03
          52   16481.0000       399.899994       1.00000005E-03
          53   16637.0000       410.000000       1.00000005E-03
          54   17281.0000       413.000000       1.00000005E-03
          55   17321.0000       415.399994       1.00000005E-03
          56   17527.0000       427.799988       1.00000005E-03
          57   18236.0000       441.399994       1.00000005E-03
          58   18253.0000       441.799988       1.00000005E-03
          59   18517.0000       445.600006       1.00000005E-03
          60   18845.0000       457.100006       1.00000005E-03
          61   19981.0000       498.799988       1.00000005E-03
          62   20323.0000       504.700012       1.00000005E-03
          63   22954.0000       573.599976       1.00000005E-03
          64   23563.0000       595.500000       1.00000005E-03
          65   24663.0000       636.000000       1.00000005E-03
          66   26193.0000       679.000000       1.00000005E-03
          67   26846.0000       706.799988       1.00000005E-03
          68   27739.0000       734.200012       1.00000005E-03

     k,u,v:
           1  -1.68008852      -2.17436504    
           2  -2.28714967       6.28391504    
           3  -3.03701520       17.2238979    
           4  -2.85836720       16.2107277    
           5   0.00000000       18.0039997    
           6   4.05004406       17.5425529    
           7   6.15775585       16.9182167    
           8   10.3266935       14.7479963    
           9   14.1859379       11.9033737    
          10   16.8548927       11.8018789    
          11   17.6976376       12.3919735    
          12   18.5403824       12.9820671    
          13   19.8044987       13.8672075    
          14   20.2258720       14.1622553    
          15   21.0686169       14.7523489    
          16   22.6022434       15.2453480    
          17   24.8654766       15.5376129    
          18   27.1745205       15.6891508    
          19   30.2929077       17.4895458    
          20   30.1988850       19.6113091    
          21   29.9174347       20.9483356    
          22   32.0242958       22.4235706    
          23   30.7601795       21.5384293    
          24   29.0746899       20.3582420    
          25   26.9678288       18.8830070    
          26   26.1250839       18.2929134    
          27   26.1250839       18.2929134    
          28   27.3892021       19.1780529    
          29   30.7601795       21.5384293    
          30   30.3388081       21.2433815    
          31   36.2380219       25.3740406    
          32   34.1311569       23.8988056    
          33   34.1311569       23.8988056    
          34   34.1311569       23.8988056    
          35   44.7556915       20.8698215    
          36   44.7556915       20.8698215    
          37   43.0206604       15.6581488    
          38   41.0871468       14.9544115    
          39   38.2591820       10.2514391    
          40   41.4922562       19.3480644    
          41   40.2466736       10.7839813    
          42   39.5136528       6.96724367    
          43   38.5004807       6.78859663    
          44   27.0691795       9.85231876    
          45   28.8186054       7.72186279    
          46   27.0398979       12.6088505    
          47   29.8371277       13.9132147    
          48   27.9723072       13.0436392    
          49   27.9723072       13.0436392    
          50   27.9723072       13.0436392    
          51   27.9723072       13.0436392    
          52   27.9723072       13.0436392    
          53   27.9723072       13.0436392    
          54   27.9723072       13.0436392    
          55   27.9723072       13.0436392    
          56   27.9723072       13.0436392    
          57   27.9723072       13.0436392    
          58   27.9723072       13.0436392    
          59   27.9723072       13.0436392    
          60   27.9723072       13.0436392    
          61   27.9723072       13.0436392    
          62   27.9723072       13.0436392    
          63   27.9723072       13.0436392    
          64   27.9723072       13.0436392    
          65   27.9723072       13.0436392    
          66   27.9723072       13.0436392    
          67   27.9723072       13.0436392    
          68   27.9723072       13.0436392    


 interpolating sounding to grid: 

           0.00000000       77.6925354       253.000000      0.307085127    
           0.00000000       235.866806       253.000000      0.932279885    
           329.000000       399.719604       557.000000      0.310173690    
           557.000000       569.454773       757.000000       6.22738637E-02
           557.000000       745.283569       757.000000      0.941417873    
           862.000000       927.424622       1069.00000      0.316060960    
           1069.00000       1116.10461       1472.00000      0.116884902    
           1069.00000       1311.55835       1472.00000      0.601881742    
           1472.00000       1514.02905       1777.00000      0.137800172    
           1472.00000       1723.76831       1777.00000      0.825469851    
           1777.00000       1941.03748       1942.00000      0.994166493    
           2081.00000       2166.10669       2386.00000      0.279038340    
           2386.00000       2399.25586       2475.00000      0.148942247    
           2475.00000       2640.77539       2721.00000      0.673883677    
           2876.00000       2890.96533       3070.00000       7.71408901E-02
           3070.00000       3150.13745       3301.00000      0.346915364    
           3301.00000       3418.61377       3605.00000      0.386887401    
           3605.00000       3696.72876       3807.00000      0.454102784    
           3910.00000       3984.82812       4520.00000      0.122669056    
           3910.00000       4283.27051       4520.00000      0.611918867    
           4520.00000       4592.42676       4718.00000      0.365791708    
           4718.00000       4912.68164       5026.00000      0.632083237    
           5026.00000       5244.43457       5423.00000      0.550213039    
           5434.00000       5588.09717       5739.00000      0.505236626    
           5739.00000       5944.09766       6102.00000      0.565007329    
           6102.00000       6312.87793       7123.00000      0.206540585    
           6102.00000       6694.89844       7123.00000      0.580703676    
           6102.00000       7090.63379       7123.00000      0.968299508    
           7263.00000       7500.57520       8787.00000      0.155889243    
           7263.00000       7925.23438       8787.00000      0.434536994    
           7263.00000       8365.13867       8787.00000      0.723188102    
           8787.00000       8820.83594       9092.00000      0.110937499    
           9183.00000       9292.89355       9701.00000      0.212149724    
           9701.00000       9781.89746       9844.00000      0.565716505    
           9844.00000       10288.4570       10311.0000      0.951728106    
           10413.0000       10813.2031       10921.0000      0.787801445    
           10921.0000       11356.7871       11530.0000      0.715578198    
           11863.0000       11919.8848       12140.0000      0.205360159    
           12290.0000       12503.1992       13664.0000      0.155166820    
           12290.0000       13100.0000       13664.0000      0.589519680    
           13663.0000       13700.0000       14273.0000       6.06557392E-02
           14273.0000       14300.0000       14391.0000      0.228813559    
           14883.0000       14900.0000       15797.0000       1.85995623E-02
           14883.0000       15500.0000       15797.0000      0.675054729    
           15797.0000       16100.0000       16103.0000      0.990196049    
           16637.0000       16700.0000       17281.0000       9.78260860E-02
           17281.0000       17300.0000       17321.0000      0.474999994    
           17527.0000       17900.0000       18236.0000      0.526093066    
           18253.0000       18500.0000       18517.0000      0.935606062    
           18845.0000       19100.0000       19981.0000      0.224471837    
           18845.0000       19700.0000       19981.0000      0.752640843    


       k    prs0 (Pa)        pi0        rho0 (kg/m^3)
    ---------------------------------------------------------------------
       1     95166.33     0.9859590     1.0703498
       2     93485.29     0.9809565     1.0573388
       3     91766.82     0.9757757     1.0436164
       4     90011.12     0.9704106     1.0292686
       5     88218.23     0.9648541     1.0147177
       6     86392.74     0.9591130     0.9969282
       7     84539.13     0.9531941     0.9795130
       8     82654.29     0.9470795     0.9649808
       9     80735.77     0.9407526     0.9496903
      10     78784.72     0.9342071     0.9334296
      11     76802.45     0.9274372     0.9163421
      12     74789.16     0.9204324     0.8976445
      13     72744.92     0.9131806     0.8785866
      14     70670.52     0.9056714     0.8617814
      15     68566.91     0.8978937     0.8447158
      16     66439.88     0.8898542     0.8245230
      17     64296.38     0.8815641     0.8015164
      18     62139.18     0.8730192     0.7784428
      19     59967.84     0.8642015     0.7568735
      20     57780.22     0.8550838     0.7363547
      21     55576.87     0.8456476     0.7154992
      22     53367.82     0.8359147     0.6900161
      23     51161.31     0.8259013     0.6656416
      24     48955.23     0.8155763     0.6429248
      25     46750.48     0.8049198     0.6195389
      26     44549.63     0.7939177     0.5970089
      27     42353.16     0.7825432     0.5750714
      28     40163.54     0.7707765     0.5529107
      29     37985.48     0.7586079     0.5302529
      30     35824.05     0.7460288     0.5073733
      31     33683.91     0.7330273     0.4844181
      32     31569.63     0.7195897     0.4614443
      33     29486.92     0.7057083     0.4381128
      34     27446.87     0.6914145     0.4126375
      35     25459.17     0.6767374     0.3875721
      36     23525.05     0.6616473     0.3640629
      37     21644.84     0.6461025     0.3412990
      38     19823.50     0.6300950     0.3183388
      39     18078.52     0.6137401     0.2919538
      40     16435.03     0.5972698     0.2697319
      41     14909.51     0.5808922     0.2488627
      42     13501.69     0.5646787     0.2297055
      43     12215.12     0.5487678     0.2078778
      44     11052.86     0.5333288     0.1874732
      45     10004.23     0.5183693     0.1692158
      46      9058.02     0.5038759     0.1526413
      47      8194.87     0.4896780     0.1407800
      48      7414.63     0.4758924     0.1247940
      49      6713.81     0.4625956     0.1135318
      50      6083.39     0.4497583     0.1010202
      51      5522.05     0.4375008     0.0900174


       k    th0 (K)     thv0 (K)     t0 (K)     l.r. (K/km)     N^2
    ---------------------------------------------------------------------
       1    304.9921    308.3957    300.7097       4.2116      0.0406
       2    305.1797    308.4570    299.3680       8.3355      0.1212
       3    305.3620    308.5506    297.9648       8.4152      0.1784
       4    305.5062    308.6466    296.4665       8.6748      0.1767
       5    305.5941    308.6865    294.8538       9.0131      0.0708
       6    307.5585    310.2476    294.9834      -0.6994      2.6698
       7    309.3753    311.6422    294.8947       0.4617      2.2916
       8    310.1028    311.9650    293.6920       6.0467      0.5105
       9    310.8516    312.3410    292.4344       6.1036      0.5735
      10    311.6080    312.7908    291.1064       6.2221      0.6615
      11    312.3965    313.3159    289.7281       6.2337      0.7441
      12    312.4000    313.5106    287.5431       9.5403      0.2661
      13    312.4000    313.7057    285.2776       9.5483      0.2572
      14    312.7369    313.7564    283.2369       8.3032      0.0645
      15    313.1080    313.8004    281.1377       8.2450      0.0541
      16    314.8857    315.1082    280.2023       3.5465      1.5469
      17    316.4964    316.6917    279.0119       4.3573      1.7999
      18    318.0995    318.2682    277.7070       4.6105      1.7213
      19    318.9736    319.1355    275.6575       6.9907      0.9105
      20    319.2672    319.4302    273.0002       8.7497      0.2982
      21    319.5732    319.7352    270.2462       8.7535      0.2976
      22    322.1019    322.1924    269.2498       3.0576      2.3044
      23    324.1052    324.1460    267.6789       4.6529      1.7566
      24    325.1558    325.1955    265.1893       7.1188      0.9068
      25    326.4910    326.5340    262.7991       6.5979      1.1122
      26    327.3478    327.3865    259.8872       7.7590      0.6816
      27    327.7968    327.8278    256.5152       8.6739      0.3399
      28    328.2620    328.2864    253.0166       8.6876      0.3405
      29    328.9053    328.9351    249.5101       8.4053      0.4642
      30    329.6298    329.6649    245.9133       8.3232      0.5032
      31    330.3803    330.4164    242.1778       8.3446      0.4989
      32    331.1333    331.1679    238.2801       8.4050      0.4806
      33    332.2577    332.2579    234.4770       7.9169      0.6711
      34    335.1526    335.1528    231.7294       5.5215      1.7102
      35    338.1648    338.1650    228.8488       5.5880      1.7027
      36    340.2393    340.2395    225.1184       6.9857      1.1235
      37    341.9596    341.9598    220.9409       7.5518      0.8944
      38    344.3036    344.3038    216.9440       6.9752      1.1695
      39    351.4965    351.4967    215.7275       2.0493      3.4170
      40    355.4057    355.4059    212.2731       5.7574      1.8083
      41    359.3062    359.3065    208.7182       5.9248      1.7846
      42    362.6373    362.6375    204.7735       6.5744      1.5088
      43    373.0422    373.0424    204.7136       0.1000      4.6252
      44    385.1210    385.1213    205.3961      -1.1376      5.2101
      45    397.3382    397.3385    205.9679      -0.9530      5.1061
      46    410.2935    410.2937    206.7370      -1.2818      5.2459
      47    414.1400    414.1403    202.7952       6.5696      1.5257
      48    434.9549    434.9551    206.9917      -6.9941      8.0177
      49    445.3553    445.3556    206.0194       1.6205      3.8635
      50    466.4605    466.4608    209.7945      -6.2918      7.5702
      51    488.4851    488.4855    213.7126      -6.5303      7.5432


   Richardson number:  NOTE!!!  Ri should be > 0.25 for most applications!

   k,z,Ri:           2   156.779663       6.56792847E-03 <---- NOTE!  Ri < 0.25
   k,z,Ri:           3   317.793213      0.439205140    
   k,z,Ri:           4   484.587189       8.08897913E-02 <---- NOTE!  Ri < 0.25
   k,z,Ri:           5   657.369141       1.73391774E-02 <---- NOTE!  Ri < 0.25
   k,z,Ri:           6   836.354126      0.592872560    
   k,z,Ri:           7   1021.76465      0.584386945    
   k,z,Ri:           8   1213.83154      0.367057145    
   k,z,Ri:           9   1412.79370      0.484290212    
   k,z,Ri:          10   1618.89868      0.877767026    
   k,z,Ri:          11   1832.40283       1.76677966    
   k,z,Ri:          12   2053.57202      0.638745427    
   k,z,Ri:          13   2282.68115       1.00608993    
   k,z,Ri:          14   2520.01562      0.299344897    
   k,z,Ri:          15   2765.87036       7.77312294E-02 <---- NOTE!  Ri < 0.25
   k,z,Ri:          16   3020.55127       1.25069678    
   k,z,Ri:          17   3284.37549       1.65002930    
   k,z,Ri:          18   3557.67139       1.74417806    
   k,z,Ri:          19   3840.77832       1.07290030    
   k,z,Ri:          20   4134.04932       1.70674646    
   k,z,Ri:          21   4437.84863       15.3919201    
   k,z,Ri:          22   4752.55420       4.62953997    
   k,z,Ri:          23   5078.55811       4.16976404    
   k,z,Ri:          24   5416.26562       2.28135395    
   k,z,Ri:          25   5766.09766       18.8682423    
   k,z,Ri:          26   6128.48779       4.07634592    
   k,z,Ri:          27   6503.88818       2.12920070    
   k,z,Ri:          28   6892.76611       2.13297796    
   k,z,Ri:          29   7295.60449       14.5481768    
   k,z,Ri:          30   7712.90479       2.29302764    
   k,z,Ri:          31   8145.18652       2.27365947    
   k,z,Ri:          32   8592.98730       3.48084259    
   k,z,Ri:          33   9056.86523       3.83905840    
   k,z,Ri:          34   9537.39551      0.549297452    
   k,z,Ri:          35   10035.1777       1.62694931    
   k,z,Ri:          36   10550.8301      0.792215824    
   k,z,Ri:          37   11084.9951      0.807363927    
   k,z,Ri:          38   11638.3359      0.821527362    
   k,z,Ri:          39   12211.5420       6.28008318    
   k,z,Ri:          40   12801.5996       2.45053101    
   k,z,Ri:          41   13400.0000       6.66491270    
   k,z,Ri:          42   14000.0000       2.17567515    
   k,z,Ri:          43   14600.0000       1600.02026    
   k,z,Ri:          44   15200.0000       521010880.    
   k,z,Ri:          45   15800.0000       510614496.    
   k,z,Ri:          46   16400.0000       524586304.    
   k,z,Ri:          47   17000.0000       152568752.    
   k,z,Ri:          48   17600.0000       801772096.    
   k,z,Ri:          49   18200.0000       386353664.    
   k,z,Ri:          50   18800.0000       757021440.    
   k,z,Ri:          51   19400.0000       754319168.    


       k  theta-e (K)       rh0          qv0          qc0          qi0
    ---------------------------------------------------------------------
       1    361.2180     0.746565     0.018704     0.000000     0.000000
       2    359.2769     0.765035     0.017987     0.000000     0.000000
       3    357.9687     0.795197     0.017480     0.000000     0.000000
       4    357.3099     0.842005     0.017204     0.000000     0.000000
       5    356.5935     0.898027     0.016931     0.000000     0.000000
       6    351.9169     0.751467     0.014595     0.000000     0.000000
       7    346.8395     0.617836     0.012203     0.000000     0.000000
       8    340.9742     0.532665     0.009978     0.000000     0.000000
       9    335.6923     0.448644     0.007946     0.000000     0.000000
      10    331.4999     0.376910     0.006285     0.000000     0.000000
      11    328.0279     0.310897     0.004866     0.000000     0.000000
      12    331.1370     0.422303     0.005884     0.000000     0.000000
      13    334.2994     0.561836     0.006924     0.000000     0.000000
      14    330.0004     0.487704     0.005392     0.000000     0.000000
      15    325.0440     0.369899     0.003652     0.000000     0.000000
      16    318.9708     0.121831     0.001164     0.000000     0.000000
      17    320.1140     0.111821     0.001016     0.000000     0.000000
      18    321.2564     0.101819     0.000874     0.000000     0.000000
      19    322.0104     0.108726     0.000835     0.000000     0.000000
      20    322.3262     0.127866     0.000841     0.000000     0.000000
      21    322.6159     0.149776     0.000835     0.000000     0.000000
      22    323.8599     0.085740     0.000462     0.000000     0.000000
      23    324.9351     0.041509     0.000207     0.000000     0.000000
      24    325.9660     0.046739     0.000201     0.000000     0.000000
      25    327.3644     0.058020     0.000217     0.000000     0.000000
      26    328.1400     0.062841     0.000195     0.000000     0.000000
      27    328.4380     0.063032     0.000155     0.000000     0.000000
      28    328.7739     0.063391     0.000122     0.000000     0.000000
      29    329.5230     0.099196     0.000149     0.000000     0.000000
      30    330.3536     0.152810     0.000175     0.000000     0.000000
      31    331.1224     0.208787     0.000180     0.000000     0.000000
      32    331.8469     0.273358     0.000172     0.000000     0.000000
      33    332.2629     0.002189     0.000001     0.000000     0.000000
      34    335.1579     0.002701     0.000001     0.000000     0.000000
      35    338.1702     0.003410     0.000001     0.000000     0.000000
      36    340.2447     0.004804     0.000001     0.000000     0.000000
      37    341.9651     0.007228     0.000001     0.000000     0.000000
      38    344.3091     0.010474     0.000001     0.000000     0.000000
      39    351.5024     0.011706     0.000001     0.000000     0.000000
      40    355.4118     0.016890     0.000001     0.000000     0.000000
      41    359.3120     0.022788     0.000001     0.000000     0.000000
      42    362.6431     0.035243     0.000001     0.000000     0.000000
      43    373.0482     0.032143     0.000001     0.000000     0.000000
      44    385.1273     0.026608     0.000001     0.000000     0.000000
      45    397.3446     0.022091     0.000001     0.000000     0.000000
      46    410.3002     0.018306     0.000001     0.000000     0.000000
      47    414.1467     0.028352     0.000001     0.000000     0.000000
      48    434.9620     0.014202     0.000001     0.000000     0.000000
      49    445.3626     0.014721     0.000001     0.000000     0.000000
      50    466.4689     0.008796     0.000001     0.000000     0.000000
      51    488.4944     0.005053     0.000001     0.000000     0.000000


   Thermodynamic properties of base-state sounding:

     for surface parcel:
        source p(mb),T(K),qv(g/kg) =      960.0     301.4      19.1
        LCL,LFC,EL (m AGL)         =      647.6     650.9     844.1
        CAPE,CIN (J/kg)            =     4784.3       6.6

     for most-unstable parcel:
        source p(mb),T(K),qv(g/kg) =      960.0     301.4      19.1
        LCL,LFC,EL (m AGL)         =      647.6     650.9     844.1
        CAPE,CIN (J/kg)            =     4784.3       6.6

     for mixed-layer parcel:
        source p(mb),T(K),qv(g/kg) =      960.0     301.7      18.0
        LCL,LFC,EL (m AGL)         =      793.2    1463.4   13694.8
        CAPE,CIN (J/kg)            =     4180.8      18.9



       k     u0 (m/s)     v0 (m/s)
    ---------------------------------------------------------------------
       1      -2.5174       9.6434
       2      -2.9862      16.4830
       3      -1.9718      16.7670
       4       0.2522      17.9753
       5       3.8128      17.5696
       6       7.4754      16.2323
       7      10.7778      14.4155
       8      12.6495      13.0359
       9      14.5537      11.8894
      10      16.3891      11.8196
      11      17.6927      12.3885
      12      18.8931      13.2291
      13      19.8673      13.9112
      14      20.7938      14.5599
      15      22.7768      15.2679
      16      25.6665      15.5902
      17      28.3810      16.3857
      18      30.2502      18.4530
      19      30.1759      21.1293
      20      31.2067      21.8511
      21      31.5619      22.0998
      22      29.6948      20.7925
      23      27.9155      19.5465
      24      26.1251      18.2929
      25      26.8393      18.7930
      26      28.0854      19.6656
      27      29.3467      20.5487
      28      30.6533      21.4636
      29      31.2584      21.8873
      30      32.9022      23.0383
      31      34.6050      24.2306
      32      36.0043      25.2104
      33      36.3851      23.2562
      34      44.7557      20.8698
      35      43.1044      15.9097
      36      38.8593      11.2494
      37      40.5727      16.7608
      38      40.0961      10.0002
      39      36.7267       7.2640
      40      31.7615       8.5947
      41      28.7107       8.0183
      42      27.6799      12.9073
      43      27.9723      13.0436
      44      27.9723      13.0436
      45      27.9723      13.0436
      46      27.9723      13.0436
      47      27.9723      13.0436
      48      27.9723      13.0436
      49      27.9723      13.0436
      50      27.9723      13.0436
      51      27.9723      13.0436


   psurf,tsurf  =    96000.0000       301.368195    
   qsurf,thsurf =    1.90599989E-02   304.899994    

 Leaving BASE
   rbufsz,nrad2d =            1          10
 Inside INIT3D

   seed_size =            8
   rand-1 =   0.620773196    

 Leaving INIT3D

   allocating diagnostic arrays:  ntdiag,nqdiag =            1           1


   strlen          =            0
   baselen         =            6
   totlen          =            6
   output_basename = cm1out
   statfile        = cm1out_stats.dat                                                      



   Settings used in this simulation:
   isfcflx  =            0
   bbc      =            1
   dosfcflx =  F

 Inside GETSET

   mass1 =    207379573283024.75     

 Leaving GETSET

   zf,grdscl:
           2   155.385071       322.806396    
           3   316.348541       549.380249    
           4   483.090637       682.472656    
           5   655.818909       760.946350    
           6   834.748169       810.955566    
           7   1020.10107       845.898438    
           8   1212.10815       872.462646    
           9   1411.00854       894.119019    
          10   1617.04944       912.767090    
          11   1830.48730       929.503540    
          12   2051.58765       944.990601    
          13   2280.62573       959.646301    
          14   2517.88623       973.744629    
          15   2763.66455       987.469299    
          16   3018.26636       1000.94989    
          17   3282.00854       1014.27673    
          18   3555.21924       1027.51782    
          19   3838.23828       1040.72192    
          20   4131.41797       1053.92712    
          21   4435.12256       1067.16235    
          22   4749.73047       1080.45081    
          23   5075.63330       1093.81213    
          24   5413.23584       1107.25879    
          25   5762.95850       1120.80518    
          26   6125.23633       1134.45959    
          27   6500.52002       1148.23352    
          28   6889.27686       1162.13232    
          29   7291.99023       1176.16211    
          30   7709.16064       1190.33142    
          31   8141.30811       1204.64282    
          32   8588.96973       1219.10242    
          33   9052.70312       1233.71436    
          34   9533.08398       1248.48120    
          35   10030.7109       1263.40857    
          36   10546.2031       1278.49988    
          37   11080.2021       1293.75659    
          38   11633.3711       1309.18262    
          39   12206.3994       1324.78333    
          40   12800.0000       1335.03540    
          41   13400.0000       1337.53870    
          42   14000.0000       1337.64990    
          43   14600.0000       1337.74768    
          44   15200.0000       1337.83411    
          45   15800.0000       1337.91089    
          46   16400.0000       1337.97949    
          47   17000.0000       1338.04102    
          48   17600.0000       1338.09619    
          49   18200.0000       1338.14612    
          50   18800.0000       1338.19128    
          51   19400.0000       1338.23242    

   initial conditions:

  WMAX  :   0.00000        1    1    1    WMIN  :   0.00000        1    1    1
  UMAX  :   44.7557        1    1   34    UMIN  :  -2.98623        1    1    2
  SUMAX :  -2.51742        1    1    1    SUMIN :  -2.51742        1    1    1
  VMAX  :   25.2104        1    1   32    VMIN  :   7.26398        1    1   39
  SVMAX :   9.64342        1    1    1    SVMIN :   9.64342        1    1    1
  PPIMAX:   0.00000        1    1    1    PPIMIN:   0.00000        1    1    1
  PPMAX :   0.00000        1    1    1    PPMIN :   0.00000        1    1    1
  THPMAX:   0.00000        1    1    1    THPMIN:   0.00000        1    1    1
  STHPMX:   0.00000        1    1    1    STHPMN:   0.00000        1    1    1
  MAXqv :  0.187040E-01    1    1    1    MINqv :  0.998735E-06    1    1   48
  MAXqc :   0.00000        1    1    1    MINqc :   0.00000        1    1    1
  MAXqr :   0.00000        1    1    1    MINqr :   0.00000        1    1    1
  MAXqi :   0.00000        1    1    1    MINqi :   0.00000        1    1    1
  MAXqs :   0.00000        1    1    1    MINqs :   0.00000        1    1    1
  MAXqg :   0.00000        1    1    1    MINqg :   0.00000        1    1    1
  MAXqhl:   0.00000        1    1    1    MINqhl:   0.00000        1    1    1
  MAXccn:  0.163265E+10    1    1    1    MINccn:  0.163265E+10    1    1    1
  MAXccw:   0.00000        1    1    1    MINccw:   0.00000        1    1    1
  MAXcrw:   0.00000        1    1    1    MINcrw:   0.00000        1    1    1
  MAXcci:   0.00000        1    1    1    MINcci:   0.00000        1    1    1
  MAXcsw:   0.00000        1    1    1    MINcsw:   0.00000        1    1    1
  MAXchw:   0.00000        1    1    1    MINchw:   0.00000        1    1    1
  MAXchl:   0.00000        1    1    1    MINchl:   0.00000        1    1    1
  MAXvhw:   0.00000        1    1    1    MINvhw:   0.00000        1    1    1
  MAXvhl:   0.00000        1    1    1    MINvhl:   0.00000        1    1    1
  TKEMAX:   0.00000        1    1    1    TKEMIN:   0.00000        1    1    1
  KMHMAX:  0.133823        1    1   51    KMHMIN:   0.00000        1    1    1
  KMVMAX:  0.133823        1    1   51    KMVMIN:   0.00000        1    1    1
  KHHMAX:  0.401470        1    1   51    KHHMIN:   0.00000        1    1    1
  KHVMAX:  0.401470        1    1   51    KHVMIN:   0.00000        1    1    1
  DIVMAX:   0.00000        1    1    1    DIVMIN:   0.00000        1    1    1
  RHMAX :  0.900729        1    1    5    RHMIN :  0.219052E-02    1    1   33
  RHIMAX:  0.732294        1    1    5    RHIMIN:  0.324651E-02    1    1   33
  THEMAX:   361.111        1    1    1    THEMIN:   318.752        1    1   16
  STHEMX:   361.111        1    1    1    STHEMN:   361.111        1    1    1
  QCTOP :      0.000000    1    1    1    QCBOT :      0.000000    1    1    1
  SFPMAX:   95166.3        1    1    1    SFPMIN:   95166.3        1    1    1
  PSFCMX:   96000.0        1    1    1    PSFCMN:   96000.0        1    1    1
  WSPMAX:   49.3824        1    1   34    WSPMIN:   9.96659        1    1    1
  SWSPMX:   9.96659        1    1    1    SWSPMN:   9.96659        1    1    1
  CFLMAX:      0.185184    1    1   34
  KSHMAX:  0.752756E-06    1    1   51
  KSVMAX:  0.553805E-04    1    1    5
  VORSFC:  0.000000E+00
  VOR1KM:  0.000000E+00
  VOR2KM:  0.000000E+00
  VOR3KM:  0.000000E+00
  VOR4KM:  0.000000E+00
  VOR5KM:  0.000000E+00
  TMASS :  0.207380E+15
  TMOIS :  0.728009E+12
  qv MAS:  0.728009E+12
  qc MAS:  0.000000E+00
  qr MAS:  0.000000E+00
  qi MAS:  0.000000E+00
  qs MAS:  0.000000E+00
  qg MAS:  0.000000E+00
  qhlMAS:  0.000000E+00
  TENERG:  0.521540E+20
  TMU   :  0.528525E+16
  TMV   :  0.346814E+16
  TMW   :  0.000000E+00
  TMFU  :  0.000000E+00
  TMFD  :  0.000000E+00
  tcond :  0.000000E+00
  tevac :  0.000000E+00
  tauto :  0.000000E+00
  taccr :  0.000000E+00
  tevar :  0.000000E+00
  train :  0.000000E+00
  erain :  0.000000E+00
  qsfc  :  0.000000E+00
  esfc  :  0.000000E+00
  erad  :  0.000000E+00
  asqv  :  0.000000E+00
  asqc  :  0.000000E+00
  asqr  :  0.000000E+00
  asqi  :  0.000000E+00
  asqs  :  0.000000E+00
  asqg  :  0.000000E+00
  asqhl :  0.000000E+00
  asccn :  0.000000E+00
  asccw :  0.000000E+00
  ascrw :  0.000000E+00
  ascci :  0.000000E+00
  ascsw :  0.000000E+00
  aschw :  0.000000E+00
  aschl :  0.000000E+00
  asvhw :  0.000000E+00
  asvhl :  0.000000E+00
  bsqv  :  0.000000E+00
  bsqc  :  0.000000E+00
  bsqr  :  0.000000E+00
  bsqi  :  0.000000E+00
  bsqs  :  0.000000E+00
  bsqg  :  0.000000E+00
  bsqhl :  0.000000E+00
  bsccn :  0.000000E+00
  bsccw :  0.000000E+00
  bscrw :  0.000000E+00
  bscci :  0.000000E+00
  bscsw :  0.000000E+00
  bschw :  0.000000E+00
  bschl :  0.000000E+00
  bsvhw :  0.000000E+00
  bsvhl :  0.000000E+00
 cm1out_stats.nc                                                       
   nrec =            1
   calling nf90_create 
   nwrite =            1
 cm1out.nc                                                             
   calling nf90_create 
     2d vars 
     s vars 
     u vars 
     v vars 
     w vars 

 Done Writing Data to File 

             0              0.000000 min 

 -------------Done with Preprocessors-----------


   Detected rstfrq = 0 
   ... writing restart file ... 

   string = cm1out_rst_000000.nc                                                  
  USING COMPRESSED netCDF4 
   leaving restart_prelim 

   ... stopping ... 

 Inside PARAM

   Everything is cool!
   ni,nj=          15          15


 dx        =   2000.00000    
 dy        =   2000.00000    
 dz        =   392.156860    
 dtl       =   7.50000000    
 timax     =   5400.00000    
 run_time  =   1200.00000    
 tapfrq    =   900.000000    
 rstfrq    =   300.000000    
 statfrq   =   60.0000000    
 prclfrq   =   60.0000000    

 adapt_dt  =           0
 irst      =           1
 rstnum    =           0
 iconly    =           0
 hadvordrs =           5
 vadvordrs =           5
 hadvordrv =           5
 vadvordrv =           5
 pdscheme  =           1
 apmasscon =           1
 advwenos  =           2
 advwenov  =           0
 idiff     =           0
 mdiff     =           0
 difforder =           6
 imoist    =           1
 iturb     =           1
 tconfig   =           1
 bcturbs   =           1
 dns       =           0
 irdamp    =           1
 hrdamp    =           0
 psolver   =           3
 nsound    =           6
 ptype     =          27
 ihail     =           1
 iautoc    =           1
 icor      =           0
 pertcor   =           0
 eqtset    =           2
 idiss     =           1
 efall     =           0
 rterm     =           0
 wbc       =           2
 ebc       =           2
 sbc       =           2
 nbc       =           2
 bbc       =           1
 tbc       =           1
 irbc      =           4
 roflux    =           0
 isnd      =           7
 iwnd      =           2
 itern     =           0
 iinit     =           0
 irandp    =           0
 ibalance  =           0
 iorigin   =           1
 axisymm   =           0
 imove     =           0
 iptra     =           0
 npt       =           1
 pdtra     =           1
 iprcl     =           0
 nparcels  =           1

 kdiff2    =   75.0000000    
 kdiff6    =   3.99999991E-02
 fcor      =   0.00000000    
 kdiv      =  0.100000001    
 alph      =  0.600000024    
 rdalpha   =   3.33333341E-03
 zd        =   15000.0000    
 xhd       =   100000.000    
 umove     =   0.00000000    
 vmove     =   0.00000000    
 v_t       =   7.00000000    
 l_h       =   100.000000    
 lhref1    =   100.000000    
 lhref2    =   1000.00000    
 l_inf     =   100.000000    
 ndcnst    =   250.000000    

 radopt    =           0
 dtrad     =   300.000000    
 ctrlat    =   35.2358284    
 ctrlon    =  -97.4619370    
 year      =        2003
 month     =           5
 day       =           8
 hour      =          20
 minute    =          40
 second    =           0

 isfcflx   =           0
 sfcmodel  =           0
 oceanmodel=           0
 ipbl      =           0
 initsfc   =           1
 tsk0      =   299.279999    
 tmn0      =   297.279999    
 xland0    =   2.00000000    
 lu0       =          16
 season    =           1
 cecd      =           3
 pertflx   =           0
 cnstce    =   1.00000005E-03
 cnstcd    =   1.00000005E-03
 isftcflx  =           0
 iz0tlnd   =           0
 oml_hml0  =   50.0000000    
 oml_gamma =  0.140000001    

 stretch_x =           0
 dx_inner  =   1000.00000    
 dx_outer  =   7000.00000    
 nos_x_len =   40000.0000    
 tot_x_len =   120000.000    

 stretch_y =           0
 dy_inner  =   1000.00000    
 dy_outer  =   7000.00000    
 nos_y_len =   40000.0000    
 tot_y_len =   120000.000    

 stretch_z =           2
 ztop      =   20000.0000    
 str_bot   =   0.00000000    
 str_top   =   8625.00000    
 dz_bot    =   150.000000    
 dz_top    =   600.000000    

 bc_temp   =           1
 ptc_top   =   250.000000    
 ptc_bot   =   300.000000    
 viscosity =   25.0000000    
 pr_num    =  0.720000029    

 var1      =   0.00000000    
 var2      =   0.00000000    
 var3      =   0.00000000    
 var4      =   0.00000000    
 var5      =   0.00000000    
 var6      =   0.00000000    
 var7      =   0.00000000    
 var8      =   0.00000000    
 var9      =   0.00000000    
 var10     =   0.00000000    

&NSSL2MOM_PARAMS
 RHO_QR=  1000.00000    ,
 CNOR=  8000000.00    ,
 RHO_QS=  100.000000    ,
 CNOS=  3000000.00    ,
 RHO_QH=  500.000000    ,
 CNOH=  40000.0000    ,
 CCN=  2.00000000E+09,
 INFALL=4          ,
 ALPHAH=  0.00000000    ,
 ALPHAHL= 0.500000000    ,
 IMURAIN=1          ,
 ICDX=3          ,
 ICDXHL=3          ,
 DFRZ=  1.50000007E-04,
 HLDNMN=  500.000000    ,
 IFERWISVENTR=2          ,
 IEHW=1          ,
 IEHLW=1          ,
 EHW0= 0.750000000    ,
 EHLW0= 0.750000000    ,
 DMRAUTO=0          ,
 IOLDLIMITER=0          ,
 /

 ZGRID:  STRETCH FAC  =    1.0359004512429237     
 ZGRID:  DOMAIN  HGT  =    20000.0000    

 ZGRID:  STRETCH FAC  =    1.0359004512429237     
 ZGRID:  DOMAIN  HGT  =    20000.0000    

 ZGRID:  STRETCH FAC  =    1.0359004512429237     
 ZGRID:  DOMAIN  HGT  =    20000.0000    

 ZGRID:  STRETCH FAC  =    1.0359004512429237     
 ZGRID:  DOMAIN  HGT  =    20000.0000    

 ZGRID:  STRETCH FAC  =    1.0359004512429237     
 ZGRID:  DOMAIN  HGT  =    20000.0000    

 ZGRID:  STRETCH FAC  =    1.0359004512429237     
 ZGRID:  DOMAIN  HGT  =    20000.0000    

 ZGRID:  STRETCH FAC  =    1.0359004512429237     
 ZGRID:  DOMAIN  HGT  =    20000.0000    

 ZGRID:  STRETCH FAC  =    1.0359004512429237     
 ZGRID:  DOMAIN  HGT  =    20000.0000    

 ZGRID:  STRETCH FAC  =    1.0359004512429237     
 ZGRID:  DOMAIN  HGT  =    20000.0000    

 ZGRID:  STRETCH FAC  =    1.0359004512429237     
 ZGRID:  DOMAIN  HGT  =    20000.0000    

 ZGRID:  STRETCH FAC  =    1.0359004512429237     
 ZGRID:  DOMAIN  HGT  =    20000.0000    

 ZGRID:  STRETCH FAC  =    1.0359004512429237     
 ZGRID:  DOMAIN  HGT  =    20000.0000    

 ZGRID:  STRETCH FAC  =    1.0359004512429237     
 ZGRID:  DOMAIN  HGT  =    20000.0000    

 ZGRID:  STRETCH FAC  =    1.0359004512429237     
 ZGRID:  DOMAIN  HGT  =    20000.0000    

 ZGRID:  STRETCH FAC  =    1.0359004512429237     
 ZGRID:  DOMAIN  HGT  =    20000.0000    

 ZGRID:  STRETCH FAC  =    1.0359004512429237     
 ZGRID:  DOMAIN  HGT  =    20000.0000    

 ZGRID:  STRETCH FAC  =    1.0359004512429237     
 ZGRID:  DOMAIN  HGT  =    20000.0000    

 ZGRID:  STRETCH FAC  =    1.0359004512429237     
 ZGRID:  DOMAIN  HGT  =    20000.0000    

 ZGRID:  STRETCH FAC  =    1.0359004512429237     
 ZGRID:  DOMAIN  HGT  =    20000.0000    

 ZGRID:  STRETCH FAC  =    1.0359004512429237     
 ZGRID:  DOMAIN  HGT  =    20000.0000    

 ZGRID:  STRETCH FAC  =    1.0359004512429237     
 ZGRID:  DOMAIN  HGT  =    20000.0000    

 ZGRID:  STRETCH FAC  =    1.0359004512429237     
 ZGRID:  DOMAIN  HGT  =    20000.0000    

 ZGRID:  STRETCH FAC  =    1.0359004512429237     

 ZGRID:  STRETCH FAC  =    1.0359004512429237     
 ZGRID:  DOMAIN  HGT  =    20000.0000    
 ZGRID:  DOMAIN  HGT  =    20000.0000    

 iice      =           1
 idm       =           1
 idmplus   =           1
 numq      =          16
 nqv       =           1
 nqc       =           2
 nqr       =           3
 nqi       =           4
 nqs       =           5
 nqg       =           6
 nql1      =           2
 nql2      =           3
 nqs1      =           4
 nqs2      =           7
 nnc1      =           8
 nnc2      =          14
 nvl1      =          15
 nvl2      =          16
 nzl1      =           1
 nzl2      =           1

 nrain     =           1


 output_path      = ./                                                                    
 output_basename  = cm1out                                                                
 output_format    =           2
 output_filetype  =           1
 output_interp    =           0
 output_rain      =           1
 output_sws       =           1
 output_svs       =           1
 output_sps       =           1
 output_srs       =           1
 output_sgs       =           1
 output_sus       =           1
 output_shs       =           1
 output_coldpool  =           0
 output_sfcflx    =           0
 output_sfcparams =           0
 output_sfcdiags  =           0
 output_psfc      =           0
 output_zs        =           0
 output_zh        =           0
 output_basestate =           0
 output_th        =           1
 output_thpert    =           0
 output_prs       =           1
 output_prspert   =           0
 output_pi        =           0
 output_pipert    =           0
 output_rho       =           1
 output_rhopert   =           1
 output_tke       =           1
 output_km        =           1
 output_kh        =           1
 output_qv        =           1
 output_qvpert    =           0
 output_q         =           1
 output_dbz       =           1
 output_buoyancy  =           0
 output_u         =           1
 output_upert     =           0
 output_uinterp   =           1
 output_v         =           1
 output_vpert     =           0
 output_vinterp   =           1
 output_w         =           1
 output_winterp   =           1
 output_vort      =           0
 output_pv        =           0
 output_uh        =           0
 output_pblten    =           0
 output_dissten   =           0
 output_dissheat  =           0
 output_mptend    =           0
 output_fallvel   =           0
 output_nm        =           0
 output_def       =           0
 output_turbten   =           0
 output_impdiften =           0
 output_radten    =           0


 restart_format       =            2
 restart_filetype     =            1
 restart_file_theta   =  T
 restart_file_dbz     =  T
 restart_file_th0     =  T
 restart_file_prs0    =  T
 restart_file_pi0     =  T
 restart_file_rho0    =  T
 restart_file_qv0     =  T
 restart_file_u0      =  T
 restart_file_v0      =  T
 restart_file_zs      =  F
 restart_file_zh      =  F
 restart_file_zf      =  F
 restart_file_diags   =  F
 restart_use_theta    =  T
 restart_reset_frqtim =  T

   maxk =           51


   myid,mynode             =            0           0
   nodemaster,nodes,ppnode =            0           1          25
   nodex,nodey             =            5           5

   d2i   =           80
   d2is  =           75
   d2iu  =           76
   d2iv  =           75

   d2j   =           80
   d2js  =           75
   d2ju  =           75
   d2jv  =           76

   d3i   =           16
   d3is  =           15
   d3iu  =           16
   d3iv  =           15

   d3j   =           16
   d3js  =           15
   d3ju  =           15
   d3jv  =           16

   d3n   =           25
   d3t   =           24


 stat_w       =            1
 stat_u       =            1
 stat_v       =            1
 stat_rmw     =            0
 stat_pipert  =            1
 stat_prspert =            1
 stat_thpert  =            1
 stat_q       =            1
 stat_tke     =            1
 stat_km      =            1
 stat_kh      =            1
 stat_div     =            1
 stat_rh      =            1
 stat_rhi     =            1
 stat_the     =            1
 stat_cloud   =            1
 stat_sfcprs  =            1
 stat_wsp     =            1
 stat_cfl     =            1
 stat_vort    =            1
 stat_tmass   =            1
 stat_tmois   =            1
 stat_qmass   =            1
 stat_tenerg  =            1
 stat_mo      =            1
 stat_tmf     =            1
 stat_pcn     =            1
 stat_qsrc    =            1

 stat_out =          150


 prcl_th      =            0
 prcl_t       =            0
 prcl_prs     =            0
 prcl_ptra    =            0
 prcl_q       =            0
 prcl_nc      =            0
 prcl_km      =            0
 prcl_kh      =            0
 prcl_tke     =            0
 prcl_dbz     =            0
 prcl_b       =            0
 prcl_vpg     =            0
 prcl_vort    =            0
 prcl_rho     =            0
 prcl_qsat    =            0
 prcl_sfc     =            0


   c_m,c_l,ri_c  =   0.100000001      0.816500008      0.250000000    
   c_e1,c_e2,sum =   0.200001687      0.786958814      0.986960530    
   c_s,rcs       =   0.178412408       5.60499144    

   nparcels =            1
   npvals   =            1
     prx      =            0
     pry      =            0
     prz      =            0
     pru      =            0
     prv      =            0
     prw      =            0
     prth     =            0
     prt      =            0
     prprs    =            0
     prpt1    =            0
     prpt2    =            0
     prqv     =            0
     prq1     =            0
     prq2     =            0
     prnc1    =            0
     prnc2    =            0
     prkm     =            0
     prkh     =            0
     prtke    =            0
     prdbz    =            0
     prb      =            0
     prvpg    =            0
     przv     =            0
     prrho    =            0
     prqsl    =            0
     prqsi    =            0
     prznt    =            0
     prust    =            0

   myi,myj=           1           1

   mywest  =           4
   myeast  =           1
   mysouth =          20
   mynorth =           5

   mysw    =          24
   mynw    =           9
   myne    =           6
   myse    =          21

   cs1we   =         765
   cs1sn   =         765
   ct1we   =         780
   ct1sn   =         780
   cv1we   =         816
   cu1sn   =         816
   cw1we   =         750
   cw1sn   =         750
   cs2we   =        1530
   cs2sn   =        1530
   cs3we   =        2295
   cs3sn   =        2295
   ct3we   =        2340
   ct3sn   =        2340
   cv3we   =        2448
   cu3sn   =        2448
   cw3we   =        2250
   cw3sn   =        2250


 g     =   9.81000042    
 to    =   273.149994    
 rd    =   287.040009    
 rv    =   461.500000    
 cp    =   1005.70001    
 cv    =   718.660034    
 cpv   =   1870.00000    
 cvv   =   1408.50000    
 p00   =   100000.000    
 rp00  =   9.99999975E-06
 th0r  =   300.000000    
 rcp   =   9.94332251E-04
 pi    =   3.14159274    

 cpdcv =   1.39941001    
 rovcp =  0.285413146    
 rddcv =  0.399410009    
 cvdrd =   2.50369287    
 cpdrd =   3.50369287    
 eps   =  0.621971846    
 reps  =   1.60778975    
 repsm1=  0.607789755    
 cpt   =  0.859401345    
 cvt   =  0.959897518    
 pnum  =  -72634.2500    
 xlv   =   2501000.00    
 xls   =   2834000.00    
 lvdcp =   2486.82495    
 condc =   13476814.0    
 cpl   =   4190.00000    
 cpi   =   2106.00000    
 lv1   =   3134708.00    
 lv2   =   2320.00000    
 ls1   =   2898463.50    
 ls2   =   236.000000    
 karman=  0.400000006    

 timeformat   =           2
 timestats    =           1
 terrain_flag = F
 procfiles    = F

 nx    =          75
 ny    =          75
 nz    =          51

 nodex    =           5
 nodey    =           5
 numprocs =          25
 ppnode   =          25

 ni    =          15
 nj    =          15
 nk    =          51
 nkp1  =          52

 ib,ibm,ibi,ibc,ibt=       -2       -2       -2       -2       -2
 ie,iem,iei,iec,iet=       18       18       18       18       18
 jb,jbm,jbi,jbc,jbt=       -2       -2       -2       -2       -2
 je,jem,jei,jec,jet=       18       18       18       18       18
 kb,kbm,kbi,kbc,kbt=        0        0        0        0        0
 ke,kem,kei,kec,ket=       52       52       52       53       53

 imirror,jmirror =            0           0

 ibp,itb,ipb,ibr,ibb=        1        1        1        1        1
 iep,ite,ipe,ier,ieb=        1        1        1        1        1
 jbp,jtb,jpb,jbr,jbb=        1        1        1        1        1
 jep,jte,jpe,jer,jeb=        1        1        1        1        1
 kbp,ktb,kpb,kbr,kbb=        1        1        1        1        1
 kep,kte,kpe,ker,keb=        1        1        1        1        1

 ibd               =        1
 ied               =        1
 jbd               =        1
 jed               =        1
 kbd               =        1
 ked               =        1

 ibl               =        1
 iel               =        1
 jbl               =        1
 jel               =        1

 imp,jmp,kmp,kmt,rmp,cmp =     15     15     51     52      8      3

 rdx    =   5.00000024E-04
 rdy    =   5.00000024E-04
 rdz    =   2.55000009E-03
 rdx2   =   2.50000012E-04
 rdy2   =   2.50000012E-04
 rdz2   =   1.27500005E-03
 rdx4   =   1.25000006E-04
 rdy4   =   1.25000006E-04
 rdz4   =   6.37500023E-04
 govtwo =   4.90500021    
 clwsat =   9.99999997E-07
 smeps  =   1.00000000E-30
 tsmall =   9.99999975E-05
 qsmall =   9.99999982E-15
 cstar  =   30.0000000    
 csmax  =   350.000000    
 epsilon=   1.00000005E-18


 x:
      i         xf           xh         dx         uf         uh
 ---------------------------------------------------------------
      -2      -6000.00      -5000.00     2000.00     1.0000     1.0000   x
      -1      -4000.00      -3000.00     2000.00     1.0000     1.0000   x
       0      -2000.00      -1000.00     2000.00     1.0000     1.0000   x
       1          0.00       1000.00     2000.00     1.0000     1.0000    
       2       2000.00       3000.00     2000.00     1.0000     1.0000    
       3       4000.00       5000.00     2000.00     1.0000     1.0000    
       4       6000.00       7000.00     2000.00     1.0000     1.0000    
       5       8000.00       9000.00     2000.00     1.0000     1.0000    
       6      10000.00      11000.00     2000.00     1.0000     1.0000    
       7      12000.00      13000.00     2000.00     1.0000     1.0000    
       8      14000.00      15000.00     2000.00     1.0000     1.0000    
       9      16000.00      17000.00     2000.00     1.0000     1.0000    
      10      18000.00      19000.00     2000.00     1.0000     1.0000    
      11      20000.00      21000.00     2000.00     1.0000     1.0000    
      12      22000.00      23000.00     2000.00     1.0000     1.0000    
      13      24000.00      25000.00     2000.00     1.0000     1.0000    
      14      26000.00      27000.00     2000.00     1.0000     1.0000    
      15      28000.00      29000.00     2000.00     1.0000     1.0000    
      16      30000.00      31000.00     2000.00     1.0000     1.0000    
      17      32000.00      33000.00     2000.00     1.0000     1.0000    
      18      34000.00      35000.00     2000.00     1.0000     1.0000    
      19      36000.00      37000.00     2000.00     1.0000     1.0000    
      20      38000.00      39000.00     2000.00     1.0000     1.0000    
      21      40000.00      41000.00     2000.00     1.0000     1.0000    
      22      42000.00      43000.00     2000.00     1.0000     1.0000    
      23      44000.00      45000.00     2000.00     1.0000     1.0000    
      24      46000.00      47000.00     2000.00     1.0000     1.0000    
      25      48000.00      49000.00     2000.00     1.0000     1.0000    
      26      50000.00      51000.00     2000.00     1.0000     1.0000    
      27      52000.00      53000.00     2000.00     1.0000     1.0000    
      28      54000.00      55000.00     2000.00     1.0000     1.0000    
      29      56000.00      57000.00     2000.00     1.0000     1.0000    
      30      58000.00      59000.00     2000.00     1.0000     1.0000    
      31      60000.00      61000.00     2000.00     1.0000     1.0000    
      32      62000.00      63000.00     2000.00     1.0000     1.0000    
      33      64000.00      65000.00     2000.00     1.0000     1.0000    
      34      66000.00      67000.00     2000.00     1.0000     1.0000    
      35      68000.00      69000.00     2000.00     1.0000     1.0000    
      36      70000.00      71000.00     2000.00     1.0000     1.0000    
      37      72000.00      73000.00     2000.00     1.0000     1.0000    
      38      74000.00      75000.00     2000.00     1.0000     1.0000    
      39      76000.00      77000.00     2000.00     1.0000     1.0000    
      40      78000.00      79000.00     2000.00     1.0000     1.0000    
      41      80000.00      81000.00     2000.00     1.0000     1.0000    
      42      82000.00      83000.00     2000.00     1.0000     1.0000    
      43      84000.00      85000.00     2000.00     1.0000     1.0000    
      44      86000.00      87000.00     2000.00     1.0000     1.0000    
      45      88000.00      89000.00     2000.00     1.0000     1.0000    
      46      90000.00      91000.00     2000.00     1.0000     1.0000    
      47      92000.00      93000.00     2000.00     1.0000     1.0000    
      48      94000.00      95000.00     2000.00     1.0000     1.0000    
      49      96000.00      97000.00     2000.00     1.0000     1.0000    
      50      98000.00      99000.00     2000.00     1.0000     1.0000    
      51     100000.00     101000.00     2000.00     1.0000     1.0000    
      52     102000.00     103000.00     2000.00     1.0000     1.0000    
      53     104000.00     105000.00     2000.00     1.0000     1.0000    
      54     106000.00     107000.00     2000.00     1.0000     1.0000    
      55     108000.00     109000.00     2000.00     1.0000     1.0000    
      56     110000.00     111000.00     2000.00     1.0000     1.0000    
      57     112000.00     113000.00     2000.00     1.0000     1.0000    
      58     114000.00     115000.00     2000.00     1.0000     1.0000    
      59     116000.00     117000.00     2000.00     1.0000     1.0000    
      60     118000.00     119000.00     2000.00     1.0000     1.0000    
      61     120000.00     121000.00     2000.00     1.0000     1.0000    
      62     122000.00     123000.00     2000.00     1.0000     1.0000    
      63     124000.00     125000.00     2000.00     1.0000     1.0000    
      64     126000.00     127000.00     2000.00     1.0000     1.0000    
      65     128000.00     129000.00     2000.00     1.0000     1.0000    
      66     130000.00     131000.00     2000.00     1.0000     1.0000    
      67     132000.00     133000.00     2000.00     1.0000     1.0000    
      68     134000.00     135000.00     2000.00     1.0000     1.0000    
      69     136000.00     137000.00     2000.00     1.0000     1.0000    
      70     138000.00     139000.00     2000.00     1.0000     1.0000    
      71     140000.00     141000.00     2000.00     1.0000     1.0000    
      72     142000.00     143000.00     2000.00     1.0000     1.0000    
      73     144000.00     145000.00     2000.00     1.0000     1.0000    
      74     146000.00     147000.00     2000.00     1.0000     1.0000    
      75     148000.00     149000.00     2000.00     1.0000     1.0000    
      76     150000.00     151000.00     2000.00     1.0000     1.0000   x
      77     152000.00     153000.00     2000.00     1.0000     1.0000   x
      78     154000.00     155000.00     2000.00     1.0000     1.0000   x
      79     156000.00                               1.0000


 y:
      j         yf           yh         dy         vf         vh
 ---------------------------------------------------------------
      -2      -6000.00      -5000.00     2000.00     1.0000     1.0000   x
      -1      -4000.00      -3000.00     2000.00     1.0000     1.0000   x
       0      -2000.00      -1000.00     2000.00     1.0000     1.0000   x
       1          0.00       1000.00     2000.00     1.0000     1.0000    
       2       2000.00       3000.00     2000.00     1.0000     1.0000    
       3       4000.00       5000.00     2000.00     1.0000     1.0000    
       4       6000.00       7000.00     2000.00     1.0000     1.0000    
       5       8000.00       9000.00     2000.00     1.0000     1.0000    
       6      10000.00      11000.00     2000.00     1.0000     1.0000    
       7      12000.00      13000.00     2000.00     1.0000     1.0000    
       8      14000.00      15000.00     2000.00     1.0000     1.0000    
       9      16000.00      17000.00     2000.00     1.0000     1.0000    
      10      18000.00      19000.00     2000.00     1.0000     1.0000    
      11      20000.00      21000.00     2000.00     1.0000     1.0000    
      12      22000.00      23000.00     2000.00     1.0000     1.0000    
      13      24000.00      25000.00     2000.00     1.0000     1.0000    
      14      26000.00      27000.00     2000.00     1.0000     1.0000    
      15      28000.00      29000.00     2000.00     1.0000     1.0000    
      16      30000.00      31000.00     2000.00     1.0000     1.0000    
      17      32000.00      33000.00     2000.00     1.0000     1.0000    
      18      34000.00      35000.00     2000.00     1.0000     1.0000    
      19      36000.00      37000.00     2000.00     1.0000     1.0000    
      20      38000.00      39000.00     2000.00     1.0000     1.0000    
      21      40000.00      41000.00     2000.00     1.0000     1.0000    
      22      42000.00      43000.00     2000.00     1.0000     1.0000    
      23      44000.00      45000.00     2000.00     1.0000     1.0000    
      24      46000.00      47000.00     2000.00     1.0000     1.0000    
      25      48000.00      49000.00     2000.00     1.0000     1.0000    
      26      50000.00      51000.00     2000.00     1.0000     1.0000    
      27      52000.00      53000.00     2000.00     1.0000     1.0000    
      28      54000.00      55000.00     2000.00     1.0000     1.0000    
      29      56000.00      57000.00     2000.00     1.0000     1.0000    
      30      58000.00      59000.00     2000.00     1.0000     1.0000    
      31      60000.00      61000.00     2000.00     1.0000     1.0000    
      32      62000.00      63000.00     2000.00     1.0000     1.0000    
      33      64000.00      65000.00     2000.00     1.0000     1.0000    
      34      66000.00      67000.00     2000.00     1.0000     1.0000    
      35      68000.00      69000.00     2000.00     1.0000     1.0000    
      36      70000.00      71000.00     2000.00     1.0000     1.0000    
      37      72000.00      73000.00     2000.00     1.0000     1.0000    
      38      74000.00      75000.00     2000.00     1.0000     1.0000    
      39      76000.00      77000.00     2000.00     1.0000     1.0000    
      40      78000.00      79000.00     2000.00     1.0000     1.0000    
      41      80000.00      81000.00     2000.00     1.0000     1.0000    
      42      82000.00      83000.00     2000.00     1.0000     1.0000    
      43      84000.00      85000.00     2000.00     1.0000     1.0000    
      44      86000.00      87000.00     2000.00     1.0000     1.0000    
      45      88000.00      89000.00     2000.00     1.0000     1.0000    
      46      90000.00      91000.00     2000.00     1.0000     1.0000    
      47      92000.00      93000.00     2000.00     1.0000     1.0000    
      48      94000.00      95000.00     2000.00     1.0000     1.0000    
      49      96000.00      97000.00     2000.00     1.0000     1.0000    
      50      98000.00      99000.00     2000.00     1.0000     1.0000    
      51     100000.00     101000.00     2000.00     1.0000     1.0000    
      52     102000.00     103000.00     2000.00     1.0000     1.0000    
      53     104000.00     105000.00     2000.00     1.0000     1.0000    
      54     106000.00     107000.00     2000.00     1.0000     1.0000    
      55     108000.00     109000.00     2000.00     1.0000     1.0000    
      56     110000.00     111000.00     2000.00     1.0000     1.0000    
      57     112000.00     113000.00     2000.00     1.0000     1.0000    
      58     114000.00     115000.00     2000.00     1.0000     1.0000    
      59     116000.00     117000.00     2000.00     1.0000     1.0000    
      60     118000.00     119000.00     2000.00     1.0000     1.0000    
      61     120000.00     121000.00     2000.00     1.0000     1.0000    
      62     122000.00     123000.00     2000.00     1.0000     1.0000    
      63     124000.00     125000.00     2000.00     1.0000     1.0000    
      64     126000.00     127000.00     2000.00     1.0000     1.0000    
      65     128000.00     129000.00     2000.00     1.0000     1.0000    
      66     130000.00     131000.00     2000.00     1.0000     1.0000    
      67     132000.00     133000.00     2000.00     1.0000     1.0000    
      68     134000.00     135000.00     2000.00     1.0000     1.0000    
      69     136000.00     137000.00     2000.00     1.0000     1.0000    
      70     138000.00     139000.00     2000.00     1.0000     1.0000    
      71     140000.00     141000.00     2000.00     1.0000     1.0000    
      72     142000.00     143000.00     2000.00     1.0000     1.0000    
      73     144000.00     145000.00     2000.00     1.0000     1.0000    
      74     146000.00     147000.00     2000.00     1.0000     1.0000    
      75     148000.00     149000.00     2000.00     1.0000     1.0000    
      76     150000.00     151000.00     2000.00     1.0000     1.0000   x
      77     152000.00     153000.00     2000.00     1.0000     1.0000   x
      78     154000.00     155000.00     2000.00     1.0000     1.0000   x
      79     156000.00                               1.0000


 ZGRID:  STRETCH FAC  =    1.0359004512429237     
 ZGRID:  DOMAIN  HGT  =    20000.0000    
 k,gzc,gze =            1   77.692535400390625        0.0000000000000000     
 k,gzc,gze =            2   235.86680603027344        155.38507080078125     
 k,gzc,gze =            3   399.71958923339844        316.34854125976562     
 k,gzc,gze =            4   569.45477294921875        483.09063720703125     
 k,gzc,gze =            5   745.28353881835938        655.81890869140625     
 k,gzc,gze =            6   927.42462158203125        834.74816894531250     
 k,gzc,gze =            7   1116.1046142578125        1020.1010742187500     
 k,gzc,gze =            8   1311.5583496093750        1212.1081542968750     
 k,gzc,gze =            9   1514.0289916992188        1411.0085449218750     
 k,gzc,gze =           10   1723.7683715820312        1617.0494384765625     
 k,gzc,gze =           11   1941.0374755859375        1830.4873046875000     
 k,gzc,gze =           12   2166.1066894531250        2051.5876464843750     
 k,gzc,gze =           13   2399.2559814453125        2280.6257324218750     
 k,gzc,gze =           14   2640.7753906250000        2517.8862304687500     
 k,gzc,gze =           15   2890.9654541015625        2763.6645507812500     
 k,gzc,gze =           16   3150.1374511718750        3018.2663574218750     
 k,gzc,gze =           17   3418.6138916015625        3282.0085449218750     
 k,gzc,gze =           18   3696.7287597656250        3555.2192382812500     
 k,gzc,gze =           19   3984.8281250000000        3838.2382812500000     
 k,gzc,gze =           20   4283.2702636718750        4131.4179687500000     
 k,gzc,gze =           21   4592.4265136718750        4435.1225585937500     
 k,gzc,gze =           22   4912.6818847656250        4749.7304687500000     
 k,gzc,gze =           23   5244.4345703125000        5075.6333007812500     
 k,gzc,gze =           24   5588.0971679687500        5413.2358398437500     
 k,gzc,gze =           25   5944.0974121093750        5762.9584960937500     
 k,gzc,gze =           26   6312.8781738281250        6125.2363281250000     
 k,gzc,gze =           27   6694.8984375000000        6500.5200195312500     
 k,gzc,gze =           28   7090.6335449218750        6889.2768554687500     
 k,gzc,gze =           29   7500.5754394531250        7291.9902343750000     
 k,gzc,gze =           30   7925.2343750000000        7709.1606445312500     
 k,gzc,gze =           31   8365.1389160156250        8141.3081054687500     
 k,gzc,gze =           32   8820.8364257812500        8588.9697265625000     
 k,gzc,gze =           33   9292.8935546875000        9052.7031250000000     
 k,gzc,gze =           34   9781.8974609375000        9533.0839843750000     
 k,gzc,gze =           35   10288.457031250000        10030.710937500000     
 k,gzc,gze =           36   10813.202636718750        10546.203125000000     
 k,gzc,gze =           37   11356.786621093750        11080.202148437500     
 k,gzc,gze =           38   11919.885253906250        11633.371093750000     
 k,gzc,gze =           39   12503.199707031250        12206.399414062500     
 k,gzc,gze =           40   13100.000000000000        12800.000000000000     
 k,gzc,gze =           41   13700.000000000000        13400.000000000000     
 k,gzc,gze =           42   14300.000000000000        14000.000000000000     
 k,gzc,gze =           43   14900.000000000000        14600.000000000000     
 k,gzc,gze =           44   15500.000000000000        15200.000000000000     
 k,gzc,gze =           45   16100.000000000000        15800.000000000000     
 k,gzc,gze =           46   16700.000000000000        16400.000000000000     
 k,gzc,gze =           47   17300.000000000000        17000.000000000000     
 k,gzc,gze =           48   17900.000000000000        17600.000000000000     
 k,gzc,gze =           49   18500.000000000000        18200.000000000000     
 k,gzc,gze =           50   19100.000000000000        18800.000000000000     
 k,gzc,gze =           51   19700.000000000000        19400.000000000000     
 k,gzc,gze =           52   20300.000000000000        20000.000000000000     

 model heights:
     k       zf         zh         dz         mf         mh
 ---------------------------------------------------------------
      1       0.00      77.69     155.39     2.5238     2.5238
      2     155.39     235.87     160.96     2.4793     2.4363
      3     316.35     399.72     166.74     2.3933     2.3519
      4     483.09     569.45     172.73     2.3104     2.2704
      5     655.82     745.28     178.93     2.2303     2.1917
      6     834.75     927.42     185.35     2.1530     2.1157
      7    1020.10    1116.10     192.01     2.0784     2.0424
      8    1212.11    1311.56     198.90     2.0064     1.9716
      9    1411.01    1514.03     206.04     1.9369     1.9033
     10    1617.05    1723.77     213.44     1.8697     1.8373
     11    1830.49    1941.04     221.10     1.8049     1.7737
     12    2051.59    2166.11     229.04     1.7424     1.7122
     13    2280.63    2399.26     237.26     1.6820     1.6529
     14    2517.89    2640.78     245.78     1.6237     1.5956
     15    2763.66    2890.97     254.60     1.5674     1.5403
     16    3018.27    3150.14     263.74     1.5131     1.4869
     17    3282.01    3418.61     273.21     1.4607     1.4354
     18    3555.22    3696.73     283.02     1.4101     1.3856
     19    3838.24    3984.83     293.18     1.3612     1.3376
     20    4131.42    4283.27     303.70     1.3140     1.2912
     21    4435.12    4592.43     314.61     1.2685     1.2465
     22    4749.73    4912.68     325.90     1.2245     1.2033
     23    5075.63    5244.43     337.60     1.1821     1.1616
     24    5413.24    5588.10     349.72     1.1411     1.1213
     25    5762.96    5944.10     362.28     1.1016     1.0825
     26    6125.24    6312.88     375.28     1.0634     1.0450
     27    6500.52    6694.90     388.76     1.0265     1.0087
     28    6889.28    7090.63     402.71     0.9910     0.9738
     29    7291.99    7500.58     417.17     0.9566     0.9400
     30    7709.16    7925.23     432.15     0.9235     0.9075
     31    8141.31    8365.14     447.66     0.8915     0.8760
     32    8588.97    8820.84     463.73     0.8606     0.8457
     33    9052.70    9292.89     480.38     0.8307     0.8163
     34    9533.08    9781.90     497.63     0.8020     0.7881
     35   10030.71   10288.46     515.49     0.7742     0.7607
     36   10546.20   10813.20     534.00     0.7473     0.7344
     37   11080.20   11356.79     553.17     0.7214     0.7089
     38   11633.37   11919.88     573.03     0.6964     0.6844
     39   12206.40   12503.20     593.60     0.6723     0.6606
     40   12800.00   13100.00     600.00     0.6571     0.6536
     41   13400.00   13700.00     600.00     0.6536     0.6536
     42   14000.00   14300.00     600.00     0.6536     0.6536
     43   14600.00   14900.00     600.00     0.6536     0.6536
     44   15200.00   15500.00     600.00     0.6536     0.6536
     45   15800.00   16100.00     600.00     0.6536     0.6536
     46   16400.00   16700.00     600.00     0.6536     0.6536
     47   17000.00   17300.00     600.00     0.6536     0.6536
     48   17600.00   17900.00     600.00     0.6536     0.6536
     49   18200.00   18500.00     600.00     0.6536     0.6536
     50   18800.00   19100.00     600.00     0.6536     0.6536
     51   19400.00   19700.00     600.00     0.6536     0.6536
     52   20000.00                           0.6536

   patchsww = F
   patchnww = T
   patchsee = F
   patchnee = F
   patchsws = F
   patchses = T
   patchnwn = F
   patchnen = F

   p2tchsww = T
   p2tchnww = F
   p2tchsee = F
   p2tchnee = F
   p2tchsws = T
   p2tchses = F
   p2tchnwn = F
   p2tchnen = F

   minx =    0.00000000    
   maxx =    150000.000    
   miny =    0.00000000    
   maxy =    150000.000    
   maxz =    20000.0000    

   ibw =           1
   ibe =           0
   ibs =           1
   ibn =           0

   min_dx =    2000.00000    
   max_dx =    2000.00000    
   min_dy =    2000.00000    
   max_dy =    2000.00000    
   min_dz =    155.385071    
   max_dz =    600.000000    


   k,c1,c2,zhm1,zf,zh:
      1    0.5000    0.5000     -77.69       0.00      77.69
      2    0.5088    0.4912      77.69     155.39     235.87
      3    0.5088    0.4912     235.87     316.35     399.72
      4    0.5088    0.4912     399.72     483.09     569.45
      5    0.5088    0.4912     569.45     655.82     745.28
      6    0.5088    0.4912     745.28     834.75     927.42
      7    0.5088    0.4912     927.42    1020.10    1116.10
      8    0.5088    0.4912    1116.10    1212.11    1311.56
      9    0.5088    0.4912    1311.56    1411.01    1514.03
     10    0.5088    0.4912    1514.03    1617.05    1723.77
     11    0.5088    0.4912    1723.77    1830.49    1941.04
     12    0.5088    0.4912    1941.04    2051.59    2166.11
     13    0.5088    0.4912    2166.11    2280.63    2399.26
     14    0.5088    0.4912    2399.26    2517.89    2640.78
     15    0.5088    0.4912    2640.78    2763.66    2890.97
     16    0.5088    0.4912    2890.97    3018.27    3150.14
     17    0.5088    0.4912    3150.14    3282.01    3418.61
     18    0.5088    0.4912    3418.61    3555.22    3696.73
     19    0.5088    0.4912    3696.73    3838.24    3984.83
     20    0.5088    0.4912    3984.83    4131.42    4283.27
     21    0.5088    0.4912    4283.27    4435.12    4592.43
     22    0.5088    0.4912    4592.43    4749.73    4912.68
     23    0.5088    0.4912    4912.68    5075.63    5244.43
     24    0.5088    0.4912    5244.43    5413.24    5588.10
     25    0.5088    0.4912    5588.10    5762.96    5944.10
     26    0.5088    0.4912    5944.10    6125.24    6312.88
     27    0.5088    0.4912    6312.88    6500.52    6694.90
     28    0.5088    0.4912    6694.90    6889.28    7090.63
     29    0.5088    0.4912    7090.63    7291.99    7500.58
     30    0.5088    0.4912    7500.58    7709.16    7925.23
     31    0.5088    0.4912    7925.23    8141.31    8365.14
     32    0.5088    0.4912    8365.14    8588.97    8820.84
     33    0.5088    0.4912    8820.84    9052.70    9292.89
     34    0.5088    0.4912    9292.89    9533.08    9781.90
     35    0.5088    0.4912    9781.90   10030.71   10288.46
     36    0.5088    0.4912   10288.46   10546.20   10813.20
     37    0.5088    0.4912   10813.20   11080.20   11356.79
     38    0.5088    0.4912   11356.79   11633.37   11919.88
     39    0.5088    0.4912   11919.88   12206.40   12503.20
     40    0.5027    0.4973   12503.20   12800.00   13100.00
     41    0.5000    0.5000   13100.00   13400.00   13700.00
     42    0.5000    0.5000   13700.00   14000.00   14300.00
     43    0.5000    0.5000   14300.00   14600.00   14900.00
     44    0.5000    0.5000   14900.00   15200.00   15500.00
     45    0.5000    0.5000   15500.00   15800.00   16100.00
     46    0.5000    0.5000   16100.00   16400.00   16700.00
     47    0.5000    0.5000   16700.00   17000.00   17300.00
     48    0.5000    0.5000   17300.00   17600.00   17900.00
     49    0.5000    0.5000   17900.00   18200.00   18500.00
     50    0.5000    0.5000   18500.00   18800.00   19100.00
     51    0.5000    0.5000   19100.00   19400.00   19700.00
     52    0.5000    0.5000   19700.00   20000.00   20300.00


   ------ tauf, tauh -----
           1   0.00000000       0.00000000    
           2   0.00000000       0.00000000    
           3   0.00000000       0.00000000    
           4   0.00000000       0.00000000    
           5   0.00000000       0.00000000    
           6   0.00000000       0.00000000    
           7   0.00000000       0.00000000    
           8   0.00000000       0.00000000    
           9   0.00000000       0.00000000    
          10   0.00000000       0.00000000    
          11   0.00000000       0.00000000    
          12   0.00000000       0.00000000    
          13   0.00000000       0.00000000    
          14   0.00000000       0.00000000    
          15   0.00000000       0.00000000    
          16   0.00000000       0.00000000    
          17   0.00000000       0.00000000    
          18   0.00000000       0.00000000    
          19   0.00000000       0.00000000    
          20   0.00000000       0.00000000    
          21   0.00000000       0.00000000    
          22   0.00000000       0.00000000    
          23   0.00000000       0.00000000    
          24   0.00000000       0.00000000    
          25   0.00000000       0.00000000    
          26   0.00000000       0.00000000    
          27   0.00000000       0.00000000    
          28   0.00000000       0.00000000    
          29   0.00000000       0.00000000    
          30   0.00000000       0.00000000    
          31   0.00000000       0.00000000    
          32   0.00000000       0.00000000    
          33   0.00000000       0.00000000    
          34   0.00000000       0.00000000    
          35   0.00000000       0.00000000    
          36   0.00000000       0.00000000    
          37   0.00000000       0.00000000    
          38   0.00000000       0.00000000    
          39   0.00000000       0.00000000    
          40   0.00000000       0.00000000    
          41   0.00000000       0.00000000    
          42   0.00000000       0.00000000    
          43   0.00000000       0.00000000    
          44   3.94263864E-03   2.44717300E-02
          45   6.18466735E-02  0.114743382    
          46  0.181288034      0.259123147    
          47  0.345491529      0.437333375    
          48  0.531395316      0.624345005    
          49  0.712889671      0.793892622    
          50  0.864484310      0.922163963    
          51  0.964888215      0.991143644    
          52   1.00000000    


   vialpha,vibeta =   0.500000000      0.500000000    


   x0,alpha,delta,sum,predict,maxz:
   0.00000000    
  0.500000000       1.51795030       2.57244539       3.66479731    
   1.85094726      -1.19824338      0.347296089       0.00000000    
   1.00000000       1.52587891E-05   20000.0000    


   cgs1,cgs2,cgs3 =    1.85094726      -1.19824338      0.347296089    
   sum            =    1.00000000    

   dgs1,dgs2,dgs3 =   -1.93890107       2.86228609     -0.923384964    
   sum            =    5.96046448E-08


   x0,alpha,delta,sum,predict,maxz:
   33.3333321    
   32.8333321       31.8333340       30.8333340       29.8333340    
   1.87500155      -1.25000143      0.374999881       0.00000000    
   1.00000000       20000.0020       20000.0000    


   cgt1,cgt2,cgt3 =    1.87500155      -1.25000143      0.374999881    
   sum            =    1.00000000    

   dgt1,dgt2,dgt3 =    2.00000381      -3.00000381       1.00000000    
   sum            =    0.00000000    

 Leaving PARAM
 Inside BASE

  Reading sounding from external file, input_sounding

  p_sfc, th_sfc, qv_sfc =    960.000000       304.899994       19.0599995    
   Found           68   levels (including surface)


     k,z,th,qv:
           1   0.00000000       304.899994       19.0599995    
           2   0.00000000       304.899994       19.0599995    
           3   253.000000       305.200012       17.9099998    
           4   329.000000       305.299988       17.5799999    
           5   557.000000       305.500000       17.2199993    
           6   757.000000       305.600006       16.9099998    
           7   862.000000       306.799988       15.3999996    
           8   1069.00000       309.200012       12.7700005    
           9   1472.00000       310.700012       8.30000019    
          10   1777.00000       311.799988       5.88999987    
          11   1942.00000       312.399994       4.86000013    
          12   2081.00000       312.399994       5.42000008    
          13   2386.00000       312.399994       6.84999990    
          14   2475.00000       312.399994       7.32000017    
          15   2721.00000       312.899994       4.53999996    
          16   2876.00000       313.000000       3.85999990    
          17   3070.00000       314.399994       1.21000004    
          18   3301.00000       315.799988       1.08000004    
          19   3605.00000       317.600006      0.920000017    
          20   3807.00000       318.700012      0.819999993    
          21   3910.00000       318.899994      0.829999983    
          22   4520.00000       319.500000      0.829999983    
          23   4718.00000       319.700012      0.839999974    
          24   5026.00000       323.500000      0.230000004    
          25   5423.00000       324.600006      0.189999998    
          26   5434.00000       324.600006      0.189999998    
          27   5739.00000       325.700012      0.209999993    
          28   6102.00000       327.100006      0.219999999    
          29   7123.00000       328.299988      0.119999997    
          30   7263.00000       328.500000      0.119999997    
          31   8787.00000       331.100006      0.170000002    
          32   9092.00000       331.399994      0.180000007    
          33   9160.00000       331.500000      0.189999998    
          34   9183.00000       331.600006       1.00000005E-03
          35   9701.00000       334.700012       1.00000005E-03
          36   9844.00000       335.500000       1.00000005E-03
          37   10311.0000       338.299988       1.00000005E-03
          38   10413.0000       338.899994       1.00000005E-03
          39   10921.0000       340.600006       1.00000005E-03
          40   11530.0000       342.500000       1.00000005E-03
          41   11863.0000       343.399994       1.00000005E-03
          42   12140.0000       347.799988       1.00000005E-03
          43   12290.0000       350.100006       1.00000005E-03
          44   13664.0000       359.100006       1.00000005E-03
          45   13663.0000       359.100006       1.00000005E-03
          46   14273.0000       362.500000       1.00000005E-03
          47   14391.0000       363.100006       1.00000005E-03
          48   14811.0000       371.299988       1.00000005E-03
          49   14883.0000       372.700012       1.00000005E-03
          50   15797.0000       391.100006       1.00000005E-03
          51   16103.0000       397.399994       1.00000005E-03
          52   16481.0000       399.899994       1.00000005E-03
          53   16637.0000       410.000000       1.00000005E-03
          54   17281.0000       413.000000       1.00000005E-03
          55   17321.0000       415.399994       1.00000005E-03
          56   17527.0000       427.799988       1.00000005E-03
          57   18236.0000       441.399994       1.00000005E-03
          58   18253.0000       441.799988       1.00000005E-03
          59   18517.0000       445.600006       1.00000005E-03
          60   18845.0000       457.100006       1.00000005E-03
          61   19981.0000       498.799988       1.00000005E-03
          62   20323.0000       504.700012       1.00000005E-03
          63   22954.0000       573.599976       1.00000005E-03
          64   23563.0000       595.500000       1.00000005E-03
          65   24663.0000       636.000000       1.00000005E-03
          66   26193.0000       679.000000       1.00000005E-03
          67   26846.0000       706.799988       1.00000005E-03
          68   27739.0000       734.200012       1.00000005E-03

     k,u,v:
           1  -1.68008852      -2.17436504    
           2  -2.28714967       6.28391504    
           3  -3.03701520       17.2238979    
           4  -2.85836720       16.2107277    
           5   0.00000000       18.0039997    
           6   4.05004406       17.5425529    
           7   6.15775585       16.9182167    
           8   10.3266935       14.7479963    
           9   14.1859379       11.9033737    
          10   16.8548927       11.8018789    
          11   17.6976376       12.3919735    
          12   18.5403824       12.9820671    
          13   19.8044987       13.8672075    
          14   20.2258720       14.1622553    
          15   21.0686169       14.7523489    
          16   22.6022434       15.2453480    
          17   24.8654766       15.5376129    
          18   27.1745205       15.6891508    
          19   30.2929077       17.4895458    
          20   30.1988850       19.6113091    
          21   29.9174347       20.9483356    
          22   32.0242958       22.4235706    
          23   30.7601795       21.5384293    
          24   29.0746899       20.3582420    
          25   26.9678288       18.8830070    
          26   26.1250839       18.2929134    
          27   26.1250839       18.2929134    
          28   27.3892021       19.1780529    
          29   30.7601795       21.5384293    
          30   30.3388081       21.2433815    
          31   36.2380219       25.3740406    
          32   34.1311569       23.8988056    
          33   34.1311569       23.8988056    
          34   34.1311569       23.8988056    
          35   44.7556915       20.8698215    
          36   44.7556915       20.8698215    
          37   43.0206604       15.6581488    
          38   41.0871468       14.9544115    
          39   38.2591820       10.2514391    
          40   41.4922562       19.3480644    
          41   40.2466736       10.7839813    
          42   39.5136528       6.96724367    
          43   38.5004807       6.78859663    
          44   27.0691795       9.85231876    
          45   28.8186054       7.72186279    
          46   27.0398979       12.6088505    
          47   29.8371277       13.9132147    
          48   27.9723072       13.0436392    
          49   27.9723072       13.0436392    
          50   27.9723072       13.0436392    
          51   27.9723072       13.0436392    
          52   27.9723072       13.0436392    
          53   27.9723072       13.0436392    
          54   27.9723072       13.0436392    
          55   27.9723072       13.0436392    
          56   27.9723072       13.0436392    
          57   27.9723072       13.0436392    
          58   27.9723072       13.0436392    
          59   27.9723072       13.0436392    
          60   27.9723072       13.0436392    
          61   27.9723072       13.0436392    
          62   27.9723072       13.0436392    
          63   27.9723072       13.0436392    
          64   27.9723072       13.0436392    
          65   27.9723072       13.0436392    
          66   27.9723072       13.0436392    
          67   27.9723072       13.0436392    
          68   27.9723072       13.0436392    


 interpolating sounding to grid: 

           0.00000000       77.6925354       253.000000      0.307085127    
           0.00000000       235.866806       253.000000      0.932279885    
           329.000000       399.719604       557.000000      0.310173690    
           557.000000       569.454773       757.000000       6.22738637E-02
           557.000000       745.283569       757.000000      0.941417873    
           862.000000       927.424622       1069.00000      0.316060960    
           1069.00000       1116.10461       1472.00000      0.116884902    
           1069.00000       1311.55835       1472.00000      0.601881742    
           1472.00000       1514.02905       1777.00000      0.137800172    
           1472.00000       1723.76831       1777.00000      0.825469851    
           1777.00000       1941.03748       1942.00000      0.994166493    
           2081.00000       2166.10669       2386.00000      0.279038340    
           2386.00000       2399.25586       2475.00000      0.148942247    
           2475.00000       2640.77539       2721.00000      0.673883677    
           2876.00000       2890.96533       3070.00000       7.71408901E-02
           3070.00000       3150.13745       3301.00000      0.346915364    
           3301.00000       3418.61377       3605.00000      0.386887401    
           3605.00000       3696.72876       3807.00000      0.454102784    
           3910.00000       3984.82812       4520.00000      0.122669056    
           3910.00000       4283.27051       4520.00000      0.611918867    
           4520.00000       4592.42676       4718.00000      0.365791708    
           4718.00000       4912.68164       5026.00000      0.632083237    
           5026.00000       5244.43457       5423.00000      0.550213039    
           5434.00000       5588.09717       5739.00000      0.505236626    
           5739.00000       5944.09766       6102.00000      0.565007329    
           6102.00000       6312.87793       7123.00000      0.206540585    
           6102.00000       6694.89844       7123.00000      0.580703676    
           6102.00000       7090.63379       7123.00000      0.968299508    
           7263.00000       7500.57520       8787.00000      0.155889243    
           7263.00000       7925.23438       8787.00000      0.434536994    
           7263.00000       8365.13867       8787.00000      0.723188102    
           8787.00000       8820.83594       9092.00000      0.110937499    
           9183.00000       9292.89355       9701.00000      0.212149724    
           9701.00000       9781.89746       9844.00000      0.565716505    
           9844.00000       10288.4570       10311.0000      0.951728106    
           10413.0000       10813.2031       10921.0000      0.787801445    
           10921.0000       11356.7871       11530.0000      0.715578198    
           11863.0000       11919.8848       12140.0000      0.205360159    
           12290.0000       12503.1992       13664.0000      0.155166820    
           12290.0000       13100.0000       13664.0000      0.589519680    
           13663.0000       13700.0000       14273.0000       6.06557392E-02
           14273.0000       14300.0000       14391.0000      0.228813559    
           14883.0000       14900.0000       15797.0000       1.85995623E-02
           14883.0000       15500.0000       15797.0000      0.675054729    
           15797.0000       16100.0000       16103.0000      0.990196049    
           16637.0000       16700.0000       17281.0000       9.78260860E-02
           17281.0000       17300.0000       17321.0000      0.474999994    
           17527.0000       17900.0000       18236.0000      0.526093066    
           18253.0000       18500.0000       18517.0000      0.935606062    
           18845.0000       19100.0000       19981.0000      0.224471837    
           18845.0000       19700.0000       19981.0000      0.752640843    


       k    prs0 (Pa)        pi0        rho0 (kg/m^3)
    ---------------------------------------------------------------------
       1     95166.33     0.9859590     1.0703498
       2     93485.29     0.9809565     1.0573388
       3     91766.82     0.9757757     1.0436164
       4     90011.12     0.9704106     1.0292686
       5     88218.23     0.9648541     1.0147177
       6     86392.74     0.9591130     0.9969282
       7     84539.13     0.9531941     0.9795130
       8     82654.29     0.9470795     0.9649808
       9     80735.77     0.9407526     0.9496903
      10     78784.72     0.9342071     0.9334296
      11     76802.45     0.9274372     0.9163421
      12     74789.16     0.9204324     0.8976445
      13     72744.92     0.9131806     0.8785866
      14     70670.52     0.9056714     0.8617814
      15     68566.91     0.8978937     0.8447158
      16     66439.88     0.8898542     0.8245230
      17     64296.38     0.8815641     0.8015164
      18     62139.18     0.8730192     0.7784428
      19     59967.84     0.8642015     0.7568735
      20     57780.22     0.8550838     0.7363547
      21     55576.87     0.8456476     0.7154992
      22     53367.82     0.8359147     0.6900161
      23     51161.31     0.8259013     0.6656416
      24     48955.23     0.8155763     0.6429248
      25     46750.48     0.8049198     0.6195389
      26     44549.63     0.7939177     0.5970089
      27     42353.16     0.7825432     0.5750714
      28     40163.54     0.7707765     0.5529107
      29     37985.48     0.7586079     0.5302529
      30     35824.05     0.7460288     0.5073733
      31     33683.91     0.7330273     0.4844181
      32     31569.63     0.7195897     0.4614443
      33     29486.92     0.7057083     0.4381128
      34     27446.87     0.6914145     0.4126375
      35     25459.17     0.6767374     0.3875721
      36     23525.05     0.6616473     0.3640629
      37     21644.84     0.6461025     0.3412990
      38     19823.50     0.6300950     0.3183388
      39     18078.52     0.6137401     0.2919538
      40     16435.03     0.5972698     0.2697319
      41     14909.51     0.5808922     0.2488627
      42     13501.69     0.5646787     0.2297055
      43     12215.12     0.5487678     0.2078778
      44     11052.86     0.5333288     0.1874732
      45     10004.23     0.5183693     0.1692158
      46      9058.02     0.5038759     0.1526413
      47      8194.87     0.4896780     0.1407800
      48      7414.63     0.4758924     0.1247940
      49      6713.81     0.4625956     0.1135318
      50      6083.39     0.4497583     0.1010202
      51      5522.05     0.4375008     0.0900174


       k    th0 (K)     thv0 (K)     t0 (K)     l.r. (K/km)     N^2
    ---------------------------------------------------------------------
       1    304.9921    308.3957    300.7097       4.2116      0.0406
       2    305.1797    308.4570    299.3680       8.3355      0.1212
       3    305.3620    308.5506    297.9648       8.4152      0.1784
       4    305.5062    308.6466    296.4665       8.6748      0.1767
       5    305.5941    308.6865    294.8538       9.0131      0.0708
       6    307.5585    310.2476    294.9834      -0.6994      2.6698
       7    309.3753    311.6422    294.8947       0.4617      2.2916
       8    310.1028    311.9650    293.6920       6.0467      0.5105
       9    310.8516    312.3410    292.4344       6.1036      0.5735
      10    311.6080    312.7908    291.1064       6.2221      0.6615
      11    312.3965    313.3159    289.7281       6.2337      0.7441
      12    312.4000    313.5106    287.5431       9.5403      0.2661
      13    312.4000    313.7057    285.2776       9.5483      0.2572
      14    312.7369    313.7564    283.2369       8.3032      0.0645
      15    313.1080    313.8004    281.1377       8.2450      0.0541
      16    314.8857    315.1082    280.2023       3.5465      1.5469
      17    316.4964    316.6917    279.0119       4.3573      1.7999
      18    318.0995    318.2682    277.7070       4.6105      1.7213
      19    318.9736    319.1355    275.6575       6.9907      0.9105
      20    319.2672    319.4302    273.0002       8.7497      0.2982
      21    319.5732    319.7352    270.2462       8.7535      0.2976
      22    322.1019    322.1924    269.2498       3.0576      2.3044
      23    324.1052    324.1460    267.6789       4.6529      1.7566
      24    325.1558    325.1955    265.1893       7.1188      0.9068
      25    326.4910    326.5340    262.7991       6.5979      1.1122
      26    327.3478    327.3865    259.8872       7.7590      0.6816
      27    327.7968    327.8278    256.5152       8.6739      0.3399
      28    328.2620    328.2864    253.0166       8.6876      0.3405
      29    328.9053    328.9351    249.5101       8.4053      0.4642
      30    329.6298    329.6649    245.9133       8.3232      0.5032
      31    330.3803    330.4164    242.1778       8.3446      0.4989
      32    331.1333    331.1679    238.2801       8.4050      0.4806
      33    332.2577    332.2579    234.4770       7.9169      0.6711
      34    335.1526    335.1528    231.7294       5.5215      1.7102
      35    338.1648    338.1650    228.8488       5.5880      1.7027
      36    340.2393    340.2395    225.1184       6.9857      1.1235
      37    341.9596    341.9598    220.9409       7.5518      0.8944
      38    344.3036    344.3038    216.9440       6.9752      1.1695
      39    351.4965    351.4967    215.7275       2.0493      3.4170
      40    355.4057    355.4059    212.2731       5.7574      1.8083
      41    359.3062    359.3065    208.7182       5.9248      1.7846
      42    362.6373    362.6375    204.7735       6.5744      1.5088
      43    373.0422    373.0424    204.7136       0.1000      4.6252
      44    385.1210    385.1213    205.3961      -1.1376      5.2101
      45    397.3382    397.3385    205.9679      -0.9530      5.1061
      46    410.2935    410.2937    206.7370      -1.2818      5.2459
      47    414.1400    414.1403    202.7952       6.5696      1.5257
      48    434.9549    434.9551    206.9917      -6.9941      8.0177
      49    445.3553    445.3556    206.0194       1.6205      3.8635
      50    466.4605    466.4608    209.7945      -6.2918      7.5702
      51    488.4851    488.4855    213.7126      -6.5303      7.5432


   Richardson number:  NOTE!!!  Ri should be > 0.25 for most applications!

   k,z,Ri:           2   156.779663       6.56792847E-03 <---- NOTE!  Ri < 0.25
   k,z,Ri:           3   317.793213      0.439205140    
   k,z,Ri:           4   484.587189       8.08897913E-02 <---- NOTE!  Ri < 0.25
   k,z,Ri:           5   657.369141       1.73391774E-02 <---- NOTE!  Ri < 0.25
   k,z,Ri:           6   836.354126      0.592872560    
   k,z,Ri:           7   1021.76465      0.584386945    
   k,z,Ri:           8   1213.83154      0.367057145    
   k,z,Ri:           9   1412.79370      0.484290212    
   k,z,Ri:          10   1618.89868      0.877767026    
   k,z,Ri:          11   1832.40283       1.76677966    
   k,z,Ri:          12   2053.57202      0.638745427    
   k,z,Ri:          13   2282.68115       1.00608993    
   k,z,Ri:          14   2520.01562      0.299344897    
   k,z,Ri:          15   2765.87036       7.77312294E-02 <---- NOTE!  Ri < 0.25
   k,z,Ri:          16   3020.55127       1.25069678    
   k,z,Ri:          17   3284.37549       1.65002930    
   k,z,Ri:          18   3557.67139       1.74417806    
   k,z,Ri:          19   3840.77832       1.07290030    
   k,z,Ri:          20   4134.04932       1.70674646    
   k,z,Ri:          21   4437.84863       15.3919201    
   k,z,Ri:          22   4752.55420       4.62953997    
   k,z,Ri:          23   5078.55811       4.16976404    
   k,z,Ri:          24   5416.26562       2.28135395    
   k,z,Ri:          25   5766.09766       18.8682423    
   k,z,Ri:          26   6128.48779       4.07634592    
   k,z,Ri:          27   6503.88818       2.12920070    
   k,z,Ri:          28   6892.76611       2.13297796    
   k,z,Ri:          29   7295.60449       14.5481768    
   k,z,Ri:          30   7712.90479       2.29302764    
   k,z,Ri:          31   8145.18652       2.27365947    
   k,z,Ri:          32   8592.98730       3.48084259    
   k,z,Ri:          33   9056.86523       3.83905840    
   k,z,Ri:          34   9537.39551      0.549297452    
   k,z,Ri:          35   10035.1777       1.62694931    
   k,z,Ri:          36   10550.8301      0.792215824    
   k,z,Ri:          37   11084.9951      0.807363927    
   k,z,Ri:          38   11638.3359      0.821527362    
   k,z,Ri:          39   12211.5420       6.28008318    
   k,z,Ri:          40   12801.5996       2.45053101    
   k,z,Ri:          41   13400.0000       6.66491270    
   k,z,Ri:          42   14000.0000       2.17567515    
   k,z,Ri:          43   14600.0000       1600.02026    
   k,z,Ri:          44   15200.0000       521010880.    
   k,z,Ri:          45   15800.0000       510614496.    
   k,z,Ri:          46   16400.0000       524586304.    
   k,z,Ri:          47   17000.0000       152568752.    
   k,z,Ri:          48   17600.0000       801772096.    
   k,z,Ri:          49   18200.0000       386353664.    
   k,z,Ri:          50   18800.0000       757021440.    
   k,z,Ri:          51   19400.0000       754319168.    


       k  theta-e (K)       rh0          qv0          qc0          qi0
    ---------------------------------------------------------------------
       1    361.2180     0.746565     0.018704     0.000000     0.000000
       2    359.2769     0.765035     0.017987     0.000000     0.000000
       3    357.9687     0.795197     0.017480     0.000000     0.000000
       4    357.3099     0.842005     0.017204     0.000000     0.000000
       5    356.5935     0.898027     0.016931     0.000000     0.000000
       6    351.9169     0.751467     0.014595     0.000000     0.000000
       7    346.8395     0.617836     0.012203     0.000000     0.000000
       8    340.9742     0.532665     0.009978     0.000000     0.000000
       9    335.6923     0.448644     0.007946     0.000000     0.000000
      10    331.4999     0.376910     0.006285     0.000000     0.000000
      11    328.0279     0.310897     0.004866     0.000000     0.000000
      12    331.1370     0.422303     0.005884     0.000000     0.000000
      13    334.2994     0.561836     0.006924     0.000000     0.000000
      14    330.0004     0.487704     0.005392     0.000000     0.000000
      15    325.0440     0.369899     0.003652     0.000000     0.000000
      16    318.9708     0.121831     0.001164     0.000000     0.000000
      17    320.1140     0.111821     0.001016     0.000000     0.000000
      18    321.2564     0.101819     0.000874     0.000000     0.000000
      19    322.0104     0.108726     0.000835     0.000000     0.000000
      20    322.3262     0.127866     0.000841     0.000000     0.000000
      21    322.6159     0.149776     0.000835     0.000000     0.000000
      22    323.8599     0.085740     0.000462     0.000000     0.000000
      23    324.9351     0.041509     0.000207     0.000000     0.000000
      24    325.9660     0.046739     0.000201     0.000000     0.000000
      25    327.3644     0.058020     0.000217     0.000000     0.000000
      26    328.1400     0.062841     0.000195     0.000000     0.000000
      27    328.4380     0.063032     0.000155     0.000000     0.000000
      28    328.7739     0.063391     0.000122     0.000000     0.000000
      29    329.5230     0.099196     0.000149     0.000000     0.000000
      30    330.3536     0.152810     0.000175     0.000000     0.000000
      31    331.1224     0.208787     0.000180     0.000000     0.000000
      32    331.8469     0.273358     0.000172     0.000000     0.000000
      33    332.2629     0.002189     0.000001     0.000000     0.000000
      34    335.1579     0.002701     0.000001     0.000000     0.000000
      35    338.1702     0.003410     0.000001     0.000000     0.000000
      36    340.2447     0.004804     0.000001     0.000000     0.000000
      37    341.9651     0.007228     0.000001     0.000000     0.000000
      38    344.3091     0.010474     0.000001     0.000000     0.000000
      39    351.5024     0.011706     0.000001     0.000000     0.000000
      40    355.4118     0.016890     0.000001     0.000000     0.000000
      41    359.3120     0.022788     0.000001     0.000000     0.000000
      42    362.6431     0.035243     0.000001     0.000000     0.000000
      43    373.0482     0.032143     0.000001     0.000000     0.000000
      44    385.1273     0.026608     0.000001     0.000000     0.000000
      45    397.3446     0.022091     0.000001     0.000000     0.000000
      46    410.3002     0.018306     0.000001     0.000000     0.000000
      47    414.1467     0.028352     0.000001     0.000000     0.000000
      48    434.9620     0.014202     0.000001     0.000000     0.000000
      49    445.3626     0.014721     0.000001     0.000000     0.000000
      50    466.4689     0.008796     0.000001     0.000000     0.000000
      51    488.4944     0.005053     0.000001     0.000000     0.000000


   Thermodynamic properties of base-state sounding:

     for surface parcel:
        source p(mb),T(K),qv(g/kg) =      960.0     301.4      19.1
        LCL,LFC,EL (m AGL)         =      647.6     650.9     844.1
        CAPE,CIN (J/kg)            =     4784.3       6.6

     for most-unstable parcel:
        source p(mb),T(K),qv(g/kg) =      960.0     301.4      19.1
        LCL,LFC,EL (m AGL)         =      647.6     650.9     844.1
        CAPE,CIN (J/kg)            =     4784.3       6.6

     for mixed-layer parcel:
        source p(mb),T(K),qv(g/kg) =      960.0     301.7      18.0
        LCL,LFC,EL (m AGL)         =      793.2    1463.4   13694.8
        CAPE,CIN (J/kg)            =     4180.8      18.9



       k     u0 (m/s)     v0 (m/s)
    ---------------------------------------------------------------------
       1      -2.5174       9.6434
       2      -2.9862      16.4830
       3      -1.9718      16.7670
       4       0.2522      17.9753
       5       3.8128      17.5696
       6       7.4754      16.2323
       7      10.7778      14.4155
       8      12.6495      13.0359
       9      14.5537      11.8894
      10      16.3891      11.8196
      11      17.6927      12.3885
      12      18.8931      13.2291
      13      19.8673      13.9112
      14      20.7938      14.5599
      15      22.7768      15.2679
      16      25.6665      15.5902
      17      28.3810      16.3857
      18      30.2502      18.4530
      19      30.1759      21.1293
      20      31.2067      21.8511
      21      31.5619      22.0998
      22      29.6948      20.7925
      23      27.9155      19.5465
      24      26.1251      18.2929
      25      26.8393      18.7930
      26      28.0854      19.6656
      27      29.3467      20.5487
      28      30.6533      21.4636
      29      31.2584      21.8873
      30      32.9022      23.0383
      31      34.6050      24.2306
      32      36.0043      25.2104
      33      36.3851      23.2562
      34      44.7557      20.8698
      35      43.1044      15.9097
      36      38.8593      11.2494
      37      40.5727      16.7608
      38      40.0961      10.0002
      39      36.7267       7.2640
      40      31.7615       8.5947
      41      28.7107       8.0183
      42      27.6799      12.9073
      43      27.9723      13.0436
      44      27.9723      13.0436
      45      27.9723      13.0436
      46      27.9723      13.0436
      47      27.9723      13.0436
      48      27.9723      13.0436
      49      27.9723      13.0436
      50      27.9723      13.0436
      51      27.9723      13.0436


   psurf,tsurf  =    96000.0000       301.368195    
   qsurf,thsurf =    1.90599989E-02   304.899994    

 Leaving BASE
   rbufsz,nrad2d =            1          10
 Inside INIT3D

   seed_size =            8
   rand-1 =   0.620773196    

 Leaving INIT3D

   allocating diagnostic arrays:  ntdiag,nqdiag =            1           1


   strlen          =            0
   baselen         =            6
   totlen          =            6
   output_basename = cm1out
   statfile        = cm1out_stats.dat                                                      



   Settings used in this simulation:
   isfcflx  =            0
   bbc      =            1
   dosfcflx =  F

   string = cm1out_rst_000000.nc                                                  
   nvar_npt =            0
   nvar_parcels =            0

   From restart file: 

    mtime   =    0.0000000000000000     
    stattim =    60.000000000000000     
    taptim  =    900.00000000000000     
    rsttim  =    0.0000000000000000     
    radtim  =    0.0000000000000000     
    prcltim =    1.0000000000000000E+030

    nstep   =            0
    nrec    =            2
    prec    =            1
    nwrite  =            1
    nrst    =            0


   Using the following: 

    stattim =    60.000000000000000     
    taptim  =    900.00000000000000     
    rsttim  =    300.00000000000000     
    radtim  =    0.0000000000000000     


   Detected positive value for run_time. 
      Using the following values: 
         run_time =    1200.00000    
         timax    =    1200.00000    


   strlen          =            0
   baselen         =            6
   totlen          =            6
   output_basename = cm1out
   statfile        = cm1out_stats.dat                                                      


 Inside GETSET


 Leaving GETSET

   ... skipping sfc stuff ... 


   zf,grdscl:
           2   155.385071       322.806396    
           3   316.348541       549.380249    
           4   483.090637       682.472656    
           5   655.818909       760.946350    
           6   834.748169       810.955566    
           7   1020.10107       845.898438    
           8   1212.10815       872.462646    
           9   1411.00854       894.119019    
          10   1617.04944       912.767090    
          11   1830.48730       929.503540    
          12   2051.58765       944.990601    
          13   2280.62573       959.646301    
          14   2517.88623       973.744629    
          15   2763.66455       987.469299    
          16   3018.26636       1000.94989    
          17   3282.00854       1014.27673    
          18   3555.21924       1027.51782    
          19   3838.23828       1040.72192    
          20   4131.41797       1053.92712    
          21   4435.12256       1067.16235    
          22   4749.73047       1080.45081    
          23   5075.63330       1093.81213    
          24   5413.23584       1107.25879    
          25   5762.95850       1120.80518    
          26   6125.23633       1134.45959    
          27   6500.52002       1148.23352    
          28   6889.27686       1162.13232    
          29   7291.99023       1176.16211    
          30   7709.16064       1190.33142    
          31   8141.30811       1204.64282    
          32   8588.96973       1219.10242    
          33   9052.70312       1233.71436    
          34   9533.08398       1248.48120    
          35   10030.7109       1263.40857    
          36   10546.2031       1278.49988    
          37   11080.2021       1293.75659    
          38   11633.3711       1309.18262    
          39   12206.3994       1324.78333    
          40   12800.0000       1335.03540    
          41   13400.0000       1337.53870    
          42   14000.0000       1337.64990    
          43   14600.0000       1337.74768    
          44   15200.0000       1337.83411    
          45   15800.0000       1337.91089    
          46   16400.0000       1337.97949    
          47   17000.0000       1338.04102    
          48   17600.0000       1338.09619    
          49   18200.0000       1338.14612    
          50   18800.0000       1338.19128    
          51   19400.0000       1338.23242    
  WMAX  :  0.997256       16   12    9    WMIN  : -0.543592E-01   10   24    8
  UMAX  :   47.9298        1    1   34    UMIN  :  -3.51070        3    1    1
  SUMAX :  -3.51070        1    1    1    SUMIN :  -3.51070        3    1    1
  VMAX  :   26.9247        1    3   33    VMIN  :   2.63787        1    1   39
  SVMAX :   9.19110        1    1    1    SVMIN :   9.19110        1    1    1
  PPIMAX:   0.00000        1    1    1    PPIMIN:   0.00000        1    1    1
  PPMAX :   0.00000        1    1    1    PPMIN :   0.00000        1    1    1
  THPMAX:   2.00000       16   12    9    THPMIN:   0.00000        1    1    1
  STHPMX:  0.382172       16   12    1    STHPMN:   0.00000        1    1    1
  MAXqv :  0.243407E-01   16   12    1    MINqv :  0.998735E-06    1    1   48
  MAXqc :   0.00000        1    1    1    MINqc :   0.00000        1    1    1
  MAXqr :   0.00000        1    1    1    MINqr :   0.00000        1    1    1
  MAXqi :   0.00000        1    1    1    MINqi :   0.00000        1    1    1
  MAXqs :   0.00000        1    1    1    MINqs :   0.00000        1    1    1
  MAXqg :   0.00000        1    1    1    MINqg :   0.00000        1    1    1
  MAXqhl:   0.00000        1    1    1    MINqhl:   0.00000        1    1    1
  MAXccn:  0.163265E+10    1    1    1    MINccn:  0.163265E+10    1    1    1
  MAXccw:   0.00000        1    1    1    MINccw:   0.00000        1    1    1
  MAXcrw:   0.00000        1    1    1    MINcrw:   0.00000        1    1    1
  MAXcci:   0.00000        1    1    1    MINcci:   0.00000        1    1    1
  MAXcsw:   0.00000        1    1    1    MINcsw:   0.00000        1    1    1
  MAXchw:   0.00000        1    1    1    MINchw:   0.00000        1    1    1
  MAXchl:   0.00000        1    1    1    MINchl:   0.00000        1    1    1
  MAXvhw:   0.00000        1    1    1    MINvhw:   0.00000        1    1    1
  MAXvhl:   0.00000        1    1    1    MINvhl:   0.00000        1    1    1
  TKEMAX:   0.00000        1    1    1    TKEMIN:   0.00000        1    1    1
  KMHMAX:  0.133823        1    1   51    KMHMIN:   0.00000        1    1    1
  KMVMAX:  0.133823        1    1   51    KMVMIN:   0.00000        1    1    1
  KHHMAX:  0.401470        1    1   51    KHHMIN:   0.00000        1    1    1
  KHVMAX:  0.401470        1    1   51    KHVMIN:   0.00000        1    1    1
  DIVMAX:  0.167225E-02   16   12    1    DIVMIN: -0.206681E-02   10   24    7
  RHMAX :  0.951426       16   12    1    RHMIN :  0.219052E-02    1    1   33
  RHIMAX:  0.897766       15   11   17    RHIMIN:  0.324651E-02    1    1   33
  THEMAX:   379.340       16   12    1    THEMIN:   318.752        1    1   16
  STHEMX:   379.340       16   12    1    STHEMN:   361.111        1    1    1
  QCTOP :      0.000000    1    1    1    QCBOT :      0.000000    1    1    1
  SFPMAX:   95166.3        1    1    1    SFPMIN:   95166.3        1    1    1
  PSFCMX:   96000.0        1    1    1    PSFCMN:   96000.0        1    1    1
  WSPMAX:   53.9030        1    1   34    WSPMIN:   9.83877        1    1    1
  SWSPMX:   9.83877        1    1    1    SWSPMN:   9.83877        1    1    1
  CFLMAX:      0.202136    1    1   34
  KSHMAX:  0.752756E-06    1    1   51
  KSVMAX:  0.553805E-04    1    1    5
  VORSFC:  0.000000E+00
  VOR1KM:  0.000000E+00
  VOR2KM:  0.000000E+00
  VOR3KM:  0.000000E+00
  VOR4KM:  0.000000E+00
  VOR5KM:  0.000000E+00
  TMASS :  0.207380E+15
  TMOIS :  0.739336E+12
  qv MAS:  0.739336E+12
  qc MAS:  0.000000E+00
  qr MAS:  0.000000E+00
  qi MAS:  0.000000E+00
  qs MAS:  0.000000E+00
  qg MAS:  0.000000E+00
  qhlMAS:  0.000000E+00
  TENERG:  0.521627E+20
  TMU   :  0.536839E+16
  TMV   :  0.342395E+16
  TMW   :  0.363969E+12
  TMFU  :  0.176933E+10
  TMFD  : -0.788629E+06
  tcond :  0.000000E+00
  tevac :  0.000000E+00
  tauto :  0.000000E+00
  taccr :  0.000000E+00
  tevar :  0.000000E+00
  train :  0.000000E+00
  erain :  0.000000E+00
  qsfc  :  0.000000E+00
  esfc  :  0.000000E+00
  erad  :  0.000000E+00
  asqv  :  0.000000E+00
  asqc  :  0.000000E+00
  asqr  :  0.000000E+00
  asqi  :  0.000000E+00
  asqs  :  0.000000E+00
  asqg  :  0.000000E+00
  asqhl :  0.000000E+00
  asccn :  0.000000E+00
  asccw :  0.000000E+00
  ascrw :  0.000000E+00
  ascci :  0.000000E+00
  ascsw :  0.000000E+00
  aschw :  0.000000E+00
  aschl :  0.000000E+00
  asvhw :  0.000000E+00
  asvhl :  0.000000E+00
  bsqv  :  0.000000E+00
  bsqc  :  0.000000E+00
  bsqr  :  0.000000E+00
  bsqi  :  0.000000E+00
  bsqs  :  0.000000E+00
  bsqg  :  0.000000E+00
  bsqhl :  0.000000E+00
  bsccn :  0.000000E+00
  bsccw :  0.000000E+00
  bscrw :  0.000000E+00
  bscci :  0.000000E+00
  bscsw :  0.000000E+00
  bschw :  0.000000E+00
  bschl :  0.000000E+00
  bsvhw :  0.000000E+00
  bsvhl :  0.000000E+00
 cm1out_stats.nc                                                       
   nrec =            1
   calling nf90_create 
             0              0.000000 min 

 -------------Done with Preprocessors-----------

             1              0.125000 min 
             2              0.250000 min 
             3              0.375000 min 
             4              0.500000 min 
             5              0.625000 min 
             6              0.750000 min 
             7              0.875000 min 
  WMAX  :   3.49527       15   17   49    WMIN  :  -2.76469       13   23   40
  UMAX  :   48.7415       25   18   34    UMIN  :  -5.38756       20   12    1
  SUMAX :  -1.72604        8   23    1    SUMIN :  -5.38756       20   12    1
  VMAX  :   27.4831       11   21   33    VMIN  :   1.90017       16   14   39
  SVMAX :   10.4754       10   19    1    SVMIN :   7.88166       11   28    1
  PPIMAX:  0.438790E-02   13   22   51    PPIMIN: -0.261467E-02   13   23   40
  PPMAX :   219.609        4   12    1    PPMIN :  -403.094       16   20    1
  THPMAX:   1.92404       14   21    9    THPMIN:  -1.76172       13   22   48
  STHPMX:  0.427101       16   12    1    STHPMN: -0.411631E-03    4   13    1
  MAXqv :  0.243384E-01   16   12    1    MINqv :  0.981811E-06   25   18   34
  MAXqc :  0.114143E-03   17   12   17    MINqc :   0.00000        1    1    1
  MAXqr :  0.189339E-06   12   23   16    MINqr :   0.00000        1    1    1
  MAXqi :   0.00000        1    1    1    MINqi :   0.00000        1    1    1
  MAXqs :   0.00000        1    1    1    MINqs :   0.00000        1    1    1
  MAXqg :   0.00000        1    1    1    MINqg :   0.00000        1    1    1
  MAXqhl:   0.00000        1    1    1    MINqhl:   0.00000        1    1    1
  MAXccn:  0.163610E+10    9   24    5    MINccn:  0.118172E+10    9   24    8
  MAXccw:  0.405985E+09   17   12   17    MINccw:   0.00000        1    1    1
  MAXcrw:   37.7695       12   23   16    MINcrw:   0.00000        1    1    1
  MAXcci:   0.00000        1    1    1    MINcci:   0.00000        1    1    1
  MAXcsw:   0.00000        1    1    1    MINcsw:   0.00000        1    1    1
  MAXchw:   0.00000        1    1    1    MINchw:   0.00000        1    1    1
  MAXchl:   0.00000        1    1    1    MINchl:   0.00000        1    1    1
  MAXvhw:   0.00000        1    1    1    MINvhw:   0.00000        1    1    1
  MAXvhl:   0.00000        1    1    1    MINvhl:   0.00000        1    1    1
  TKEMAX:   2.40321       10   22    2    TKEMIN:   0.00000        1    1    1
  KMHMAX:   143.143       14   21   12    KMHMIN:   0.00000        1    1    1
  KMVMAX:   143.143       14   21   12    KMVMIN:   0.00000        1    1    1
  KHHMAX:   429.428       14   21   12    KHHMIN:   0.00000        1    1    1
  KHVMAX:   429.428       14   21   12    KHVMIN:   0.00000        1    1    1
  DIVMAX:  0.394598E-03   14   23   42    DIVMIN: -0.494603E-03   16   12   38
  RHMAX :  0.994097       16   21   16    RHMIN :  0.222784E-02   74    1   33
  RHIMAX:  0.931598       16   21   16    RHIMIN:  0.330178E-02   74    1   33
  THEMAX:   379.398       16   12    1    THEMIN:   318.334       15   17   16
  STHEMX:   379.398       16   12    1    STHEMN:   359.940       15   17    1
  QCTOP :   3418.613770    1    1    1    QCBOT :    927.424622    1    1    1
  SFPMAX:   95385.9        4   12    1    SFPMIN:   94763.2       16   20    1
  PSFCMX:   96221.0        4   12    1    PSFCMN:   95591.8       16   20    1
  WSPMAX:   54.7165       24   20   34    WSPMIN:   8.60246       10   27    1
  SWSPMX:   11.0134       17    8    1    SWSPMN:   8.60246       10   27    1
  CFLMAX:      0.205245   24   20   34
  KSHMAX:  0.805178E-03   14   21   12
  KSVMAX:  0.731536E-01    9   21    5
  VORSFC:  0.740733E-04
  VOR1KM:  0.182059E-03
  VOR2KM:  0.261557E-03
  VOR3KM:  0.910645E-04
  VOR4KM:  0.709400E-04
  VOR5KM:  0.615273E-04
  TMASS :  0.207380E+15
  TMOIS :  0.739345E+12
  qv MAS:  0.739345E+12
  qc MAS:  0.381626E+06
  qr MAS:  0.961203E+03
  qi MAS:  0.000000E+00
  qs MAS:  0.000000E+00
  qg MAS:  0.000000E+00
  qhlMAS:  0.000000E+00
  TENERG:  0.521645E+20
  TMU   :  0.536938E+16
  TMV   :  0.342434E+16
  TMW   :  0.983903E+12
  TMFU  :  0.869491E+10
  TMFD  : -0.761582E+10
  tcond :  0.000000E+00
  tevac :  0.000000E+00
  tauto :  0.000000E+00
  taccr :  0.000000E+00
  tevar :  0.000000E+00
  train :  0.196474E+01
  erain :  0.000000E+00
  qsfc  :  0.000000E+00
  esfc  :  0.000000E+00
  erad  :  0.000000E+00
  asqv  :  0.000000E+00
  asqc  :  0.724937E+04
  asqr  :  0.172638E+00
  asqi  :  0.000000E+00
  asqs  :  0.000000E+00
  asqg  :  0.000000E+00
  asqhl :  0.000000E+00
  asccn :  0.000000E+00
  asccw :  0.318526E+16
  ascrw :  0.132953E+08
  ascci :  0.000000E+00
  ascsw :  0.000000E+00
  aschw :  0.000000E+00
  aschl :  0.000000E+00
  asvhw :  0.000000E+00
  asvhl :  0.000000E+00
  bsqv  :  0.000000E+00
  bsqc  :  0.000000E+00
  bsqr  :  0.000000E+00
  bsqi  :  0.000000E+00
  bsqs  :  0.000000E+00
  bsqg  :  0.000000E+00
  bsqhl :  0.000000E+00
  bsccn :  0.000000E+00
  bsccw :  0.000000E+00
  bscrw :  0.000000E+00
  bscci :  0.000000E+00
  bscsw :  0.000000E+00
  bschw :  0.000000E+00
  bschl :  0.000000E+00
  bsvhw :  0.000000E+00
  bsvhl :  0.000000E+00
 cm1out_stats.nc                                                       
   nrec =            2
             8              1.000000 min 
             9              1.125000 min 
            10              1.250000 min 
            11              1.375000 min 
            12              1.500000 min 
            13              1.625000 min 
            14              1.750000 min 
            15              1.875000 min 
  WMAX  :   1.58879       13   18   37    WMIN  :  -1.59445       19   18   12
  UMAX  :   48.3911       36   21   34    UMIN  :  -6.78453       20   12    1
  SUMAX : -0.760024        9   24    1    SUMIN :  -6.78453       20   12    1
  VMAX  :   27.2909       18   33   33    VMIN  :   2.30227        1    7   39
  SVMAX :   11.5160       17    9    1    SVMIN :   6.89395       11   28    1
  PPIMAX:  0.157448E-02    1    9   51    PPIMIN: -0.196952E-02    7   15   51
  PPMAX :   245.445       14   19   15    PPMIN :  -189.516       14   17   34
  THPMAX:   1.93982       17   12   10    THPMIN:  -1.42786       15   18   48
  STHPMX:  0.470255       13   21    1    STHPMN: -0.182450E-02   13   27    1
  MAXqv :  0.242601E-01   16   12    1    MINqv :  0.991532E-06   14   22   35
  MAXqc :  0.214114E-03   17   13   15    MINqc :   0.00000        1    1    1
  MAXqr :  0.381195E-07   12   23   16    MINqr :   0.00000        1    1    1
  MAXqi :   0.00000        1    1    1    MINqi :   0.00000        1    1    1
  MAXqs :   0.00000        1    1    1    MINqs :   0.00000        1    1    1
  MAXqg :   0.00000        1    1    1    MINqg :   0.00000        1    1    1
  MAXqhl:   0.00000        1    1    1    MINqhl:   0.00000        1    1    1
  MAXccn:  0.165057E+10   12   25    5    MINccn:  0.155040E+09   17   12   13
  MAXccw:  0.135451E+10   17   12   15    MINccw:   0.00000        1    1    1
  MAXcrw:   11.4022       12   23   16    MINcrw:   0.00000        1    1    1
  MAXcci:   0.00000        1    1    1    MINcci:   0.00000        1    1    1
  MAXcsw:   0.00000        1    1    1    MINcsw:   0.00000        1    1    1
  MAXchw:   0.00000        1    1    1    MINchw:   0.00000        1    1    1
  MAXchl:   0.00000        1    1    1    MINchl:   0.00000        1    1    1
  MAXvhw:   0.00000        1    1    1    MINvhw:   0.00000        1    1    1
  MAXvhl:   0.00000        1    1    1    MINvhl:   0.00000        1    1    1
  TKEMAX:   8.30781       13   13    2    TKEMIN:   0.00000        1    1    1
  KMHMAX:   265.564       14   21   13    KMHMIN:   0.00000        1    1    1
  KMVMAX:   265.564       14   21   13    KMVMIN:   0.00000        1    1    1
  KHHMAX:   796.693       14   21   13    KHHMIN:   0.00000        1    1    1
  KHVMAX:   796.693       14   21   13    KHVMIN:   0.00000        1    1    1
  DIVMAX:  0.322817E-03   15   18   24    DIVMIN: -0.299622E-03   14   20    1
  RHMAX :   1.00974       11   25   15    RHMIN :  0.226441E-02   63   72   33
  RHIMAX:  0.931965       18   13   17    RHIMIN:  0.335580E-02   63   72   33
  THEMAX:   379.150       16   12    1    THEMIN:   318.759       41    2   16
  STHEMX:   379.150       16   12    1    STHEMN:   360.291       16   18    1
  QCTOP :   3150.137451    1    1    1    QCBOT :    235.866806    1    1    1
  SFPMAX:   95324.2       16   17    1    SFPMIN:   95061.6        1   14    1
  PSFCMX:   96158.6       16   17    1    PSFCMN:   95894.6        1   14    1
  WSPMAX:   54.3670       35   23   34    WSPMIN:   7.66373       10   27    1
  SWSPMX:   12.0723       17    9    1    SWSPMN:   7.66373       10   27    1
  CFLMAX:      0.203881   35   23   34
  KSHMAX:  0.149380E-02   14   21   13
  KSVMAX:  0.128770       17   21    5
  VORSFC:  0.219146E-03
  VOR1KM:  0.359260E-03
  VOR2KM:  0.552506E-03
  VOR3KM:  0.219349E-03
  VOR4KM:  0.158328E-03
  VOR5KM:  0.161011E-03
  TMASS :  0.207380E+15
  TMOIS :  0.739344E+12
  qv MAS:  0.739327E+12
  qc MAS:  0.169264E+08
  qr MAS:  0.945498E+03
  qi MAS:  0.000000E+00
  qs MAS:  0.000000E+00
  qg MAS:  0.000000E+00
  qhlMAS:  0.000000E+00
  TENERG:  0.521646E+20
  TMU   :  0.537216E+16
  TMV   :  0.342491E+16
  TMW   : -0.369075E+13
  TMFU  :  0.848813E+10
  TMFD  : -0.221457E+11
  tcond :  0.000000E+00
  tevac :  0.000000E+00
  tauto :  0.000000E+00
  taccr :  0.000000E+00
  tevar :  0.000000E+00
  train :  0.855725E+01
  erain :  0.000000E+00
  qsfc  :  0.000000E+00
  esfc  :  0.000000E+00
  erad  :  0.000000E+00
  asqv  :  0.000000E+00
  asqc  :  0.999497E+04
  asqr  :  0.424545E+00
  asqi  :  0.000000E+00
  asqs  :  0.000000E+00
  asqg  :  0.000000E+00
  asqhl :  0.000000E+00
  asccn :  0.000000E+00
  asccw :  0.112819E+17
  ascrw :  0.314850E+08
  ascci :  0.000000E+00
  ascsw :  0.000000E+00
  aschw :  0.000000E+00
  aschl :  0.000000E+00
  asvhw :  0.000000E+00
  asvhl :  0.000000E+00
  bsqv  :  0.000000E+00
  bsqc  :  0.000000E+00
  bsqr  :  0.000000E+00
  bsqi  :  0.000000E+00
  bsqs  :  0.000000E+00
  bsqg  :  0.000000E+00
  bsqhl :  0.000000E+00
  bsccn :  0.000000E+00
  bsccw :  0.000000E+00
  bscrw :  0.000000E+00
  bscci :  0.000000E+00
  bscsw :  0.000000E+00
  bschw :  0.000000E+00
  bschl :  0.000000E+00
  bsvhw :  0.000000E+00
  bsvhl :  0.000000E+00
 cm1out_stats.nc                                                       
   nrec =            3
            16              2.000000 min 
            17              2.125000 min 
            18              2.250000 min 
            19              2.375000 min 
            20              2.500000 min 
            21              2.625000 min 
            22              2.750000 min 
            23              2.875000 min 
  WMAX  :   2.55798       17   13   13    WMIN  :  -1.26643       19   18   13
  UMAX  :   48.2480       46   25   34    UMIN  :  -7.88314       20   13    1
  SUMAX :  0.307627        9   24    1    SUMIN :  -7.88314       20   13    1
  VMAX  :   27.2352        1    5   33    VMIN  :   2.46215       13   10   39
  SVMAX :   12.6016       17   10    1    SVMIN :   5.76882       11   28    1
  PPIMAX:  0.948992E-03   16   18   46    PPIMIN: -0.112316E-02    2   15    1
  PPMAX :   153.156        1    5    1    PPMIN :  -379.305        2   15    1
  THPMAX:   2.48984       18   13   13    THPMIN:  -1.48676       16   18   48
  STHPMX:  0.559814       13   22    1    STHPMN: -0.315876E-02   18   16    1
  MAXqv :  0.240704E-01   16   14    1    MINqv :  0.988277E-06   33   27   34
  MAXqc :  0.617858E-03   18   13   16    MINqc :   0.00000        1    1    1
  MAXqr :  0.269762E-07   16   17    5    MINqr :   0.00000        1    1    1
  MAXqi :   0.00000        1    1    1    MINqi :   0.00000        1    1    1
  MAXqs :   0.00000        1    1    1    MINqs :   0.00000        1    1    1
  MAXqg :   0.00000        1    1    1    MINqg :   0.00000        1    1    1
  MAXqhl:   0.00000        1    1    1    MINqhl:   0.00000        1    1    1
  MAXccn:  0.166371E+10   12   25    6    MINccn:   0.00000       17   13    8
  MAXccw:  0.160278E+10   10   26    6    MINccw:   0.00000        1    1    1
  MAXcrw:   12.0685       16   17    5    MINcrw:   0.00000        1    1    1
  MAXcci:   0.00000        1    1    1    MINcci:   0.00000        1    1    1
  MAXcsw:   0.00000        1    1    1    MINcsw:   0.00000        1    1    1
  MAXchw:   0.00000        1    1    1    MINchw:   0.00000        1    1    1
  MAXchl:   0.00000        1    1    1    MINchl:   0.00000        1    1    1
  MAXvhw:   0.00000        1    1    1    MINvhw:   0.00000        1    1    1
  MAXvhl:   0.00000        1    1    1    MINvhl:   0.00000        1    1    1
  TKEMAX:   14.1305       15   22   14    TKEMIN:   0.00000        1    1    1
  KMHMAX:   366.036       15   22   14    KMHMIN:   0.00000        1    1    1
  KMVMAX:   366.036       15   22   14    KMVMIN:   0.00000        1    1    1
  KHHMAX:   1098.11       15   22   14    KHHMIN:   0.00000        1    1    1
  KHVMAX:   1098.11       15   22   14    KHVMIN:   0.00000        1    1    1
  DIVMAX:  0.243523E-03    1   10    2    DIVMIN: -0.218217E-03    6   15    1
  RHMAX :  0.999011       12   25    5    RHMIN :  0.230144E-02   61   54   33
  RHIMAX:  0.941696       19   14   17    RHIMIN:  0.341057E-02   61   54   33
  THEMAX:   378.569       16   13    1    THEMIN:   318.664       17   18   16
  STHEMX:   378.569       16   13    1    STHEMN:   360.197       16   18    1
  QCTOP :   3418.613770    1    1    1    QCBOT :    235.866806    1    1    1
  SFPMAX:   95319.5        1    5    1    SFPMIN:   94787.0        2   15    1
  PSFCMX:   96154.1        1    5    1    PSFCMN:   95618.2        2   15    1
  WSPMAX:   54.2337       44   29   34    WSPMIN:   6.60770       10   27    1
  SWSPMX:   13.1688       18   10    1    SWSPMN:   6.60770       10   27    1
  CFLMAX:      0.203377   44   29   34
  KSHMAX:  0.205895E-02   15   22   14
  KSVMAX:  0.141189       15   22   14
  VORSFC:  0.348580E-03
  VOR1KM:  0.634680E-03
  VOR2KM:  0.782824E-03
  VOR3KM:  0.409831E-03
  VOR4KM:  0.223460E-03
  VOR5KM:  0.306287E-03
  TMASS :  0.207380E+15
  TMOIS :  0.739343E+12
  qv MAS:  0.739231E+12
  qc MAS:  0.112511E+09
  qr MAS:  0.967787E+03
  qi MAS:  0.000000E+00
  qs MAS:  0.000000E+00
  qg MAS:  0.000000E+00
  qhlMAS:  0.000000E+00
  TENERG:  0.521646E+20
  TMU   :  0.537215E+16
  TMV   :  0.342241E+16
  TMW   :  0.116609E+13
  TMFU  :  0.183770E+11
  TMFD  : -0.175993E+11
  tcond :  0.000000E+00
  tevac :  0.000000E+00
  tauto :  0.000000E+00
  taccr :  0.000000E+00
  tevar :  0.000000E+00
  train :  0.187800E+02
  erain :  0.000000E+00
  qsfc  :  0.000000E+00
  esfc  :  0.000000E+00
  erad  :  0.000000E+00
  asqv  :  0.000000E+00
  asqc  :  0.385782E+05
  asqr  :  0.515167E+00
  asqi  :  0.000000E+00
  asqs  :  0.000000E+00
  asqg  :  0.000000E+00
  asqhl :  0.000000E+00
  asccn : -0.289377E+16
  asccw :  0.612591E+17
  ascrw :  0.449151E+08
  ascci :  0.000000E+00
  ascsw :  0.000000E+00
  aschw :  0.000000E+00
  aschl :  0.000000E+00
  asvhw :  0.000000E+00
  asvhl :  0.000000E+00
  bsqv  :  0.000000E+00
  bsqc  :  0.000000E+00
  bsqr  :  0.000000E+00
  bsqi  :  0.000000E+00
  bsqs  :  0.000000E+00
  bsqg  :  0.000000E+00
  bsqhl :  0.000000E+00
  bsccn :  0.000000E+00
  bsccw :  0.000000E+00
  bscrw :  0.000000E+00
  bscci :  0.000000E+00
  bscsw :  0.000000E+00
  bschw :  0.000000E+00
  bschl :  0.000000E+00
  bsvhw :  0.000000E+00
  bsvhl :  0.000000E+00
 cm1out_stats.nc                                                       
   nrec =            4
            24              3.000000 min 
            25              3.125000 min 
            26              3.250000 min 
            27              3.375000 min 
            28              3.500000 min 
            29              3.625000 min 
            30              3.750000 min 
            31              3.875000 min 
  WMAX  :   3.39690       18   14   14    WMIN  :  -1.53680       20   19   11
  UMAX  :   48.1779       55   30   34    UMIN  :  -8.41474       20   13    1
  SUMAX :  0.682442        9   25    1    SUMIN :  -8.41474       20   13    1
  VMAX  :   27.1559       12   30   33    VMIN  :   2.47843        1   40   39
  SVMAX :   13.1208       17   10    1    SVMIN :   5.00751       11   28    1
  PPIMAX:  0.119863E-02    1    1   51    PPIMIN: -0.230949E-02    1   15   51
  PPMAX :   138.047       19   13   18    PPMIN :  -179.258        1    1    1
  THPMAX:   3.13449       19   14   15    THPMIN:  -2.31870       18   14   18
  STHPMX:  0.689087       13   22    1    STHPMN: -0.439581E-02   14   26    1
  MAXqv :  0.238492E-01   16   14    1    MINqv :  0.991608E-06   44   31   34
  MAXqc :  0.974291E-03   19   14   16    MINqc :   0.00000        1    1    1
  MAXqr :  0.492933E-07   11   24    5    MINqr :   0.00000        1    1    1
  MAXqi :   0.00000        1    1    1    MINqi :   0.00000        1    1    1
  MAXqs :   0.00000        1    1    1    MINqs :   0.00000        1    1    1
  MAXqg :   0.00000        1    1    1    MINqg :   0.00000        1    1    1
  MAXqhl:   0.00000        1    1    1    MINqhl:   0.00000        1    1    1
  MAXccn:  0.167531E+10   11   23    6    MINccn:   0.00000       15   11    5
  MAXccw:  0.172916E+10   10   25    6    MINccw:   0.00000        1    1    1
  MAXcrw:   166.681       11   24    5    MINcrw:   0.00000        1    1    1
  MAXcci:   0.00000        1    1    1    MINcci:   0.00000        1    1    1
  MAXcsw:   0.00000        1    1    1    MINcsw:   0.00000        1    1    1
  MAXchw:   0.00000        1    1    1    MINchw:   0.00000        1    1    1
  MAXchl:   0.00000        1    1    1    MINchl:   0.00000        1    1    1
  MAXvhw:   0.00000        1    1    1    MINvhw:   0.00000        1    1    1
  MAXvhl:   0.00000        1    1    1    MINvhl:   0.00000        1    1    1
  TKEMAX:   19.6213       16   22   15    TKEMIN:   0.00000        1    1    1
  KMHMAX:   437.408       16   22   15    KMHMIN:   0.00000        1    1    1
  KMVMAX:   437.408       16   22   15    KMVMIN:   0.00000        1    1    1
  KHHMAX:   1312.22       16   22   15    KHHMIN:   0.00000        1    1    1
  KHVMAX:   1312.22       16   22   15    KHVMIN:   0.00000        1    1    1
  DIVMAX:  0.116593E-03   14   18   32    DIVMIN: -0.134704E-03    1    4    1
  RHMAX :  0.989915       13   28   15    RHMIN :  0.234019E-02   50   62   33
  RHIMAX:  0.960606       19   13   18    RHIMIN:  0.346797E-02   50   62   33
  THEMAX:   377.845       16   14    1    THEMIN:   318.654       17   18   16
  STHEMX:   377.845       16   14    1    STHEMN:   360.081       21   13    1
  QCTOP :   3696.728760    1    1    1    QCBOT :    235.866806    1    1    1
  SFPMAX:   95256.8       50    1    1    SFPMIN:   94987.1        1    1    1
  PSFCMX:   96091.0       50    1    1    PSFCMN:   95819.6        1    1    1
  WSPMAX:   54.1664       53   34   34    WSPMIN:   6.03757       10   27    1
  SWSPMX:   13.7882       18   10    1    SWSPMN:   6.03757       10   27    1
  CFLMAX:      0.203124   53   34   34
  KSHMAX:  0.246042E-02   16   22   15
  KSVMAX:  0.162366       16   22   14
  VORSFC:  0.458340E-03
  VOR1KM:  0.932746E-03
  VOR2KM:  0.835403E-03
  VOR3KM:  0.658993E-03
  VOR4KM:  0.369626E-03
  VOR5KM:  0.443183E-03
  TMASS :  0.207380E+15
  TMOIS :  0.739352E+12
  qv MAS:  0.739148E+12
  qc MAS:  0.203937E+09
  qr MAS:  0.103046E+04
  qi MAS:  0.000000E+00
  qs MAS:  0.000000E+00
  qg MAS:  0.000000E+00
  qhlMAS:  0.000000E+00
  TENERG:  0.521646E+20
  TMU   :  0.537010E+16
  TMV   :  0.341704E+16
  TMW   : -0.301728E+13
  TMFU  :  0.141109E+11
  TMFD  : -0.232715E+11
  tcond :  0.000000E+00
  tevac :  0.000000E+00
  tauto :  0.000000E+00
  taccr :  0.000000E+00
  tevar :  0.000000E+00
  train :  0.308080E+02
  erain :  0.000000E+00
  qsfc  :  0.000000E+00
  esfc  :  0.000000E+00
  erad  :  0.000000E+00
  asqv  :  0.000000E+00
  asqc  :  0.111618E+06
  asqr  :  0.539179E+00
  asqi  :  0.000000E+00
  asqs  :  0.000000E+00
  asqg  :  0.000000E+00
  asqhl :  0.000000E+00
  asccn : -0.138122E+17
  asccw :  0.157239E+18
  ascrw :  0.519338E+08
  ascci :  0.000000E+00
  ascsw :  0.000000E+00
  aschw :  0.000000E+00
  aschl :  0.000000E+00
  asvhw :  0.000000E+00
  asvhl :  0.000000E+00
  bsqv  :  0.000000E+00
  bsqc  :  0.000000E+00
  bsqr  :  0.000000E+00
  bsqi  :  0.000000E+00
  bsqs  :  0.000000E+00
  bsqg  :  0.000000E+00
  bsqhl :  0.000000E+00
  bsccn :  0.000000E+00
  bsccw :  0.000000E+00
  bscrw :  0.000000E+00
  bscci :  0.000000E+00
  bscsw :  0.000000E+00
  bschw :  0.000000E+00
  bschl :  0.000000E+00
  bsvhw :  0.000000E+00
  bsvhl :  0.000000E+00
 cm1out_stats.nc                                                       
   nrec =            5
            32              4.000000 min 
            33              4.125000 min 
            34              4.250000 min 
            35              4.375000 min 
            36              4.500000 min 
            37              4.625000 min 
            38              4.750000 min 
            39              4.875000 min 
   Getting dbz ... 
  WMAX  :   4.65515       19   14   15    WMIN  :  -1.53249       20   19   12
  UMAX  :   48.1355       65   32   34    UMIN  :  -8.53490       20   13    1
  SUMAX :   1.20471       15   13    1    SUMIN :  -8.53490       20   13    1
  VMAX  :   27.1550       11   31   33    VMIN  :   2.46415        1   52   39
  SVMAX :   13.9400       18   11    1    SVMIN :   4.31238       18   16    1
  PPIMAX:  0.702604E-03    1   16   33    PPIMIN: -0.112247E-02    1   14    1
  PPMAX :   139.922        1    1    1    PPMIN :  -379.062        1   14    1
  THPMAX:   4.33261       19   14   15    THPMIN:  -2.84244       18   15   18
  STHPMX:  0.760956       13   22    1    STHPMN: -0.311945E-02    9   28    1
  MAXqv :  0.235877E-01   16   14    1    MINqv :  0.996563E-06   56   33   34
  MAXqc :  0.141149E-02   19   14   16    MINqc :   0.00000        1    1    1
  MAXqr :  0.783278E-07   11   24    5    MINqr :   0.00000        1    1    1
  MAXqi :   0.00000        1    1    1    MINqi :   0.00000        1    1    1
  MAXqs :   0.00000        1    1    1    MINqs :   0.00000        1    1    1
  MAXqg :   0.00000        1    1    1    MINqg :   0.00000        1    1    1
  MAXqhl:   0.00000        1    1    1    MINqhl:   0.00000        1    1    1
  MAXccn:  0.170379E+10   15   18    5    MINccn:   0.00000       15   12    6
  MAXccw:  0.170752E+10   11   27    7    MINccw:   0.00000        1    1    1
  MAXcrw:   291.692       11   24    5    MINcrw:   0.00000        1    1    1
  MAXcci:   0.00000        1    1    1    MINcci:   0.00000        1    1    1
  MAXcsw:   0.00000        1    1    1    MINcsw:   0.00000        1    1    1
  MAXchw:   0.00000        1    1    1    MINchw:   0.00000        1    1    1
  MAXchl:   0.00000        1    1    1    MINchl:   0.00000        1    1    1
  MAXvhw:   0.00000        1    1    1    MINvhw:   0.00000        1    1    1
  MAXvhl:   0.00000        1    1    1    MINvhl:   0.00000        1    1    1
  TKEMAX:   25.7486       16   23   17    TKEMIN:   0.00000        1    1    1
  KMHMAX:   514.676       16   23   17    KMHMIN:   0.00000        1    1    1
  KMVMAX:   514.676       16   23   17    KMVMIN:   0.00000        1    1    1
  KHHMAX:   1544.03       16   23   17    KHHMIN:   0.00000        1    1    1
  KHVMAX:   1544.03       16   23   17    KHVMIN:   0.00000        1    1    1
  DIVMAX:  0.236840E-03    1    5    1    DIVMIN: -0.191529E-03   17   24   15
  RHMAX :  0.993296       20   14   19    RHMIN :  0.237794E-02   70   63   33
  RHIMAX:  0.985455       19   14   19    RHIMIN:  0.352386E-02   70   63   33
  THEMAX:   377.222       16   14    1    THEMIN:   318.764       66   55   16
  STHEMX:   377.222       16   14    1    STHEMN:   359.882       19   19    1
  QCTOP :   3984.828125    1    1    1    QCBOT :    399.719604    1    1    1
  SFPMAX:   95306.2        1    1    1    SFPMIN:   94787.3        1   14    1
  PSFCMX:   96140.7        1    1    1    PSFCMN:   95618.3        1   14    1
  WSPMAX:   54.1220       62   39   34    WSPMIN:   5.08069       11   28    1
  SWSPMX:   14.4675       19   11    1    SWSPMN:   5.08069       11   28    1
  CFLMAX:      0.202958   62   39   34
  KSHMAX:  0.289505E-02   16   23   17
  KSVMAX:  0.175124       16   22   14
  VORSFC:  0.534692E-03
  VOR1KM:  0.132284E-02
  VOR2KM:  0.117416E-02
  VOR3KM:  0.936672E-03
  VOR4KM:  0.942803E-03
  VOR5KM:  0.621189E-03
  TMASS :  0.207380E+15
  TMOIS :  0.739354E+12
  qv MAS:  0.739031E+12
  qc MAS:  0.323550E+09
  qr MAS:  0.114102E+04
  qi MAS:  0.000000E+00
  qs MAS:  0.000000E+00
  qg MAS:  0.000000E+00
  qhlMAS:  0.000000E+00
  TENERG:  0.521646E+20
  TMU   :  0.536955E+16
  TMV   :  0.341271E+16
  TMW   :  0.169361E+13
  TMFU  :  0.239879E+11
  TMFD  : -0.222927E+11
  tcond :  0.000000E+00
  tevac :  0.000000E+00
  tauto :  0.000000E+00
  taccr :  0.000000E+00
  tevar :  0.000000E+00
  train :  0.429346E+02
  erain :  0.000000E+00
  qsfc  :  0.000000E+00
  esfc  :  0.000000E+00
  erad  :  0.000000E+00
  asqv  :  0.000000E+00
  asqc  :  0.217641E+06
  asqr  :  0.551832E+00
  asqi  :  0.000000E+00
  asqs  :  0.000000E+00
  asqg  :  0.000000E+00
  asqhl :  0.000000E+00
  asccn : -0.411334E+17
  asccw :  0.263913E+18
  ascrw :  0.577968E+08
  ascci :  0.000000E+00
  ascsw :  0.000000E+00
  aschw :  0.000000E+00
  aschl :  0.000000E+00
  asvhw :  0.000000E+00
  asvhl :  0.000000E+00
  bsqv  :  0.000000E+00
  bsqc  :  0.000000E+00
  bsqr  :  0.000000E+00
  bsqi  :  0.000000E+00
  bsqs  :  0.000000E+00
  bsqg  :  0.000000E+00
  bsqhl :  0.000000E+00
  bsccn :  0.000000E+00
  bsccw :  0.000000E+00
  bscrw :  0.000000E+00
  bscci :  0.000000E+00
  bscsw :  0.000000E+00
  bschw :  0.000000E+00
  bschl :  0.000000E+00
  bsvhw :  0.000000E+00
  bsvhl :  0.000000E+00
 cm1out_stats.nc                                                       
   nrec =            6
            40              5.000000 min 
   string = cm1out_rst_000001.nc                                                  
  USING COMPRESSED netCDF4 
   leaving restart_prelim 
            41              5.125000 min 
            42              5.250000 min 
            43              5.375000 min 
            44              5.500000 min 
            45              5.625000 min 
            46              5.750000 min 
            47              5.875000 min 
  WMAX  :   5.62418       19   15   15    WMIN  :  -1.69512       22   17   19
  UMAX  :   48.1336       75    1   34    UMIN  :  -9.02366       22   14    1
  SUMAX :   1.80326       15   14    1    SUMIN :  -9.02366       22   14    1
  VMAX  :   27.1458       12   32   33    VMIN  :   2.53203        1   60   39
  SVMAX :   14.4670       18   12    1    SVMIN :   3.75978       18   16    1
  PPIMAX:  0.878334E-03   20   15   20    PPIMIN: -0.182683E-02    1   17   51
  PPMAX :   208.223       20   15   20    PPMIN :  -237.945       21   15    1
  THPMAX:   5.22757       20   14   15    THPMIN:  -3.01175       20   13   19
  STHPMX:  0.871948       13   23    1    STHPMN:  0.260938E-03    9   28    1
  MAXqv :  0.232983E-01   16   14    1    MINqv :  0.994660E-06   56   32   34
  MAXqc :  0.187174E-02   20   14   16    MINqc :   0.00000        1    1    1
  MAXqr :  0.229236E-07   11   24    4    MINqr :   0.00000        1    1    1
  MAXqi :   0.00000        1    1    1    MINqi :   0.00000        1    1    1
  MAXqs :   0.00000        1    1    1    MINqs :   0.00000        1    1    1
  MAXqg :   0.00000        1    1    1    MINqg :   0.00000        1    1    1
  MAXqhl:   0.00000        1    1    1    MINqhl:   0.00000        1    1    1
  MAXccn:  0.169472E+10   20   20   15    MINccn:   0.00000       15   12    6
  MAXccw:  0.165392E+10   17   24    8    MINccw:   0.00000        1    1    1
  MAXcrw:   79.3088       11   24    4    MINcrw:   0.00000        1    1    1
  MAXcci:   0.00000        1    1    1    MINcci:   0.00000        1    1    1
  MAXcsw:   0.00000        1    1    1    MINcsw:   0.00000        1    1    1
  MAXchw:   0.00000        1    1    1    MINchw:   0.00000        1    1    1
  MAXchl:   0.00000        1    1    1    MINchl:   0.00000        1    1    1
  MAXvhw:   0.00000        1    1    1    MINvhw:   0.00000        1    1    1
  MAXvhl:   0.00000        1    1    1    MINvhl:   0.00000        1    1    1
  TKEMAX:   34.1149       17   23   18    TKEMIN:   0.00000        1    1    1
  KMHMAX:   605.808       20   15   19    KMHMIN:   0.00000        1    1    1
  KMVMAX:   605.808       20   15   19    KMVMIN:   0.00000        1    1    1
  KHHMAX:   1817.42       20   15   19    KHHMIN:   0.00000        1    1    1
  KHVMAX:   1817.42       20   15   19    KHVMIN:   0.00000        1    1    1
  DIVMAX:  0.185535E-03   18   24   13    DIVMIN: -0.188636E-03   18   24   16
  RHMAX :  0.993165       20   15   20    RHMIN :  0.241561E-02   74   66   33
  RHIMAX:   1.00876       20   15   20    RHIMIN:  0.357949E-02   74   66   33
  THEMAX:   376.470       16   14    1    THEMIN:   317.821       18   19   16
  STHEMX:   376.470       16   14    1    STHEMN:   359.708       21   13    1
  QCTOP :   4283.270508    1    1    1    QCBOT :    399.719604    1    1    1
  SFPMAX:   95298.4        1    1    1    SFPMIN:   94928.4       21   15    1
  PSFCMX:   96132.8        1    1    1    PSFCMN:   95760.1       21   15    1
  WSPMAX:   54.0959       72   41   34    WSPMIN:   4.50582       11   28    1
  SWSPMX:   15.0625       20   12    1    SWSPMN:   4.50582       11   28    1
  CFLMAX:      0.202860   72   41   34
  KSHMAX:  0.340767E-02   20   15   19
  KSVMAX:  0.187421       16   22   15
  VORSFC:  0.561809E-03
  VOR1KM:  0.198937E-02
  VOR2KM:  0.165281E-02
  VOR3KM:  0.114756E-02
  VOR4KM:  0.128385E-02
  VOR5KM:  0.732451E-03
  TMASS :  0.207380E+15
  TMOIS :  0.739363E+12
  qv MAS:  0.738918E+12
  qc MAS:  0.444828E+09
  qr MAS:  0.107706E+04
  qi MAS:  0.000000E+00
  qs MAS:  0.000000E+00
  qg MAS:  0.000000E+00
  qhlMAS:  0.000000E+00
  TENERG:  0.521645E+20
  TMU   :  0.536687E+16
  TMV   :  0.340686E+16
  TMW   : -0.295124E+13
  TMFU  :  0.175986E+11
  TMFD  : -0.247481E+11
  tcond :  0.000000E+00
  tevac :  0.000000E+00
  tauto :  0.000000E+00
  taccr :  0.000000E+00
  tevar :  0.000000E+00
  train :  0.554655E+02
  erain :  0.000000E+00
  qsfc  :  0.000000E+00
  esfc  :  0.000000E+00
  erad  :  0.000000E+00
  asqv  :  0.000000E+00
  asqc  :  0.377747E+06
  asqr  :  0.567253E+00
  asqi  :  0.000000E+00
  asqs  :  0.000000E+00
  asqg  :  0.000000E+00
  asqhl :  0.000000E+00
  asccn : -0.574170E+17
  asccw :  0.365521E+18
  ascrw :  0.648905E+08
  ascci :  0.000000E+00
  ascsw :  0.000000E+00
  aschw :  0.000000E+00
  aschl :  0.000000E+00
  asvhw :  0.000000E+00
  asvhl :  0.000000E+00
  bsqv  :  0.000000E+00
  bsqc  :  0.000000E+00
  bsqr  :  0.000000E+00
  bsqi  :  0.000000E+00
  bsqs  :  0.000000E+00
  bsqg  :  0.000000E+00
  bsqhl :  0.000000E+00
  bsccn :  0.000000E+00
  bsccw :  0.000000E+00
  bscrw :  0.000000E+00
  bscci :  0.000000E+00
  bscsw :  0.000000E+00
  bschw :  0.000000E+00
  bschl :  0.000000E+00
  bsvhw :  0.000000E+00
  bsvhl :  0.000000E+00
 cm1out_stats.nc                                                       
   nrec =            7
            48              6.000000 min 
            49              6.125000 min 
            50              6.250000 min 
            51              6.375000 min 
            52              6.500000 min 
            53              6.625000 min 
            54              6.750000 min 
            55              6.875000 min 
  WMAX  :   7.19583       20   15   17    WMIN  :  -2.61999       22   17   21
  UMAX  :   48.0616       75   58   34    UMIN  :  -9.36836       22   15    1
  SUMAX :   2.21458       15   14    1    SUMIN :  -9.36836       22   15    1
  VMAX  :   27.1317       15   29   33    VMIN  :   2.54660       12   66   39
  SVMAX :   14.9884       18   12    1    SVMIN :   3.33532       12   29    1
  PPIMAX:  0.764307E-03    1    1   51    PPIMIN: -0.708342E-03   19   24    8
  PPMAX :   143.219       20   15   21    PPMIN :  -233.258       22   15    1
  THPMAX:   6.29166       20   15   15    THPMIN:  -3.84472       20   15   23
  STHPMX:  0.952240       13   23    1    STHPMN:  0.361527E-01    9   28    1
  MAXqv :  0.229901E-01   16   14    1    MINqv :  0.995424E-06   66   40   34
  MAXqc :  0.255225E-02   20   15   16    MINqc :   0.00000        1    1    1
  MAXqr :  0.143426E-07   11   25    4    MINqr :   0.00000        1    1    1
  MAXqi :  0.231420E-11   21   15   21    MINqi :   0.00000        1    1    1
  MAXqs :   0.00000        1    1    1    MINqs :   0.00000        1    1    1
  MAXqg :   0.00000        1    1    1    MINqg :   0.00000        1    1    1
  MAXqhl:   0.00000        1    1    1    MINqhl:   0.00000        1    1    1
  MAXccn:  0.170666E+10   20   20   15    MINccn:   0.00000       17   13    5
  MAXccw:  0.182464E+10   18   24    7    MINccw:   0.00000        1    1    1
  MAXcrw:   48.6306       11   25    4    MINcrw:   0.00000        1    1    1
  MAXcci:  0.480311       18   24   21    MINcci:   0.00000        1    1    1
  MAXcsw:   0.00000        1    1    1    MINcsw:   0.00000        1    1    1
  MAXchw:   0.00000        1    1    1    MINchw:   0.00000        1    1    1
  MAXchl:   0.00000        1    1    1    MINchl:   0.00000        1    1    1
  MAXvhw:   0.00000        1    1    1    MINvhw:   0.00000        1    1    1
  MAXvhl:   0.00000        1    1    1    MINvhl:   0.00000        1    1    1
  TKEMAX:   44.4219       21   15   20    TKEMIN:   0.00000        1    1    1
  KMHMAX:   702.440       21   15   20    KMHMIN:   0.00000        1    1    1
  KMVMAX:   702.440       21   15   20    KMVMIN:   0.00000        1    1    1
  KHHMAX:   2107.32       21   15   20    KHHMIN:   0.00000        1    1    1
  KHVMAX:   2107.32       21   15   20    KHVMIN:   0.00000        1    1    1
  DIVMAX:  0.215800E-03   21   15   20    DIVMIN: -0.187010E-03   21   16   17
  RHMAX :  0.992301       21   17   18    RHMIN :  0.246021E-02   75   75   33
  RHIMAX:   1.03470       20   15   21    RHIMIN:  0.364536E-02   75   75   33
  THEMAX:   375.608       16   14    1    THEMIN:   318.348       18   19   16
  STHEMX:   375.608       16   14    1    STHEMN:   359.505       21   12    1
  QCTOP :   4592.426758    1    1    1    QCBOT :    399.719604    1    1    1
  SFPMAX:   95264.6        1   51    1    SFPMIN:   94933.1       22   15    1
  PSFCMX:   96098.6        1   51    1    PSFCMN:   95764.9       22   15    1
  WSPMAX:   54.0682       74   59   34    WSPMIN:   4.12026       11   28    1
  SWSPMX:   15.6578       20   12    1    SWSPMN:   4.12026       11   28    1
  CFLMAX:      0.229480   20   15   16
  KSHMAX:  0.395122E-02   21   15   20
  KSVMAX:  0.197709       10   27    7
  VORSFC:  0.750003E-03
  VOR1KM:  0.285190E-02
  VOR2KM:  0.187227E-02
  VOR3KM:  0.133733E-02
  VOR4KM:  0.146853E-02
  VOR5KM:  0.845257E-03
  TMASS :  0.207380E+15
  TMOIS :  0.739370E+12
  qv MAS:  0.738784E+12
  qc MAS:  0.585847E+09
  qr MAS:  0.101210E+04
  qi MAS:  0.397134E-02
  qs MAS:  0.000000E+00
  qg MAS:  0.000000E+00
  qhlMAS:  0.000000E+00
  TENERG:  0.521645E+20
  TMU   :  0.536477E+16
  TMV   :  0.340239E+16
  TMW   :  0.370468E+13
  TMFU  :  0.302337E+11
  TMFD  : -0.217409E+11
  tcond :  0.000000E+00
  tevac :  0.000000E+00
  tauto :  0.000000E+00
  taccr :  0.000000E+00
  tevar :  0.000000E+00
  train :  0.679946E+02
  erain :  0.000000E+00
  qsfc  :  0.000000E+00
  esfc  :  0.000000E+00
  erad  :  0.000000E+00
  asqv  :  0.000000E+00
  asqc  :  0.601714E+06
  asqr  :  0.587293E+00
  asqi  :  0.296148E-04
  asqs  :  0.000000E+00
  asqg  :  0.000000E+00
  asqhl :  0.000000E+00
  asccn : -0.800065E+17
  asccw :  0.471783E+18
  ascrw :  0.760719E+08
  ascci :  0.530745E+07
  ascsw :  0.000000E+00
  aschw :  0.000000E+00
  aschl :  0.000000E+00
  asvhw :  0.000000E+00
  asvhl :  0.000000E+00
  bsqv  :  0.000000E+00
  bsqc  :  0.000000E+00
  bsqr  :  0.000000E+00
  bsqi  :  0.000000E+00
  bsqs  :  0.000000E+00
  bsqg  :  0.000000E+00
  bsqhl :  0.000000E+00
  bsccn :  0.000000E+00
  bsccw :  0.000000E+00
  bscrw :  0.000000E+00
  bscci :  0.000000E+00
  bscsw :  0.000000E+00
  bschw :  0.000000E+00
  bschl :  0.000000E+00
  bsvhw :  0.000000E+00
  bsvhl :  0.000000E+00
 cm1out_stats.nc                                                       
   nrec =            8
            56              7.000000 min 
            57              7.125000 min 
            58              7.250000 min 
            59              7.375000 min 
            60              7.500000 min 
            61              7.625000 min 
            62              7.750000 min 
            63              7.875000 min 
  WMAX  :   8.96591       21   16   18    WMIN  :  -3.47677       23   17   22
  UMAX  :   48.0349       75   75   34    UMIN  :  -9.64701       23   15    1
  SUMAX :   2.52830       16   15    1    SUMIN :  -9.64701       23   15    1
  VMAX  :   27.3935       21   18   21    VMIN  :   2.55237       66   70   39
  SVMAX :   15.3658       19   13    1    SVMIN :   3.04695       12   29    1
  PPIMAX:  0.669956E-03   16   24   19    PPIMIN: -0.996181E-03    1   25   51
  PPMAX :   168.992       16   24   17    PPMIN :  -223.141       22   16    1
  THPMAX:   6.86807       20   15   15    THPMIN:  -5.10651       21   15   23
  STHPMX:  0.972260       16   15    1    STHPMN:  0.864258E-01   18   16    1
  MAXqv :  0.227305E-01   16   15    1    MINqv :  0.997023E-06   18    9   35
  MAXqc :  0.320416E-02   21   15   18    MINqc :   0.00000        1    1    1
  MAXqr :  0.189995E-07   21   15   18    MINqr :   0.00000        1    1    1
  MAXqi :  0.241509E-08   21   16   22    MINqi :   0.00000        1    1    1
  MAXqs :   0.00000        1    1    1    MINqs :   0.00000        1    1    1
  MAXqg :   0.00000        1    1    1    MINqg :   0.00000        1    1    1
  MAXqhl:   0.00000        1    1    1    MINqhl:   0.00000        1    1    1
  MAXccn:  0.176145E+10   16   20    6    MINccn:   0.00000       17   14    4
  MAXccw:  0.175742E+10   18   24    7    MINccw:   0.00000        1    1    1
  MAXcrw:   62.6070       21   15   18    MINcrw:   0.00000        1    1    1
  MAXcci:   495.270       22   15   22    MINcci:   0.00000        1    1    1
  MAXcsw:   0.00000        1    1    1    MINcsw:   0.00000        1    1    1
  MAXchw:   0.00000        1    1    1    MINchw:   0.00000        1    1    1
  MAXchl:   0.00000        1    1    1    MINchl:   0.00000        1    1    1
  MAXvhw:   0.00000        1    1    1    MINvhw:   0.00000        1    1    1
  MAXvhl:   0.00000        1    1    1    MINvhl:   0.00000        1    1    1
  TKEMAX:   53.0562       21   16   21    TKEMIN:   0.00000        1    1    1
  KMHMAX:   777.318       21   16   21    KMHMIN:   0.00000        1    1    1
  KMVMAX:   777.318       21   16   21    KMVMIN:   0.00000        1    1    1
  KHHMAX:   2331.95       21   16   21    KHHMIN:   0.00000        1    1    1
  KHVMAX:   2331.95       21   16   21    KHVMIN:   0.00000        1    1    1
  DIVMAX:  0.232257E-03   21   17   19    DIVMIN: -0.225503E-03   21   16   24
  RHMAX :  0.992154       21   16   22    RHMIN :  0.268384E-02   75   75   34
  RHIMAX:   1.06057       22   15   22    RHIMIN:  0.408880E-02   75   75   34
  THEMAX:   374.915       16   15    1    THEMIN:   318.721       19   20   16
  STHEMX:   374.915       16   15    1    STHEMN:   359.313       21   21    1
  QCTOP :   4912.681641    1    1    1    QCBOT :    399.719604    1    1    1
  SFPMAX:   95306.2        6    1    1    SFPMIN:   94943.2       22   16    1
  PSFCMX:   96140.5        6    1    1    PSFCMN:   95775.2       22   16    1
  WSPMAX:   54.0339       75   75   34    WSPMIN:   3.95009       12   28    1
  SWSPMX:   16.0686       20   13    1    SWSPMN:   3.95009       12   28    1
  CFLMAX:      0.269677   20   16   15
  KSHMAX:  0.437241E-02   21   16   21
  KSVMAX:  0.202634       10   26    7
  VORSFC:  0.912570E-03
  VOR1KM:  0.349196E-02
  VOR2KM:  0.270477E-02
  VOR3KM:  0.182370E-02
  VOR4KM:  0.187222E-02
  VOR5KM:  0.109928E-02
  TMASS :  0.207380E+15
  TMOIS :  0.739387E+12
  qv MAS:  0.738669E+12
  qc MAS:  0.718847E+09
  qr MAS:  0.100872E+04
  qi MAS:  0.570995E+01
  qs MAS:  0.000000E+00
  qg MAS:  0.000000E+00
  qhlMAS:  0.000000E+00
  TENERG:  0.521645E+20
  TMU   :  0.536394E+16
  TMV   :  0.339905E+16
  TMW   : -0.300776E+13
  TMFU  :  0.219447E+11
  TMFD  : -0.278961E+11
  tcond :  0.000000E+00
  tevac :  0.000000E+00
  tauto :  0.000000E+00
  taccr :  0.000000E+00
  tevar :  0.000000E+00
  train :  0.791710E+02
  erain :  0.000000E+00
  qsfc  :  0.000000E+00
  esfc  :  0.000000E+00
  erad  :  0.000000E+00
  asqv  :  0.000000E+00
  asqc  :  0.921725E+06
  asqr  :  0.602318E+00
  asqi  :  0.838871E-02
  asqs  :  0.000000E+00
  asqg  :  0.000000E+00
  asqhl :  0.000000E+00
  asccn : -0.107169E+18
  asccw :  0.596436E+18
  ascrw :  0.867897E+08
  ascci :  0.907242E+09
  ascsw :  0.000000E+00
  aschw :  0.000000E+00
  aschl :  0.000000E+00
  asvhw :  0.000000E+00
  asvhl :  0.000000E+00
  bsqv  :  0.000000E+00
  bsqc  :  0.000000E+00
  bsqr  :  0.000000E+00
  bsqi  :  0.000000E+00
  bsqs  :  0.000000E+00
  bsqg  :  0.000000E+00
  bsqhl :  0.000000E+00
  bsccn :  0.000000E+00
  bsccw :  0.000000E+00
  bscrw :  0.000000E+00
  bscci :  0.000000E+00
  bscsw :  0.000000E+00
  bschw :  0.000000E+00
  bschl :  0.000000E+00
  bsvhw :  0.000000E+00
  bsvhl :  0.000000E+00
 cm1out_stats.nc                                                       
   nrec =            9
            64              8.000000 min 
            65              8.125000 min 
            66              8.250000 min 
            67              8.375000 min 
            68              8.500000 min 
            69              8.625000 min 
            70              8.750000 min 
            71              8.875000 min 
  WMAX  :   12.0659       21   16   19    WMIN  :  -4.74045       23   18   21
  UMAX  :   47.9354       73   60   34    UMIN  :  -9.61291       23   16    1
  SUMAX :   2.93940       16   15    1    SUMIN :  -9.61291       23   16    1
  VMAX  :   29.1887       22   18   22    VMIN  :   2.58692        1   57   39
  SVMAX :   15.7013       19   13    1    SVMIN :   2.78198       12   29    1
  PPIMAX:  0.110543E-02   19   25   23    PPIMIN: -0.891626E-03   19   25    7
  PPMAX :   240.328       19   25   23    PPMIN :  -283.133       23   16    1
  THPMAX:   7.36325       21   16   15    THPMIN:  -5.88278       22   16   24
  STHPMX:   1.04810       16   15    1    STHPMN:  0.118564       18   17    1
  MAXqv :  0.225974E-01   17   15    1    MINqv :  0.996927E-06   72   51   34
  MAXqc :  0.425474E-02   22   16   19    MINqc :   0.00000        1    1    1
  MAXqr :  0.685194E-06   22   16   20    MINqr :   0.00000        1    1    1
  MAXqi :  0.163142E-07   22   16   23    MINqi :   0.00000        1    1    1
  MAXqs :   0.00000        1    1    1    MINqs :   0.00000        1    1    1
  MAXqg :  0.166166E-10   23   16   23    MINqg :   0.00000        1    1    1
  MAXqhl:   0.00000        1    1    1    MINqhl:   0.00000        1    1    1
  MAXccn:  0.172843E+10   16   20    6    MINccn:   0.00000       17   14    4
  MAXccw:  0.169351E+10   18   25    7    MINccw:   0.00000        1    1    1
  MAXcrw:   2410.48       22   16   20    MINcrw:   0.00000        1    1    1
  MAXcci:   552.651       19   26   22    MINcci:   0.00000        1    1    1
  MAXcsw:   0.00000        1    1    1    MINcsw:   0.00000        1    1    1
  MAXchw:  0.217930E-02   23   16   23    MINchw:   0.00000        1    1    1
  MAXchl:   0.00000        1    1    1    MINchl:   0.00000        1    1    1
  MAXvhw:  0.311540E-13   23   16   23    MINvhw:   0.00000        1    1    1
  MAXvhl:   0.00000        1    1    1    MINvhl:   0.00000        1    1    1
  TKEMAX:   70.6036       22   16   23    TKEMIN:   0.00000        1    1    1
  KMHMAX:   919.086       22   16   23    KMHMIN:   0.00000        1    1    1
  KMVMAX:   919.086       22   16   23    KMVMIN:   0.00000        1    1    1
  KHHMAX:   2757.26       22   16   23    KHHMIN:   0.00000        1    1    1
  KHVMAX:   2757.26       22   16   23    KHVMIN:   0.00000        1    1    1
  DIVMAX:  0.285525E-03   23   17   20    DIVMIN: -0.291430E-03   23   17   23
  RHMAX :  0.992167       22   15   23    RHMIN :  0.268969E-02   72   54   34
  RHIMAX:   1.08770       19   25   23    RHIMIN:  0.410032E-02   72   54   34
  THEMAX:   374.492       14   24    1    THEMIN:   318.507       19   20   16
  STHEMX:   374.492       14   24    1    STHEMN:   359.156       21   21    1
  QCTOP :   5244.434570    1    1    1    QCBOT :    399.719604    1    1    1
  SFPMAX:   95232.4        1    1    1    SFPMIN:   94883.2       23   16    1
  PSFCMX:   96066.2        1    1    1    PSFCMN:   95714.7       23   16    1
  WSPMAX:   54.0826       18   26   34    WSPMIN:   3.79380       12   28    1
  SWSPMX:   16.5674       20   13    1    SWSPMN:   3.79380       12   28    1
  CFLMAX:      0.337054   21   16   17
  KSHMAX:  0.516986E-02   22   16   23
  KSVMAX:  0.208913       11   27    8
  VORSFC:  0.109967E-02
  VOR1KM:  0.368639E-02
  VOR2KM:  0.397078E-02
  VOR3KM:  0.291084E-02
  VOR4KM:  0.211703E-02
  VOR5KM:  0.131796E-02
  TMASS :  0.207380E+15
  TMOIS :  0.739403E+12
  qv MAS:  0.738501E+12
  qc MAS:  0.901608E+09
  qr MAS:  0.908388E+04
  qi MAS:  0.868083E+02
  qs MAS:  0.000000E+00
  qg MAS:  0.192861E-01
  qhlMAS:  0.000000E+00
  TENERG:  0.521645E+20
  TMU   :  0.536386E+16
  TMV   :  0.339706E+16
  TMW   :  0.570441E+13
  TMFU  :  0.357912E+11
  TMFD  : -0.196166E+11
  tcond :  0.000000E+00
  tevac :  0.000000E+00
  tauto :  0.000000E+00
  taccr :  0.000000E+00
  tevar :  0.000000E+00
  train :  0.886674E+02
  erain :  0.000000E+00
  qsfc  :  0.000000E+00
  esfc  :  0.000000E+00
  erad  :  0.000000E+00
  asqv  :  0.000000E+00
  asqc  :  0.143381E+07
  asqr  :  0.818022E+00
  asqi  :  0.720012E-01
  asqs  :  0.000000E+00
  asqg  :  0.132296E-03
  asqhl :  0.000000E+00
  asccn : -0.136119E+18
  asccw :  0.725653E+18
  ascrw :  0.116369E+10
  ascci :  0.601155E+10
  ascsw :  0.000000E+00
  aschw :  0.106308E+04
  aschl :  0.000000E+00
  asvhw :  0.251704E-06
  asvhl :  0.000000E+00
  bsqv  :  0.000000E+00
  bsqc  :  0.000000E+00
  bsqr  :  0.000000E+00
  bsqi  :  0.000000E+00
  bsqs  :  0.000000E+00
  bsqg  :  0.000000E+00
  bsqhl :  0.000000E+00
  bsccn :  0.000000E+00
  bsccw :  0.000000E+00
  bscrw :  0.000000E+00
  bscci :  0.000000E+00
  bscsw :  0.000000E+00
  bschw :  0.000000E+00
  bschl :  0.000000E+00
  bsvhw :  0.000000E+00
  bsvhl :  0.000000E+00
 cm1out_stats.nc                                                       
   nrec =           10
            72              9.000000 min 
            73              9.125000 min 
            74              9.250000 min 
            75              9.375000 min 
            76              9.500000 min 
            77              9.625000 min 
            78              9.750000 min 
            79              9.875000 min 
   Getting dbz ... 
  WMAX  :   14.9784       22   16   21    WMIN  :  -5.68056       24   18   22
  UMAX  :   47.9876       24   16   34    UMIN  :  -10.0659       24   16    1
  SUMAX :   2.95363       16   15    1    SUMIN :  -10.0659       24   16    1
  VMAX  :   30.0510       22   18   23    VMIN  :   2.26100       23   19    9
  SVMAX :   15.9659       20   14    1    SVMIN :   2.73116       12   29    1
  PPIMAX:  0.921369E-03   23   17   24    PPIMIN: -0.717998E-03   23   16   12
  PPMAX :   194.129       19   25   22    PPMIN :  -236.453       23   17    1
  THPMAX:   8.52695       22   16   21    THPMIN:  -5.53110       20   16   23
  STHPMX:   1.08447       16   15    1    STHPMN:  0.151337       18   17    1
  MAXqv :  0.224454E-01   14   24    1    MINqv :  0.998717E-06    9    2   48
  MAXqc :  0.530889E-02   22   16   20    MINqc :   0.00000        1    1    1
  MAXqr :  0.436688E-05   22   16   21    MINqr :   0.00000        1    1    1
  MAXqi :  0.243386E-07   22   17   24    MINqi :   0.00000        1    1    1
  MAXqs :  0.815602E-11   22   16   25    MINqs :   0.00000        1    1    1
  MAXqg :  0.212922E-10   24   17   23    MINqg :   0.00000        1    1    1
  MAXqhl:   0.00000        1    1    1    MINqhl:   0.00000        1    1    1
  MAXccn:  0.172699E+10   17   21    6    MINccn:   0.00000       17   14    5
  MAXccw:  0.168838E+10   19   25    8    MINccw:   0.00000        1    1    1
  MAXcrw:   15270.9       22   16   21    MINcrw:   0.00000        1    1    1
  MAXcci:   711.475       20   25   24    MINcci:   0.00000        1    1    1
  MAXcsw:  0.136974E-02   22   16   25    MINcsw:   0.00000        1    1    1
  MAXchw:  0.265283E-02   24   17   23    MINchw:   0.00000        1    1    1
  MAXchl:   0.00000        1    1    1    MINchl:   0.00000        1    1    1
  MAXvhw:  0.399536E-13   24   17   23    MINvhw:   0.00000        1    1    1
  MAXvhl:   0.00000        1    1    1    MINvhl:   0.00000        1    1    1
  TKEMAX:   76.9518       23   17   23    TKEMIN:   0.00000        1    1    1
  KMHMAX:   959.516       23   17   23    KMHMIN:   0.00000        1    1    1
  KMVMAX:   959.516       23   17   23    KMVMIN:   0.00000        1    1    1
  KHHMAX:   2878.55       23   17   23    KHHMIN:   0.00000        1    1    1
  KHVMAX:   2878.55       23   17   23    KHVMIN:   0.00000        1    1    1
  DIVMAX:  0.282102E-03   24   17   21    DIVMIN: -0.357008E-03   20   25   22
  RHMAX :   1.00278       21   17    6    RHMIN :  0.269265E-02   72   72   34
  RHIMAX:   1.13996       22   17   25    RHIMIN:  0.410458E-02   72   72   34
  THEMAX:   374.099       14   24    1    THEMIN:   318.795       73   74   16
  STHEMX:   374.099       14   24    1    STHEMN:   359.028       20   21    1
  QCTOP :   5944.097656    1    1    1    QCBOT :    569.454773    1    1    1
  SFPMAX:   95338.6        1    1    1    SFPMIN:   94929.9       23   17    1
  PSFCMX:   96173.0        1    1    1    PSFCMN:   95761.8       23   17    1
  WSPMAX:   54.1125       19   26   34    WSPMIN:   3.60093       12   29    1
  SWSPMX:   16.7610       21   13    1    SWSPMN:   3.60093       12   29    1
  CFLMAX:      0.388068   22   16   19
  KSHMAX:  0.539728E-02   23   17   23
  KSVMAX:  0.216694       15   25   11
  VORSFC:  0.129757E-02
  VOR1KM:  0.432460E-02
  VOR2KM:  0.518661E-02
  VOR3KM:  0.373496E-02
  VOR4KM:  0.263609E-02
  VOR5KM:  0.145696E-02
  TMASS :  0.207380E+15
  TMOIS :  0.739425E+12
  qv MAS:  0.738336E+12
  qc MAS:  0.108886E+10
  qr MAS:  0.101049E+06
  qi MAS:  0.330597E+03
  qs MAS:  0.268472E-01
  qg MAS:  0.126667E+00
  qhlMAS:  0.000000E+00
  TENERG:  0.521646E+20
  TMU   :  0.536338E+16
  TMV   :  0.339420E+16
  TMW   : -0.331537E+13
  TMFU  :  0.266228E+11
  TMFD  : -0.324977E+11
  tcond :  0.000000E+00
  tevac :  0.000000E+00
  tauto :  0.000000E+00
  taccr :  0.000000E+00
  tevar :  0.000000E+00
  train :  0.968044E+02
  erain :  0.000000E+00
  qsfc  :  0.000000E+00
  esfc  :  0.000000E+00
  erad  :  0.000000E+00
  asqv  :  0.000000E+00
  asqc  :  0.209301E+07
  asqr  :  0.297364E+01
  asqi  :  0.190477E+00
  asqs  :  0.504796E-04
  asqg  :  0.852765E-03
  asqhl :  0.000000E+00
  asccn : -0.158964E+18
  asccw :  0.862016E+18
  ascrw :  0.872717E+10
  ascci :  0.944447E+10
  ascsw :  0.179224E+04
  aschw :  0.170099E+05
  aschl :  0.000000E+00
  asvhw :  0.161644E-05
  asvhl :  0.000000E+00
  bsqv  :  0.000000E+00
  bsqc  :  0.000000E+00
  bsqr  :  0.000000E+00
  bsqi  :  0.000000E+00
  bsqs  :  0.000000E+00
  bsqg  :  0.000000E+00
  bsqhl :  0.000000E+00
  bsccn :  0.000000E+00
  bsccw :  0.000000E+00
  bscrw :  0.000000E+00
  bscci :  0.000000E+00
  bscsw :  0.000000E+00
  bschw :  0.000000E+00
  bschl :  0.000000E+00
  bsvhw :  0.000000E+00
  bsvhl :  0.000000E+00
 cm1out_stats.nc                                                       
   nrec =           11
            80             10.000000 min 
   string = cm1out_rst_000002.nc                                                  
  USING COMPRESSED netCDF4 
   leaving restart_prelim 
            81             10.125000 min 
            82             10.250000 min 
            83             10.375000 min 
            84             10.500000 min 
            85             10.625000 min 
            86             10.750000 min 
            87             10.875000 min 
  WMAX  :   22.1339       23   17   23    WMIN  :  -7.04250       23   14   18
  UMAX  :   48.2528       25   17   34    UMIN  :  -10.0176       25   17    1
  SUMAX :   2.70273       16   15    1    SUMIN :  -10.0176       25   17    1
  VMAX  :   31.2210       23   19   24    VMIN  : -0.435029E-02   23   19   10
  SVMAX :   16.3084       20   14    1    SVMIN :   2.77401       12   29    1
  PPIMAX:  0.141567E-02   21   26   25    PPIMIN: -0.937879E-03   23   18   13
  PPMAX :   288.723       21   26   25    PPMIN :  -291.703       22   26    1
  THPMAX:   10.6735       23   17   21    THPMIN:  -5.42169       21   17   25
  STHPMX:   1.16384       16   16    1    STHPMN:  0.191376       18   17    1
  MAXqv :  0.223101E-01   14   25    1    MINqv :  0.998714E-06   10    6   48
  MAXqc :  0.734482E-02   23   17   23    MINqc :   0.00000        1    1    1
  MAXqr :  0.238062E-04   23   17   23    MINqr :   0.00000        1    1    1
  MAXqi :  0.100377E-06   23   17   26    MINqi :   0.00000        1    1    1
  MAXqs :  0.401435E-09   23   17   27    MINqs :   0.00000        1    1    1
  MAXqg :  0.212883E-09   23   17   25    MINqg :   0.00000        1    1    1
  MAXqhl:   0.00000        1    1    1    MINqhl:   0.00000        1    1    1
  MAXccn:  0.171676E+10   20   21    9    MINccn:   0.00000       17   15    5
  MAXccw:  0.170052E+10   19   26    8    MINccw:   0.00000        1    1    1
  MAXcrw:   82731.6       23   17   23    MINcrw:   0.00000        1    1    1
  MAXcci:   1112.69       23   17   26    MINcci:   0.00000        1    1    1
  MAXcsw:  0.712114E-01   23   17   27    MINcsw:   0.00000        1    1    1
  MAXchw:  0.121259E-01   23   18   26    MINchw:   0.00000        1    1    1
  MAXchl:   0.00000        1    1    1    MINchl:   0.00000        1    1    1
  MAXvhw:  0.325986E-12   24   17   24    MINvhw:   0.00000        1    1    1
  MAXvhl:   0.00000        1    1    1    MINvhl:   0.00000        1    1    1
  TKEMAX:   105.239       23   17   26    TKEMIN:   0.00000        1    1    1
  KMHMAX:   1163.80       23   17   26    KMHMIN:   0.00000        1    1    1
  KMVMAX:   1163.80       23   17   26    KMVMIN:   0.00000        1    1    1
  KHHMAX:   3491.40       23   17   26    KHHMIN:   0.00000        1    1    1
  KHVMAX:   3491.40       23   17   26    KHVMIN:   0.00000        1    1    1
  DIVMAX:  0.291543E-03   21   27   22    DIVMIN: -0.394508E-03   25   17   24
  RHMAX :  0.992076       20   27   24    RHMIN :  0.269716E-02   72   69   34
  RHIMAX:   1.19456       23   17   27    RHIMIN:  0.411216E-02   72   69   34
  THEMAX:   373.707       14   25    1    THEMIN:   318.801       75   72   16
  STHEMX:   373.707       14   25    1    STHEMN:   358.920       20   22    1
  QCTOP :   6694.898438    1    1    1    QCBOT :    569.454773    1    1    1
  SFPMAX:   95232.4        1   63    1    SFPMIN:   94874.6       22   26    1
  PSFCMX:   96066.1        1   63    1    PSFCMN:   95706.1       22   26    1
  WSPMAX:   54.3525       24   17   34    WSPMIN:   3.42167       13   29    1
  SWSPMX:   17.1661       22   14    1    SWSPMN:   3.42167       13   29    1
  CFLMAX:      0.519623   23   17   22
  KSHMAX:  0.654637E-02   23   17   26
  KSVMAX:  0.222263       17   16   10
  VORSFC:  0.142024E-02
  VOR1KM:  0.535087E-02
  VOR2KM:  0.681418E-02
  VOR3KM:  0.563198E-02
  VOR4KM:  0.404747E-02
  VOR5KM:  0.196737E-02
  TMASS :  0.207380E+15
  TMOIS :  0.739452E+12
  qv MAS:  0.738119E+12
  qc MAS:  0.133221E+10
  qr MAS:  0.591074E+06
  qi MAS:  0.107900E+04
  qs MAS:  0.238007E+01
  qg MAS:  0.376679E+01
  qhlMAS:  0.000000E+00
  TENERG:  0.521647E+20
  TMU   :  0.536415E+16
  TMV   :  0.339259E+16
  TMW   :  0.714511E+13
  TMFU  :  0.405752E+11
  TMFD  : -0.207116E+11
  tcond :  0.000000E+00
  tevac :  0.000000E+00
  tauto :  0.000000E+00
  taccr :  0.000000E+00
  tevar :  0.000000E+00
  train :  0.103929E+03
  erain :  0.000000E+00
  qsfc  :  0.000000E+00
  esfc  :  0.000000E+00
  erad  :  0.000000E+00
  asqv  :  0.000000E+00
  asqc  :  0.314672E+07
  asqr  :  0.158394E+02
  asqi  :  0.473321E+00
  asqs  :  0.109032E-02
  asqg  :  0.349794E-02
  asqhl :  0.000000E+00
  asccn : -0.205056E+18
  asccw :  0.107762E+19
  ascrw :  0.544290E+11
  ascci :  0.155563E+11
  ascsw :  0.959503E+05
  aschw :  0.892522E+05
  aschl :  0.000000E+00
  asvhw :  0.793355E-05
  asvhl :  0.000000E+00
  bsqv  :  0.000000E+00
  bsqc  :  0.000000E+00
  bsqr  :  0.000000E+00
  bsqi  :  0.000000E+00
  bsqs  :  0.000000E+00
  bsqg  :  0.000000E+00
  bsqhl :  0.000000E+00
  bsccn :  0.000000E+00
  bsccw :  0.000000E+00
  bscrw :  0.000000E+00
  bscci :  0.000000E+00
  bscsw :  0.000000E+00
  bschw :  0.000000E+00
  bschl :  0.000000E+00
  bsvhw :  0.000000E+00
  bsvhl :  0.000000E+00
 cm1out_stats.nc                                                       
   nrec =           12
            88             11.000000 min 
            89             11.125000 min 
            90             11.250000 min 
            91             11.375000 min 
            92             11.500000 min 
            93             11.625000 min 
            94             11.750000 min 
            95             11.875000 min 
  WMAX  :   25.6773       24   17   25    WMIN  :  -9.60657       24   15   23
  UMAX  :   48.7681       26   17   34    UMIN  :  -10.2301       23   26    1
  SUMAX :   2.76018       17   16    1    SUMIN :  -10.2301       23   26    1
  VMAX  :   32.7966       21   28   25    VMIN  : -0.438753       23   19   12
  SVMAX :   16.2056       21   14    1    SVMIN :   2.91303       12   29    1
  PPIMAX:  0.172901E-02   24   18   28    PPIMIN: -0.869393E-03   23   18   12
  PPMAX :   316.555       24   18   28    PPMIN :  -249.234       22   28    1
  THPMAX:   11.0505       24   17   25    THPMIN:  -5.14896       21   17   25
  STHPMX:   1.22254       16   16    1    STHPMN:  0.229192       12   31    1
  MAXqv :  0.222751E-01   14   25    1    MINqv :  0.998717E-06   11    7   48
  MAXqc :  0.859751E-02   24   17   25    MINqc :   0.00000        1    1    1
  MAXqr :  0.792949E-04   24   17   25    MINqr :   0.00000        1    1    1
  MAXqi :  0.200353E-06   24   17   28    MINqi :   0.00000        1    1    1
  MAXqs :  0.121889E-06   23   17   29    MINqs :   0.00000        1    1    1
  MAXqg :  0.506208E-08   24   17   27    MINqg :   0.00000        1    1    1
  MAXqhl:   0.00000        1    1    1    MINqhl:   0.00000        1    1    1
  MAXccn:  0.172662E+10   19   22    7    MINccn:   0.00000       17   15    5
  MAXccw:  0.165725E+10   19   26    8    MINccw:   0.00000        1    1    1
  MAXcrw:   266003.       24   17   25    MINcrw:   0.00000        1    1    1
  MAXcci:   9133.22       24   17   33    MINcci:   0.00000        1    1    1
  MAXcsw:   22.1093       23   17   29    MINcsw:   0.00000        1    1    1
  MAXchw:  0.126473       23   17   29    MINchw:   0.00000        1    1    1
  MAXchl:   0.00000        1    1    1    MINchl:   0.00000        1    1    1
  MAXvhw:  0.116756E-10   24   17   28    MINvhw:   0.00000        1    1    1
  MAXvhl:   0.00000        1    1    1    MINvhl:   0.00000        1    1    1
  TKEMAX:   111.169       24   17   28    TKEMIN:   0.00000        1    1    1
  KMHMAX:   1225.31       24   17   28    KMHMIN:   0.00000        1    1    1
  KMVMAX:   1225.31       24   17   28    KMVMIN:   0.00000        1    1    1
  KHHMAX:   3675.94       24   17   28    KHHMIN:   0.00000        1    1    1
  KHVMAX:   3675.94       24   17   28    KHVMIN:   0.00000        1    1    1
  DIVMAX:  0.317408E-03   22   27   24    DIVMIN: -0.308382E-03   24   19   26
  RHMAX :  0.995742       20   27    6    RHMIN :  0.270546E-02   66   71   34
  RHIMAX:   1.26117       24   17   29    RHIMIN:  0.412443E-02   66   71   34
  THEMAX:   373.696       14   25    1    THEMIN:   318.813       75   72   16
  STHEMX:   373.696       14   25    1    STHEMN:   358.820       20   22    1
  QCTOP :   7500.575195    1    1    1    QCBOT :    569.454773    1    1    1
  SFPMAX:   95376.6        1    1    1    SFPMIN:   94917.1       22   28    1
  PSFCMX:   96211.3        1    1    1    PSFCMN:   95748.5       22   28    1
  WSPMAX:   54.9427       25   18   34    WSPMIN:   3.27581       13   29    1
  SWSPMX:   17.3755       22   14    1    SWSPMN:   3.27581       13   29    1
  CFLMAX:      0.560628   24   17   24
  KSHMAX:  0.689238E-02   24   17   28
  KSVMAX:  0.227868       17   17    8
  VORSFC:  0.141549E-02
  VOR1KM:  0.557741E-02
  VOR2KM:  0.679700E-02
  VOR3KM:  0.682160E-02
  VOR4KM:  0.559297E-02
  VOR5KM:  0.407483E-02
  TMASS :  0.207380E+15
  TMOIS :  0.739484E+12
  qv MAS:  0.737881E+12
  qc MAS:  0.160042E+10
  qr MAS:  0.255018E+07
  qi MAS:  0.401506E+04
  qs MAS:  0.476568E+03
  qg MAS:  0.733334E+02
  qhlMAS:  0.000000E+00
  TENERG:  0.521648E+20
  TMU   :  0.536389E+16
  TMV   :  0.339051E+16
  TMW   : -0.434788E+13
  TMFU  :  0.314931E+11
  TMFD  : -0.399504E+11
  tcond :  0.000000E+00
  tevac :  0.000000E+00
  tauto :  0.000000E+00
  taccr :  0.000000E+00
  tevar :  0.000000E+00
  train :  0.110443E+03
  erain :  0.000000E+00
  qsfc  :  0.000000E+00
  esfc  :  0.000000E+00
  erad  :  0.000000E+00
  asqv  :  0.000000E+00
  asqc  :  0.447523E+07
  asqr  :  0.615693E+02
  asqi  :  0.141110E+01
  asqs  :  0.348709E-01
  asqg  :  0.986992E-02
  asqhl :  0.000000E+00
  asccn : -0.242955E+18
  asccw :  0.128080E+19
  ascrw :  0.227094E+12
  ascci :  0.271874E+11
  ascsw :  0.226706E+07
  aschw :  0.323786E+06
  aschl :  0.000000E+00
  asvhw :  0.273632E-04
  asvhl :  0.000000E+00
  bsqv  :  0.000000E+00
  bsqc  :  0.000000E+00
  bsqr  :  0.000000E+00
  bsqi  :  0.000000E+00
  bsqs  :  0.000000E+00
  bsqg  :  0.000000E+00
  bsqhl :  0.000000E+00
  bsccn :  0.000000E+00
  bsccw :  0.000000E+00
  bscrw :  0.000000E+00
  bscci :  0.000000E+00
  bscsw :  0.000000E+00
  bschw :  0.000000E+00
  bschl :  0.000000E+00
  bsvhw :  0.000000E+00
  bsvhl :  0.000000E+00
 cm1out_stats.nc                                                       
   nrec =           13
            96             12.000000 min 
            97             12.125000 min 
            98             12.250000 min 
            99             12.375000 min 
           100             12.500000 min 
           101             12.625000 min 
           102             12.750000 min 
           103             12.875000 min 
  WMAX  :   34.1620       24   18   27    WMIN  :  -10.2456       24   15   21
  UMAX  :   49.6752       27   18   34    UMIN  :  -10.1595       24   26    1
  SUMAX :   2.66047       17   16    1    SUMIN :  -10.1595       24   26    1
  VMAX  :   32.3727       21   28   28    VMIN  : -0.790625       24   20   10
  SVMAX :   16.5897       22   15    1    SVMIN :   3.14345       13   30    1
  PPIMAX:  0.181955E-02   21   27   30    PPIMIN: -0.100327E-02   22   28   12
  PPMAX :   307.074       21   27   30    PPMIN :  -289.648       23   28    1
  THPMAX:   15.0566       24   18   28    THPMIN:  -5.12457       19   27   25
  STHPMX:   1.21131       16   16    1    STHPMN:  0.242864       18   26    1
  MAXqv :  0.221355E-01   14   25    1    MINqv :  0.998624E-06   22   28   35
  MAXqc :  0.103594E-01   24   18   27    MINqc :   0.00000        1    1    1
  MAXqr :  0.217799E-03   24   18   27    MINqr :   0.00000        1    1    1
  MAXqi :  0.577389E-05   24   17   32    MINqi :   0.00000        1    1    1
  MAXqs :  0.135558E-04   24   17   31    MINqs :   0.00000        1    1    1
  MAXqg :  0.428413E-06   24   17   31    MINqg :   0.00000        1    1    1
  MAXqhl:   0.00000        1    1    1    MINqhl:   0.00000        1    1    1
  MAXccn:  0.171644E+10   23   23   17    MINccn:   0.00000       18   15    7
  MAXccw:  0.165182E+10   22   18    8    MINccw:   0.00000        1    1    1
  MAXcrw:   673931.       24   18   27    MINcrw:   0.00000        1    1    1
  MAXcci:  0.355594E+07   24   17   33    MINcci:   0.00000        1    1    1
  MAXcsw:   3913.81       24   17   31    MINcsw:   0.00000        1    1    1
  MAXchw:   42.9153       24   17   31    MINchw:   0.00000        1    1    1
  MAXchl:   0.00000        1    1    1    MINchl:   0.00000        1    1    1
  MAXvhw:  0.185537E-08   24   17   30    MINvhw:   0.00000        1    1    1
  MAXvhl:   0.00000        1    1    1    MINvhl:   0.00000        1    1    1
  TKEMAX:   122.497       24   18   30    TKEMIN:   0.00000        1    1    1
  KMHMAX:   1317.44       24   18   30    KMHMIN:   0.00000        1    1    1
  KMVMAX:   1317.44       24   18   30    KMVMIN:   0.00000        1    1    1
  KHHMAX:   3952.32       24   18   30    KHHMIN:   0.00000        1    1    1
  KHVMAX:   3952.32       24   18   30    KHVMIN:   0.00000        1    1    1
  DIVMAX:  0.461503E-03   22   27   29    DIVMIN: -0.358431E-03   26   19   22
  RHMAX :  0.997589       26   18   16    RHMIN :  0.271411E-02   70   72   34
  RHIMAX:   1.40030       24   17   32    RHIMIN:  0.413808E-02   70   72   34
  THEMAX:   373.298       14   25    1    THEMIN:   318.825       75   72   16
  STHEMX:   373.298       14   25    1    STHEMN:   358.739       20   22    1
  QCTOP :   9292.893555    1    1    1    QCBOT :    569.454773    1    1    1
  SFPMAX:   95226.9       71    1    1    SFPMIN:   94876.7       23   28    1
  PSFCMX:   96060.5       71    1    1    PSFCMN:   95708.4       23   28    1
  WSPMAX:   56.0723       25   19   34    WSPMIN:   3.29548       13   29    1
  SWSPMX:   17.3591       23   14    1    SWSPMN:   3.29548       13   29    1
  CFLMAX:      0.689092   24   18   26
  KSHMAX:  0.741060E-02   24   18   30
  KSVMAX:  0.226424       20   18   17
  VORSFC:  0.164147E-02
  VOR1KM:  0.615221E-02
  VOR2KM:  0.823698E-02
  VOR3KM:  0.883954E-02
  VOR4KM:  0.882117E-02
  VOR5KM:  0.632176E-02
  TMASS :  0.207380E+15
  TMOIS :  0.739526E+12
  qv MAS:  0.737553E+12
  qc MAS:  0.196452E+10
  qr MAS:  0.891244E+07
  qi MAS:  0.260685E+05
  qs MAS:  0.642408E+05
  qg MAS:  0.471324E+04
  qhlMAS:  0.000000E+00
  TENERG:  0.521649E+20
  TMU   :  0.536451E+16
  TMV   :  0.338938E+16
  TMW   :  0.793631E+13
  TMFU  :  0.464933E+11
  TMFD  : -0.265370E+11
  tcond :  0.000000E+00
  tevac :  0.000000E+00
  tauto :  0.000000E+00
  taccr :  0.000000E+00
  tevar :  0.000000E+00
  train :  0.116277E+03
  erain :  0.000000E+00
  qsfc  :  0.000000E+00
  esfc  :  0.000000E+00
  erad  :  0.000000E+00
  asqv  :  0.000000E+00
  asqc  :  0.632498E+07
  asqr  :  0.232540E+03
  asqi  :  0.494728E+01
  asqs  :  0.496142E+01
  asqg  :  0.313642E+00
  asqhl :  0.000000E+00
  asccn : -0.283654E+18
  asccw :  0.157419E+19
  ascrw :  0.825498E+12
  ascci :  0.295264E+12
  ascsw :  0.122303E+10
  aschw :  0.914801E+07
  aschl :  0.000000E+00
  asvhw :  0.170350E-02
  asvhl :  0.000000E+00
  bsqv  :  0.000000E+00
  bsqc  :  0.000000E+00
  bsqr  :  0.000000E+00
  bsqi  :  0.000000E+00
  bsqs  :  0.000000E+00
  bsqg  :  0.000000E+00
  bsqhl :  0.000000E+00
  bsccn :  0.000000E+00
  bsccw :  0.000000E+00
  bscrw :  0.000000E+00
  bscci :  0.000000E+00
  bscsw :  0.000000E+00
  bschw :  0.000000E+00
  bschl :  0.000000E+00
  bsvhw :  0.000000E+00
  bsvhl :  0.000000E+00
 cm1out_stats.nc                                                       
   nrec =           14
           104             13.000000 min 
           105             13.125000 min 
           106             13.250000 min 
           107             13.375000 min 
           108             13.500000 min 
           109             13.625000 min 
           110             13.750000 min 
           111             13.875000 min 
  WMAX  :   42.1817       25   18   30    WMIN  :  -12.2093       25   16   28
  UMAX  :   52.4320       27   18   35    UMIN  :  -10.2536       24   27    1
  SUMAX :   2.85469       13   26    1    SUMIN :  -10.2536       24   27    1
  VMAX  :   38.2023       25   20   32    VMIN  :  -1.20146       22   29   11
  SVMAX :   16.7375       23   15    1    SVMIN :   2.94865       22   30    1
  PPIMAX:  0.262183E-02   25   18   34    PPIMIN: -0.102276E-02   24   19   13
  PPMAX :   366.396       25   18   34    PPMIN :  -285.062       24   19   13
  THPMAX:   19.6653       25   18   31    THPMIN:  -5.40634       25   18   35
  STHPMX:   1.23778       16   17    1    STHPMN:  0.252003       18   27    1
  MAXqv :  0.219723E-01   13   26    1    MINqv :  0.996188E-06   29   18   35
  MAXqc :  0.110540E-01   22   27   29    MINqc :   0.00000        1    1    1
  MAXqr :  0.632808E-03   25   18   30    MINqr :   0.00000        1    1    1
  MAXqi :  0.288386E-02   26   18   33    MINqi :   0.00000        1    1    1
  MAXqs :  0.154175E-03   25   18   33    MINqs :   0.00000        1    1    1
  MAXqg :  0.252883E-04   25   18   30    MINqg :   0.00000        1    1    1
  MAXqhl:   0.00000        1    1    1    MINqhl:   0.00000        1    1    1
  MAXccn:  0.170716E+10   25   24   17    MINccn:   0.00000       15   25    5
  MAXccw:  0.159697E+10   23   19    8    MINccw:   0.00000        1    1    1
  MAXcrw:  0.152687E+07   25   18   30    MINcrw:   0.00000        1    1    1
  MAXcci:  0.687042E+09   25   18   34    MINcci:   0.00000        1    1    1
  MAXcsw:   102017.       25   18   33    MINcsw:   0.00000        1    1    1
  MAXchw:   2333.32       25   18   33    MINchw:   0.00000        1    1    1
  MAXchl:   0.00000        1    1    1    MINchl:   0.00000        1    1    1
  MAXvhw:  0.898117E-07   26   18   32    MINvhw:   0.00000        1    1    1
  MAXvhl:   0.00000        1    1    1    MINvhl:   0.00000        1    1    1
  TKEMAX:   153.816       25   18   33    TKEMIN:   0.00000        1    1    1
  KMHMAX:   1530.08       25   18   33    KMHMIN:   0.00000        1    1    1
  KMVMAX:   1530.08       25   18   33    KMVMIN:   0.00000        1    1    1
  KHHMAX:   4590.25       25   18   33    KHHMIN:   0.00000        1    1    1
  KHVMAX:   4590.25       25   18   33    KHVMIN:   0.00000        1    1    1
  DIVMAX:  0.327623E-03   21   28   14    DIVMIN: -0.327365E-03   24   27   31
  RHMAX :   1.00327       27   19   19    RHMIN :  0.271361E-02   69   73   34
  RHIMAX:   1.40346       23   28   32    RHIMIN:  0.413683E-02   69   73   34
  THEMAX:   372.719       13   26    1    THEMIN:   318.842       70   71   16
  STHEMX:   372.719       13   26    1    STHEMN:   358.633       75   74    1
  QCTOP :  10813.203125    1    1    1    QCBOT :    745.283569    1    1    1
  SFPMAX:   95371.5        4    1    1    SFPMIN:   94896.6       24   27    1
  PSFCMX:   96206.1        4    1    1    PSFCMN:   95727.9       24   27    1
  WSPMAX:   58.2663       26   20   34    WSPMIN:   3.29911       13   29    1
  SWSPMX:   17.5729       24   15    1    SWSPMN:   3.29911       13   29    1
  CFLMAX:      0.755715   25   18   29
  KSHMAX:  0.860671E-02   25   18   33
  KSVMAX:  0.234206       18   27   17
  VORSFC:  0.180372E-02
  VOR1KM:  0.624279E-02
  VOR2KM:  0.805128E-02
  VOR3KM:  0.871312E-02
  VOR4KM:  0.846546E-02
  VOR5KM:  0.770141E-02
  TMASS :  0.207380E+15
  TMOIS :  0.739577E+12
  qv MAS:  0.737170E+12
  qc MAS:  0.235706E+10
  qr MAS:  0.236436E+08
  qi MAS:  0.244963E+08
  qs MAS:  0.159834E+07
  qg MAS:  0.358346E+06
  qhlMAS:  0.000000E+00
  TENERG:  0.521651E+20
  TMU   :  0.536398E+16
  TMV   :  0.338727E+16
  TMW   : -0.593353E+13
  TMFU  :  0.379929E+11
  TMFD  : -0.516600E+11
  tcond :  0.000000E+00
  tevac :  0.000000E+00
  tauto :  0.000000E+00
  taccr :  0.000000E+00
  tevar :  0.000000E+00
  train :  0.121244E+03
  erain :  0.000000E+00
  qsfc  :  0.000000E+00
  esfc  :  0.000000E+00
  erad  :  0.000000E+00
  asqv  :  0.000000E+00
  asqc  :  0.856498E+07
  asqr  :  0.123237E+04
  asqi  :  0.440261E+04
  asqs  :  0.112012E+03
  asqg  :  0.163039E+02
  asqhl :  0.000000E+00
  asccn : -0.317132E+18
  asccw :  0.188917E+19
  ascrw :  0.400195E+13
  ascci :  0.338789E+16
  ascsw :  0.671513E+11
  aschw :  0.154468E+10
  aschl :  0.000000E+00
  asvhw :  0.156066E+00
  asvhl :  0.000000E+00
  bsqv  :  0.000000E+00
  bsqc  :  0.000000E+00
  bsqr  :  0.000000E+00
  bsqi  :  0.000000E+00
  bsqs  :  0.000000E+00
  bsqg  :  0.000000E+00
  bsqhl :  0.000000E+00
  bsccn :  0.000000E+00
  bsccw :  0.000000E+00
  bscrw :  0.000000E+00
  bscci :  0.000000E+00
  bscsw :  0.000000E+00
  bschw :  0.000000E+00
  bschl :  0.000000E+00
  bsvhw :  0.000000E+00
  bsvhl :  0.000000E+00
 cm1out_stats.nc                                                       
   nrec =           15
           112             14.000000 min 
           113             14.125000 min 
           114             14.250000 min 
           115             14.375000 min 
           116             14.500000 min 
           117             14.625000 min 
           118             14.750000 min 
           119             14.875000 min 
   dowrite =  T
   Getting dbz ... 
  WMAX  :   50.7267       26   19   33    WMIN  :  -13.5570       23   25   26
  UMAX  :   59.5587       28   19   35    UMIN  :  -10.0874       25   27    1
  SUMAX :   2.93630       13   26    1    SUMIN :  -10.0874       25   27    1
  VMAX  :   43.7543       26   21   34    VMIN  :  -1.98136       26   18   35
  SVMAX :   16.8760       23   15    1    SVMIN :   2.50516       22   31    1
  PPIMAX:  0.283748E-02   23   27   35    PPIMIN: -0.129032E-02   27   19   29
  PPMAX :   375.977       23   27   35    PPMIN :  -310.742       25   21    1
  THPMAX:   21.9905       23   28   32    THPMIN:  -6.66013       26   18   39
  STHPMX:   1.25994       16   17    1    STHPMN:  0.260253       18   27    1
  MAXqv :  0.219251E-01   13   27    1    MINqv :  0.784169E-06   22   18   35
  MAXqc :  0.117425E-01   23   28   31    MINqc :   0.00000        1    1    1
  MAXqr :  0.810950E-03   26   19   31    MINqr :   0.00000        1    1    1
  MAXqi :  0.922840E-02   26   18   35    MINqi :   0.00000        1    1    1
  MAXqs :  0.661736E-03   26   18   34    MINqs :   0.00000        1    1    1
  MAXqg :  0.663725E-03   26   19   33    MINqg :   0.00000        1    1    1
  MAXqhl:   0.00000        1    1    1    MINqhl:   0.00000        1    1    1
  MAXccn:  0.172834E+10   24   24   16    MINccn:   0.00000       13   27    5
  MAXccw:  0.156618E+10   21   28    8    MINccw:   0.00000        1    1    1
  MAXcrw:  0.183443E+07   26   19   32    MINcrw:   0.00000        1    1    1
  MAXcci:  0.621265E+09   24   28   34    MINcci:   0.00000        1    1    1
  MAXcsw:   367702.       26   19   35    MINcsw:   0.00000        1    1    1
  MAXchw:   15552.0       26   18   35    MINchw:   0.00000        1    1    1
  MAXchl:   0.00000        1    1    1    MINchl:   0.00000        1    1    1
  MAXvhw:  0.179204E-05   26   19   34    MINvhw:   0.00000        1    1    1
  MAXvhl:   0.00000        1    1    1    MINvhl:   0.00000        1    1    1
  TKEMAX:   202.245       26   19   36    TKEMIN:   0.00000        1    1    1
  KMHMAX:   1818.19       26   19   36    KMHMIN:   0.00000        1    1    1
  KMVMAX:   1818.19       26   19   36    KMVMIN:   0.00000        1    1    1
  KHHMAX:   5454.58       26   19   36    KHHMIN:   0.00000        1    1    1
  KHVMAX:   5454.58       26   19   36    KHVMIN:   0.00000        1    1    1
  DIVMAX:  0.318786E-03   24   20   14    DIVMIN: -0.502281E-03   26   19   34
  RHMAX :   1.02335       10   28    5    RHMIN :  0.269077E-02   22   18   35
  RHIMAX:   1.39868       28   19   33    RHIMIN:  0.416375E-02   39   71   34
  THEMAX:   372.475       14   27    3    THEMIN:   318.858       46   70   16
  STHEMX:   372.436       13   27    1    STHEMN:   358.541       24   13    1
  QCTOP :  12503.199219    1    1    1    QCBOT :    569.454773    1    1    1
  SFPMAX:   95249.6       75    1    1    SFPMIN:   94855.6       25   21    1
  PSFCMX:   96083.3       75    1    1    PSFCMN:   95686.9       25   21    1
  WSPMAX:   61.7177       27   20   35    WSPMIN:   3.44658       13   29    1
  SWSPMX:   17.6503       24   15    1    SWSPMN:   3.44658       13   29    1
  CFLMAX:      0.848677   23   28   29
  KSHMAX:  0.102273E-01   26   19   36
  KSVMAX:  0.240841       18   27   17
  VORSFC:  0.186151E-02
  VOR1KM:  0.638698E-02
  VOR2KM:  0.846730E-02
  VOR3KM:  0.105025E-01
  VOR4KM:  0.110934E-01
  VOR5KM:  0.985754E-02
  TMASS :  0.207380E+15
  TMOIS :  0.739635E+12
  qv MAS:  0.736659E+12
  qc MAS:  0.266898E+10
  qr MAS:  0.417680E+08
  qi MAS:  0.237931E+09
  qs MAS:  0.144053E+08
  qg MAS:  0.132283E+08
  qhlMAS:  0.000000E+00
  TENERG:  0.521653E+20
  TMU   :  0.536431E+16
  TMV   :  0.338645E+16
  TMW   :  0.866722E+13
  TMFU  :  0.560990E+11
  TMFD  : -0.363041E+11
  tcond :  0.000000E+00
  tevac :  0.000000E+00
  tauto :  0.000000E+00
  taccr :  0.000000E+00
  tevar :  0.000000E+00
  train :  0.125308E+03
  erain :  0.000000E+00
  qsfc  :  0.000000E+00
  esfc  :  0.000000E+00
  erad  :  0.000000E+00
  asqv  :  0.000000E+00
  asqc  :  0.111026E+08
  asqr  :  0.728130E+04
  asqi  :  0.630072E+05
  asqs  :  0.560801E+03
  asqg  :  0.187929E+03
  asqhl :  0.000000E+00
  asccn : -0.325581E+18
  asccw :  0.216071E+19
  ascrw :  0.214393E+14
  ascci :  0.189975E+17
  ascsw :  0.443931E+12
  aschw :  0.144386E+11
  aschl :  0.000000E+00
  asvhw :  0.180896E+01
  asvhl :  0.000000E+00
  bsqv  :  0.000000E+00
  bsqc  :  0.000000E+00
  bsqr  :  0.000000E+00
  bsqi  :  0.000000E+00
  bsqs  :  0.000000E+00
  bsqg  :  0.000000E+00
  bsqhl :  0.000000E+00
  bsccn :  0.000000E+00
  bsccw :  0.000000E+00
  bscrw :  0.000000E+00
  bscci :  0.000000E+00
  bscsw :  0.000000E+00
  bschw :  0.000000E+00
  bschl :  0.000000E+00
  bsvhw :  0.000000E+00
  bsvhl :  0.000000E+00
 cm1out_stats.nc                                                       
   nrec =           16
           120             15.000000 min 
   nwrite =            2
 cm1out.nc                                                             
     2d vars 
     s vars 
     u vars 
     v vars 
     w vars 

 Done Writing Data to File 

   string = cm1out_rst_000003.nc                                                  
  USING COMPRESSED netCDF4 
   leaving restart_prelim 
           121             15.125000 min 
           122             15.250000 min 
           123             15.375000 min 
           124             15.500000 min 
           125             15.625000 min 
           126             15.750000 min 
           127             15.875000 min 
  WMAX  :   56.3068       24   28   35    WMIN  :  -12.7516       22   26   28
  UMAX  :   66.8603       29   19   38    UMIN  :  -10.0785       25   29    1
  SUMAX :   2.87507       13   26    1    SUMIN :  -10.0785       25   29    1
  VMAX  :   45.4987       24   30   36    VMIN  :  -10.8415       27   18   38
  SVMAX :   16.9337       24   15    1    SVMIN :   2.43859       23   32    1
  PPIMAX:  0.361747E-02   24   28   38    PPIMIN: -0.165075E-02   25   29   30
  PPMAX :   401.631       24   28   38    PPMIN :  -292.992       26   22    1
  THPMAX:   23.1069       24   28   36    THPMIN:  -10.6656       27   19   40
  STHPMX:   1.21483       16   17    1    STHPMN:  0.268969       18   27    1
  MAXqv :  0.218883E-01   13   27    1    MINqv :  0.688681E-06   20   27   36
  MAXqc :  0.110204E-01   24   28   34    MINqc :   0.00000        1    1    1
  MAXqr :  0.216562E-02   26   19   30    MINqr :   0.00000        1    1    1
  MAXqi :  0.123435E-01   24   28   36    MINqi :   0.00000        1    1    1
  MAXqs :  0.127788E-02   26   19   34    MINqs :   0.00000        1    1    1
  MAXqg :  0.221350E-02   26   19   33    MINqg :   0.00000        1    1    1
  MAXqhl:   0.00000        1    1    1    MINqhl:   0.00000        1    1    1
  MAXccn:  0.170347E+10   21   23    9    MINccn:   0.00000       13   26    5
  MAXccw:  0.159464E+10   22   29    8    MINccw:   0.00000        1    1    1
  MAXcrw:  0.260147E+07   26   19   30    MINcrw:   0.00000        1    1    1
  MAXcci:  0.627652E+09   24   28   37    MINcci:   0.00000        1    1    1
  MAXcsw:   488708.       27   19   36    MINcsw:   0.00000        1    1    1
  MAXchw:   38987.4       27   19   35    MINchw:   0.00000        1    1    1
  MAXchl:   0.00000        1    1    1    MINchl:   0.00000        1    1    1
  MAXvhw:  0.623961E-05   27   20   35    MINvhw:   0.00000        1    1    1
  MAXvhl:   0.00000        1    1    1    MINvhl:   0.00000        1    1    1
  TKEMAX:   247.683       24   28   38    TKEMIN:   0.00000        1    1    1
  KMHMAX:   2060.38       24   28   38    KMHMIN:   0.00000        1    1    1
  KMVMAX:   2060.38       24   28   38    KMVMIN:   0.00000        1    1    1
  KHHMAX:   6181.15       24   28   38    KHHMIN:   0.00000        1    1    1
  KHVMAX:   6181.15       24   28   38    KHVMIN:   0.00000        1    1    1
  DIVMAX:  0.989124E-03   27   19   35    DIVMIN: -0.868677E-03   27   19   34
  RHMAX :  0.998157       23   30   18    RHMIN :  0.273684E-02   70   72   34
  RHIMAX:   1.40311       22   27   33    RHIMIN:  0.417221E-02   70   72   34
  THEMAX:   372.401       13   27    1    THEMIN:   318.878       46   71   16
  STHEMX:   372.401       13   27    1    STHEMN:   358.444       24   14    1
  QCTOP :  13700.000000    1    1    1    QCBOT :    745.283569    1    1    1
  SFPMAX:   95305.1        4    3    1    SFPMIN:   94873.3       26   22    1
  PSFCMX:   96139.2        4    3    1    PSFCMN:   95704.7       26   22    1
  WSPMAX:   65.3306       28   20   38    WSPMIN:   3.19667       19   28    1
  SWSPMX:   17.6757       24   15    1    SWSPMN:   3.19667       19   28    1
  CFLMAX:      0.849635   24   28   34
  KSHMAX:  0.115897E-01   24   28   38
  KSVMAX:  0.235524       21   19   17
  VORSFC:  0.204664E-02
  VOR1KM:  0.628488E-02
  VOR2KM:  0.887377E-02
  VOR3KM:  0.937212E-02
  VOR4KM:  0.946638E-02
  VOR5KM:  0.882967E-02
  TMASS :  0.207380E+15
  TMOIS :  0.739702E+12
  qv MAS:  0.736113E+12
  qc MAS:  0.264363E+10
  qr MAS:  0.522108E+08
  qi MAS:  0.745601E+09
  qs MAS:  0.570695E+08
  qg MAS:  0.901215E+08
  qhlMAS:  0.000000E+00
  TENERG:  0.521655E+20
  TMU   :  0.536398E+16
  TMV   :  0.338444E+16
  TMW   : -0.746920E+13
  TMFU  :  0.492121E+11
  TMFD  : -0.685868E+11
  tcond :  0.000000E+00
  tevac :  0.000000E+00
  tauto :  0.000000E+00
  taccr :  0.000000E+00
  tevar :  0.000000E+00
  train :  0.128379E+03
  erain :  0.000000E+00
  qsfc  :  0.000000E+00
  esfc  :  0.000000E+00
  erad  :  0.000000E+00
  asqv  :  0.000000E+00
  asqc  :  0.144435E+08
  asqr  :  0.176757E+05
  asqi  :  0.184426E+06
  asqs  :  0.276084E+03
  asqg  :  0.246310E+04
  asqhl :  0.000000E+00
  asccn : -0.265006E+18
  asccw :  0.246396E+19
  ascrw :  0.572179E+14
  ascci :  0.304683E+17
  ascsw :  0.626197E+12
  aschw :  0.585281E+11
  aschl :  0.000000E+00
  asvhw :  0.977989E+01
  asvhl :  0.000000E+00
  bsqv  :  0.000000E+00
  bsqc  :  0.000000E+00
  bsqr  :  0.000000E+00
  bsqi  :  0.000000E+00
  bsqs  :  0.000000E+00
  bsqg  :  0.000000E+00
  bsqhl :  0.000000E+00
  bsccn :  0.000000E+00
  bsccw :  0.000000E+00
  bscrw :  0.000000E+00
  bscci :  0.000000E+00
  bscsw :  0.000000E+00
  bschw :  0.000000E+00
  bschl :  0.000000E+00
  bsvhw :  0.000000E+00
  bsvhl :  0.000000E+00
 cm1out_stats.nc                                                       
   nrec =           17
           128             16.000000 min 
           129             16.125000 min 
           130             16.250000 min 
           131             16.375000 min 
           132             16.500000 min 
           133             16.625000 min 
           134             16.750000 min 
           135             16.875000 min 
  WMAX  :   62.0628       25   29   38    WMIN  :  -14.9278       25   26   32
  UMAX  :   69.8042       27   29   39    UMIN  :  -10.1427       27   21    1
  SUMAX :   3.25257       13   27    1    SUMIN :  -10.1427       27   21    1
  VMAX  :   44.9575       25   31   38    VMIN  :  -18.5445       28   18   40
  SVMAX :   17.0477       24   16    1    SVMIN :   2.34439       23   32    1
  PPIMAX:  0.412881E-02   25   29   41    PPIMIN: -0.168496E-02   26   28   34
  PPMAX :   390.496       25   29   40    PPMIN :  -330.969       26   21   10
  THPMAX:   20.3430       24   29   36    THPMIN:  -18.0208       28   19   43
  STHPMX:   1.23147       16   18    1    STHPMN:  0.279272       18   27    1
  MAXqv :  0.217514E-01   13   27    1    MINqv :  0.164710E-08   27   25   36
  MAXqc :  0.103377E-01   23   29   30    MINqc :   0.00000        1    1    1
  MAXqr :  0.184526E-02   27   20   31    MINqr :   0.00000        1    1    1
  MAXqi :  0.117417E-01   25   29   34    MINqi :   0.00000        1    1    1
  MAXqs :  0.154820E-02   27   20   34    MINqs :   0.00000        1    1    1
  MAXqg :  0.364262E-02   27   19   34    MINqg :   0.00000        1    1    1
  MAXqhl:   0.00000        1    1    1    MINqhl:   0.00000        1    1    1
  MAXccn:  0.174744E+10   26   25   15    MINccn:   0.00000       19   17    6
  MAXccw:  0.161099E+10   25   21    7    MINccw:   0.00000        1    1    1
  MAXcrw:  0.231545E+07   27   20   31    MINcrw:   0.00000        1    1    1
  MAXcci:  0.527375E+09   23   28   35    MINcci:   0.00000        1    1    1
  MAXcsw:   963584.       25   29   34    MINcsw:   0.00000        1    1    1
  MAXchw:   42833.5       24   28   35    MINchw:   0.00000        1    1    1
  MAXchl:   0.00000        1    1    1    MINchl:   0.00000        1    1    1
  MAXvhw:  0.832489E-05   27   19   34    MINvhw:   0.00000        1    1    1
  MAXvhl:   0.00000        1    1    1    MINvhl:   0.00000        1    1    1
  TKEMAX:   216.554       25   29   41    TKEMIN:   0.00000        1    1    1
  KMHMAX:   1968.29       25   29   41    KMHMIN:   0.00000        1    1    1
  KMVMAX:   1968.29       25   29   41    KMVMIN:   0.00000        1    1    1
  KHHMAX:   5904.88       25   29   41    KHHMIN:   0.00000        1    1    1
  KHVMAX:   5904.88       25   29   41    KHVMIN:   0.00000        1    1    1
  DIVMAX:  0.860780E-03   25   29   34    DIVMIN: -0.808862E-03   25   29   35
  RHMAX :   1.00746       28   21   19    RHMIN :  0.675179E-05   29   26   34
  RHIMAX:   1.40156       22   29   33    RHIMIN:  0.101896E-04   29   26   34
  THEMAX:   372.033       14   27    3    THEMIN:   318.895       47   71   16
  STHEMX:   372.004       13   27    1    STHEMN:   358.367       24   14    1
  QCTOP :  15500.000000    1    1    1    QCBOT :    569.454773    1    1    1
  SFPMAX:   95247.1        8   74    1    SFPMIN:   94837.4       26   25    1
  PSFCMX:   96080.8        8   74    1    PSFCMN:   95668.6       26   25    1
  WSPMAX:   67.2357       26   30   38    WSPMIN:   2.95088       19   28    1
  SWSPMX:   17.7811       25   15    1    SWSPMN:   2.95088       19   28    1
  CFLMAX:      0.840364   25   29   37
  KSHMAX:  0.110717E-01   25   29   41
  KSVMAX:  0.245490       19   28   17
  VORSFC:  0.202503E-02
  VOR1KM:  0.651667E-02
  VOR2KM:  0.860780E-02
  VOR3KM:  0.108375E-01
  VOR4KM:  0.119379E-01
  VOR5KM:  0.123256E-01
  TMASS :  0.207380E+15
  TMOIS :  0.739775E+12
  qv MAS:  0.735497E+12
  qc MAS:  0.242357E+10
  qr MAS:  0.436856E+08
  qi MAS:  0.145881E+10
  qs MAS:  0.122385E+09
  qg MAS:  0.229434E+09
  qhlMAS:  0.000000E+00
  TENERG:  0.521657E+20
  TMU   :  0.536415E+16
  TMV   :  0.338363E+16
  TMW   :  0.911957E+13
  TMFU  :  0.687701E+11
  TMFD  : -0.489616E+11
  tcond :  0.000000E+00
  tevac :  0.000000E+00
  tauto :  0.000000E+00
  taccr :  0.000000E+00
  tevar :  0.000000E+00
  train :  0.130300E+03
  erain :  0.000000E+00
  qsfc  :  0.000000E+00
  esfc  :  0.000000E+00
  erad  :  0.000000E+00
  asqv  :  0.768811E+03
  asqc  :  0.213935E+08
  asqr  :  0.318331E+05
  asqi  :  0.299967E+06
  asqs  :  0.870518E+03
  asqg  :  0.964508E+04
  asqhl :  0.000000E+00
  asccn : -0.200128E+18
  asccw :  0.273035E+19
  ascrw :  0.927760E+14
  ascci :  0.367810E+17
  ascsw :  0.159310E+13
  aschw :  0.154346E+12
  aschl :  0.000000E+00
  asvhw :  0.303755E+02
  asvhl :  0.000000E+00
  bsqv  :  0.000000E+00
  bsqc  :  0.000000E+00
  bsqr  :  0.000000E+00
  bsqi  :  0.000000E+00
  bsqs  :  0.000000E+00
  bsqg  :  0.000000E+00
  bsqhl :  0.000000E+00
  bsccn :  0.000000E+00
  bsccw :  0.000000E+00
  bscrw :  0.000000E+00
  bscci :  0.000000E+00
  bscsw :  0.000000E+00
  bschw :  0.000000E+00
  bschl :  0.000000E+00
  bsvhw :  0.000000E+00
  bsvhl :  0.000000E+00
 cm1out_stats.nc                                                       
   nrec =           18
           136             17.000000 min 
           137             17.125000 min 
           138             17.250000 min 
           139             17.375000 min 
           140             17.500000 min 
           141             17.625000 min 
           142             17.750000 min 
           143             17.875000 min 
  WMAX  :   57.2077       25   29   38    WMIN  :  -15.9015       28   27   39
  UMAX  :   65.6056       28   29   42    UMIN  :  -10.5372       28   21    1
  SUMAX :   3.56744       13   27    1    SUMIN :  -10.5372       28   21    1
  VMAX  :   40.5198       26   32   38    VMIN  :  -25.7777       29   19   43
  SVMAX :   17.5058       25   16    1    SVMIN :   1.76993       20   29    1
  PPIMAX:  0.353688E-02   26   29   43    PPIMIN: -0.125992E-02   24   31   28
  PPMAX :   278.073       26   29   43    PPMIN :  -324.523       27   26    1
  THPMAX:   17.0832       24   29   35    THPMIN:  -29.8622       29   20   45
  STHPMX:   1.22729       16   18    1    STHPMN:  0.292574       18   27    1
  MAXqv :  0.216432E-01   16   19    1    MINqv :  0.638363E-11   30   26   34
  MAXqc :  0.986934E-02   24   29   32    MINqc :   0.00000        1    1    1
  MAXqr :  0.171368E-02   25   29   31    MINqr :   0.00000        1    1    1
  MAXqi :  0.111800E-01   24   29   35    MINqi :   0.00000        1    1    1
  MAXqs :  0.194019E-02   25   29   34    MINqs :   0.00000        1    1    1
  MAXqg :  0.395116E-02   27   20   35    MINqg :   0.00000        1    1    1
  MAXqhl:   0.00000        1    1    1    MINqhl:   0.00000        1    1    1
  MAXccn:  0.172627E+10   27   26   16    MINccn:   0.00000       15   27    5
  MAXccw:  0.153714E+10   23   30    8    MINccw:   0.00000        1    1    1
  MAXcrw:  0.218433E+07   25   29   31    MINcrw:   0.00000        1    1    1
  MAXcci:  0.530572E+09   24   29   35    MINcci:   0.00000        1    1    1
  MAXcsw:  0.147220E+07   25   29   34    MINcsw:   0.00000        1    1    1
  MAXchw:   46537.5       27   20   35    MINchw:   0.00000        1    1    1
  MAXchl:   0.00000        1    1    1    MINchl:   0.00000        1    1    1
  MAXvhw:  0.101285E-04   27   20   35    MINvhw:   0.00000        1    1    1
  MAXvhl:   0.00000        1    1    1    MINvhl:   0.00000        1    1    1
  TKEMAX:   202.424       26   29   44    TKEMIN:   0.00000        1    1    1
  KMHMAX:   1903.41       26   29   44    KMHMIN:   0.00000        1    1    1
  KMVMAX:   1903.41       26   29   44    KMVMIN:   0.00000        1    1    1
  KHHMAX:   5710.24       26   29   44    KHHMIN:   0.00000        1    1    1
  KHVMAX:   5710.24       26   29   44    KHVMIN:   0.00000        1    1    1
  DIVMAX:  0.288593E-03   25   29   34    DIVMIN: -0.500408E-03   26   29   39
  RHMAX :   1.02204       30   21   23    RHMIN :  0.146425E-07   30   26   34
  RHIMAX:   1.42340       28   31   36    RHIMIN:  0.219663E-07   30   26   34
  THEMAX:   371.838       14   28    3    THEMIN:   318.922       48   72   16
  STHEMX:   371.643       16   19    1    STHEMN:   358.294       23   15    1
  QCTOP :  16700.000000    1    1    1    QCBOT :    569.454773    1    1    1
  SFPMAX:   95248.9        2    6    1    SFPMIN:   94841.8       27   26    1
  PSFCMX:   96082.6        2    6    1    PSFCMN:   95672.9       27   26    1
  WSPMAX:   64.0617       27   30   41    WSPMIN:   3.00824       19   28    1
  SWSPMX:   17.8710       25   15    1    SWSPMN:   3.00824       19   28    1
  CFLMAX:      0.799193   25   29   35
  KSHMAX:  0.107067E-01   26   29   44
  KSVMAX:  0.233818       19   28   17
  VORSFC:  0.181357E-02
  VOR1KM:  0.614122E-02
  VOR2KM:  0.856023E-02
  VOR3KM:  0.967324E-02
  VOR4KM:  0.105628E-01
  VOR5KM:  0.996579E-02
  TMASS :  0.207380E+15
  TMOIS :  0.739850E+12
  qv MAS:  0.734944E+12
  qc MAS:  0.216280E+10
  qr MAS:  0.381639E+08
  qi MAS:  0.215814E+10
  qs MAS:  0.187927E+09
  qg MAS:  0.359047E+09
  qhlMAS:  0.000000E+00
  TENERG:  0.521658E+20
  TMU   :  0.536393E+16
  TMV   :  0.338205E+16
  TMW   : -0.831609E+13
  TMFU  :  0.608702E+11
  TMFD  : -0.831692E+11
  tcond :  0.000000E+00
  tevac :  0.000000E+00
  tauto :  0.000000E+00
  taccr :  0.000000E+00
  tevar :  0.000000E+00
  train :  0.131655E+03
  erain :  0.000000E+00
  qsfc  :  0.000000E+00
  esfc  :  0.000000E+00
  erad  :  0.000000E+00
  asqv  :  0.188127E+04
  asqc  :  0.280467E+08
  asqr  :  0.457803E+05
  asqi  :  0.344187E+06
  asqs  :  0.328120E+04
  asqg  :  0.193589E+05
  asqhl :  0.000000E+00
  asccn : -0.118202E+18
  asccw :  0.309661E+19
  ascrw :  0.124823E+15
  ascci :  0.357668E+17
  ascsw : -0.332500E+13
  aschw :  0.246802E+12
  aschl :  0.000000E+00
  asvhw :  0.601488E+02
  asvhl :  0.000000E+00
  bsqv  :  0.000000E+00
  bsqc  :  0.000000E+00
  bsqr  :  0.000000E+00
  bsqi  :  0.000000E+00
  bsqs  :  0.000000E+00
  bsqg  :  0.000000E+00
  bsqhl :  0.000000E+00
  bsccn :  0.000000E+00
  bsccw :  0.000000E+00
  bscrw :  0.000000E+00
  bscci :  0.000000E+00
  bscsw :  0.000000E+00
  bschw :  0.000000E+00
  bschl :  0.000000E+00
  bsvhw :  0.000000E+00
  bsvhl :  0.000000E+00
 cm1out_stats.nc                                                       
   nrec =           19
           144             18.000000 min 
           145             18.125000 min 
           146             18.250000 min 
           147             18.375000 min 
           148             18.500000 min 
           149             18.625000 min 
           150             18.750000 min 
           151             18.875000 min 
  WMAX  :   53.8485       25   30   39    WMIN  :  -16.7312       28   27   40
  UMAX  :   65.7430       29   30   43    UMIN  :  -11.0226       28   22    1
  SUMAX :   3.54629       13   27    1    SUMIN :  -11.0226       28   22    1
  VMAX  :   44.5751       26   32   43    VMIN  :  -31.0231       27   28   43
  SVMAX :   17.7816       25   16    1    SVMIN :   1.70669       20   29    1
  PPIMAX:  0.320226E-02   26   30   43    PPIMIN: -0.127053E-02   27   22   12
  PPMAX :   255.526       26   30   42    PPMIN :  -361.094       27   22   12
  THPMAX:   14.6796       25   30   35    THPMIN:  -39.9316       30   20   45
  STHPMX:   1.18234       16   19    1    STHPMN:  0.304193       16   31    1
  MAXqv :  0.215831E-01   14   28    3    MINqv :  0.133288E-06   33   27   34
  MAXqc :  0.878757E-02   25   30   33    MINqc :   0.00000        1    1    1
  MAXqr :  0.623496E-03   28   21   31    MINqr :   0.00000        1    1    1
  MAXqi :  0.948507E-02   25   30   42    MINqi :   0.00000        1    1    1
  MAXqs :  0.204495E-02   25   29   35    MINqs :   0.00000        1    1    1
  MAXqg :  0.299201E-02   27   21   34    MINqg :   0.00000        1    1    1
  MAXqhl:   0.00000        1    1    1    MINqhl:   0.00000        1    1    1
  MAXccn:  0.172792E+10   27   26   16    MINccn:   0.00000       15   26    6
  MAXccw:  0.160845E+10   24   31    7    MINccw:   0.00000        1    1    1
  MAXcrw:  0.126240E+07   28   21   31    MINcrw:   0.00000        1    1    1
  MAXcci:  0.532430E+09   24   30   35    MINcci:   0.00000        1    1    1
  MAXcsw:  0.106193E+07   25   29   36    MINcsw:   0.00000        1    1    1
  MAXchw:   48356.6       25   29   34    MINchw:   0.00000        1    1    1
  MAXchl:   0.00000        1    1    1    MINchl:   0.00000        1    1    1
  MAXvhw:  0.833681E-05   27   21   34    MINvhw:   0.00000        1    1    1
  MAXvhl:   0.00000        1    1    1    MINvhl:   0.00000        1    1    1
  TKEMAX:   126.423       27   30   45    TKEMIN:   0.00000        1    1    1
  KMHMAX:   1468.90       25   30   44    KMHMIN:   0.00000        1    1    1
  KMVMAX:   1468.90       25   30   44    KMVMIN:   0.00000        1    1    1
  KHHMAX:   4406.69       25   30   44    KHHMIN:   0.00000        1    1    1
  KHVMAX:   4406.69       25   30   44    KHVMIN:   0.00000        1    1    1
  DIVMAX:  0.303199E-03   26   22   15    DIVMIN: -0.429966E-03   25   29   39
  RHMAX :   1.00403       29   30   30    RHMIN :  0.134634E-03   28   26   26
  RHIMAX:   1.54684       32   19   41    RHIMIN:  0.152635E-03   28   26   26
  THEMAX:   371.753       14   28    3    THEMIN:   318.947       48   72   16
  STHEMX:   371.419       16   19    1    STHEMN:   358.234       23   15    1
  QCTOP :  17900.000000    1    1    1    QCBOT :    745.283569    1    1    1
  SFPMAX:   95266.6        1   75    1    SFPMIN:   94826.1       27   24    1
  PSFCMX:   96100.4        1   75    1    PSFCMN:   95657.1       27   24    1
  WSPMAX:   64.3535       28   30   44    WSPMIN:   2.73798       21   29    1
  SWSPMX:   17.8332       25   15    1    SWSPMN:   2.73798       21   29    1
  CFLMAX:      0.744578   25   30   35
  KSHMAX:  0.826255E-02   25   30   44
  KSVMAX:  0.264864       26   25    7
  VORSFC:  0.218422E-02
  VOR1KM:  0.619638E-02
  VOR2KM:  0.918684E-02
  VOR3KM:  0.109930E-01
  VOR4KM:  0.122674E-01
  VOR5KM:  0.124453E-01
  TMASS :  0.207380E+15
  TMOIS :  0.739922E+12
  qv MAS:  0.734444E+12
  qc MAS:  0.197538E+10
  qr MAS:  0.218707E+08
  qi MAS:  0.275060E+10
  qs MAS:  0.254105E+09
  qg MAS:  0.476315E+09
  qhlMAS:  0.000000E+00
  TENERG:  0.521660E+20
  TMU   :  0.536386E+16
  TMV   :  0.338139E+16
  TMW   :  0.979375E+13
  TMFU  :  0.758893E+11
  TMFD  : -0.543512E+11
  tcond :  0.000000E+00
  tevac :  0.000000E+00
  tauto :  0.000000E+00
  taccr :  0.000000E+00
  tevar :  0.000000E+00
  train :  0.132954E+03
  erain :  0.000000E+00
  qsfc  :  0.000000E+00
  esfc  :  0.000000E+00
  erad  :  0.000000E+00
  asqv  :  0.222039E+04
  asqc  :  0.327084E+08
  asqr  :  0.575005E+05
  asqi  :  0.383147E+06
  asqs  :  0.494974E+04
  asqg  :  0.265000E+05
  asqhl :  0.000000E+00
  asccn : -0.904439E+17
  asccw :  0.335996E+19
  ascrw :  0.146290E+15
  ascci :  0.363245E+17
  ascsw : -0.605861E+13
  aschw :  0.300982E+12
  aschl :  0.000000E+00
  asvhw :  0.830919E+02
  asvhl :  0.000000E+00
  bsqv  :  0.000000E+00
  bsqc  :  0.000000E+00
  bsqr  :  0.000000E+00
  bsqi  :  0.000000E+00
  bsqs  :  0.000000E+00
  bsqg  :  0.000000E+00
  bsqhl :  0.000000E+00
  bsccn :  0.000000E+00
  bsccw :  0.000000E+00
  bscrw :  0.000000E+00
  bscci :  0.000000E+00
  bscsw :  0.000000E+00
  bschw :  0.000000E+00
  bschl :  0.000000E+00
  bsvhw :  0.000000E+00
  bsvhl :  0.000000E+00
 cm1out_stats.nc                                                       
   nrec =           20
           152             19.000000 min 
           153             19.125000 min 
           154             19.250000 min 
           155             19.375000 min 
           156             19.500000 min 
           157             19.625000 min 
           158             19.750000 min 
           159             19.875000 min 
   Getting dbz ... 
  WMAX  :   50.0302       26   30   39    WMIN  :  -18.3599       28   27   39
  UMAX  :   64.1942       29   28   43    UMIN  :  -17.9356       25   30   44
  SUMAX :   4.00810       22   20    1    SUMIN :  -11.6140       29   23    1
  VMAX  :   48.0117       27   33   43    VMIN  :  -32.6882       30   19   43
  SVMAX :   17.7921       25   16    1    SVMIN :   1.37468       21   30    1
  PPIMAX:  0.276977E-02   26   30   43    PPIMIN: -0.143832E-02   31   21   46
  PPMAX :   219.102       26   30   42    PPMIN :  -312.250       28   23    9
  THPMAX:   13.1404       26   30   34    THPMIN:  -52.2548       27   30   46
  STHPMX:   1.20333       16   19    1    STHPMN:  0.312105       16   31    1
  MAXqv :  0.215119E-01   16   20    1    MINqv :  0.168444E-06   26   25   34
  MAXqc :  0.833370E-02   25   30   31    MINqc :   0.00000        1    1    1
  MAXqr :  0.601671E-03   26   30   31    MINqr :   0.00000        1    1    1
  MAXqi :  0.959586E-02   27   29   45    MINqi :   0.00000        1    1    1
  MAXqs :  0.149080E-02   26   29   41    MINqs :   0.00000        1    1    1
  MAXqg :  0.290707E-02   28   22   34    MINqg :   0.00000        1    1    1
  MAXqhl:   0.00000        1    1    1    MINqhl:   0.00000        1    1    1
  MAXccn:  0.170517E+10   30   27   20    MINccn:   0.00000       14   27    6
  MAXccw:  0.145747E+10   24   31    9    MINccw:   0.00000        1    1    1
  MAXcrw:  0.148392E+07   26   30   31    MINcrw:   0.00000        1    1    1
  MAXcci:  0.456757E+09   26   29   34    MINcci:   0.00000        1    1    1
  MAXcsw:   839837.       26   29   43    MINcsw:   0.00000        1    1    1
  MAXchw:   37383.6       28   22   33    MINchw:   0.00000        1    1    1
  MAXchl:   0.00000        1    1    1    MINchl:   0.00000        1    1    1
  MAXvhw:  0.929894E-05   28   22   34    MINvhw:   0.00000        1    1    1
  MAXvhl:   0.00000        1    1    1    MINvhl:   0.00000        1    1    1
  TKEMAX:   113.728       25   30   45    TKEMIN:   0.00000        1    1    1
  KMHMAX:   1290.59       28   21   44    KMHMIN:   0.00000        1    1    1
  KMVMAX:   1290.59       28   21   44    KMVMIN:   0.00000        1    1    1
  KHHMAX:   3822.61       28   21   44    KHHMIN:   0.00000        1    1    1
  KHVMAX:   3822.61       28   21   44    KHVMIN:   0.00000        1    1    1
  DIVMAX:  0.306649E-03   26   23   14    DIVMIN: -0.389800E-03   26   30   43
  RHMAX :   1.21470       28   27   37    RHMIN :  0.332927E-03   26   25   34
  RHIMAX:   1.98731       28   27   37    RHIMIN:  0.491966E-03   26   25   34
  THEMAX:   371.363       14   28    3    THEMIN:   318.983       55   72   16
  STHEMX:   371.165       16   20    1    STHEMN:   358.182       23   16    1
  QCTOP :  17300.000000    1    1    1    QCBOT :    745.283569    1    1    1
  SFPMAX:   95234.4       75    1    1    SFPMIN:   94874.9       30   26    1
  PSFCMX:   96068.0       75    1    1    PSFCMN:   95706.2       30   26    1
  WSPMAX:   63.1176       29   31   44    WSPMIN:   2.60130       21   29    1
  SWSPMX:   17.9728       26   16    1    SWSPMN:   2.60130       21   29    1
  CFLMAX:      0.675671   26   30   36
  KSHMAX:  0.716739E-02   28   21   44
  KSVMAX:  0.246712       27   25    7
  VORSFC:  0.237159E-02
  VOR1KM:  0.624506E-02
  VOR2KM:  0.860094E-02
  VOR3KM:  0.101606E-01
  VOR4KM:  0.990322E-02
  VOR5KM:  0.103455E-01
  TMASS :  0.207380E+15
  TMOIS :  0.739997E+12
  qv MAS:  0.734037E+12
  qc MAS:  0.180770E+10
  qr MAS:  0.165861E+08
  qi MAS:  0.325521E+10
  qs MAS:  0.309877E+09
  qg MAS:  0.570073E+09
  qhlMAS:  0.000000E+00
  TENERG:  0.521661E+20
  TMU   :  0.536310E+16
  TMV   :  0.337969E+16
  TMW   : -0.807766E+13
  TMFU  :  0.635300E+11
  TMFD  : -0.843735E+11
  tcond :  0.000000E+00
  tevac :  0.000000E+00
  tauto :  0.000000E+00
  taccr :  0.000000E+00
  tevar :  0.000000E+00
  train :  0.134412E+03
  erain :  0.000000E+00
  qsfc  :  0.000000E+00
  esfc  :  0.000000E+00
  erad  :  0.000000E+00
  asqv  :  0.311584E+04
  asqc  :  0.365421E+08
  asqr  :  0.613651E+05
  asqi  :  0.388717E+06
  asqs  :  0.578578E+04
  asqg  :  0.303214E+05
  asqhl :  0.000000E+00
  asccn : -0.359522E+17
  asccw :  0.363016E+19
  ascrw :  0.160574E+15
  ascci :  0.360982E+17
  ascsw : -0.594482E+13
  aschw :  0.339187E+12
  aschl :  0.000000E+00
  asvhw :  0.954395E+02
  asvhl :  0.000000E+00
  bsqv  :  0.000000E+00
  bsqc  :  0.000000E+00
  bsqr  :  0.000000E+00
  bsqi  :  0.000000E+00
  bsqs  :  0.000000E+00
  bsqg  :  0.000000E+00
  bsqhl :  0.000000E+00
  bsccn :  0.000000E+00
  bsccw :  0.000000E+00
  bscrw :  0.000000E+00
  bscci :  0.000000E+00
  bscsw :  0.000000E+00
  bschw :  0.000000E+00
  bschl :  0.000000E+00
  bsvhw :  0.000000E+00
  bsvhl :  0.000000E+00
 cm1out_stats.nc                                                       
   nrec =           21
           160             20.000000 min 
   string = cm1out_rst_000004.nc                                                  
  USING COMPRESSED netCDF4 
   leaving restart_prelim 

 Total time:    8.12500095    

   sound    :        0.73    8.92%
   poiss    :        0.00    0.00%
   advs     :        1.33   16.31%
   advu     :        0.01    0.12%
   advv     :        0.06    0.80%
   advw     :        0.04    0.49%
   divx     :        0.01    0.18%
   buoyan   :        0.16    1.97%
   turb     :        0.25    3.08%
   sfcphys  :        0.00    0.00%
   tmix     :        0.54    6.65%
   cor      :        0.00    0.00%
   diffu    :        0.00    0.00%
   rdamp    :        0.03    0.31%
   microphy :        0.15    1.85%
   satadj   :        0.00    0.00%
   fallout  :        0.00    0.00%
   radiatio :        0.00    0.00%
   pbl      :        0.00    0.00%
   stat     :        0.14    1.66%
   cflq     :        0.00    0.00%
   bc       :        0.01    0.12%
   integ    :        0.23    2.83%
   write    :        0.38    4.62%
   restart  :        1.00   12.31%
   misc     :        0.24    2.95%
   swaths   :        0.01    0.12%
   pdef     :        0.17    2.03%
   prsrho   :        0.22    2.71%
   parcels  :        0.00    0.00%
   mp_total :        2.43   29.97%

   mpu1     :        0.01    0.18%
   mpu2     :        0.59    7.26%
   mpv1     :        0.01    0.12%
   mpv2     :        0.00    0.06%
   mpw1     :        0.01    0.12%
   mpw2     :        0.00    0.00%
   mpp1     :        0.00    0.00%
   mpp2     :        0.00    0.00%
   mps1     :        0.16    1.97%
   mps2     :        0.46    5.66%
   mps3     :        0.01    0.12%
   mps4     :        0.38    4.62%
   mpq1     :        0.00    0.00%
   mpq2     :        0.00    0.00%
   mptk1    :        0.80    9.85%
   mptk2    :        0.00    0.00%
   mpb      :        0.00    0.00%


   MN =    813489088.    

 Program terminated normally:  myid=          20
 Program terminated normally:  myid=           5
 Program terminated normally:  myid=           4
 Program terminated normally:  myid=          11
 Program terminated normally:  myid=           1
 Program terminated normally:  myid=           8
 Program terminated normally:  myid=          12
 Program terminated normally:  myid=          15
 Program terminated normally:  myid=          17
 Program terminated normally:  myid=           7
 Program terminated normally:  myid=          18
 Program terminated normally:  myid=           3
 Program terminated normally:  myid=          23
 Program terminated normally:  myid=          19
 Program terminated normally:  myid=           0
 Program terminated normally:  myid=          16
 Program terminated normally:  myid=          21
 Program terminated normally:  myid=          10
 Program terminated normally:  myid=          13
 Program terminated normally:  myid=           9
 Program terminated normally:  myid=           2
 Program terminated normally:  myid=          14
 Program terminated normally:  myid=           6
 Program terminated normally:  myid=          24
 Program terminated normally:  myid=          22
 Inside PARAM

   Everything is cool!
   ni,nj=          15          15


 dx        =   2000.00000    
 dy        =   2000.00000    
 dz        =   392.156860    
 dtl       =   7.50000000    
 timax     =   5400.00000    
 run_time  =   300.000000    
 tapfrq    =   900.000000    
 rstfrq    =   300.000000    
 statfrq   =   60.0000000    
 prclfrq   =   60.0000000    

 adapt_dt  =           0
 irst      =           1
 rstnum    =           4
 iconly    =           0
 hadvordrs =           5
 vadvordrs =           5
 hadvordrv =           5
 vadvordrv =           5
 pdscheme  =           1
 apmasscon =           1
 advwenos  =           2
 advwenov  =           0
 idiff     =           0
 mdiff     =           0
 difforder =           6
 imoist    =           1
 iturb     =           1
 tconfig   =           1
 bcturbs   =           1
 dns       =           0
 irdamp    =           1
 hrdamp    =           0
 psolver   =           3
 nsound    =           6
 ptype     =          27
 ihail     =           1
 iautoc    =           1
 icor      =           0
 pertcor   =           0
 eqtset    =           2
 idiss     =           1
 efall     =           0
 rterm     =           0
 wbc       =           2
 ebc       =           2
 sbc       =           2
 nbc       =           2
 bbc       =           1
 tbc       =           1
 irbc      =           4
 roflux    =           0
 isnd      =           7
 iwnd      =           2
 itern     =           0
 iinit     =           0
 irandp    =           0
 ibalance  =           0
 iorigin   =           1
 axisymm   =           0
 imove     =           0
 iptra     =           0
 npt       =           1
 pdtra     =           1
 iprcl     =           0
 nparcels  =           1

 kdiff2    =   75.0000000    
 kdiff6    =   3.99999991E-02
 fcor      =   0.00000000    
 kdiv      =  0.100000001    
 alph      =  0.600000024    
 rdalpha   =   3.33333341E-03
 zd        =   15000.0000    
 xhd       =   100000.000    
 umove     =   0.00000000    
 vmove     =   0.00000000    
 v_t       =   7.00000000    
 l_h       =   100.000000    
 lhref1    =   100.000000    
 lhref2    =   1000.00000    
 l_inf     =   100.000000    
 ndcnst    =   250.000000    

 radopt    =           0
 dtrad     =   300.000000    
 ctrlat    =   35.2358284    
 ctrlon    =  -97.4619370    
 year      =        2003
 month     =           5
 day       =           8
 hour      =          20
 minute    =          40
 second    =           0

 isfcflx   =           0
 sfcmodel  =           0
 oceanmodel=           0
 ipbl      =           0
 initsfc   =           1
 tsk0      =   299.279999    
 tmn0      =   297.279999    
 xland0    =   2.00000000    
 lu0       =          16
 season    =           1
 cecd      =           3
 pertflx   =           0
 cnstce    =   1.00000005E-03
 cnstcd    =   1.00000005E-03
 isftcflx  =           0
 iz0tlnd   =           0
 oml_hml0  =   50.0000000    
 oml_gamma =  0.140000001    

 stretch_x =           0
 dx_inner  =   1000.00000    
 dx_outer  =   7000.00000    
 nos_x_len =   40000.0000    
 tot_x_len =   120000.000    

 stretch_y =           0
 dy_inner  =   1000.00000    
 dy_outer  =   7000.00000    
 nos_y_len =   40000.0000    
 tot_y_len =   120000.000    

 stretch_z =           2
 ztop      =   20000.0000    
 str_bot   =   0.00000000    
 str_top   =   8625.00000    
 dz_bot    =   150.000000    
 dz_top    =   600.000000    

 bc_temp   =           1
 ptc_top   =   250.000000    
 ptc_bot   =   300.000000    
 viscosity =   25.0000000    
 pr_num    =  0.720000029    

 var1      =   0.00000000    
 var2      =   0.00000000    
 var3      =   0.00000000    
 var4      =   0.00000000    
 var5      =   0.00000000    
 var6      =   0.00000000    
 var7      =   0.00000000    
 var8      =   0.00000000    
 var9      =   0.00000000    
 var10     =   0.00000000    

&NSSL2MOM_PARAMS
 RHO_QR=  1000.00000    ,
 CNOR=  8000000.00    ,
 RHO_QS=  100.000000    ,
 CNOS=  3000000.00    ,
 RHO_QH=  500.000000    ,
 CNOH=  40000.0000    ,
 CCN=  2.00000000E+09,
 INFALL=4          ,
 ALPHAH=  0.00000000    ,
 ALPHAHL= 0.500000000    ,
 IMURAIN=1          ,
 ICDX=3          ,
 ICDXHL=3          ,
 DFRZ=  1.50000007E-04,
 HLDNMN=  500.000000    ,
 IFERWISVENTR=2          ,
 IEHW=1          ,
 IEHLW=1          ,
 EHW0= 0.750000000    ,
 EHLW0= 0.750000000    ,
 DMRAUTO=0          ,
 IOLDLIMITER=0          ,
 /

 ZGRID:  STRETCH FAC  =    1.0359004512429237     
 ZGRID:  DOMAIN  HGT  =    20000.0000    

 ZGRID:  STRETCH FAC  =    1.0359004512429237     
 ZGRID:  DOMAIN  HGT  =    20000.0000    

 ZGRID:  STRETCH FAC  =    1.0359004512429237     
 ZGRID:  DOMAIN  HGT  =    20000.0000    

 ZGRID:  STRETCH FAC  =    1.0359004512429237     
 ZGRID:  DOMAIN  HGT  =    20000.0000    

 ZGRID:  STRETCH FAC  =    1.0359004512429237     
 ZGRID:  DOMAIN  HGT  =    20000.0000    

 ZGRID:  STRETCH FAC  =    1.0359004512429237     
 ZGRID:  DOMAIN  HGT  =    20000.0000    

 ZGRID:  STRETCH FAC  =    1.0359004512429237     
 ZGRID:  DOMAIN  HGT  =    20000.0000    

 ZGRID:  STRETCH FAC  =    1.0359004512429237     
 ZGRID:  DOMAIN  HGT  =    20000.0000    

 ZGRID:  STRETCH FAC  =    1.0359004512429237     
 ZGRID:  DOMAIN  HGT  =    20000.0000    

 ZGRID:  STRETCH FAC  =    1.0359004512429237     
 ZGRID:  DOMAIN  HGT  =    20000.0000    

 ZGRID:  STRETCH FAC  =    1.0359004512429237     
 ZGRID:  DOMAIN  HGT  =    20000.0000    

 ZGRID:  STRETCH FAC  =    1.0359004512429237     
 ZGRID:  DOMAIN  HGT  =    20000.0000    

 ZGRID:  STRETCH FAC  =    1.0359004512429237     
 ZGRID:  DOMAIN  HGT  =    20000.0000    

 ZGRID:  STRETCH FAC  =    1.0359004512429237     
 ZGRID:  DOMAIN  HGT  =    20000.0000    

 ZGRID:  STRETCH FAC  =    1.0359004512429237     
 ZGRID:  DOMAIN  HGT  =    20000.0000    

 ZGRID:  STRETCH FAC  =    1.0359004512429237     
 ZGRID:  DOMAIN  HGT  =    20000.0000    

 ZGRID:  STRETCH FAC  =    1.0359004512429237     
 ZGRID:  DOMAIN  HGT  =    20000.0000    

 ZGRID:  STRETCH FAC  =    1.0359004512429237     
 ZGRID:  DOMAIN  HGT  =    20000.0000    

 ZGRID:  STRETCH FAC  =    1.0359004512429237     
 ZGRID:  DOMAIN  HGT  =    20000.0000    

 ZGRID:  STRETCH FAC  =    1.0359004512429237     
 ZGRID:  DOMAIN  HGT  =    20000.0000    

 ZGRID:  STRETCH FAC  =    1.0359004512429237     
 ZGRID:  DOMAIN  HGT  =    20000.0000    

 ZGRID:  STRETCH FAC  =    1.0359004512429237     
 ZGRID:  DOMAIN  HGT  =    20000.0000    

 ZGRID:  STRETCH FAC  =    1.0359004512429237     
 ZGRID:  DOMAIN  HGT  =    20000.0000    

 ZGRID:  STRETCH FAC  =    1.0359004512429237     
 ZGRID:  DOMAIN  HGT  =    20000.0000    

 iice      =           1
 idm       =           1
 idmplus   =           1
 numq      =          16
 nqv       =           1
 nqc       =           2
 nqr       =           3
 nqi       =           4
 nqs       =           5
 nqg       =           6
 nql1      =           2
 nql2      =           3
 nqs1      =           4
 nqs2      =           7
 nnc1      =           8
 nnc2      =          14
 nvl1      =          15
 nvl2      =          16
 nzl1      =           1
 nzl2      =           1

 nrain     =           1


 output_path      = ./                                                                    
 output_basename  = cm1out                                                                
 output_format    =           2
 output_filetype  =           1
 output_interp    =           0
 output_rain      =           1
 output_sws       =           1
 output_svs       =           1
 output_sps       =           1
 output_srs       =           1
 output_sgs       =           1
 output_sus       =           1
 output_shs       =           1
 output_coldpool  =           0
 output_sfcflx    =           0
 output_sfcparams =           0
 output_sfcdiags  =           0
 output_psfc      =           0
 output_zs        =           0
 output_zh        =           0
 output_basestate =           0
 output_th        =           1
 output_thpert    =           0
 output_prs       =           1
 output_prspert   =           0
 output_pi        =           0
 output_pipert    =           0
 output_rho       =           1
 output_rhopert   =           1
 output_tke       =           1
 output_km        =           1
 output_kh        =           1
 output_qv        =           1
 output_qvpert    =           0
 output_q         =           1
 output_dbz       =           1
 output_buoyancy  =           0
 output_u         =           1
 output_upert     =           0
 output_uinterp   =           1
 output_v         =           1
 output_vpert     =           0
 output_vinterp   =           1
 output_w         =           1
 output_winterp   =           1
 output_vort      =           0
 output_pv        =           0
 output_uh        =           0
 output_pblten    =           0
 output_dissten   =           0
 output_dissheat  =           0
 output_mptend    =           0
 output_fallvel   =           0
 output_nm        =           0
 output_def       =           0
 output_turbten   =           0
 output_impdiften =           0
 output_radten    =           0


 restart_format       =            2
 restart_filetype     =            1
 restart_file_theta   =  T
 restart_file_dbz     =  T
 restart_file_th0     =  T
 restart_file_prs0    =  T
 restart_file_pi0     =  T
 restart_file_rho0    =  T
 restart_file_qv0     =  T
 restart_file_u0      =  T
 restart_file_v0      =  T
 restart_file_zs      =  F
 restart_file_zh      =  F
 restart_file_zf      =  F
 restart_file_diags   =  F
 restart_use_theta    =  T
 restart_reset_frqtim =  T

   maxk =           51


   myid,mynode             =            0           0
   nodemaster,nodes,ppnode =            0           1          25
   nodex,nodey             =            5           5

   d2i   =           80
   d2is  =           75
   d2iu  =           76
   d2iv  =           75

   d2j   =           80
   d2js  =           75
   d2ju  =           75
   d2jv  =           76

   d3i   =           16
   d3is  =           15
   d3iu  =           16
   d3iv  =           15

   d3j   =           16
   d3js  =           15
   d3ju  =           15
   d3jv  =           16

   d3n   =           25
   d3t   =           24


 stat_w       =            1
 stat_u       =            1
 stat_v       =            1
 stat_rmw     =            0
 stat_pipert  =            1
 stat_prspert =            1
 stat_thpert  =            1
 stat_q       =            1
 stat_tke     =            1
 stat_km      =            1
 stat_kh      =            1
 stat_div     =            1
 stat_rh      =            1
 stat_rhi     =            1
 stat_the     =            1
 stat_cloud   =            1
 stat_sfcprs  =            1
 stat_wsp     =            1
 stat_cfl     =            1
 stat_vort    =            1
 stat_tmass   =            1
 stat_tmois   =            1
 stat_qmass   =            1
 stat_tenerg  =            1
 stat_mo      =            1
 stat_tmf     =            1
 stat_pcn     =            1
 stat_qsrc    =            1

 stat_out =          150


 prcl_th      =            0
 prcl_t       =            0
 prcl_prs     =            0
 prcl_ptra    =            0
 prcl_q       =            0
 prcl_nc      =            0
 prcl_km      =            0
 prcl_kh      =            0
 prcl_tke     =            0
 prcl_dbz     =            0
 prcl_b       =            0
 prcl_vpg     =            0
 prcl_vort    =            0
 prcl_rho     =            0
 prcl_qsat    =            0
 prcl_sfc     =            0


   c_m,c_l,ri_c  =   0.100000001      0.816500008      0.250000000    
   c_e1,c_e2,sum =   0.200001687      0.786958814      0.986960530    
   c_s,rcs       =   0.178412408       5.60499144    

   nparcels =            1
   npvals   =            1
     prx      =            0
     pry      =            0
     prz      =            0
     pru      =            0
     prv      =            0
     prw      =            0
     prth     =            0
     prt      =            0
     prprs    =            0
     prpt1    =            0
     prpt2    =            0
     prqv     =            0
     prq1     =            0
     prq2     =            0
     prnc1    =            0
     prnc2    =            0
     prkm     =            0
     prkh     =            0
     prtke    =            0
     prdbz    =            0
     prb      =            0
     prvpg    =            0
     przv     =            0
     prrho    =            0
     prqsl    =            0
     prqsi    =            0
     prznt    =            0
     prust    =            0

   myi,myj=           1           1

   mywest  =           4
   myeast  =           1
   mysouth =          20
   mynorth =           5

   mysw    =          24
   mynw    =           9
   myne    =           6
   myse    =          21

   cs1we   =         765
   cs1sn   =         765
   ct1we   =         780
   ct1sn   =         780
   cv1we   =         816
   cu1sn   =         816
   cw1we   =         750
   cw1sn   =         750
   cs2we   =        1530
   cs2sn   =        1530
   cs3we   =        2295
   cs3sn   =        2295
   ct3we   =        2340
   ct3sn   =        2340
   cv3we   =        2448
   cu3sn   =        2448
   cw3we   =        2250
   cw3sn   =        2250


 g     =   9.81000042    
 to    =   273.149994    
 rd    =   287.040009    
 rv    =   461.500000    
 cp    =   1005.70001    
 cv    =   718.660034    
 cpv   =   1870.00000    
 cvv   =   1408.50000    
 p00   =   100000.000    
 rp00  =   9.99999975E-06
 th0r  =   300.000000    
 rcp   =   9.94332251E-04
 pi    =   3.14159274    

 cpdcv =   1.39941001    
 rovcp =  0.285413146    
 rddcv =  0.399410009    
 cvdrd =   2.50369287    
 cpdrd =   3.50369287    
 eps   =  0.621971846    
 reps  =   1.60778975    
 repsm1=  0.607789755    
 cpt   =  0.859401345    
 cvt   =  0.959897518    
 pnum  =  -72634.2500    
 xlv   =   2501000.00    
 xls   =   2834000.00    
 lvdcp =   2486.82495    
 condc =   13476814.0    
 cpl   =   4190.00000    
 cpi   =   2106.00000    
 lv1   =   3134708.00    
 lv2   =   2320.00000    
 ls1   =   2898463.50    
 ls2   =   236.000000    
 karman=  0.400000006    

 timeformat   =           2
 timestats    =           1
 terrain_flag = F
 procfiles    = F

 nx    =          75
 ny    =          75
 nz    =          51

 nodex    =           5
 nodey    =           5
 numprocs =          25
 ppnode   =          25

 ni    =          15
 nj    =          15
 nk    =          51
 nkp1  =          52

 ib,ibm,ibi,ibc,ibt=       -2       -2       -2       -2       -2
 ie,iem,iei,iec,iet=       18       18       18       18       18
 jb,jbm,jbi,jbc,jbt=       -2       -2       -2       -2       -2
 je,jem,jei,jec,jet=       18       18       18       18       18
 kb,kbm,kbi,kbc,kbt=        0        0        0        0        0
 ke,kem,kei,kec,ket=       52       52       52       53       53

 imirror,jmirror =            0           0

 ibp,itb,ipb,ibr,ibb=        1        1        1        1        1
 iep,ite,ipe,ier,ieb=        1        1        1        1        1
 jbp,jtb,jpb,jbr,jbb=        1        1        1        1        1
 jep,jte,jpe,jer,jeb=        1        1        1        1        1
 kbp,ktb,kpb,kbr,kbb=        1        1        1        1        1
 kep,kte,kpe,ker,keb=        1        1        1        1        1

 ibd               =        1
 ied               =        1
 jbd               =        1
 jed               =        1
 kbd               =        1
 ked               =        1

 ibl               =        1
 iel               =        1
 jbl               =        1
 jel               =        1

 imp,jmp,kmp,kmt,rmp,cmp =     15     15     51     52      8      3

 rdx    =   5.00000024E-04
 rdy    =   5.00000024E-04
 rdz    =   2.55000009E-03
 rdx2   =   2.50000012E-04
 rdy2   =   2.50000012E-04
 rdz2   =   1.27500005E-03
 rdx4   =   1.25000006E-04
 rdy4   =   1.25000006E-04
 rdz4   =   6.37500023E-04
 govtwo =   4.90500021    
 clwsat =   9.99999997E-07
 smeps  =   1.00000000E-30
 tsmall =   9.99999975E-05
 qsmall =   9.99999982E-15
 cstar  =   30.0000000    
 csmax  =   350.000000    
 epsilon=   1.00000005E-18


 x:
      i         xf           xh         dx         uf         uh
 ---------------------------------------------------------------
      -2      -6000.00      -5000.00     2000.00     1.0000     1.0000   x
      -1      -4000.00      -3000.00     2000.00     1.0000     1.0000   x
       0      -2000.00      -1000.00     2000.00     1.0000     1.0000   x
       1          0.00       1000.00     2000.00     1.0000     1.0000    
       2       2000.00       3000.00     2000.00     1.0000     1.0000    
       3       4000.00       5000.00     2000.00     1.0000     1.0000    
       4       6000.00       7000.00     2000.00     1.0000     1.0000    
       5       8000.00       9000.00     2000.00     1.0000     1.0000    
       6      10000.00      11000.00     2000.00     1.0000     1.0000    
       7      12000.00      13000.00     2000.00     1.0000     1.0000    
       8      14000.00      15000.00     2000.00     1.0000     1.0000    
       9      16000.00      17000.00     2000.00     1.0000     1.0000    
      10      18000.00      19000.00     2000.00     1.0000     1.0000    
      11      20000.00      21000.00     2000.00     1.0000     1.0000    
      12      22000.00      23000.00     2000.00     1.0000     1.0000    
      13      24000.00      25000.00     2000.00     1.0000     1.0000    
      14      26000.00      27000.00     2000.00     1.0000     1.0000    
      15      28000.00      29000.00     2000.00     1.0000     1.0000    
      16      30000.00      31000.00     2000.00     1.0000     1.0000    
      17      32000.00      33000.00     2000.00     1.0000     1.0000    
      18      34000.00      35000.00     2000.00     1.0000     1.0000    
      19      36000.00      37000.00     2000.00     1.0000     1.0000    
      20      38000.00      39000.00     2000.00     1.0000     1.0000    
      21      40000.00      41000.00     2000.00     1.0000     1.0000    
      22      42000.00      43000.00     2000.00     1.0000     1.0000    
      23      44000.00      45000.00     2000.00     1.0000     1.0000    
      24      46000.00      47000.00     2000.00     1.0000     1.0000    
      25      48000.00      49000.00     2000.00     1.0000     1.0000    
      26      50000.00      51000.00     2000.00     1.0000     1.0000    
      27      52000.00      53000.00     2000.00     1.0000     1.0000    
      28      54000.00      55000.00     2000.00     1.0000     1.0000    
      29      56000.00      57000.00     2000.00     1.0000     1.0000    
      30      58000.00      59000.00     2000.00     1.0000     1.0000    
      31      60000.00      61000.00     2000.00     1.0000     1.0000    
      32      62000.00      63000.00     2000.00     1.0000     1.0000    
      33      64000.00      65000.00     2000.00     1.0000     1.0000    
      34      66000.00      67000.00     2000.00     1.0000     1.0000    
      35      68000.00      69000.00     2000.00     1.0000     1.0000    
      36      70000.00      71000.00     2000.00     1.0000     1.0000    
      37      72000.00      73000.00     2000.00     1.0000     1.0000    
      38      74000.00      75000.00     2000.00     1.0000     1.0000    
      39      76000.00      77000.00     2000.00     1.0000     1.0000    
      40      78000.00      79000.00     2000.00     1.0000     1.0000    
      41      80000.00      81000.00     2000.00     1.0000     1.0000    
      42      82000.00      83000.00     2000.00     1.0000     1.0000    
      43      84000.00      85000.00     2000.00     1.0000     1.0000    
      44      86000.00      87000.00     2000.00     1.0000     1.0000    
      45      88000.00      89000.00     2000.00     1.0000     1.0000    
      46      90000.00      91000.00     2000.00     1.0000     1.0000    
      47      92000.00      93000.00     2000.00     1.0000     1.0000    
      48      94000.00      95000.00     2000.00     1.0000     1.0000    
      49      96000.00      97000.00     2000.00     1.0000     1.0000    
      50      98000.00      99000.00     2000.00     1.0000     1.0000    
      51     100000.00     101000.00     2000.00     1.0000     1.0000    
      52     102000.00     103000.00     2000.00     1.0000     1.0000    
      53     104000.00     105000.00     2000.00     1.0000     1.0000    
      54     106000.00     107000.00     2000.00     1.0000     1.0000    
      55     108000.00     109000.00     2000.00     1.0000     1.0000    
      56     110000.00     111000.00     2000.00     1.0000     1.0000    
      57     112000.00     113000.00     2000.00     1.0000     1.0000    
      58     114000.00     115000.00     2000.00     1.0000     1.0000    
      59     116000.00     117000.00     2000.00     1.0000     1.0000    
      60     118000.00     119000.00     2000.00     1.0000     1.0000    
      61     120000.00     121000.00     2000.00     1.0000     1.0000    
      62     122000.00     123000.00     2000.00     1.0000     1.0000    
      63     124000.00     125000.00     2000.00     1.0000     1.0000    
      64     126000.00     127000.00     2000.00     1.0000     1.0000    
      65     128000.00     129000.00     2000.00     1.0000     1.0000    
      66     130000.00     131000.00     2000.00     1.0000     1.0000    
      67     132000.00     133000.00     2000.00     1.0000     1.0000    
      68     134000.00     135000.00     2000.00     1.0000     1.0000    
      69     136000.00     137000.00     2000.00     1.0000     1.0000    
      70     138000.00     139000.00     2000.00     1.0000     1.0000    
      71     140000.00     141000.00     2000.00     1.0000     1.0000    
      72     142000.00     143000.00     2000.00     1.0000     1.0000    
      73     144000.00     145000.00     2000.00     1.0000     1.0000    
      74     146000.00     147000.00     2000.00     1.0000     1.0000    
      75     148000.00     149000.00     2000.00     1.0000     1.0000    
      76     150000.00     151000.00     2000.00     1.0000     1.0000   x
      77     152000.00     153000.00     2000.00     1.0000     1.0000   x
      78     154000.00     155000.00     2000.00     1.0000     1.0000   x
      79     156000.00                               1.0000


 y:
      j         yf           yh         dy         vf         vh
 ---------------------------------------------------------------
      -2      -6000.00      -5000.00     2000.00     1.0000     1.0000   x
      -1      -4000.00      -3000.00     2000.00     1.0000     1.0000   x
       0      -2000.00      -1000.00     2000.00     1.0000     1.0000   x
       1          0.00       1000.00     2000.00     1.0000     1.0000    
       2       2000.00       3000.00     2000.00     1.0000     1.0000    
       3       4000.00       5000.00     2000.00     1.0000     1.0000    
       4       6000.00       7000.00     2000.00     1.0000     1.0000    
       5       8000.00       9000.00     2000.00     1.0000     1.0000    
       6      10000.00      11000.00     2000.00     1.0000     1.0000    
       7      12000.00      13000.00     2000.00     1.0000     1.0000    
       8      14000.00      15000.00     2000.00     1.0000     1.0000    
       9      16000.00      17000.00     2000.00     1.0000     1.0000    
      10      18000.00      19000.00     2000.00     1.0000     1.0000    
      11      20000.00      21000.00     2000.00     1.0000     1.0000    
      12      22000.00      23000.00     2000.00     1.0000     1.0000    
      13      24000.00      25000.00     2000.00     1.0000     1.0000    
      14      26000.00      27000.00     2000.00     1.0000     1.0000    
      15      28000.00      29000.00     2000.00     1.0000     1.0000    
      16      30000.00      31000.00     2000.00     1.0000     1.0000    
      17      32000.00      33000.00     2000.00     1.0000     1.0000    
      18      34000.00      35000.00     2000.00     1.0000     1.0000    
      19      36000.00      37000.00     2000.00     1.0000     1.0000    
      20      38000.00      39000.00     2000.00     1.0000     1.0000    
      21      40000.00      41000.00     2000.00     1.0000     1.0000    
      22      42000.00      43000.00     2000.00     1.0000     1.0000    
      23      44000.00      45000.00     2000.00     1.0000     1.0000    
      24      46000.00      47000.00     2000.00     1.0000     1.0000    
      25      48000.00      49000.00     2000.00     1.0000     1.0000    
      26      50000.00      51000.00     2000.00     1.0000     1.0000    
      27      52000.00      53000.00     2000.00     1.0000     1.0000    
      28      54000.00      55000.00     2000.00     1.0000     1.0000    
      29      56000.00      57000.00     2000.00     1.0000     1.0000    
      30      58000.00      59000.00     2000.00     1.0000     1.0000    
      31      60000.00      61000.00     2000.00     1.0000     1.0000    
      32      62000.00      63000.00     2000.00     1.0000     1.0000    
      33      64000.00      65000.00     2000.00     1.0000     1.0000    
      34      66000.00      67000.00     2000.00     1.0000     1.0000    
      35      68000.00      69000.00     2000.00     1.0000     1.0000    
      36      70000.00      71000.00     2000.00     1.0000     1.0000    
      37      72000.00      73000.00     2000.00     1.0000     1.0000    
      38      74000.00      75000.00     2000.00     1.0000     1.0000    
      39      76000.00      77000.00     2000.00     1.0000     1.0000    
      40      78000.00      79000.00     2000.00     1.0000     1.0000    
      41      80000.00      81000.00     2000.00     1.0000     1.0000    
      42      82000.00      83000.00     2000.00     1.0000     1.0000    
      43      84000.00      85000.00     2000.00     1.0000     1.0000    
      44      86000.00      87000.00     2000.00     1.0000     1.0000    
      45      88000.00      89000.00     2000.00     1.0000     1.0000    
      46      90000.00      91000.00     2000.00     1.0000     1.0000    
      47      92000.00      93000.00     2000.00     1.0000     1.0000    
      48      94000.00      95000.00     2000.00     1.0000     1.0000    
      49      96000.00      97000.00     2000.00     1.0000     1.0000    
      50      98000.00      99000.00     2000.00     1.0000     1.0000    
      51     100000.00     101000.00     2000.00     1.0000     1.0000    
      52     102000.00     103000.00     2000.00     1.0000     1.0000    
      53     104000.00     105000.00     2000.00     1.0000     1.0000    
      54     106000.00     107000.00     2000.00     1.0000     1.0000    
      55     108000.00     109000.00     2000.00     1.0000     1.0000    
      56     110000.00     111000.00     2000.00     1.0000     1.0000    
      57     112000.00     113000.00     2000.00     1.0000     1.0000    
      58     114000.00     115000.00     2000.00     1.0000     1.0000    
      59     116000.00     117000.00     2000.00     1.0000     1.0000    
      60     118000.00     119000.00     2000.00     1.0000     1.0000    
      61     120000.00     121000.00     2000.00     1.0000     1.0000    
      62     122000.00     123000.00     2000.00     1.0000     1.0000    
      63     124000.00     125000.00     2000.00     1.0000     1.0000    
      64     126000.00     127000.00     2000.00     1.0000     1.0000    
      65     128000.00     129000.00     2000.00     1.0000     1.0000    
      66     130000.00     131000.00     2000.00     1.0000     1.0000    
      67     132000.00     133000.00     2000.00     1.0000     1.0000    
      68     134000.00     135000.00     2000.00     1.0000     1.0000    
      69     136000.00     137000.00     2000.00     1.0000     1.0000    
      70     138000.00     139000.00     2000.00     1.0000     1.0000    
      71     140000.00     141000.00     2000.00     1.0000     1.0000    
      72     142000.00     143000.00     2000.00     1.0000     1.0000    
      73     144000.00     145000.00     2000.00     1.0000     1.0000    
      74     146000.00     147000.00     2000.00     1.0000     1.0000    
      75     148000.00     149000.00     2000.00     1.0000     1.0000    
      76     150000.00     151000.00     2000.00     1.0000     1.0000   x
      77     152000.00     153000.00     2000.00     1.0000     1.0000   x
      78     154000.00     155000.00     2000.00     1.0000     1.0000   x
      79     156000.00                               1.0000


 ZGRID:  STRETCH FAC  =    1.0359004512429237     
 ZGRID:  DOMAIN  HGT  =    20000.0000    
 k,gzc,gze =            1   77.692535400390625        0.0000000000000000     
 k,gzc,gze =            2   235.86680603027344        155.38507080078125     
 k,gzc,gze =            3   399.71958923339844        316.34854125976562     
 k,gzc,gze =            4   569.45477294921875        483.09063720703125     
 k,gzc,gze =            5   745.28353881835938        655.81890869140625     
 k,gzc,gze =            6   927.42462158203125        834.74816894531250     
 k,gzc,gze =            7   1116.1046142578125        1020.1010742187500     
 k,gzc,gze =            8   1311.5583496093750        1212.1081542968750     
 k,gzc,gze =            9   1514.0289916992188        1411.0085449218750     
 k,gzc,gze =           10   1723.7683715820312        1617.0494384765625     
 k,gzc,gze =           11   1941.0374755859375        1830.4873046875000     
 k,gzc,gze =           12   2166.1066894531250        2051.5876464843750     
 k,gzc,gze =           13   2399.2559814453125        2280.6257324218750     
 k,gzc,gze =           14   2640.7753906250000        2517.8862304687500     
 k,gzc,gze =           15   2890.9654541015625        2763.6645507812500     
 k,gzc,gze =           16   3150.1374511718750        3018.2663574218750     
 k,gzc,gze =           17   3418.6138916015625        3282.0085449218750     
 k,gzc,gze =           18   3696.7287597656250        3555.2192382812500     
 k,gzc,gze =           19   3984.8281250000000        3838.2382812500000     
 k,gzc,gze =           20   4283.2702636718750        4131.4179687500000     
 k,gzc,gze =           21   4592.4265136718750        4435.1225585937500     
 k,gzc,gze =           22   4912.6818847656250        4749.7304687500000     
 k,gzc,gze =           23   5244.4345703125000        5075.6333007812500     
 k,gzc,gze =           24   5588.0971679687500        5413.2358398437500     
 k,gzc,gze =           25   5944.0974121093750        5762.9584960937500     
 k,gzc,gze =           26   6312.8781738281250        6125.2363281250000     
 k,gzc,gze =           27   6694.8984375000000        6500.5200195312500     
 k,gzc,gze =           28   7090.6335449218750        6889.2768554687500     
 k,gzc,gze =           29   7500.5754394531250        7291.9902343750000     
 k,gzc,gze =           30   7925.2343750000000        7709.1606445312500     
 k,gzc,gze =           31   8365.1389160156250        8141.3081054687500     
 k,gzc,gze =           32   8820.8364257812500        8588.9697265625000     
 k,gzc,gze =           33   9292.8935546875000        9052.7031250000000     
 k,gzc,gze =           34   9781.8974609375000        9533.0839843750000     
 k,gzc,gze =           35   10288.457031250000        10030.710937500000     
 k,gzc,gze =           36   10813.202636718750        10546.203125000000     
 k,gzc,gze =           37   11356.786621093750        11080.202148437500     
 k,gzc,gze =           38   11919.885253906250        11633.371093750000     
 k,gzc,gze =           39   12503.199707031250        12206.399414062500     
 k,gzc,gze =           40   13100.000000000000        12800.000000000000     
 k,gzc,gze =           41   13700.000000000000        13400.000000000000     
 k,gzc,gze =           42   14300.000000000000        14000.000000000000     
 k,gzc,gze =           43   14900.000000000000        14600.000000000000     
 k,gzc,gze =           44   15500.000000000000        15200.000000000000     
 k,gzc,gze =           45   16100.000000000000        15800.000000000000     
 k,gzc,gze =           46   16700.000000000000        16400.000000000000     
 k,gzc,gze =           47   17300.000000000000        17000.000000000000     
 k,gzc,gze =           48   17900.000000000000        17600.000000000000     
 k,gzc,gze =           49   18500.000000000000        18200.000000000000     
 k,gzc,gze =           50   19100.000000000000        18800.000000000000     
 k,gzc,gze =           51   19700.000000000000        19400.000000000000     
 k,gzc,gze =           52   20300.000000000000        20000.000000000000     

 model heights:
     k       zf         zh         dz         mf         mh
 ---------------------------------------------------------------
      1       0.00      77.69     155.39     2.5238     2.5238
      2     155.39     235.87     160.96     2.4793     2.4363
      3     316.35     399.72     166.74     2.3933     2.3519
      4     483.09     569.45     172.73     2.3104     2.2704
      5     655.82     745.28     178.93     2.2303     2.1917
      6     834.75     927.42     185.35     2.1530     2.1157
      7    1020.10    1116.10     192.01     2.0784     2.0424
      8    1212.11    1311.56     198.90     2.0064     1.9716
      9    1411.01    1514.03     206.04     1.9369     1.9033
     10    1617.05    1723.77     213.44     1.8697     1.8373
     11    1830.49    1941.04     221.10     1.8049     1.7737
     12    2051.59    2166.11     229.04     1.7424     1.7122
     13    2280.63    2399.26     237.26     1.6820     1.6529
     14    2517.89    2640.78     245.78     1.6237     1.5956
     15    2763.66    2890.97     254.60     1.5674     1.5403
     16    3018.27    3150.14     263.74     1.5131     1.4869
     17    3282.01    3418.61     273.21     1.4607     1.4354
     18    3555.22    3696.73     283.02     1.4101     1.3856
     19    3838.24    3984.83     293.18     1.3612     1.3376
     20    4131.42    4283.27     303.70     1.3140     1.2912
     21    4435.12    4592.43     314.61     1.2685     1.2465
     22    4749.73    4912.68     325.90     1.2245     1.2033
     23    5075.63    5244.43     337.60     1.1821     1.1616
     24    5413.24    5588.10     349.72     1.1411     1.1213
     25    5762.96    5944.10     362.28     1.1016     1.0825
     26    6125.24    6312.88     375.28     1.0634     1.0450
     27    6500.52    6694.90     388.76     1.0265     1.0087
     28    6889.28    7090.63     402.71     0.9910     0.9738
     29    7291.99    7500.58     417.17     0.9566     0.9400
     30    7709.16    7925.23     432.15     0.9235     0.9075
     31    8141.31    8365.14     447.66     0.8915     0.8760
     32    8588.97    8820.84     463.73     0.8606     0.8457
     33    9052.70    9292.89     480.38     0.8307     0.8163
     34    9533.08    9781.90     497.63     0.8020     0.7881
     35   10030.71   10288.46     515.49     0.7742     0.7607
     36   10546.20   10813.20     534.00     0.7473     0.7344
     37   11080.20   11356.79     553.17     0.7214     0.7089
     38   11633.37   11919.88     573.03     0.6964     0.6844
     39   12206.40   12503.20     593.60     0.6723     0.6606
     40   12800.00   13100.00     600.00     0.6571     0.6536
     41   13400.00   13700.00     600.00     0.6536     0.6536
     42   14000.00   14300.00     600.00     0.6536     0.6536
     43   14600.00   14900.00     600.00     0.6536     0.6536
     44   15200.00   15500.00     600.00     0.6536     0.6536
     45   15800.00   16100.00     600.00     0.6536     0.6536
     46   16400.00   16700.00     600.00     0.6536     0.6536
     47   17000.00   17300.00     600.00     0.6536     0.6536
     48   17600.00   17900.00     600.00     0.6536     0.6536
     49   18200.00   18500.00     600.00     0.6536     0.6536
     50   18800.00   19100.00     600.00     0.6536     0.6536
     51   19400.00   19700.00     600.00     0.6536     0.6536
     52   20000.00                           0.6536

   patchsww = F
   patchnww = T
   patchsee = F
   patchnee = F
   patchsws = F
   patchses = T
   patchnwn = F
   patchnen = F

   p2tchsww = T
   p2tchnww = F
   p2tchsee = F
   p2tchnee = F
   p2tchsws = T
   p2tchses = F
   p2tchnwn = F
   p2tchnen = F

   minx =    0.00000000    
   maxx =    150000.000    
   miny =    0.00000000    
   maxy =    150000.000    
   maxz =    20000.0000    

   ibw =           1
   ibe =           0
   ibs =           1
   ibn =           0

   min_dx =    2000.00000    
   max_dx =    2000.00000    
   min_dy =    2000.00000    
   max_dy =    2000.00000    
   min_dz =    155.385071    
   max_dz =    600.000000    


   k,c1,c2,zhm1,zf,zh:
      1    0.5000    0.5000     -77.69       0.00      77.69
      2    0.5088    0.4912      77.69     155.39     235.87
      3    0.5088    0.4912     235.87     316.35     399.72
      4    0.5088    0.4912     399.72     483.09     569.45
      5    0.5088    0.4912     569.45     655.82     745.28
      6    0.5088    0.4912     745.28     834.75     927.42
      7    0.5088    0.4912     927.42    1020.10    1116.10
      8    0.5088    0.4912    1116.10    1212.11    1311.56
      9    0.5088    0.4912    1311.56    1411.01    1514.03
     10    0.5088    0.4912    1514.03    1617.05    1723.77
     11    0.5088    0.4912    1723.77    1830.49    1941.04
     12    0.5088    0.4912    1941.04    2051.59    2166.11
     13    0.5088    0.4912    2166.11    2280.63    2399.26
     14    0.5088    0.4912    2399.26    2517.89    2640.78
     15    0.5088    0.4912    2640.78    2763.66    2890.97
     16    0.5088    0.4912    2890.97    3018.27    3150.14
     17    0.5088    0.4912    3150.14    3282.01    3418.61
     18    0.5088    0.4912    3418.61    3555.22    3696.73
     19    0.5088    0.4912    3696.73    3838.24    3984.83
     20    0.5088    0.4912    3984.83    4131.42    4283.27
     21    0.5088    0.4912    4283.27    4435.12    4592.43
     22    0.5088    0.4912    4592.43    4749.73    4912.68
     23    0.5088    0.4912    4912.68    5075.63    5244.43
     24    0.5088    0.4912    5244.43    5413.24    5588.10
     25    0.5088    0.4912    5588.10    5762.96    5944.10
     26    0.5088    0.4912    5944.10    6125.24    6312.88
     27    0.5088    0.4912    6312.88    6500.52    6694.90
     28    0.5088    0.4912    6694.90    6889.28    7090.63
     29    0.5088    0.4912    7090.63    7291.99    7500.58
     30    0.5088    0.4912    7500.58    7709.16    7925.23
     31    0.5088    0.4912    7925.23    8141.31    8365.14
     32    0.5088    0.4912    8365.14    8588.97    8820.84
     33    0.5088    0.4912    8820.84    9052.70    9292.89
     34    0.5088    0.4912    9292.89    9533.08    9781.90
     35    0.5088    0.4912    9781.90   10030.71   10288.46
     36    0.5088    0.4912   10288.46   10546.20   10813.20
     37    0.5088    0.4912   10813.20   11080.20   11356.79
     38    0.5088    0.4912   11356.79   11633.37   11919.88
     39    0.5088    0.4912   11919.88   12206.40   12503.20
     40    0.5027    0.4973   12503.20   12800.00   13100.00
     41    0.5000    0.5000   13100.00   13400.00   13700.00
     42    0.5000    0.5000   13700.00   14000.00   14300.00
     43    0.5000    0.5000   14300.00   14600.00   14900.00
     44    0.5000    0.5000   14900.00   15200.00   15500.00
     45    0.5000    0.5000   15500.00   15800.00   16100.00
     46    0.5000    0.5000   16100.00   16400.00   16700.00
     47    0.5000    0.5000   16700.00   17000.00   17300.00
     48    0.5000    0.5000   17300.00   17600.00   17900.00
     49    0.5000    0.5000   17900.00   18200.00   18500.00
     50    0.5000    0.5000   18500.00   18800.00   19100.00
     51    0.5000    0.5000   19100.00   19400.00   19700.00
     52    0.5000    0.5000   19700.00   20000.00   20300.00


   ------ tauf, tauh -----
           1   0.00000000       0.00000000    
           2   0.00000000       0.00000000    
           3   0.00000000       0.00000000    
           4   0.00000000       0.00000000    
           5   0.00000000       0.00000000    
           6   0.00000000       0.00000000    
           7   0.00000000       0.00000000    
           8   0.00000000       0.00000000    
           9   0.00000000       0.00000000    
          10   0.00000000       0.00000000    
          11   0.00000000       0.00000000    
          12   0.00000000       0.00000000    
          13   0.00000000       0.00000000    
          14   0.00000000       0.00000000    
          15   0.00000000       0.00000000    
          16   0.00000000       0.00000000    
          17   0.00000000       0.00000000    
          18   0.00000000       0.00000000    
          19   0.00000000       0.00000000    
          20   0.00000000       0.00000000    
          21   0.00000000       0.00000000    
          22   0.00000000       0.00000000    
          23   0.00000000       0.00000000    
          24   0.00000000       0.00000000    
          25   0.00000000       0.00000000    
          26   0.00000000       0.00000000    
          27   0.00000000       0.00000000    
          28   0.00000000       0.00000000    
          29   0.00000000       0.00000000    
          30   0.00000000       0.00000000    
          31   0.00000000       0.00000000    
          32   0.00000000       0.00000000    
          33   0.00000000       0.00000000    
          34   0.00000000       0.00000000    
          35   0.00000000       0.00000000    
          36   0.00000000       0.00000000    
          37   0.00000000       0.00000000    
          38   0.00000000       0.00000000    
          39   0.00000000       0.00000000    
          40   0.00000000       0.00000000    
          41   0.00000000       0.00000000    
          42   0.00000000       0.00000000    
          43   0.00000000       0.00000000    
          44   3.94263864E-03   2.44717300E-02
          45   6.18466735E-02  0.114743382    
          46  0.181288034      0.259123147    
          47  0.345491529      0.437333375    
          48  0.531395316      0.624345005    
          49  0.712889671      0.793892622    
          50  0.864484310      0.922163963    
          51  0.964888215      0.991143644    
          52   1.00000000    


   vialpha,vibeta =   0.500000000      0.500000000    


   x0,alpha,delta,sum,predict,maxz:
   0.00000000    
  0.500000000       1.51795030       2.57244539       3.66479731    
   1.85094726      -1.19824338      0.347296089       0.00000000    
   1.00000000       1.52587891E-05   20000.0000    


   cgs1,cgs2,cgs3 =    1.85094726      -1.19824338      0.347296089    
   sum            =    1.00000000    

   dgs1,dgs2,dgs3 =   -1.93890107       2.86228609     -0.923384964    
   sum            =    5.96046448E-08


   x0,alpha,delta,sum,predict,maxz:
   33.3333321    
   32.8333321       31.8333340       30.8333340       29.8333340    
   1.87500155      -1.25000143      0.374999881       0.00000000    
   1.00000000       20000.0020       20000.0000    


   cgt1,cgt2,cgt3 =    1.87500155      -1.25000143      0.374999881    
   sum            =    1.00000000    

   dgt1,dgt2,dgt3 =    2.00000381      -3.00000381       1.00000000    
   sum            =    0.00000000    

 Leaving PARAM
 Inside BASE

  Reading sounding from external file, input_sounding

  p_sfc, th_sfc, qv_sfc =    960.000000       304.899994       19.0599995    
   Found           68   levels (including surface)


     k,z,th,qv:
           1   0.00000000       304.899994       19.0599995    
           2   0.00000000       304.899994       19.0599995    
           3   253.000000       305.200012       17.9099998    
           4   329.000000       305.299988       17.5799999    
           5   557.000000       305.500000       17.2199993    
           6   757.000000       305.600006       16.9099998    
           7   862.000000       306.799988       15.3999996    
           8   1069.00000       309.200012       12.7700005    
           9   1472.00000       310.700012       8.30000019    
          10   1777.00000       311.799988       5.88999987    
          11   1942.00000       312.399994       4.86000013    
          12   2081.00000       312.399994       5.42000008    
          13   2386.00000       312.399994       6.84999990    
          14   2475.00000       312.399994       7.32000017    
          15   2721.00000       312.899994       4.53999996    
          16   2876.00000       313.000000       3.85999990    
          17   3070.00000       314.399994       1.21000004    
          18   3301.00000       315.799988       1.08000004    
          19   3605.00000       317.600006      0.920000017    
          20   3807.00000       318.700012      0.819999993    
          21   3910.00000       318.899994      0.829999983    
          22   4520.00000       319.500000      0.829999983    
          23   4718.00000       319.700012      0.839999974    
          24   5026.00000       323.500000      0.230000004    
          25   5423.00000       324.600006      0.189999998    
          26   5434.00000       324.600006      0.189999998    
          27   5739.00000       325.700012      0.209999993    
          28   6102.00000       327.100006      0.219999999    
          29   7123.00000       328.299988      0.119999997    
          30   7263.00000       328.500000      0.119999997    
          31   8787.00000       331.100006      0.170000002    
          32   9092.00000       331.399994      0.180000007    
          33   9160.00000       331.500000      0.189999998    
          34   9183.00000       331.600006       1.00000005E-03
          35   9701.00000       334.700012       1.00000005E-03
          36   9844.00000       335.500000       1.00000005E-03
          37   10311.0000       338.299988       1.00000005E-03
          38   10413.0000       338.899994       1.00000005E-03
          39   10921.0000       340.600006       1.00000005E-03
          40   11530.0000       342.500000       1.00000005E-03
          41   11863.0000       343.399994       1.00000005E-03
          42   12140.0000       347.799988       1.00000005E-03
          43   12290.0000       350.100006       1.00000005E-03
          44   13664.0000       359.100006       1.00000005E-03
          45   13663.0000       359.100006       1.00000005E-03
          46   14273.0000       362.500000       1.00000005E-03
          47   14391.0000       363.100006       1.00000005E-03
          48   14811.0000       371.299988       1.00000005E-03
          49   14883.0000       372.700012       1.00000005E-03
          50   15797.0000       391.100006       1.00000005E-03
          51   16103.0000       397.399994       1.00000005E-03
          52   16481.0000       399.899994       1.00000005E-03
          53   16637.0000       410.000000       1.00000005E-03
          54   17281.0000       413.000000       1.00000005E-03
          55   17321.0000       415.399994       1.00000005E-03
          56   17527.0000       427.799988       1.00000005E-03
          57   18236.0000       441.399994       1.00000005E-03
          58   18253.0000       441.799988       1.00000005E-03
          59   18517.0000       445.600006       1.00000005E-03
          60   18845.0000       457.100006       1.00000005E-03
          61   19981.0000       498.799988       1.00000005E-03
          62   20323.0000       504.700012       1.00000005E-03
          63   22954.0000       573.599976       1.00000005E-03
          64   23563.0000       595.500000       1.00000005E-03
          65   24663.0000       636.000000       1.00000005E-03
          66   26193.0000       679.000000       1.00000005E-03
          67   26846.0000       706.799988       1.00000005E-03
          68   27739.0000       734.200012       1.00000005E-03

     k,u,v:
           1  -1.68008852      -2.17436504    
           2  -2.28714967       6.28391504    
           3  -3.03701520       17.2238979    
           4  -2.85836720       16.2107277    
           5   0.00000000       18.0039997    
           6   4.05004406       17.5425529    
           7   6.15775585       16.9182167    
           8   10.3266935       14.7479963    
           9   14.1859379       11.9033737    
          10   16.8548927       11.8018789    
          11   17.6976376       12.3919735    
          12   18.5403824       12.9820671    
          13   19.8044987       13.8672075    
          14   20.2258720       14.1622553    
          15   21.0686169       14.7523489    
          16   22.6022434       15.2453480    
          17   24.8654766       15.5376129    
          18   27.1745205       15.6891508    
          19   30.2929077       17.4895458    
          20   30.1988850       19.6113091    
          21   29.9174347       20.9483356    
          22   32.0242958       22.4235706    
          23   30.7601795       21.5384293    
          24   29.0746899       20.3582420    
          25   26.9678288       18.8830070    
          26   26.1250839       18.2929134    
          27   26.1250839       18.2929134    
          28   27.3892021       19.1780529    
          29   30.7601795       21.5384293    
          30   30.3388081       21.2433815    
          31   36.2380219       25.3740406    
          32   34.1311569       23.8988056    
          33   34.1311569       23.8988056    
          34   34.1311569       23.8988056    
          35   44.7556915       20.8698215    
          36   44.7556915       20.8698215    
          37   43.0206604       15.6581488    
          38   41.0871468       14.9544115    
          39   38.2591820       10.2514391    
          40   41.4922562       19.3480644    
          41   40.2466736       10.7839813    
          42   39.5136528       6.96724367    
          43   38.5004807       6.78859663    
          44   27.0691795       9.85231876    
          45   28.8186054       7.72186279    
          46   27.0398979       12.6088505    
          47   29.8371277       13.9132147    
          48   27.9723072       13.0436392    
          49   27.9723072       13.0436392    
          50   27.9723072       13.0436392    
          51   27.9723072       13.0436392    
          52   27.9723072       13.0436392    
          53   27.9723072       13.0436392    
          54   27.9723072       13.0436392    
          55   27.9723072       13.0436392    
          56   27.9723072       13.0436392    
          57   27.9723072       13.0436392    
          58   27.9723072       13.0436392    
          59   27.9723072       13.0436392    
          60   27.9723072       13.0436392    
          61   27.9723072       13.0436392    
          62   27.9723072       13.0436392    
          63   27.9723072       13.0436392    
          64   27.9723072       13.0436392    
          65   27.9723072       13.0436392    
          66   27.9723072       13.0436392    
          67   27.9723072       13.0436392    
          68   27.9723072       13.0436392    


 interpolating sounding to grid: 

           0.00000000       77.6925354       253.000000      0.307085127    
           0.00000000       235.866806       253.000000      0.932279885    
           329.000000       399.719604       557.000000      0.310173690    
           557.000000       569.454773       757.000000       6.22738637E-02
           557.000000       745.283569       757.000000      0.941417873    
           862.000000       927.424622       1069.00000      0.316060960    
           1069.00000       1116.10461       1472.00000      0.116884902    
           1069.00000       1311.55835       1472.00000      0.601881742    
           1472.00000       1514.02905       1777.00000      0.137800172    
           1472.00000       1723.76831       1777.00000      0.825469851    
           1777.00000       1941.03748       1942.00000      0.994166493    
           2081.00000       2166.10669       2386.00000      0.279038340    
           2386.00000       2399.25586       2475.00000      0.148942247    
           2475.00000       2640.77539       2721.00000      0.673883677    
           2876.00000       2890.96533       3070.00000       7.71408901E-02
           3070.00000       3150.13745       3301.00000      0.346915364    
           3301.00000       3418.61377       3605.00000      0.386887401    
           3605.00000       3696.72876       3807.00000      0.454102784    
           3910.00000       3984.82812       4520.00000      0.122669056    
           3910.00000       4283.27051       4520.00000      0.611918867    
           4520.00000       4592.42676       4718.00000      0.365791708    
           4718.00000       4912.68164       5026.00000      0.632083237    
           5026.00000       5244.43457       5423.00000      0.550213039    
           5434.00000       5588.09717       5739.00000      0.505236626    
           5739.00000       5944.09766       6102.00000      0.565007329    
           6102.00000       6312.87793       7123.00000      0.206540585    
           6102.00000       6694.89844       7123.00000      0.580703676    
           6102.00000       7090.63379       7123.00000      0.968299508    
           7263.00000       7500.57520       8787.00000      0.155889243    
           7263.00000       7925.23438       8787.00000      0.434536994    
           7263.00000       8365.13867       8787.00000      0.723188102    
           8787.00000       8820.83594       9092.00000      0.110937499    
           9183.00000       9292.89355       9701.00000      0.212149724    
           9701.00000       9781.89746       9844.00000      0.565716505    
           9844.00000       10288.4570       10311.0000      0.951728106    
           10413.0000       10813.2031       10921.0000      0.787801445    
           10921.0000       11356.7871       11530.0000      0.715578198    
           11863.0000       11919.8848       12140.0000      0.205360159    
           12290.0000       12503.1992       13664.0000      0.155166820    
           12290.0000       13100.0000       13664.0000      0.589519680    
           13663.0000       13700.0000       14273.0000       6.06557392E-02
           14273.0000       14300.0000       14391.0000      0.228813559    
           14883.0000       14900.0000       15797.0000       1.85995623E-02
           14883.0000       15500.0000       15797.0000      0.675054729    
           15797.0000       16100.0000       16103.0000      0.990196049    
           16637.0000       16700.0000       17281.0000       9.78260860E-02
           17281.0000       17300.0000       17321.0000      0.474999994    
           17527.0000       17900.0000       18236.0000      0.526093066    
           18253.0000       18500.0000       18517.0000      0.935606062    
           18845.0000       19100.0000       19981.0000      0.224471837    
           18845.0000       19700.0000       19981.0000      0.752640843    


       k    prs0 (Pa)        pi0        rho0 (kg/m^3)
    ---------------------------------------------------------------------
       1     95166.33     0.9859590     1.0703498
       2     93485.29     0.9809565     1.0573388
       3     91766.82     0.9757757     1.0436164
       4     90011.12     0.9704106     1.0292686
       5     88218.23     0.9648541     1.0147177
       6     86392.74     0.9591130     0.9969282
       7     84539.13     0.9531941     0.9795130
       8     82654.29     0.9470795     0.9649808
       9     80735.77     0.9407526     0.9496903
      10     78784.72     0.9342071     0.9334296
      11     76802.45     0.9274372     0.9163421
      12     74789.16     0.9204324     0.8976445
      13     72744.92     0.9131806     0.8785866
      14     70670.52     0.9056714     0.8617814
      15     68566.91     0.8978937     0.8447158
      16     66439.88     0.8898542     0.8245230
      17     64296.38     0.8815641     0.8015164
      18     62139.18     0.8730192     0.7784428
      19     59967.84     0.8642015     0.7568735
      20     57780.22     0.8550838     0.7363547
      21     55576.87     0.8456476     0.7154992
      22     53367.82     0.8359147     0.6900161
      23     51161.31     0.8259013     0.6656416
      24     48955.23     0.8155763     0.6429248
      25     46750.48     0.8049198     0.6195389
      26     44549.63     0.7939177     0.5970089
      27     42353.16     0.7825432     0.5750714
      28     40163.54     0.7707765     0.5529107
      29     37985.48     0.7586079     0.5302529
      30     35824.05     0.7460288     0.5073733
      31     33683.91     0.7330273     0.4844181
      32     31569.63     0.7195897     0.4614443
      33     29486.92     0.7057083     0.4381128
      34     27446.87     0.6914145     0.4126375
      35     25459.17     0.6767374     0.3875721
      36     23525.05     0.6616473     0.3640629
      37     21644.84     0.6461025     0.3412990
      38     19823.50     0.6300950     0.3183388
      39     18078.52     0.6137401     0.2919538
      40     16435.03     0.5972698     0.2697319
      41     14909.51     0.5808922     0.2488627
      42     13501.69     0.5646787     0.2297055
      43     12215.12     0.5487678     0.2078778
      44     11052.86     0.5333288     0.1874732
      45     10004.23     0.5183693     0.1692158
      46      9058.02     0.5038759     0.1526413
      47      8194.87     0.4896780     0.1407800
      48      7414.63     0.4758924     0.1247940
      49      6713.81     0.4625956     0.1135318
      50      6083.39     0.4497583     0.1010202
      51      5522.05     0.4375008     0.0900174


       k    th0 (K)     thv0 (K)     t0 (K)     l.r. (K/km)     N^2
    ---------------------------------------------------------------------
       1    304.9921    308.3957    300.7097       4.2116      0.0406
       2    305.1797    308.4570    299.3680       8.3355      0.1212
       3    305.3620    308.5506    297.9648       8.4152      0.1784
       4    305.5062    308.6466    296.4665       8.6748      0.1767
       5    305.5941    308.6865    294.8538       9.0131      0.0708
       6    307.5585    310.2476    294.9834      -0.6994      2.6698
       7    309.3753    311.6422    294.8947       0.4617      2.2916
       8    310.1028    311.9650    293.6920       6.0467      0.5105
       9    310.8516    312.3410    292.4344       6.1036      0.5735
      10    311.6080    312.7908    291.1064       6.2221      0.6615
      11    312.3965    313.3159    289.7281       6.2337      0.7441
      12    312.4000    313.5106    287.5431       9.5403      0.2661
      13    312.4000    313.7057    285.2776       9.5483      0.2572
      14    312.7369    313.7564    283.2369       8.3032      0.0645
      15    313.1080    313.8004    281.1377       8.2450      0.0541
      16    314.8857    315.1082    280.2023       3.5465      1.5469
      17    316.4964    316.6917    279.0119       4.3573      1.7999
      18    318.0995    318.2682    277.7070       4.6105      1.7213
      19    318.9736    319.1355    275.6575       6.9907      0.9105
      20    319.2672    319.4302    273.0002       8.7497      0.2982
      21    319.5732    319.7352    270.2462       8.7535      0.2976
      22    322.1019    322.1924    269.2498       3.0576      2.3044
      23    324.1052    324.1460    267.6789       4.6529      1.7566
      24    325.1558    325.1955    265.1893       7.1188      0.9068
      25    326.4910    326.5340    262.7991       6.5979      1.1122
      26    327.3478    327.3865    259.8872       7.7590      0.6816
      27    327.7968    327.8278    256.5152       8.6739      0.3399
      28    328.2620    328.2864    253.0166       8.6876      0.3405
      29    328.9053    328.9351    249.5101       8.4053      0.4642
      30    329.6298    329.6649    245.9133       8.3232      0.5032
      31    330.3803    330.4164    242.1778       8.3446      0.4989
      32    331.1333    331.1679    238.2801       8.4050      0.4806
      33    332.2577    332.2579    234.4770       7.9169      0.6711
      34    335.1526    335.1528    231.7294       5.5215      1.7102
      35    338.1648    338.1650    228.8488       5.5880      1.7027
      36    340.2393    340.2395    225.1184       6.9857      1.1235
      37    341.9596    341.9598    220.9409       7.5518      0.8944
      38    344.3036    344.3038    216.9440       6.9752      1.1695
      39    351.4965    351.4967    215.7275       2.0493      3.4170
      40    355.4057    355.4059    212.2731       5.7574      1.8083
      41    359.3062    359.3065    208.7182       5.9248      1.7846
      42    362.6373    362.6375    204.7735       6.5744      1.5088
      43    373.0422    373.0424    204.7136       0.1000      4.6252
      44    385.1210    385.1213    205.3961      -1.1376      5.2101
      45    397.3382    397.3385    205.9679      -0.9530      5.1061
      46    410.2935    410.2937    206.7370      -1.2818      5.2459
      47    414.1400    414.1403    202.7952       6.5696      1.5257
      48    434.9549    434.9551    206.9917      -6.9941      8.0177
      49    445.3553    445.3556    206.0194       1.6205      3.8635
      50    466.4605    466.4608    209.7945      -6.2918      7.5702
      51    488.4851    488.4855    213.7126      -6.5303      7.5432


   Richardson number:  NOTE!!!  Ri should be > 0.25 for most applications!

   k,z,Ri:           2   156.779663       6.56792847E-03 <---- NOTE!  Ri < 0.25
   k,z,Ri:           3   317.793213      0.439205140    
   k,z,Ri:           4   484.587189       8.08897913E-02 <---- NOTE!  Ri < 0.25
   k,z,Ri:           5   657.369141       1.73391774E-02 <---- NOTE!  Ri < 0.25
   k,z,Ri:           6   836.354126      0.592872560    
   k,z,Ri:           7   1021.76465      0.584386945    
   k,z,Ri:           8   1213.83154      0.367057145    
   k,z,Ri:           9   1412.79370      0.484290212    
   k,z,Ri:          10   1618.89868      0.877767026    
   k,z,Ri:          11   1832.40283       1.76677966    
   k,z,Ri:          12   2053.57202      0.638745427    
   k,z,Ri:          13   2282.68115       1.00608993    
   k,z,Ri:          14   2520.01562      0.299344897    
   k,z,Ri:          15   2765.87036       7.77312294E-02 <---- NOTE!  Ri < 0.25
   k,z,Ri:          16   3020.55127       1.25069678    
   k,z,Ri:          17   3284.37549       1.65002930    
   k,z,Ri:          18   3557.67139       1.74417806    
   k,z,Ri:          19   3840.77832       1.07290030    
   k,z,Ri:          20   4134.04932       1.70674646    
   k,z,Ri:          21   4437.84863       15.3919201    
   k,z,Ri:          22   4752.55420       4.62953997    
   k,z,Ri:          23   5078.55811       4.16976404    
   k,z,Ri:          24   5416.26562       2.28135395    
   k,z,Ri:          25   5766.09766       18.8682423    
   k,z,Ri:          26   6128.48779       4.07634592    
   k,z,Ri:          27   6503.88818       2.12920070    
   k,z,Ri:          28   6892.76611       2.13297796    
   k,z,Ri:          29   7295.60449       14.5481768    
   k,z,Ri:          30   7712.90479       2.29302764    
   k,z,Ri:          31   8145.18652       2.27365947    
   k,z,Ri:          32   8592.98730       3.48084259    
   k,z,Ri:          33   9056.86523       3.83905840    
   k,z,Ri:          34   9537.39551      0.549297452    
   k,z,Ri:          35   10035.1777       1.62694931    
   k,z,Ri:          36   10550.8301      0.792215824    
   k,z,Ri:          37   11084.9951      0.807363927    
   k,z,Ri:          38   11638.3359      0.821527362    
   k,z,Ri:          39   12211.5420       6.28008318    
   k,z,Ri:          40   12801.5996       2.45053101    
   k,z,Ri:          41   13400.0000       6.66491270    
   k,z,Ri:          42   14000.0000       2.17567515    
   k,z,Ri:          43   14600.0000       1600.02026    
   k,z,Ri:          44   15200.0000       521010880.    
   k,z,Ri:          45   15800.0000       510614496.    
   k,z,Ri:          46   16400.0000       524586304.    
   k,z,Ri:          47   17000.0000       152568752.    
   k,z,Ri:          48   17600.0000       801772096.    
   k,z,Ri:          49   18200.0000       386353664.    
   k,z,Ri:          50   18800.0000       757021440.    
   k,z,Ri:          51   19400.0000       754319168.    


       k  theta-e (K)       rh0          qv0          qc0          qi0
    ---------------------------------------------------------------------
       1    361.2180     0.746565     0.018704     0.000000     0.000000
       2    359.2769     0.765035     0.017987     0.000000     0.000000
       3    357.9687     0.795197     0.017480     0.000000     0.000000
       4    357.3099     0.842005     0.017204     0.000000     0.000000
       5    356.5935     0.898027     0.016931     0.000000     0.000000
       6    351.9169     0.751467     0.014595     0.000000     0.000000
       7    346.8395     0.617836     0.012203     0.000000     0.000000
       8    340.9742     0.532665     0.009978     0.000000     0.000000
       9    335.6923     0.448644     0.007946     0.000000     0.000000
      10    331.4999     0.376910     0.006285     0.000000     0.000000
      11    328.0279     0.310897     0.004866     0.000000     0.000000
      12    331.1370     0.422303     0.005884     0.000000     0.000000
      13    334.2994     0.561836     0.006924     0.000000     0.000000
      14    330.0004     0.487704     0.005392     0.000000     0.000000
      15    325.0440     0.369899     0.003652     0.000000     0.000000
      16    318.9708     0.121831     0.001164     0.000000     0.000000
      17    320.1140     0.111821     0.001016     0.000000     0.000000
      18    321.2564     0.101819     0.000874     0.000000     0.000000
      19    322.0104     0.108726     0.000835     0.000000     0.000000
      20    322.3262     0.127866     0.000841     0.000000     0.000000
      21    322.6159     0.149776     0.000835     0.000000     0.000000
      22    323.8599     0.085740     0.000462     0.000000     0.000000
      23    324.9351     0.041509     0.000207     0.000000     0.000000
      24    325.9660     0.046739     0.000201     0.000000     0.000000
      25    327.3644     0.058020     0.000217     0.000000     0.000000
      26    328.1400     0.062841     0.000195     0.000000     0.000000
      27    328.4380     0.063032     0.000155     0.000000     0.000000
      28    328.7739     0.063391     0.000122     0.000000     0.000000
      29    329.5230     0.099196     0.000149     0.000000     0.000000
      30    330.3536     0.152810     0.000175     0.000000     0.000000
      31    331.1224     0.208787     0.000180     0.000000     0.000000
      32    331.8469     0.273358     0.000172     0.000000     0.000000
      33    332.2629     0.002189     0.000001     0.000000     0.000000
      34    335.1579     0.002701     0.000001     0.000000     0.000000
      35    338.1702     0.003410     0.000001     0.000000     0.000000
      36    340.2447     0.004804     0.000001     0.000000     0.000000
      37    341.9651     0.007228     0.000001     0.000000     0.000000
      38    344.3091     0.010474     0.000001     0.000000     0.000000
      39    351.5024     0.011706     0.000001     0.000000     0.000000
      40    355.4118     0.016890     0.000001     0.000000     0.000000
      41    359.3120     0.022788     0.000001     0.000000     0.000000
      42    362.6431     0.035243     0.000001     0.000000     0.000000
      43    373.0482     0.032143     0.000001     0.000000     0.000000
      44    385.1273     0.026608     0.000001     0.000000     0.000000
      45    397.3446     0.022091     0.000001     0.000000     0.000000
      46    410.3002     0.018306     0.000001     0.000000     0.000000
      47    414.1467     0.028352     0.000001     0.000000     0.000000
      48    434.9620     0.014202     0.000001     0.000000     0.000000
      49    445.3626     0.014721     0.000001     0.000000     0.000000
      50    466.4689     0.008796     0.000001     0.000000     0.000000
      51    488.4944     0.005053     0.000001     0.000000     0.000000


   Thermodynamic properties of base-state sounding:

     for surface parcel:
        source p(mb),T(K),qv(g/kg) =      960.0     301.4      19.1
        LCL,LFC,EL (m AGL)         =      647.6     650.9     844.1
        CAPE,CIN (J/kg)            =     4784.3       6.6

     for most-unstable parcel:
        source p(mb),T(K),qv(g/kg) =      960.0     301.4      19.1
        LCL,LFC,EL (m AGL)         =      647.6     650.9     844.1
        CAPE,CIN (J/kg)            =     4784.3       6.6

     for mixed-layer parcel:
        source p(mb),T(K),qv(g/kg) =      960.0     301.7      18.0
        LCL,LFC,EL (m AGL)         =      793.2    1463.4   13694.8
        CAPE,CIN (J/kg)            =     4180.8      18.9



       k     u0 (m/s)     v0 (m/s)
    ---------------------------------------------------------------------
       1      -2.5174       9.6434
       2      -2.9862      16.4830
       3      -1.9718      16.7670
       4       0.2522      17.9753
       5       3.8128      17.5696
       6       7.4754      16.2323
       7      10.7778      14.4155
       8      12.6495      13.0359
       9      14.5537      11.8894
      10      16.3891      11.8196
      11      17.6927      12.3885
      12      18.8931      13.2291
      13      19.8673      13.9112
      14      20.7938      14.5599
      15      22.7768      15.2679
      16      25.6665      15.5902
      17      28.3810      16.3857
      18      30.2502      18.4530
      19      30.1759      21.1293
      20      31.2067      21.8511
      21      31.5619      22.0998
      22      29.6948      20.7925
      23      27.9155      19.5465
      24      26.1251      18.2929
      25      26.8393      18.7930
      26      28.0854      19.6656
      27      29.3467      20.5487
      28      30.6533      21.4636
      29      31.2584      21.8873
      30      32.9022      23.0383
      31      34.6050      24.2306
      32      36.0043      25.2104
      33      36.3851      23.2562
      34      44.7557      20.8698
      35      43.1044      15.9097
      36      38.8593      11.2494
      37      40.5727      16.7608
      38      40.0961      10.0002
      39      36.7267       7.2640
      40      31.7615       8.5947
      41      28.7107       8.0183
      42      27.6799      12.9073
      43      27.9723      13.0436
      44      27.9723      13.0436
      45      27.9723      13.0436
      46      27.9723      13.0436
      47      27.9723      13.0436
      48      27.9723      13.0436
      49      27.9723      13.0436
      50      27.9723      13.0436
      51      27.9723      13.0436


   psurf,tsurf  =    96000.0000       301.368195    
   qsurf,thsurf =    1.90599989E-02   304.899994    

 Leaving BASE
   rbufsz,nrad2d =            1          10
 Inside INIT3D

   seed_size =            8
   rand-1 =   0.620773196    

 Leaving INIT3D

   allocating diagnostic arrays:  ntdiag,nqdiag =            1           1


   strlen          =            0
   baselen         =            6
   totlen          =            6
   output_basename = cm1out
   statfile        = cm1out_stats.dat                                                      



   Settings used in this simulation:
   isfcflx  =            0
   bbc      =            1
   dosfcflx =  F

   string = cm1out_rst_000004.nc                                                  
   nvar_npt =            0
   nvar_parcels =            0

   From restart file: 

    mtime   =    1200.0000000000000     
    stattim =    1260.0000000000000     
    taptim  =    1800.0000000000000     
    rsttim  =    1500.0000000000000     
    radtim  =    0.0000000000000000     
    prcltim =    1.0000000000000000E+030

    nstep   =          160
    nrec    =           22
    prec    =            1
    nwrite  =            2
    nrst    =            4


   Using the following: 

    stattim =    1260.0000000000000     
    taptim  =    2100.0000000000000     
    rsttim  =    1500.0000000000000     
    radtim  =    0.0000000000000000     


   Detected positive value for run_time. 
      Using the following values: 
         run_time =    300.000000    
         timax    =    1500.00000    


   strlen          =            0
   baselen         =            6
   totlen          =            6
   output_basename = cm1out
   statfile        = cm1out_stats.dat                                                      


 Inside GETSET


 Leaving GETSET

   ... skipping sfc stuff ... 

  WMAX  :   49.7597       26   30   40    WMIN  :  -29.3221       23   31   31
  UMAX  :   64.1942       29   28   43    UMIN  :  -17.9356       25   30   44
  SUMAX :   7.32452       21   19    1    SUMIN :  -12.5224       29   22    1
  VMAX  :   48.0117       27   33   43    VMIN  :  -32.6882       30   19   43
  SVMAX :   14.8554       29   16    1    SVMIN :  -2.84282       20   19    1
  PPIMAX:  0.276977E-02   26   30   43    PPIMIN: -0.143832E-02   31   21   46
  PPMAX :   219.102       26   30   42    PPMIN :  -312.250       28   23    9
  THPMAX:   11.6478       30   27   38    THPMIN:  -52.2548       27   30   46
  STHPMX:   1.75153       14   27    1    STHPMN:  0.263611       22   26    1
  MAXqv :  0.257869E-01   16   30    7    MINqv :   0.00000       24   16   16
  MAXqc :  0.472268E-02   24   21   17    MINqc :   0.00000        1    1    1
  MAXqr :  0.387633E-03   23   30   31    MINqr :   0.00000        1    1    1
  MAXqi :  0.959586E-02   27   29   45    MINqi :   0.00000        1    1    1
  MAXqs :  0.149080E-02   26   29   41    MINqs :   0.00000        1    1    1
  MAXqg :  0.236858E-02   28   21   39    MINqg :   0.00000        1    1    1
  MAXqhl:   0.00000        1    1    1    MINqhl:   0.00000        1    1    1
  MAXccn:  0.170517E+10   30   27   20    MINccn:   0.00000       14   27    6
  MAXccw:  0.145747E+10   24   31    9    MINccw:   0.00000        1    1    1
  MAXcrw:  0.148392E+07   26   30   31    MINcrw:   0.00000        1    1    1
  MAXcci:  0.456757E+09   26   29   34    MINcci:   0.00000        1    1    1
  MAXcsw:   839837.       26   29   43    MINcsw:   0.00000        1    1    1
  MAXchw:   37383.6       28   22   33    MINchw:   0.00000        1    1    1
  MAXchl:   0.00000        1    1    1    MINchl:   0.00000        1    1    1
  MAXvhw:  0.929894E-05   28   22   34    MINvhw:   0.00000        1    1    1
  MAXvhl:   0.00000        1    1    1    MINvhl:   0.00000        1    1    1
  TKEMAX:   113.728       25   30   45    TKEMIN:   0.00000        1    1    1
  KMHMAX:   1290.59       28   21   44    KMHMIN:   0.00000        1    1    1
  KMVMAX:   1290.59       28   21   44    KMVMIN:   0.00000        1    1    1
  KHHMAX:   3822.61       28   21   44    KHHMIN:   0.00000        1    1    1
  KHVMAX:   3822.61       28   21   44    KHVMIN:   0.00000        1    1    1
  DIVMAX:  0.750541E-02   25   30   37    DIVMIN: -0.659533E-02   22   23   28
  RHMAX :   2.16618       26   23   17    RHMIN :   0.00000       24   16   16
  RHIMAX:   2.09308       26   23   17    RHIMIN:   0.00000       24   16   16
  THEMAX:   386.262       16   30    7    THEMIN:   314.990       24   16   15
  STHEMX:   380.318       16   20    1    STHEMN:   357.790       44   53    1
  QCTOP :  17300.000000    1    1    1    QCBOT :    569.454773    1    1    1
  SFPMAX:   95234.4       75    1    1    SFPMIN:   94874.9       30   26    1
  PSFCMX:   96068.0       75    1    1    PSFCMN:   95706.2       30   26    1
  WSPMAX:   63.1176       29   31   44    WSPMIN:  0.236500       18   19    2
  SWSPMX:   16.1999       28   22    1    SWSPMN:  0.759625       19   19    1
  CFLMAX:      0.622304   26   30   40
  KSHMAX:  0.716739E-02   28   21   44
  KSVMAX:  0.229861       20   29   17
  VORSFC:  0.292124E-02
  VOR1KM:  0.524631E-02
  VOR2KM:  0.704037E-02
  VOR3KM:  0.105296E-01
  VOR4KM:  0.101114E-01
  VOR5KM:  0.666334E-02
  TMASS :  0.207380E+15
  TMOIS :  0.751839E+12
  qv MAS:  0.744536E+12
  qc MAS:  0.299931E+10
  qr MAS:  0.313615E+08
  qi MAS:  0.336111E+10
  qs MAS:  0.326210E+09
  qg MAS:  0.584989E+09
  qhlMAS:  0.000000E+00
  TENERG:  0.521641E+20
  TMU   :  0.531576E+16
  TMV   :  0.336240E+16
  TMW   : -0.348302E+13
  TMFU  :  0.730452E+11
  TMFD  : -0.790712E+11
  tcond :  0.000000E+00
  tevac :  0.000000E+00
  tauto :  0.000000E+00
  taccr :  0.000000E+00
  tevar :  0.000000E+00
  train :  0.134412E+03
  erain :  0.000000E+00
  qsfc  :  0.000000E+00
  esfc  :  0.000000E+00
  erad  :  0.000000E+00
  asqv  :  0.311584E+04
  asqc  :  0.365421E+08
  asqr  :  0.613651E+05
  asqi  :  0.388717E+06
  asqs  :  0.578578E+04
  asqg  :  0.303214E+05
  asqhl :  0.000000E+00
  asccn : -0.359522E+17
  asccw :  0.363016E+19
  ascrw :  0.160574E+15
  ascci :  0.360982E+17
  ascsw : -0.594482E+13
  aschw :  0.339187E+12
  aschl :  0.000000E+00
  asvhw :  0.954395E+02
  asvhl :  0.000000E+00
  bsqv  :  0.000000E+00
  bsqc  :  0.000000E+00
  bsqr  :  0.000000E+00
  bsqi  :  0.000000E+00
  bsqs  :  0.000000E+00
  bsqg  :  0.000000E+00
  bsqhl :  0.000000E+00
  bsccn :  0.000000E+00
  bsccw :  0.000000E+00
  bscrw :  0.000000E+00
  bscci :  0.000000E+00
  bscsw :  0.000000E+00
  bschw :  0.000000E+00
  bschl :  0.000000E+00
  bsvhw :  0.000000E+00
  bsvhl :  0.000000E+00
 cm1out_stats.nc                                                       
   nrec =           21
           160             20.000000 min 

 -------------Done with Preprocessors-----------

           161             20.125000 min 
           162             20.250000 min 
           163             20.375000 min 
           164             20.500000 min 
           165             20.625000 min 
           166             20.750000 min 
           167             20.875000 min 
  WMAX  :   27.0761       27   30   40    WMIN  :  -23.6338       29   30   45
  UMAX  :   60.5479       30   29   43    UMIN  :  -12.2389       29   23    1
  SUMAX :   9.88879       22   20    1    SUMIN :  -12.2389       29   23    1
  VMAX  :   46.5267       28   34   43    VMIN  :  -30.3915       28   28   43
  SVMAX :   16.5119       29   17    1    SVMIN :  -2.61726       21   20    1
  PPIMAX:  0.844043E-02   17   24   51    PPIMIN: -0.908404E-02   24   25   51
  PPMAX :   624.188       26   20   21    PPMIN :  -1548.77       30   37    1
  THPMAX:   17.6154       29   30   47    THPMIN:  -38.8514       27   31   45
  STHPMX:   1.59637       13   28    1    STHPMN:  0.180862       17   28    1
  MAXqv :  0.243107E-01   17   20    2    MINqv :  0.596046E-11   28   40   15
  MAXqc :  0.596442E-02   24   21   17    MINqc :   0.00000        1    1    1
  MAXqr :  0.124907E-02   19   31    8    MINqr :   0.00000        1    1    1
  MAXqi :  0.872143E-02   27   30   45    MINqi :   0.00000        1    1    1
  MAXqs :  0.136708E-02   26   29   44    MINqs :   0.00000        1    1    1
  MAXqg :  0.199533E-02   29   20   41    MINqg :   0.00000        1    1    1
  MAXqhl:  0.140733E-06   21   28   25    MINqhl:   0.00000        1    1    1
  MAXccn:  0.177170E+10   24   26   28    MINccn:   0.00000       13   28    4
  MAXccw:  0.657580E+10   24   27   23    MINccw:   0.00000        1    1    1
  MAXcrw:   823795.       18   31    8    MINcrw:   0.00000        1    1    1
  MAXcci:  0.161633E+10   24   19   34    MINcci:   0.00000        1    1    1
  MAXcsw:   769776.       26   29   44    MINcsw:   0.00000        1    1    1
  MAXchw:   28672.5       26   29   43    MINchw:   0.00000        1    1    1
  MAXchl:  0.175830E-03   21   28   26    MINchl:   0.00000        1    1    1
  MAXvhw:  0.637341E-05   29   22   36    MINvhw:   0.00000        1    1    1
  MAXvhl:  0.160181E-09   21   28   25    MINvhl:   0.00000        1    1    1
  TKEMAX:   69.2303       23   21   17    TKEMIN:   0.00000        1    1    1
  KMHMAX:   843.926       23   21   17    KMHMIN:   0.00000        1    1    1
  KMVMAX:   843.926       23   21   17    KMVMIN:   0.00000        1    1    1
  KHHMAX:   2531.78       23   21   17    KHHMIN:   0.00000        1    1    1
  KHVMAX:   2531.78       23   21   17    KHVMIN:   0.00000        1    1    1
  DIVMAX:  0.132865E-02   25   22   14    DIVMIN: -0.156780E-02   30   35    1
  RHMAX :   1.21329       29   30   43    RHMIN :  0.510962E-09   28   40   15
  RHIMAX:   2.66946       29   30   43    RHIMIN:  0.460928E-09   28   40   15
  THEMAX:   381.797       18   32    8    THEMIN:   315.740       26   50   15
  STHEMX:   380.043       16   20    1    STHEMN:   357.291       17   27    1
  QCTOP :  17300.000000    1    1    1    QCBOT :    399.719604    1    1    1
  SFPMAX:   95768.0       30   20    1    SFPMIN:   93617.6       30   37    1
  PSFCMX:   96605.0       30   20    1    PSFCMN:   94440.9       30   37    1
  WSPMAX:   60.0419       29   33   43    WSPMIN:  0.603528       18   19    2
  SWSPMX:   17.1439       30   17    1    SWSPMN:  0.753527       17   21    1
  CFLMAX:      0.461830   24   32   27
  KSHMAX:  0.474709E-02   23   21   17
  KSVMAX:  0.263436       23   21   17
  VORSFC:  0.265974E-02
  VOR1KM:  0.556594E-02
  VOR2KM:  0.822788E-02
  VOR3KM:  0.696760E-02
  VOR4KM:  0.810267E-02
  VOR5KM:  0.646964E-02
  TMASS :  0.207380E+15
  TMOIS :  0.751912E+12
  qv MAS:  0.744284E+12
  qc MAS:  0.290609E+10
  qr MAS:  0.988741E+08
  qi MAS:  0.357547E+10
  qs MAS:  0.374522E+09
  qg MAS:  0.672709E+09
  qhlMAS:  0.219192E+04
  TENERG:  0.521655E+20
  TMU   :  0.531583E+16
  TMV   :  0.336058E+16
  TMW   :  0.866969E+13
  TMFU  :  0.890037E+11
  TMFD  : -0.683440E+11
  tcond :  0.000000E+00
  tevac :  0.000000E+00
  tauto :  0.000000E+00
  taccr :  0.000000E+00
  tevar :  0.000000E+00
  train :  0.319771E+03
  erain :  0.000000E+00
  qsfc  :  0.000000E+00
  esfc  :  0.000000E+00
  erad  :  0.000000E+00
  asqv  :  0.178971E+05
  asqc  :  0.374219E+08
  asqr  :  0.625638E+05
  asqi  :  0.399502E+06
  asqs  :  0.669843E+04
  asqg  :  0.331195E+05
  asqhl :  0.184629E+01
  asccn : -0.175389E+16
  asccw :  0.408271E+19
  ascrw :  0.163359E+15
  ascci :  0.392858E+17
  ascsw : -0.572677E+13
  aschw :  0.369401E+12
  aschl :  0.210384E+04
  asvhw :  0.100775E+03
  asvhl :  0.147247E-01
  bsqv  :  0.000000E+00
  bsqc  :  0.000000E+00
  bsqr  :  0.000000E+00
  bsqi  :  0.000000E+00
  bsqs  :  0.000000E+00
  bsqg  :  0.000000E+00
  bsqhl :  0.000000E+00
  bsccn :  0.000000E+00
  bsccw :  0.000000E+00
  bscrw :  0.000000E+00
  bscci :  0.000000E+00
  bscsw :  0.000000E+00
  bschw :  0.000000E+00
  bschl :  0.000000E+00
  bsvhw :  0.000000E+00
  bsvhl :  0.000000E+00
 cm1out_stats.nc                                                       
   nrec =           22
           168             21.000000 min 
           169             21.125000 min 
           170             21.250000 min 
           171             21.375000 min 
           172             21.500000 min 
           173             21.625000 min 
           174             21.750000 min 
           175             21.875000 min 
  WMAX  :   18.7293       26   30   36    WMIN  :  -17.7763       25   32   29
  UMAX  :   58.7778       31   30   42    UMIN  :  -12.8155       30   23    1
  SUMAX :   10.0739       23   21    1    SUMIN :  -12.8155       30   23    1
  VMAX  :   43.8011       27   34   43    VMIN  :  -21.5672       32   19   42
  SVMAX :   16.1555       29   16    1    SVMIN :  -1.85223       17   20    1
  PPIMAX:  0.383230E-02   29   37   51    PPIMIN: -0.390680E-02   15   19   51
  PPMAX :   533.352       20   31    1    PPMIN :  -733.250       38   32    1
  THPMAX:   23.1557       29   31   47    THPMIN:  -30.6843       27   31   44
  STHPMX:   1.55817       16   20    1    STHPMN: -0.669556E-01   17   28    1
  MAXqv :  0.238980E-01   17   20    2    MINqv :  0.156383E-06   25   25   35
  MAXqc :  0.635973E-02   25   22   18    MINqc :   0.00000        1    1    1
  MAXqr :  0.993156E-03   19   31    7    MINqr :   0.00000        1    1    1
  MAXqi :  0.788023E-02   26   31   44    MINqi :   0.00000        1    1    1
  MAXqs :  0.131720E-02   30   24   32    MINqs :   0.00000        1    1    1
  MAXqg :  0.167508E-02   30   20   41    MINqg :   0.00000        1    1    1
  MAXqhl:  0.530576E-07   22   29   22    MINqhl:   0.00000        1    1    1
  MAXccn:  0.170177E+10   31   28   20    MINccn:   0.00000       15   29    4
  MAXccw:  0.539353E+10   24   24   28    MINccw:   0.00000        1    1    1
  MAXcrw:   346994.       18   31    6    MINcrw:   0.00000        1    1    1
  MAXcci:  0.185650E+10   25   20   34    MINcci:   0.00000        1    1    1
  MAXcsw:   683191.       30   24   32    MINcsw:   0.00000        1    1    1
  MAXchw:   27858.8       30   24   32    MINchw:   0.00000        1    1    1
  MAXchl:  0.771971E-04   22   29   25    MINchl:   0.00000        1    1    1
  MAXvhw:  0.556503E-05   30   22   40    MINvhw:   0.00000        1    1    1
  MAXvhl:  0.670287E-10   22   29   21    MINvhl:   0.00000        1    1    1
  TKEMAX:   71.8725       23   21   17    TKEMIN:   0.00000        1    1    1
  KMHMAX:   859.880       23   21   17    KMHMIN:   0.00000        1    1    1
  KMVMAX:   859.880       23   21   17    KMVMIN:   0.00000        1    1    1
  KHHMAX:   2579.64       23   21   17    KHHMIN:   0.00000        1    1    1
  KHVMAX:   2579.64       23   21   17    KHVMIN:   0.00000        1    1    1
  DIVMAX:  0.827396E-03   27   33    1    DIVMIN: -0.661384E-03   25   15    1
  RHMAX :   1.20885       27   31   23    RHMIN :  0.462345E-03   25   25   35
  RHIMAX:   1.79772       34   21   40    RHIMIN:  0.610936E-03   28   40   15
  THEMAX:   379.699       17   20    2    THEMIN:   316.415       30   41   15
  STHEMX:   379.229       16   20    1    STHEMN:   356.886       18   28    1
  QCTOP :  17300.000000    1    1    1    QCBOT :    399.719604    1    1    1
  SFPMAX:   95699.7       20   31    1    SFPMIN:   94433.1       38   32    1
  PSFCMX:   96537.6       20   31    1    PSFCMN:   95261.5       38   32    1
  WSPMAX:   59.7562       22   42   34    WSPMIN:  0.616700       14   30    1
  SWSPMX:   17.6750       29   22    1    SWSPMN:  0.616700       14   30    1
  CFLMAX:      0.437487   23   29   20
  KSHMAX:  0.483682E-02   23   21   17
  KSVMAX:  0.271183       20   36    6
  VORSFC:  0.262683E-02
  VOR1KM:  0.642706E-02
  VOR2KM:  0.100619E-01
  VOR3KM:  0.750874E-02
  VOR4KM:  0.715436E-02
  VOR5KM:  0.689794E-02
  TMASS :  0.207380E+15
  TMOIS :  0.751986E+12
  qv MAS:  0.744056E+12
  qc MAS:  0.291702E+10
  qr MAS:  0.105290E+09
  qi MAS:  0.372791E+10
  qs MAS:  0.434807E+09
  qg MAS:  0.745157E+09
  qhlMAS:  0.224718E+04
  TENERG:  0.521659E+20
  TMU   :  0.531942E+16
  TMV   :  0.335974E+16
  TMW   : -0.580289E+13
  TMFU  :  0.791710E+11
  TMFD  : -0.922896E+11
  tcond :  0.000000E+00
  tevac :  0.000000E+00
  tauto :  0.000000E+00
  taccr :  0.000000E+00
  tevar :  0.000000E+00
  train :  0.123380E+05
  erain :  0.000000E+00
  qsfc  :  0.000000E+00
  esfc  :  0.000000E+00
  erad  :  0.000000E+00
  asqv  :  0.196209E+05
  asqc  :  0.380385E+08
  asqr  :  0.632103E+05
  asqi  :  0.402015E+06
  asqs  :  0.710543E+04
  asqg  :  0.341155E+05
  asqhl :  0.275150E+01
  asccn :  0.246347E+17
  asccw :  0.472880E+19
  ascrw :  0.164551E+15
  ascci :  0.434840E+17
  ascsw : -0.563767E+13
  aschw :  0.385857E+12
  aschl :  0.351502E+04
  asvhw :  0.103426E+03
  asvhl :  0.174582E-01
  bsqv  :  0.000000E+00
  bsqc  :  0.000000E+00
  bsqr  :  0.000000E+00
  bsqi  :  0.000000E+00
  bsqs  :  0.000000E+00
  bsqg  :  0.000000E+00
  bsqhl :  0.000000E+00
  bsccn :  0.000000E+00
  bsccw :  0.000000E+00
  bscrw :  0.000000E+00
  bscci :  0.000000E+00
  bscsw :  0.000000E+00
  bschw :  0.000000E+00
  bschl :  0.000000E+00
  bsvhw :  0.000000E+00
  bsvhl :  0.000000E+00
 cm1out_stats.nc                                                       
   nrec =           23
           176             22.000000 min 
           177             22.125000 min 
           178             22.250000 min 
           179             22.375000 min 
           180             22.500000 min 
           181             22.625000 min 
           182             22.750000 min 
           183             22.875000 min 
  WMAX  :   19.3407       24   29   24    WMIN  :  -15.4334       28   31   45
  UMAX  :   55.0306       40   26   36    UMIN  :  -12.2005       30   23    1
  SUMAX :   10.4801       23   21    1    SUMIN :  -12.2005       30   23    1
  VMAX  :   37.8810       28   35   42    VMIN  :  -17.6413       32   19   41
  SVMAX :   16.2138       27   20    1    SVMIN :  -2.18945       23   22    1
  PPIMAX:  0.297884E-02   45   35   51    PPIMIN: -0.208688E-02   30   32   43
  PPMAX :   428.320        1   28    1    PPMIN :  -435.328       12   15    1
  THPMAX:   26.0395       33   22   44    THPMIN:  -28.1992       30   26   45
  STHPMX:   1.57883       16   20    1    STHPMN: -0.165253       17   28    1
  MAXqv :  0.237092E-01   17   21    2    MINqv :  0.710761E-07   25   25   35
  MAXqc :  0.692266E-02   26   22   21    MINqc :   0.00000        1    1    1
  MAXqr :  0.142881E-02   24   29   23    MINqr :   0.00000        1    1    1
  MAXqi :  0.689305E-02   33   30   41    MINqi :   0.00000        1    1    1
  MAXqs :  0.149564E-02   31   25   33    MINqs :   0.00000        1    1    1
  MAXqg :  0.179692E-02   25   30   32    MINqg :   0.00000        1    1    1
  MAXqhl:  0.186407E-04   24   29   25    MINqhl:   0.00000        1    1    1
  MAXccn:  0.173063E+10   31   28   20    MINccn:   0.00000       10   30    5
  MAXccw:  0.412493E+10   27   28   20    MINccw:   0.00000        1    1    1
  MAXcrw:   367314.       29   24   21    MINcrw:   0.00000        1    1    1
  MAXcci:  0.121453E+10   26   20   34    MINcci:   0.00000        1    1    1
  MAXcsw:   612925.       31   25   33    MINcsw:   0.00000        1    1    1
  MAXchw:   26200.7       31   25   32    MINchw:   0.00000        1    1    1
  MAXchl:   6.36866       25   29   24    MINchl:   0.00000        1    1    1
  MAXvhw:  0.632950E-05   31   23   32    MINvhw:   0.00000        1    1    1
  MAXvhl:  0.259202E-07   24   29   25    MINvhl:   0.00000        1    1    1
  TKEMAX:   67.8896       24   21   19    TKEMIN:   0.00000        1    1    1
  KMHMAX:   884.114       27   23   25    KMHMIN:   0.00000        1    1    1
  KMVMAX:   884.114       27   23   25    KMVMIN:   0.00000        1    1    1
  KHHMAX:   2652.34       27   23   25    KHHMIN:   0.00000        1    1    1
  KHVMAX:   2652.34       27   23   25    KHVMIN:   0.00000        1    1    1
  DIVMAX:  0.336901E-03   15   11    1    DIVMIN: -0.383529E-03   43   45    1
  RHMAX :   1.05796       28   31   22    RHMIN :  0.219701E-03   25   25   35
  RHIMAX:   1.64419       35   22   40    RHIMIN:  0.341759E-03   25   25   35
  THEMAX:   378.852       17   21    2    THEMIN:   316.359       29   40   15
  STHEMX:   377.877       16   20    1    STHEMN:   356.900       18   28    1
  QCTOP :  17300.000000    1    1    1    QCBOT :    399.719604    1    1    1
  SFPMAX:   95594.6        1   28    1    SFPMIN:   94731.0       12   15    1
  PSFCMX:   96430.4        1   28    1    PSFCMN:   95561.4       12   15    1
  WSPMAX:   58.5161       23   43   34    WSPMIN:  0.370439       14   30    1
  SWSPMX:   17.5237       27   20    1    SWSPMN:  0.370439       14   30    1
  CFLMAX:      0.452894   26   23   20
  KSHMAX:  0.497314E-02   27   23   25
  KSVMAX:  0.265256       20   37    6
  VORSFC:  0.252511E-02
  VOR1KM:  0.608358E-02
  VOR2KM:  0.925706E-02
  VOR3KM:  0.810263E-02
  VOR4KM:  0.676208E-02
  VOR5KM:  0.658053E-02
  TMASS :  0.207380E+15
  TMOIS :  0.752073E+12
  qv MAS:  0.743776E+12
  qc MAS:  0.298816E+10
  qr MAS:  0.122611E+09
  qi MAS:  0.384772E+10
  qs MAS:  0.501450E+09
  qg MAS:  0.837059E+09
  qhlMAS:  0.521985E+05
  TENERG:  0.521666E+20
  TMU   :  0.533479E+16
  TMV   :  0.336367E+16
  TMW   :  0.973900E+13
  TMFU  :  0.962416E+11
  TMFD  : -0.722314E+11
  tcond :  0.000000E+00
  tevac :  0.000000E+00
  tauto :  0.000000E+00
  taccr :  0.000000E+00
  tevar :  0.000000E+00
  train :  0.154088E+06
  erain :  0.000000E+00
  qsfc  :  0.000000E+00
  esfc  :  0.000000E+00
  erad  :  0.000000E+00
  asqv  :  0.196209E+05
  asqc  :  0.386536E+08
  asqr  :  0.637791E+05
  asqi  :  0.403212E+06
  asqs  :  0.711220E+04
  asqg  :  0.346563E+05
  asqhl :  0.130580E+02
  asccn :  0.433941E+17
  asccw :  0.500707E+19
  ascrw :  0.165295E+15
  ascci :  0.457494E+17
  ascsw : -0.559258E+13
  aschw :  0.393048E+12
  aschl :  0.728049E+07
  asvhw :  0.104855E+03
  asvhl :  0.359588E-01
  bsqv  :  0.000000E+00
  bsqc  :  0.000000E+00
  bsqr  :  0.000000E+00
  bsqi  :  0.000000E+00
  bsqs  :  0.000000E+00
  bsqg  :  0.000000E+00
  bsqhl :  0.000000E+00
  bsccn :  0.000000E+00
  bsccw :  0.000000E+00
  bscrw :  0.000000E+00
  bscci :  0.000000E+00
  bscsw :  0.000000E+00
  bschw :  0.000000E+00
  bschl :  0.000000E+00
  bsvhw :  0.000000E+00
  bsvhl :  0.000000E+00
 cm1out_stats.nc                                                       
   nrec =           24
           184             23.000000 min 
           185             23.125000 min 
           186             23.250000 min 
           187             23.375000 min 
           188             23.500000 min 
           189             23.625000 min 
           190             23.750000 min 
           191             23.875000 min 
  WMAX  :   23.8315       24   30   24    WMIN  :  -11.8836       29   32   44
  UMAX  :   55.1045       39   35   36    UMIN  :  -11.8123       31   23    1
  SUMAX :   10.8827       24   21    1    SUMIN :  -11.8123       31   23    1
  VMAX  :   36.9800       26   34   31    VMIN  :  -11.6154       32   20   41
  SVMAX :   17.4948       27   21    1    SVMIN :  -2.01642       24   23    1
  PPIMAX:  0.226854E-02    1   18   51    PPIMIN: -0.137503E-02   17    9   51
  PPMAX :   408.242        1    2    1    PPMIN :  -299.930        1   14    1
  THPMAX:   28.7630       30   32   44    THPMIN:  -21.5844       30   26   44
  STHPMX:   1.53165       16   20    1    STHPMN: -0.180939       18   29    1
  MAXqv :  0.233848E-01   17   21    2    MINqv :  0.435522E-07   27   26   34
  MAXqc :  0.779595E-02   27   23   24    MINqc :   0.00000        1    1    1
  MAXqr :  0.232691E-02   25   30   24    MINqr :   0.00000        1    1    1
  MAXqi :  0.672636E-02   34   31   40    MINqi :   0.00000        1    1    1
  MAXqs :  0.160635E-02   32   26   34    MINqs :   0.00000        1    1    1
  MAXqg :  0.228909E-02   26   30   32    MINqg :   0.00000        1    1    1
  MAXqhl:  0.651676E-04   25   30   25    MINqhl:   0.00000        1    1    1
  MAXccn:  0.172609E+10   33   29   20    MINccn:   0.00000       14   29    5
  MAXccw:  0.374314E+10   27   28   21    MINccw:   0.00000        1    1    1
  MAXcrw:   531909.       27   23   24    MINcrw:   0.00000        1    1    1
  MAXcci:  0.845571E+09   27   21   35    MINcci:   0.00000        1    1    1
  MAXcsw:   610122.       33   26   34    MINcsw:   0.00000        1    1    1
  MAXchw:   24532.0       32   26   33    MINchw:   0.00000        1    1    1
  MAXchl:   15.6676       25   30   26    MINchl:   0.00000        1    1    1
  MAXvhw:  0.786591E-05   26   30   32    MINvhw:   0.00000        1    1    1
  MAXvhl:  0.794109E-07   25   30   26    MINvhl:   0.00000        1    1    1
  TKEMAX:   66.2391       28   24   26    TKEMIN:   0.00000        1    1    1
  KMHMAX:   931.775       27   23   27    KMHMIN:   0.00000        1    1    1
  KMVMAX:   931.775       27   23   27    KMVMIN:   0.00000        1    1    1
  KHHMAX:   2795.32       27   23   27    KHHMIN:   0.00000        1    1    1
  KHVMAX:   2795.32       27   23   27    KHVMIN:   0.00000        1    1    1
  DIVMAX:  0.295463E-03   42   49    1    DIVMIN: -0.299932E-03   12    5    1
  RHMAX :   1.00576       29   32   22    RHMIN :  0.939583E-04   27   26   34
  RHIMAX:   1.41769       27   21   33    RHIMIN:  0.140065E-03   27   26   34
  THEMAX:   377.921       17   21    2    THEMIN:   316.463       31   41   15
  STHEMX:   377.127       17   20    1    STHEMN:   357.076       18   28    1
  QCTOP :  17900.000000    1    1    1    QCBOT :    569.454773    1    1    1
  SFPMAX:   95574.6        1    2    1    SFPMIN:   94866.4        1   14    1
  PSFCMX:   96410.2        1    2    1    PSFCMN:   95697.6        1   14    1
  WSPMAX:   57.6400       37   36   36    WSPMIN:  0.814391       14   30    1
  SWSPMX:   18.1814       27   20    1    SWSPMN:  0.814391       14   30    1
  CFLMAX:      0.553586   24   30   22
  KSHMAX:  0.524123E-02   27   23   27
  KSVMAX:  0.261972       18   20   10
  VORSFC:  0.274581E-02
  VOR1KM:  0.597090E-02
  VOR2KM:  0.834633E-02
  VOR3KM:  0.766426E-02
  VOR4KM:  0.780764E-02
  VOR5KM:  0.535265E-02
  TMASS :  0.207380E+15
  TMOIS :  0.752200E+12
  qv MAS:  0.743372E+12
  qc MAS:  0.315906E+10
  qr MAS:  0.174206E+09
  qi MAS:  0.395312E+10
  qs MAS:  0.576423E+09
  qg MAS:  0.964360E+09
  qhlMAS:  0.826629E+06
  TENERG:  0.521670E+20
  TMU   :  0.534102E+16
  TMV   :  0.336765E+16
  TMW   : -0.491821E+13
  TMFU  :  0.817145E+11
  TMFD  : -0.931246E+11
  tcond :  0.000000E+00
  tevac :  0.000000E+00
  tauto :  0.000000E+00
  taccr :  0.000000E+00
  tevar :  0.000000E+00
  train :  0.435120E+06
  erain :  0.000000E+00
  qsfc  :  0.000000E+00
  esfc  :  0.000000E+00
  erad  :  0.000000E+00
  asqv  :  0.197970E+05
  asqc  :  0.392620E+08
  asqr  :  0.641939E+05
  asqi  :  0.404282E+06
  asqs  :  0.717329E+04
  asqg  :  0.349892E+05
  asqhl :  0.150723E+03
  asccn :  0.633809E+17
  asccw :  0.535281E+19
  ascrw :  0.165809E+15
  ascci :  0.462299E+17
  ascsw : -0.556796E+13
  aschw :  0.396275E+12
  aschl :  0.532221E+08
  asvhw :  0.106497E+03
  asvhl :  0.254336E+00
  bsqv  :  0.000000E+00
  bsqc  :  0.000000E+00
  bsqr  :  0.000000E+00
  bsqi  :  0.000000E+00
  bsqs  :  0.000000E+00
  bsqg  :  0.000000E+00
  bsqhl :  0.000000E+00
  bsccn :  0.000000E+00
  bsccw :  0.000000E+00
  bscrw :  0.000000E+00
  bscci :  0.000000E+00
  bscsw :  0.000000E+00
  bschw :  0.000000E+00
  bschl :  0.000000E+00
  bsvhw :  0.000000E+00
  bsvhl :  0.000000E+00
 cm1out_stats.nc                                                       
   nrec =           25
           192             24.000000 min 
           193             24.125000 min 
           194             24.250000 min 
           195             24.375000 min 
           196             24.500000 min 
           197             24.625000 min 
           198             24.750000 min 
           199             24.875000 min 
   Getting dbz ... 
  WMAX  :   25.6553       25   30   27    WMIN  :  -11.8896       28   21   22
  UMAX  :   54.6625       43   28   36    UMIN  :  -11.2565       32   24    1
  SUMAX :   11.7354       24   21    1    SUMIN :  -11.2565       32   24    1
  VMAX  :   37.6275       26   33   32    VMIN  :  -7.10084       35   26   43
  SVMAX :   18.9460       27   21    1    SVMIN :  -2.54916       24   23    1
  PPIMAX:  0.169915E-02   26   31   34    PPIMIN: -0.123489E-02   31   33   42
  PPMAX :   366.312        1   62    1    PPMIN :  -294.352        1    1    1
  THPMAX:   29.5174       34   23   43    THPMIN:  -18.9431       29   27   44
  STHPMX:   1.56473       16   21    1    STHPMN: -0.179626       18   29    1
  MAXqv :  0.229899E-01   17   20    1    MINqv :  0.171782E-07   27   26   35
  MAXqc :  0.856194E-02   28   24   26    MINqc :   0.00000        1    1    1
  MAXqr :  0.426749E-02   25   30   26    MINqr :   0.00000        1    1    1
  MAXqi :  0.667728E-02   36   31   40    MINqi :   0.00000        1    1    1
  MAXqs :  0.160952E-02   34   27   34    MINqs :   0.00000        1    1    1
  MAXqg :  0.365643E-02   27   31   32    MINqg :   0.00000        1    1    1
  MAXqhl:  0.258562E-03   26   30   26    MINqhl:   0.00000        1    1    1
  MAXccn:  0.176176E+10   33   29   20    MINccn:   0.00000       15   29    6
  MAXccw:  0.291679E+10   29   29   21    MINccw:   0.00000        1    1    1
  MAXcrw:   700991.       28   24   26    MINcrw:   0.00000        1    1    1
  MAXcci:  0.738971E+09   29   21   36    MINcci:   0.00000        1    1    1
  MAXcsw:   566524.       34   27   35    MINcsw:   0.00000        1    1    1
  MAXchw:   23107.2       34   26   35    MINchw:   0.00000        1    1    1
  MAXchl:   41.2091       26   31   25    MINchl:   0.00000        1    1    1
  MAXvhw:  0.125345E-04   27   31   32    MINvhw:   0.00000        1    1    1
  MAXvhl:  0.290568E-06   26   30   26    MINvhl:   0.00000        1    1    1
  TKEMAX:   77.6961       28   24   29    TKEMIN:   0.00000        1    1    1
  KMHMAX:   1036.73       28   24   29    KMHMIN:   0.00000        1    1    1
  KMVMAX:   1036.73       28   24   29    KMVMIN:   0.00000        1    1    1
  KHHMAX:   3110.20       28   24   29    KHHMIN:   0.00000        1    1    1
  KHVMAX:   3110.20       28   24   29    KHVMIN:   0.00000        1    1    1
  DIVMAX:  0.475240E-03   25   32   15    DIVMIN: -0.242586E-03   23   32   22
  RHMAX :   1.11147       34   23   47    RHMIN :  0.466513E-04   42   19   34
  RHIMAX:   2.25028       31   32   48    RHIMIN:  0.703107E-04   42   19   34
  THEMAX:   376.483       17   21    2    THEMIN:   316.685       31   41   15
  STHEMX:   376.251       17   20    1    STHEMN:   357.255       18   28    1
  QCTOP :  18500.000000    1    1    1    QCBOT :    569.454773    1    1    1
  SFPMAX:   95532.6        1   62    1    SFPMIN:   94872.0        1    1    1
  PSFCMX:   96368.0        1   62    1    PSFCMN:   95703.2        1    1    1
  WSPMAX:   57.7624       39   37   36    WSPMIN:   1.18883       15   31    1
  SWSPMX:   18.8358       27   21    1    SWSPMN:   1.18883       15   31    1
  CFLMAX:      0.524134   25   30   26
  KSHMAX:  0.583162E-02   28   24   29
  KSVMAX:  0.269637       18   20   10
  VORSFC:  0.366146E-02
  VOR1KM:  0.645222E-02
  VOR2KM:  0.914916E-02
  VOR3KM:  0.835050E-02
  VOR4KM:  0.686041E-02
  VOR5KM:  0.603094E-02
  TMASS :  0.207380E+15
  TMOIS :  0.752362E+12
  qv MAS:  0.742989E+12
  qc MAS:  0.323478E+10
  qr MAS:  0.262259E+09
  qi MAS:  0.403783E+10
  qs MAS:  0.657996E+09
  qg MAS:  0.117524E+10
  qhlMAS:  0.472784E+07
  TENERG:  0.521673E+20
  TMU   :  0.534766E+16
  TMV   :  0.337181E+16
  TMW   :  0.121157E+14
  TMFU  :  0.107816E+12
  TMFD  : -0.775324E+11
  tcond :  0.000000E+00
  tevac :  0.000000E+00
  tauto :  0.000000E+00
  taccr :  0.000000E+00
  tevar :  0.000000E+00
  train :  0.798064E+06
  erain :  0.000000E+00
  qsfc  :  0.000000E+00
  esfc  :  0.000000E+00
  erad  :  0.000000E+00
  asqv  :  0.200359E+05
  asqc  :  0.399192E+08
  asqr  :  0.656633E+05
  asqi  :  0.404501E+06
  asqs  :  0.718001E+04
  asqg  :  0.354515E+05
  asqhl :  0.419960E+03
  asccn :  0.780050E+17
  asccw :  0.551089E+19
  ascrw :  0.166356E+15
  ascci :  0.465406E+17
  ascsw : -0.558196E+13
  aschw :  0.398194E+12
  aschl :  0.136482E+09
  asvhw :  0.108312E+03
  asvhl :  0.692826E+00
  bsqv  :  0.000000E+00
  bsqc  :  0.000000E+00
  bsqr  :  0.000000E+00
  bsqi  :  0.000000E+00
  bsqs  :  0.000000E+00
  bsqg  :  0.000000E+00
  bsqhl :  0.000000E+00
  bsccn :  0.000000E+00
  bsccw :  0.000000E+00
  bscrw :  0.000000E+00
  bscci :  0.000000E+00
  bscsw :  0.000000E+00
  bschw :  0.000000E+00
  bschl :  0.000000E+00
  bsvhw :  0.000000E+00
  bsvhl :  0.000000E+00
 cm1out_stats.nc                                                       
   nrec =           26
           200             25.000000 min 
   string = cm1out_rst_000005.nc                                                  
  USING COMPRESSED netCDF4 
   leaving restart_prelim 

 Total time:    2.37499976    

   sound    :        0.08    3.16%
   poiss    :        0.00    0.00%
   advs     :        0.34   14.32%
   advu     :        0.00    0.00%
   advv     :        0.00    0.00%
   advw     :        0.06    2.53%
   divx     :        0.03    1.05%
   buoyan   :        0.06    2.53%
   turb     :        0.02    0.84%
   sfcphys  :        0.00    0.00%
   tmix     :        0.04    1.68%
   cor      :        0.00    0.00%
   diffu    :        0.00    0.00%
   rdamp    :        0.08    3.37%
   microphy :        0.13    5.47%
   satadj   :        0.00    0.00%
   fallout  :        0.00    0.00%
   radiatio :        0.00    0.00%
   pbl      :        0.00    0.00%
   stat     :        0.00    0.21%
   cflq     :        0.00    0.00%
   bc       :        0.04    1.68%
   integ    :        0.09    4.00%
   write    :        0.00    0.00%
   restart  :        0.38   15.79%
   misc     :        0.04    1.68%
   swaths   :        0.00    0.00%
   pdef     :        0.05    1.89%
   prsrho   :        0.28   11.79%
   parcels  :        0.00    0.00%
   mp_total :        0.67   28.00%

   mpu1     :        0.01    0.42%
   mpu2     :        0.15    6.32%
   mpv1     :        0.00    0.00%
   mpv2     :        0.00    0.00%
   mpw1     :        0.01    0.42%
   mpw2     :        0.00    0.00%
   mpp1     :        0.00    0.00%
   mpp2     :        0.00    0.00%
   mps1     :        0.10    4.42%
   mps2     :        0.10    4.42%
   mps3     :        0.00    0.00%
   mps4     :        0.12    4.84%
   mpq1     :        0.00    0.00%
   mpq2     :        0.00    0.00%
   mptk1    :        0.17    7.16%
   mptk2    :        0.00    0.00%
   mpb      :        0.00    0.00%


   MN =    695747456.    

 Program terminated normally:  myid=          14
 Program terminated normally:  myid=          12
 Program terminated normally:  myid=           9
 Program terminated normally:  myid=           8
 Program terminated normally:  myid=          13
 Program terminated normally:  myid=          10
 Program terminated normally:  myid=          11
 Program terminated normally:  myid=          15
 Program terminated normally:  myid=          19
 Program terminated normally:  myid=          18
 Program terminated normally:  myid=          21
 Program terminated normally:  myid=           3
 Program terminated normally:  myid=          22
 Program terminated normally:  myid=           7
 Program terminated normally:  myid=          16
 Program terminated normally:  myid=          17
 Program terminated normally:  myid=          24
 Program terminated normally:  myid=          20
 Program terminated normally:  myid=           1
 Program terminated normally:  myid=           5
 Program terminated normally:  myid=           4
 Program terminated normally:  myid=           0
 Program terminated normally:  myid=           2
 Program terminated normally:  myid=           6
 Program terminated normally:  myid=          23
