
 ==> RUN_FCST: Date&time supplied: 2024 05-08 21:00:00, which corresponds to a local model time of 5400 sec

 Run_Fcst Script:  defaulting to 1 threads

 Run_Fcst Script:  64 cores requested....

 Run_Fcst Script: Number ensemble members to run not supplied, defaulting to experiment file:  36

 Run_Fcst Script: Integrating 036 ensemble members for 5400 seconds

 Found time 5400 in file:  /work/jessica.mcdonald/CM1_LETKF_2025/experiments/C3_3L12_R0/FORECAST_20240508_2100/member001/cm1rst_000022.nc
22

 Found time 5400 in file:  /work/jessica.mcdonald/CM1_LETKF_2025/experiments/C3_3L12_R0/FORECAST_20240508_2100/member001/cm1rst_000022.nc
 READ_NAMELIST: PROBLEM WITH NSSL_MP_PARAMS namelist: not found or bad token
 READ_NAMELIST: PROBLEM WITH NSSL_MP_PARAMS namelist: not found or bad token
 READ_NAMELIST: PROBLEM WITH NSSL_MP_PARAMS namelist: not found or bad token
 READ_NAMELIST: PROBLEM WITH NSSL_MP_PARAMS namelist: not found or bad token
 READ_NAMELIST: PROBLEM WITH NSSL_MP_PARAMS namelist: not found or bad token
 READ_NAMELIST: PROBLEM WITH NSSL_MP_PARAMS namelist: not found or bad token
 READ_NAMELIST: PROBLEM WITH NSSL_MP_PARAMS namelist: not found or bad token
 READ_NAMELIST: PROBLEM WITH NSSL_MP_PARAMS namelist: not found or bad token
 READ_NAMELIST: PROBLEM WITH NSSL_MP_PARAMS namelist: not found or bad token
 READ_NAMELIST: PROBLEM WITH NSSL_MP_PARAMS namelist: not found or bad token
 READ_NAMELIST: PROBLEM WITH NSSL_MP_PARAMS namelist: not found or bad token
 READ_NAMELIST: PROBLEM WITH NSSL_MP_PARAMS namelist: not found or bad token
 READ_NAMELIST: PROBLEM WITH NSSL_MP_PARAMS namelist: not found or bad token
 READ_NAMELIST: PROBLEM WITH NSSL_MP_PARAMS namelist: not found or bad token
 READ_NAMELIST: PROBLEM WITH NSSL_MP_PARAMS namelist: not found or bad token
 READ_NAMELIST: PROBLEM WITH NSSL_MP_PARAMS namelist: not found or bad token
 READ_NAMELIST: PROBLEM WITH NSSL_MP_PARAMS namelist: not found or bad token
 READ_NAMELIST: PROBLEM WITH NSSL_MP_PARAMS namelist: not found or bad token
 READ_NAMELIST: PROBLEM WITH NSSL_MP_PARAMS namelist: not found or bad token
 READ_NAMELIST: PROBLEM WITH NSSL_MP_PARAMS namelist: not found or bad token
 READ_NAMELIST: PROBLEM WITH NSSL_MP_PARAMS namelist: not found or bad token
 READ_NAMELIST: PROBLEM WITH NSSL_MP_PARAMS namelist: not found or bad token
 READ_NAMELIST: PROBLEM WITH NSSL_MP_PARAMS namelist: not found or bad token
 READ_NAMELIST: PROBLEM WITH NSSL_MP_PARAMS namelist: not found or bad token
 READ_NAMELIST: PROBLEM WITH NSSL_MP_PARAMS namelist: not found or bad token
 READ_NAMELIST: PROBLEM WITH NSSL_MP_PARAMS namelist: not found or bad token
 READ_NAMELIST: PROBLEM WITH NSSL_MP_PARAMS namelist: not found or bad token
 READ_NAMELIST: PROBLEM WITH NSSL_MP_PARAMS namelist: not found or bad token
 READ_NAMELIST: PROBLEM WITH NSSL_MP_PARAMS namelist: not found or bad token
 READ_NAMELIST: PROBLEM WITH NSSL_MP_PARAMS namelist: not found or bad token
 READ_NAMELIST: PROBLEM WITH NSSL_MP_PARAMS namelist: not found or bad token
 READ_NAMELIST: PROBLEM WITH NSSL_MP_PARAMS namelist: not found or bad token
 READ_NAMELIST: PROBLEM WITH NSSL_MP_PARAMS namelist: not found or bad token
 READ_NAMELIST: PROBLEM WITH NSSL_MP_PARAMS namelist: not found or bad token
 READ_NAMELIST: PROBLEM WITH NSSL_MP_PARAMS namelist: not found or bad token
 READ_NAMELIST: PROBLEM WITH NSSL_MP_PARAMS namelist: not found or bad token

 Executing command:  cd /work/jessica.mcdonald/CM1_LETKF_2025/experiments/C3_3L12_R0/FORECAST_20240508_2100/member001 ; mpirun -n 64 cm1.exe >> cm1.out 

 cd /work/jessica.mcdonald/CM1_LETKF_2025/experiments/C3_3L12_R0/FORECAST_20240508_2100/member001 ; mpirun -n 64 cm1.exe >> cm1.out completed....

 Executing command:  cd /work/jessica.mcdonald/CM1_LETKF_2025/experiments/C3_3L12_R0/FORECAST_20240508_2100/member002 ; mpirun -n 64 cm1.exe >> cm1.out 

 cd /work/jessica.mcdonald/CM1_LETKF_2025/experiments/C3_3L12_R0/FORECAST_20240508_2100/member002 ; mpirun -n 64 cm1.exe >> cm1.out completed....

 Executing command:  cd /work/jessica.mcdonald/CM1_LETKF_2025/experiments/C3_3L12_R0/FORECAST_20240508_2100/member003 ; mpirun -n 64 cm1.exe >> cm1.out 

 cd /work/jessica.mcdonald/CM1_LETKF_2025/experiments/C3_3L12_R0/FORECAST_20240508_2100/member003 ; mpirun -n 64 cm1.exe >> cm1.out completed....

 Executing command:  cd /work/jessica.mcdonald/CM1_LETKF_2025/experiments/C3_3L12_R0/FORECAST_20240508_2100/member004 ; mpirun -n 64 cm1.exe >> cm1.out 

 cd /work/jessica.mcdonald/CM1_LETKF_2025/experiments/C3_3L12_R0/FORECAST_20240508_2100/member004 ; mpirun -n 64 cm1.exe >> cm1.out completed....

 Executing command:  cd /work/jessica.mcdonald/CM1_LETKF_2025/experiments/C3_3L12_R0/FORECAST_20240508_2100/member005 ; mpirun -n 64 cm1.exe >> cm1.out 

 cd /work/jessica.mcdonald/CM1_LETKF_2025/experiments/C3_3L12_R0/FORECAST_20240508_2100/member005 ; mpirun -n 64 cm1.exe >> cm1.out completed....

 Executing command:  cd /work/jessica.mcdonald/CM1_LETKF_2025/experiments/C3_3L12_R0/FORECAST_20240508_2100/member006 ; mpirun -n 64 cm1.exe >> cm1.out 

 cd /work/jessica.mcdonald/CM1_LETKF_2025/experiments/C3_3L12_R0/FORECAST_20240508_2100/member006 ; mpirun -n 64 cm1.exe >> cm1.out completed....

 Executing command:  cd /work/jessica.mcdonald/CM1_LETKF_2025/experiments/C3_3L12_R0/FORECAST_20240508_2100/member007 ; mpirun -n 64 cm1.exe >> cm1.out 

 cd /work/jessica.mcdonald/CM1_LETKF_2025/experiments/C3_3L12_R0/FORECAST_20240508_2100/member007 ; mpirun -n 64 cm1.exe >> cm1.out completed....

 Executing command:  cd /work/jessica.mcdonald/CM1_LETKF_2025/experiments/C3_3L12_R0/FORECAST_20240508_2100/member008 ; mpirun -n 64 cm1.exe >> cm1.out 

 cd /work/jessica.mcdonald/CM1_LETKF_2025/experiments/C3_3L12_R0/FORECAST_20240508_2100/member008 ; mpirun -n 64 cm1.exe >> cm1.out completed....

 Executing command:  cd /work/jessica.mcdonald/CM1_LETKF_2025/experiments/C3_3L12_R0/FORECAST_20240508_2100/member009 ; mpirun -n 64 cm1.exe >> cm1.out 

 cd /work/jessica.mcdonald/CM1_LETKF_2025/experiments/C3_3L12_R0/FORECAST_20240508_2100/member009 ; mpirun -n 64 cm1.exe >> cm1.out completed....

 Executing command:  cd /work/jessica.mcdonald/CM1_LETKF_2025/experiments/C3_3L12_R0/FORECAST_20240508_2100/member010 ; mpirun -n 64 cm1.exe >> cm1.out 

 cd /work/jessica.mcdonald/CM1_LETKF_2025/experiments/C3_3L12_R0/FORECAST_20240508_2100/member010 ; mpirun -n 64 cm1.exe >> cm1.out completed....

 Executing command:  cd /work/jessica.mcdonald/CM1_LETKF_2025/experiments/C3_3L12_R0/FORECAST_20240508_2100/member011 ; mpirun -n 64 cm1.exe >> cm1.out 

 cd /work/jessica.mcdonald/CM1_LETKF_2025/experiments/C3_3L12_R0/FORECAST_20240508_2100/member011 ; mpirun -n 64 cm1.exe >> cm1.out completed....

 Executing command:  cd /work/jessica.mcdonald/CM1_LETKF_2025/experiments/C3_3L12_R0/FORECAST_20240508_2100/member012 ; mpirun -n 64 cm1.exe >> cm1.out 

 cd /work/jessica.mcdonald/CM1_LETKF_2025/experiments/C3_3L12_R0/FORECAST_20240508_2100/member012 ; mpirun -n 64 cm1.exe >> cm1.out completed....

 Executing command:  cd /work/jessica.mcdonald/CM1_LETKF_2025/experiments/C3_3L12_R0/FORECAST_20240508_2100/member013 ; mpirun -n 64 cm1.exe >> cm1.out 

 cd /work/jessica.mcdonald/CM1_LETKF_2025/experiments/C3_3L12_R0/FORECAST_20240508_2100/member013 ; mpirun -n 64 cm1.exe >> cm1.out completed....

 Executing command:  cd /work/jessica.mcdonald/CM1_LETKF_2025/experiments/C3_3L12_R0/FORECAST_20240508_2100/member014 ; mpirun -n 64 cm1.exe >> cm1.out 

 cd /work/jessica.mcdonald/CM1_LETKF_2025/experiments/C3_3L12_R0/FORECAST_20240508_2100/member014 ; mpirun -n 64 cm1.exe >> cm1.out completed....

 Executing command:  cd /work/jessica.mcdonald/CM1_LETKF_2025/experiments/C3_3L12_R0/FORECAST_20240508_2100/member015 ; mpirun -n 64 cm1.exe >> cm1.out 

 cd /work/jessica.mcdonald/CM1_LETKF_2025/experiments/C3_3L12_R0/FORECAST_20240508_2100/member015 ; mpirun -n 64 cm1.exe >> cm1.out completed....

 Executing command:  cd /work/jessica.mcdonald/CM1_LETKF_2025/experiments/C3_3L12_R0/FORECAST_20240508_2100/member016 ; mpirun -n 64 cm1.exe >> cm1.out 

 cd /work/jessica.mcdonald/CM1_LETKF_2025/experiments/C3_3L12_R0/FORECAST_20240508_2100/member016 ; mpirun -n 64 cm1.exe >> cm1.out completed....

 Executing command:  cd /work/jessica.mcdonald/CM1_LETKF_2025/experiments/C3_3L12_R0/FORECAST_20240508_2100/member017 ; mpirun -n 64 cm1.exe >> cm1.out 

 cd /work/jessica.mcdonald/CM1_LETKF_2025/experiments/C3_3L12_R0/FORECAST_20240508_2100/member017 ; mpirun -n 64 cm1.exe >> cm1.out completed....

 Executing command:  cd /work/jessica.mcdonald/CM1_LETKF_2025/experiments/C3_3L12_R0/FORECAST_20240508_2100/member018 ; mpirun -n 64 cm1.exe >> cm1.out 

 cd /work/jessica.mcdonald/CM1_LETKF_2025/experiments/C3_3L12_R0/FORECAST_20240508_2100/member018 ; mpirun -n 64 cm1.exe >> cm1.out completed....

 Executing command:  cd /work/jessica.mcdonald/CM1_LETKF_2025/experiments/C3_3L12_R0/FORECAST_20240508_2100/member019 ; mpirun -n 64 cm1.exe >> cm1.out 

 cd /work/jessica.mcdonald/CM1_LETKF_2025/experiments/C3_3L12_R0/FORECAST_20240508_2100/member019 ; mpirun -n 64 cm1.exe >> cm1.out completed....

 Executing command:  cd /work/jessica.mcdonald/CM1_LETKF_2025/experiments/C3_3L12_R0/FORECAST_20240508_2100/member020 ; mpirun -n 64 cm1.exe >> cm1.out 

 cd /work/jessica.mcdonald/CM1_LETKF_2025/experiments/C3_3L12_R0/FORECAST_20240508_2100/member020 ; mpirun -n 64 cm1.exe >> cm1.out completed....

 Executing command:  cd /work/jessica.mcdonald/CM1_LETKF_2025/experiments/C3_3L12_R0/FORECAST_20240508_2100/member021 ; mpirun -n 64 cm1.exe >> cm1.out 

 cd /work/jessica.mcdonald/CM1_LETKF_2025/experiments/C3_3L12_R0/FORECAST_20240508_2100/member021 ; mpirun -n 64 cm1.exe >> cm1.out completed....

 Executing command:  cd /work/jessica.mcdonald/CM1_LETKF_2025/experiments/C3_3L12_R0/FORECAST_20240508_2100/member022 ; mpirun -n 64 cm1.exe >> cm1.out 

 cd /work/jessica.mcdonald/CM1_LETKF_2025/experiments/C3_3L12_R0/FORECAST_20240508_2100/member022 ; mpirun -n 64 cm1.exe >> cm1.out completed....

 Executing command:  cd /work/jessica.mcdonald/CM1_LETKF_2025/experiments/C3_3L12_R0/FORECAST_20240508_2100/member023 ; mpirun -n 64 cm1.exe >> cm1.out 

 cd /work/jessica.mcdonald/CM1_LETKF_2025/experiments/C3_3L12_R0/FORECAST_20240508_2100/member023 ; mpirun -n 64 cm1.exe >> cm1.out completed....

 Executing command:  cd /work/jessica.mcdonald/CM1_LETKF_2025/experiments/C3_3L12_R0/FORECAST_20240508_2100/member024 ; mpirun -n 64 cm1.exe >> cm1.out 

 cd /work/jessica.mcdonald/CM1_LETKF_2025/experiments/C3_3L12_R0/FORECAST_20240508_2100/member024 ; mpirun -n 64 cm1.exe >> cm1.out completed....

 Executing command:  cd /work/jessica.mcdonald/CM1_LETKF_2025/experiments/C3_3L12_R0/FORECAST_20240508_2100/member025 ; mpirun -n 64 cm1.exe >> cm1.out 

 cd /work/jessica.mcdonald/CM1_LETKF_2025/experiments/C3_3L12_R0/FORECAST_20240508_2100/member025 ; mpirun -n 64 cm1.exe >> cm1.out completed....

 Executing command:  cd /work/jessica.mcdonald/CM1_LETKF_2025/experiments/C3_3L12_R0/FORECAST_20240508_2100/member026 ; mpirun -n 64 cm1.exe >> cm1.out 

 cd /work/jessica.mcdonald/CM1_LETKF_2025/experiments/C3_3L12_R0/FORECAST_20240508_2100/member026 ; mpirun -n 64 cm1.exe >> cm1.out completed....

 Executing command:  cd /work/jessica.mcdonald/CM1_LETKF_2025/experiments/C3_3L12_R0/FORECAST_20240508_2100/member027 ; mpirun -n 64 cm1.exe >> cm1.out 

 cd /work/jessica.mcdonald/CM1_LETKF_2025/experiments/C3_3L12_R0/FORECAST_20240508_2100/member027 ; mpirun -n 64 cm1.exe >> cm1.out completed....

 Executing command:  cd /work/jessica.mcdonald/CM1_LETKF_2025/experiments/C3_3L12_R0/FORECAST_20240508_2100/member028 ; mpirun -n 64 cm1.exe >> cm1.out 

 cd /work/jessica.mcdonald/CM1_LETKF_2025/experiments/C3_3L12_R0/FORECAST_20240508_2100/member028 ; mpirun -n 64 cm1.exe >> cm1.out completed....

 Executing command:  cd /work/jessica.mcdonald/CM1_LETKF_2025/experiments/C3_3L12_R0/FORECAST_20240508_2100/member029 ; mpirun -n 64 cm1.exe >> cm1.out 

 cd /work/jessica.mcdonald/CM1_LETKF_2025/experiments/C3_3L12_R0/FORECAST_20240508_2100/member029 ; mpirun -n 64 cm1.exe >> cm1.out completed....

 Executing command:  cd /work/jessica.mcdonald/CM1_LETKF_2025/experiments/C3_3L12_R0/FORECAST_20240508_2100/member030 ; mpirun -n 64 cm1.exe >> cm1.out 

 cd /work/jessica.mcdonald/CM1_LETKF_2025/experiments/C3_3L12_R0/FORECAST_20240508_2100/member030 ; mpirun -n 64 cm1.exe >> cm1.out completed....

 Executing command:  cd /work/jessica.mcdonald/CM1_LETKF_2025/experiments/C3_3L12_R0/FORECAST_20240508_2100/member031 ; mpirun -n 64 cm1.exe >> cm1.out 

 cd /work/jessica.mcdonald/CM1_LETKF_2025/experiments/C3_3L12_R0/FORECAST_20240508_2100/member031 ; mpirun -n 64 cm1.exe >> cm1.out completed....

 Executing command:  cd /work/jessica.mcdonald/CM1_LETKF_2025/experiments/C3_3L12_R0/FORECAST_20240508_2100/member032 ; mpirun -n 64 cm1.exe >> cm1.out 

 cd /work/jessica.mcdonald/CM1_LETKF_2025/experiments/C3_3L12_R0/FORECAST_20240508_2100/member032 ; mpirun -n 64 cm1.exe >> cm1.out completed....

 Executing command:  cd /work/jessica.mcdonald/CM1_LETKF_2025/experiments/C3_3L12_R0/FORECAST_20240508_2100/member033 ; mpirun -n 64 cm1.exe >> cm1.out 

 cd /work/jessica.mcdonald/CM1_LETKF_2025/experiments/C3_3L12_R0/FORECAST_20240508_2100/member033 ; mpirun -n 64 cm1.exe >> cm1.out completed....

 Executing command:  cd /work/jessica.mcdonald/CM1_LETKF_2025/experiments/C3_3L12_R0/FORECAST_20240508_2100/member034 ; mpirun -n 64 cm1.exe >> cm1.out 

 cd /work/jessica.mcdonald/CM1_LETKF_2025/experiments/C3_3L12_R0/FORECAST_20240508_2100/member034 ; mpirun -n 64 cm1.exe >> cm1.out completed....

 Executing command:  cd /work/jessica.mcdonald/CM1_LETKF_2025/experiments/C3_3L12_R0/FORECAST_20240508_2100/member035 ; mpirun -n 64 cm1.exe >> cm1.out 

 cd /work/jessica.mcdonald/CM1_LETKF_2025/experiments/C3_3L12_R0/FORECAST_20240508_2100/member035 ; mpirun -n 64 cm1.exe >> cm1.out completed....

 Executing command:  cd /work/jessica.mcdonald/CM1_LETKF_2025/experiments/C3_3L12_R0/FORECAST_20240508_2100/member036 ; mpirun -n 64 cm1.exe >> cm1.out 

 cd /work/jessica.mcdonald/CM1_LETKF_2025/experiments/C3_3L12_R0/FORECAST_20240508_2100/member036 ; mpirun -n 64 cm1.exe >> cm1.out completed....

 Now setting up forecast member: /work/jessica.mcdonald/CM1_LETKF_2025/experiments/C3_3L12_R0/FORECAST_20240508_2100/member001
/work/jessica.mcdonald/CM1_LETKF_2025/experiments/C3_3L12_R0/FORECAST_20240508_2100/member001/cm1.exe is the model path
/work/jessica.mcdonald/CM1_LETKF_2025/experiments/C3_3L12_R0/FORECAST_20240508_2100/member001/cm1.out is the outputfile path

 Now setting up forecast member: /work/jessica.mcdonald/CM1_LETKF_2025/experiments/C3_3L12_R0/FORECAST_20240508_2100/member002
/work/jessica.mcdonald/CM1_LETKF_2025/experiments/C3_3L12_R0/FORECAST_20240508_2100/member002/cm1.exe is the model path
/work/jessica.mcdonald/CM1_LETKF_2025/experiments/C3_3L12_R0/FORECAST_20240508_2100/member002/cm1.out is the outputfile path

 Now setting up forecast member: /work/jessica.mcdonald/CM1_LETKF_2025/experiments/C3_3L12_R0/FORECAST_20240508_2100/member003
/work/jessica.mcdonald/CM1_LETKF_2025/experiments/C3_3L12_R0/FORECAST_20240508_2100/member003/cm1.exe is the model path
/work/jessica.mcdonald/CM1_LETKF_2025/experiments/C3_3L12_R0/FORECAST_20240508_2100/member003/cm1.out is the outputfile path

 Now setting up forecast member: /work/jessica.mcdonald/CM1_LETKF_2025/experiments/C3_3L12_R0/FORECAST_20240508_2100/member004
/work/jessica.mcdonald/CM1_LETKF_2025/experiments/C3_3L12_R0/FORECAST_20240508_2100/member004/cm1.exe is the model path
/work/jessica.mcdonald/CM1_LETKF_2025/experiments/C3_3L12_R0/FORECAST_20240508_2100/member004/cm1.out is the outputfile path

 Now setting up forecast member: /work/jessica.mcdonald/CM1_LETKF_2025/experiments/C3_3L12_R0/FORECAST_20240508_2100/member005
/work/jessica.mcdonald/CM1_LETKF_2025/experiments/C3_3L12_R0/FORECAST_20240508_2100/member005/cm1.exe is the model path
/work/jessica.mcdonald/CM1_LETKF_2025/experiments/C3_3L12_R0/FORECAST_20240508_2100/member005/cm1.out is the outputfile path

 Now setting up forecast member: /work/jessica.mcdonald/CM1_LETKF_2025/experiments/C3_3L12_R0/FORECAST_20240508_2100/member006
/work/jessica.mcdonald/CM1_LETKF_2025/experiments/C3_3L12_R0/FORECAST_20240508_2100/member006/cm1.exe is the model path
/work/jessica.mcdonald/CM1_LETKF_2025/experiments/C3_3L12_R0/FORECAST_20240508_2100/member006/cm1.out is the outputfile path

 Now setting up forecast member: /work/jessica.mcdonald/CM1_LETKF_2025/experiments/C3_3L12_R0/FORECAST_20240508_2100/member007
/work/jessica.mcdonald/CM1_LETKF_2025/experiments/C3_3L12_R0/FORECAST_20240508_2100/member007/cm1.exe is the model path
/work/jessica.mcdonald/CM1_LETKF_2025/experiments/C3_3L12_R0/FORECAST_20240508_2100/member007/cm1.out is the outputfile path

 Now setting up forecast member: /work/jessica.mcdonald/CM1_LETKF_2025/experiments/C3_3L12_R0/FORECAST_20240508_2100/member008
/work/jessica.mcdonald/CM1_LETKF_2025/experiments/C3_3L12_R0/FORECAST_20240508_2100/member008/cm1.exe is the model path
/work/jessica.mcdonald/CM1_LETKF_2025/experiments/C3_3L12_R0/FORECAST_20240508_2100/member008/cm1.out is the outputfile path

 Now setting up forecast member: /work/jessica.mcdonald/CM1_LETKF_2025/experiments/C3_3L12_R0/FORECAST_20240508_2100/member009
/work/jessica.mcdonald/CM1_LETKF_2025/experiments/C3_3L12_R0/FORECAST_20240508_2100/member009/cm1.exe is the model path
/work/jessica.mcdonald/CM1_LETKF_2025/experiments/C3_3L12_R0/FORECAST_20240508_2100/member009/cm1.out is the outputfile path

 Now setting up forecast member: /work/jessica.mcdonald/CM1_LETKF_2025/experiments/C3_3L12_R0/FORECAST_20240508_2100/member010
/work/jessica.mcdonald/CM1_LETKF_2025/experiments/C3_3L12_R0/FORECAST_20240508_2100/member010/cm1.exe is the model path
/work/jessica.mcdonald/CM1_LETKF_2025/experiments/C3_3L12_R0/FORECAST_20240508_2100/member010/cm1.out is the outputfile path

 Now setting up forecast member: /work/jessica.mcdonald/CM1_LETKF_2025/experiments/C3_3L12_R0/FORECAST_20240508_2100/member011
/work/jessica.mcdonald/CM1_LETKF_2025/experiments/C3_3L12_R0/FORECAST_20240508_2100/member011/cm1.exe is the model path
/work/jessica.mcdonald/CM1_LETKF_2025/experiments/C3_3L12_R0/FORECAST_20240508_2100/member011/cm1.out is the outputfile path

 Now setting up forecast member: /work/jessica.mcdonald/CM1_LETKF_2025/experiments/C3_3L12_R0/FORECAST_20240508_2100/member012
/work/jessica.mcdonald/CM1_LETKF_2025/experiments/C3_3L12_R0/FORECAST_20240508_2100/member012/cm1.exe is the model path
/work/jessica.mcdonald/CM1_LETKF_2025/experiments/C3_3L12_R0/FORECAST_20240508_2100/member012/cm1.out is the outputfile path

 Now setting up forecast member: /work/jessica.mcdonald/CM1_LETKF_2025/experiments/C3_3L12_R0/FORECAST_20240508_2100/member013
/work/jessica.mcdonald/CM1_LETKF_2025/experiments/C3_3L12_R0/FORECAST_20240508_2100/member013/cm1.exe is the model path
/work/jessica.mcdonald/CM1_LETKF_2025/experiments/C3_3L12_R0/FORECAST_20240508_2100/member013/cm1.out is the outputfile path

 Now setting up forecast member: /work/jessica.mcdonald/CM1_LETKF_2025/experiments/C3_3L12_R0/FORECAST_20240508_2100/member014
/work/jessica.mcdonald/CM1_LETKF_2025/experiments/C3_3L12_R0/FORECAST_20240508_2100/member014/cm1.exe is the model path
/work/jessica.mcdonald/CM1_LETKF_2025/experiments/C3_3L12_R0/FORECAST_20240508_2100/member014/cm1.out is the outputfile path

 Now setting up forecast member: /work/jessica.mcdonald/CM1_LETKF_2025/experiments/C3_3L12_R0/FORECAST_20240508_2100/member015
/work/jessica.mcdonald/CM1_LETKF_2025/experiments/C3_3L12_R0/FORECAST_20240508_2100/member015/cm1.exe is the model path
/work/jessica.mcdonald/CM1_LETKF_2025/experiments/C3_3L12_R0/FORECAST_20240508_2100/member015/cm1.out is the outputfile path

 Now setting up forecast member: /work/jessica.mcdonald/CM1_LETKF_2025/experiments/C3_3L12_R0/FORECAST_20240508_2100/member016
/work/jessica.mcdonald/CM1_LETKF_2025/experiments/C3_3L12_R0/FORECAST_20240508_2100/member016/cm1.exe is the model path
/work/jessica.mcdonald/CM1_LETKF_2025/experiments/C3_3L12_R0/FORECAST_20240508_2100/member016/cm1.out is the outputfile path

 Now setting up forecast member: /work/jessica.mcdonald/CM1_LETKF_2025/experiments/C3_3L12_R0/FORECAST_20240508_2100/member017
/work/jessica.mcdonald/CM1_LETKF_2025/experiments/C3_3L12_R0/FORECAST_20240508_2100/member017/cm1.exe is the model path
/work/jessica.mcdonald/CM1_LETKF_2025/experiments/C3_3L12_R0/FORECAST_20240508_2100/member017/cm1.out is the outputfile path

 Now setting up forecast member: /work/jessica.mcdonald/CM1_LETKF_2025/experiments/C3_3L12_R0/FORECAST_20240508_2100/member018
/work/jessica.mcdonald/CM1_LETKF_2025/experiments/C3_3L12_R0/FORECAST_20240508_2100/member018/cm1.exe is the model path
/work/jessica.mcdonald/CM1_LETKF_2025/experiments/C3_3L12_R0/FORECAST_20240508_2100/member018/cm1.out is the outputfile path

 Now setting up forecast member: /work/jessica.mcdonald/CM1_LETKF_2025/experiments/C3_3L12_R0/FORECAST_20240508_2100/member019
/work/jessica.mcdonald/CM1_LETKF_2025/experiments/C3_3L12_R0/FORECAST_20240508_2100/member019/cm1.exe is the model path
/work/jessica.mcdonald/CM1_LETKF_2025/experiments/C3_3L12_R0/FORECAST_20240508_2100/member019/cm1.out is the outputfile path

 Now setting up forecast member: /work/jessica.mcdonald/CM1_LETKF_2025/experiments/C3_3L12_R0/FORECAST_20240508_2100/member020
/work/jessica.mcdonald/CM1_LETKF_2025/experiments/C3_3L12_R0/FORECAST_20240508_2100/member020/cm1.exe is the model path
/work/jessica.mcdonald/CM1_LETKF_2025/experiments/C3_3L12_R0/FORECAST_20240508_2100/member020/cm1.out is the outputfile path

 Now setting up forecast member: /work/jessica.mcdonald/CM1_LETKF_2025/experiments/C3_3L12_R0/FORECAST_20240508_2100/member021
/work/jessica.mcdonald/CM1_LETKF_2025/experiments/C3_3L12_R0/FORECAST_20240508_2100/member021/cm1.exe is the model path
/work/jessica.mcdonald/CM1_LETKF_2025/experiments/C3_3L12_R0/FORECAST_20240508_2100/member021/cm1.out is the outputfile path

 Now setting up forecast member: /work/jessica.mcdonald/CM1_LETKF_2025/experiments/C3_3L12_R0/FORECAST_20240508_2100/member022
/work/jessica.mcdonald/CM1_LETKF_2025/experiments/C3_3L12_R0/FORECAST_20240508_2100/member022/cm1.exe is the model path
/work/jessica.mcdonald/CM1_LETKF_2025/experiments/C3_3L12_R0/FORECAST_20240508_2100/member022/cm1.out is the outputfile path

 Now setting up forecast member: /work/jessica.mcdonald/CM1_LETKF_2025/experiments/C3_3L12_R0/FORECAST_20240508_2100/member023
/work/jessica.mcdonald/CM1_LETKF_2025/experiments/C3_3L12_R0/FORECAST_20240508_2100/member023/cm1.exe is the model path
/work/jessica.mcdonald/CM1_LETKF_2025/experiments/C3_3L12_R0/FORECAST_20240508_2100/member023/cm1.out is the outputfile path

 Now setting up forecast member: /work/jessica.mcdonald/CM1_LETKF_2025/experiments/C3_3L12_R0/FORECAST_20240508_2100/member024
/work/jessica.mcdonald/CM1_LETKF_2025/experiments/C3_3L12_R0/FORECAST_20240508_2100/member024/cm1.exe is the model path
/work/jessica.mcdonald/CM1_LETKF_2025/experiments/C3_3L12_R0/FORECAST_20240508_2100/member024/cm1.out is the outputfile path

 Now setting up forecast member: /work/jessica.mcdonald/CM1_LETKF_2025/experiments/C3_3L12_R0/FORECAST_20240508_2100/member025
/work/jessica.mcdonald/CM1_LETKF_2025/experiments/C3_3L12_R0/FORECAST_20240508_2100/member025/cm1.exe is the model path
/work/jessica.mcdonald/CM1_LETKF_2025/experiments/C3_3L12_R0/FORECAST_20240508_2100/member025/cm1.out is the outputfile path

 Now setting up forecast member: /work/jessica.mcdonald/CM1_LETKF_2025/experiments/C3_3L12_R0/FORECAST_20240508_2100/member026
/work/jessica.mcdonald/CM1_LETKF_2025/experiments/C3_3L12_R0/FORECAST_20240508_2100/member026/cm1.exe is the model path
/work/jessica.mcdonald/CM1_LETKF_2025/experiments/C3_3L12_R0/FORECAST_20240508_2100/member026/cm1.out is the outputfile path

 Now setting up forecast member: /work/jessica.mcdonald/CM1_LETKF_2025/experiments/C3_3L12_R0/FORECAST_20240508_2100/member027
/work/jessica.mcdonald/CM1_LETKF_2025/experiments/C3_3L12_R0/FORECAST_20240508_2100/member027/cm1.exe is the model path
/work/jessica.mcdonald/CM1_LETKF_2025/experiments/C3_3L12_R0/FORECAST_20240508_2100/member027/cm1.out is the outputfile path

 Now setting up forecast member: /work/jessica.mcdonald/CM1_LETKF_2025/experiments/C3_3L12_R0/FORECAST_20240508_2100/member028
/work/jessica.mcdonald/CM1_LETKF_2025/experiments/C3_3L12_R0/FORECAST_20240508_2100/member028/cm1.exe is the model path
/work/jessica.mcdonald/CM1_LETKF_2025/experiments/C3_3L12_R0/FORECAST_20240508_2100/member028/cm1.out is the outputfile path

 Now setting up forecast member: /work/jessica.mcdonald/CM1_LETKF_2025/experiments/C3_3L12_R0/FORECAST_20240508_2100/member029
/work/jessica.mcdonald/CM1_LETKF_2025/experiments/C3_3L12_R0/FORECAST_20240508_2100/member029/cm1.exe is the model path
/work/jessica.mcdonald/CM1_LETKF_2025/experiments/C3_3L12_R0/FORECAST_20240508_2100/member029/cm1.out is the outputfile path

 Now setting up forecast member: /work/jessica.mcdonald/CM1_LETKF_2025/experiments/C3_3L12_R0/FORECAST_20240508_2100/member030
/work/jessica.mcdonald/CM1_LETKF_2025/experiments/C3_3L12_R0/FORECAST_20240508_2100/member030/cm1.exe is the model path
/work/jessica.mcdonald/CM1_LETKF_2025/experiments/C3_3L12_R0/FORECAST_20240508_2100/member030/cm1.out is the outputfile path

 Now setting up forecast member: /work/jessica.mcdonald/CM1_LETKF_2025/experiments/C3_3L12_R0/FORECAST_20240508_2100/member031
/work/jessica.mcdonald/CM1_LETKF_2025/experiments/C3_3L12_R0/FORECAST_20240508_2100/member031/cm1.exe is the model path
/work/jessica.mcdonald/CM1_LETKF_2025/experiments/C3_3L12_R0/FORECAST_20240508_2100/member031/cm1.out is the outputfile path

 Now setting up forecast member: /work/jessica.mcdonald/CM1_LETKF_2025/experiments/C3_3L12_R0/FORECAST_20240508_2100/member032
/work/jessica.mcdonald/CM1_LETKF_2025/experiments/C3_3L12_R0/FORECAST_20240508_2100/member032/cm1.exe is the model path
/work/jessica.mcdonald/CM1_LETKF_2025/experiments/C3_3L12_R0/FORECAST_20240508_2100/member032/cm1.out is the outputfile path

 Now setting up forecast member: /work/jessica.mcdonald/CM1_LETKF_2025/experiments/C3_3L12_R0/FORECAST_20240508_2100/member033
/work/jessica.mcdonald/CM1_LETKF_2025/experiments/C3_3L12_R0/FORECAST_20240508_2100/member033/cm1.exe is the model path
/work/jessica.mcdonald/CM1_LETKF_2025/experiments/C3_3L12_R0/FORECAST_20240508_2100/member033/cm1.out is the outputfile path

 Now setting up forecast member: /work/jessica.mcdonald/CM1_LETKF_2025/experiments/C3_3L12_R0/FORECAST_20240508_2100/member034
/work/jessica.mcdonald/CM1_LETKF_2025/experiments/C3_3L12_R0/FORECAST_20240508_2100/member034/cm1.exe is the model path
/work/jessica.mcdonald/CM1_LETKF_2025/experiments/C3_3L12_R0/FORECAST_20240508_2100/member034/cm1.out is the outputfile path

 Now setting up forecast member: /work/jessica.mcdonald/CM1_LETKF_2025/experiments/C3_3L12_R0/FORECAST_20240508_2100/member035
/work/jessica.mcdonald/CM1_LETKF_2025/experiments/C3_3L12_R0/FORECAST_20240508_2100/member035/cm1.exe is the model path
/work/jessica.mcdonald/CM1_LETKF_2025/experiments/C3_3L12_R0/FORECAST_20240508_2100/member035/cm1.out is the outputfile path

 Now setting up forecast member: /work/jessica.mcdonald/CM1_LETKF_2025/experiments/C3_3L12_R0/FORECAST_20240508_2100/member036
/work/jessica.mcdonald/CM1_LETKF_2025/experiments/C3_3L12_R0/FORECAST_20240508_2100/member036/cm1.exe is the model path
/work/jessica.mcdonald/CM1_LETKF_2025/experiments/C3_3L12_R0/FORECAST_20240508_2100/member036/cm1.out is the outputfile path

Run_Fcst Script: Model runs integrated out 5400 seconds, used   13984.331000  CPU secs


 
 <<<<<======================================================================>>>>>> 
 

     EXPERIMENT CALCULATIONS!       

 
PRODUCING FORECAST FILES

 ==> FindRestartFiles: Date and time supplied is 2024_05_08 21:00:00

 ==> FindRestartFile:  Found time 5400 in file:  /work/jessica.mcdonald/CM1_LETKF_2025/experiments/C3_3L12_R0/FORECAST_20240508_2100/member001/cm1rst_000022.nc

 ==> READ_CM1_ENS:  No state_vector supplied - trying to match microphysics schemes

 ==> READ_CM1_ENS ==> Matching state_vector found !!! using zvdh

 ==> READ_CM1_ENS: reading from time INDEX:  0
 ==> READ_CM1_ENS: reading from state TIME:  2024-05-08 21:00:00 


 Wallclock time for serial read netCDF ensemble files: 5.649  sec

 Wallclock time to convert from C to A grid: 0.686  sec

 Wallclock time to create ensemble means: 1.269  sec

 Wallclock time to read arrays from netCDF ensemble files: 8.36  sec

 Wallclock time to create coordinates: 0.0  sec

 ==> FindRestartFiles: Date and time supplied is 2024_05_08 21:05:00

 ==> FindRestartFile:  Found time 5700 in file:  /work/jessica.mcdonald/CM1_LETKF_2025/experiments/C3_3L12_R0/FORECAST_20240508_2100/member001/cm1rst_000023.nc

 ==> READ_CM1_ENS:  No state_vector supplied - trying to match microphysics schemes

 ==> READ_CM1_ENS ==> Matching state_vector found !!! using zvdh

 ==> READ_CM1_ENS: reading from time INDEX:  0
 ==> READ_CM1_ENS: reading from state TIME:  2024-05-08 21:05:00 


 Wallclock time for serial read netCDF ensemble files: 29.176  sec

 Wallclock time to convert from C to A grid: 0.783  sec

 Wallclock time to create ensemble means: 1.297  sec

 Wallclock time to read arrays from netCDF ensemble files: 32.049  sec

 Wallclock time to create coordinates: 0.0  sec

 ==> FindRestartFiles: Date and time supplied is 2024_05_08 21:10:00

 ==> FindRestartFile:  Found time 6000 in file:  /work/jessica.mcdonald/CM1_LETKF_2025/experiments/C3_3L12_R0/FORECAST_20240508_2100/member001/cm1rst_000024.nc

 ==> READ_CM1_ENS:  No state_vector supplied - trying to match microphysics schemes

 ==> READ_CM1_ENS ==> Matching state_vector found !!! using zvdh

 ==> READ_CM1_ENS: reading from time INDEX:  0
 ==> READ_CM1_ENS: reading from state TIME:  2024-05-08 21:10:00 


 Wallclock time for serial read netCDF ensemble files: 51.281  sec

 Wallclock time to convert from C to A grid: 0.724  sec

 Wallclock time to create ensemble means: 1.291  sec

 Wallclock time to read arrays from netCDF ensemble files: 54.065  sec

 Wallclock time to create coordinates: 0.0  sec

 ==> FindRestartFiles: Date and time supplied is 2024_05_08 21:15:00

 ==> FindRestartFile:  Found time 6300 in file:  /work/jessica.mcdonald/CM1_LETKF_2025/experiments/C3_3L12_R0/FORECAST_20240508_2100/member001/cm1rst_000025.nc

 ==> READ_CM1_ENS:  No state_vector supplied - trying to match microphysics schemes

 ==> READ_CM1_ENS ==> Matching state_vector found !!! using zvdh

 ==> READ_CM1_ENS: reading from time INDEX:  0
 ==> READ_CM1_ENS: reading from state TIME:  2024-05-08 21:15:00 


 Wallclock time for serial read netCDF ensemble files: 58.41  sec

 Wallclock time to convert from C to A grid: 0.701  sec

 Wallclock time to create ensemble means: 1.295  sec

 Wallclock time to read arrays from netCDF ensemble files: 61.171  sec

 Wallclock time to create coordinates: 0.0  sec

 ==> FindRestartFiles: Date and time supplied is 2024_05_08 21:20:00

 ==> FindRestartFile:  Found time 6600 in file:  /work/jessica.mcdonald/CM1_LETKF_2025/experiments/C3_3L12_R0/FORECAST_20240508_2100/member001/cm1rst_000026.nc

 ==> READ_CM1_ENS:  No state_vector supplied - trying to match microphysics schemes

 ==> READ_CM1_ENS ==> Matching state_vector found !!! using zvdh

 ==> READ_CM1_ENS: reading from time INDEX:  0
 ==> READ_CM1_ENS: reading from state TIME:  2024-05-08 21:20:00 


 Wallclock time for serial read netCDF ensemble files: 41.48  sec

 Wallclock time to convert from C to A grid: 0.686  sec

 Wallclock time to create ensemble means: 1.289  sec

 Wallclock time to read arrays from netCDF ensemble files: 44.221  sec

 Wallclock time to create coordinates: 0.0  sec

 ==> FindRestartFiles: Date and time supplied is 2024_05_08 21:25:00

 ==> FindRestartFile:  Found time 6900 in file:  /work/jessica.mcdonald/CM1_LETKF_2025/experiments/C3_3L12_R0/FORECAST_20240508_2100/member001/cm1rst_000027.nc

 ==> READ_CM1_ENS:  No state_vector supplied - trying to match microphysics schemes

 ==> READ_CM1_ENS ==> Matching state_vector found !!! using zvdh

 ==> READ_CM1_ENS: reading from time INDEX:  0
 ==> READ_CM1_ENS: reading from state TIME:  2024-05-08 21:25:00 


 Wallclock time for serial read netCDF ensemble files: 40.135  sec

 Wallclock time to convert from C to A grid: 0.686  sec

 Wallclock time to create ensemble means: 1.227  sec

 Wallclock time to read arrays from netCDF ensemble files: 42.82  sec

 Wallclock time to create coordinates: 0.0  sec

 ==> FindRestartFiles: Date and time supplied is 2024_05_08 21:30:00

 ==> FindRestartFile:  Found time 7200 in file:  /work/jessica.mcdonald/CM1_LETKF_2025/experiments/C3_3L12_R0/FORECAST_20240508_2100/member001/cm1rst_000028.nc

 ==> READ_CM1_ENS:  No state_vector supplied - trying to match microphysics schemes

 ==> READ_CM1_ENS ==> Matching state_vector found !!! using zvdh

 ==> READ_CM1_ENS: reading from time INDEX:  0
 ==> READ_CM1_ENS: reading from state TIME:  2024-05-08 21:30:00 


 Wallclock time for serial read netCDF ensemble files: 42.45  sec

 Wallclock time to convert from C to A grid: 0.682  sec

 Wallclock time to create ensemble means: 1.278  sec

 Wallclock time to read arrays from netCDF ensemble files: 45.163  sec

 Wallclock time to create coordinates: 0.0  sec

 ==> FindRestartFiles: Date and time supplied is 2024_05_08 21:35:00

 ==> FindRestartFile:  Found time 7500 in file:  /work/jessica.mcdonald/CM1_LETKF_2025/experiments/C3_3L12_R0/FORECAST_20240508_2100/member001/cm1rst_000029.nc

 ==> READ_CM1_ENS:  No state_vector supplied - trying to match microphysics schemes

 ==> READ_CM1_ENS ==> Matching state_vector found !!! using zvdh

 ==> READ_CM1_ENS: reading from time INDEX:  0
 ==> READ_CM1_ENS: reading from state TIME:  2024-05-08 21:35:00 


 Wallclock time for serial read netCDF ensemble files: 43.511  sec

 Wallclock time to convert from C to A grid: 0.684  sec

 Wallclock time to create ensemble means: 1.28  sec

 Wallclock time to read arrays from netCDF ensemble files: 46.228  sec

 Wallclock time to create coordinates: 0.0  sec

 ==> FindRestartFiles: Date and time supplied is 2024_05_08 21:40:00

 ==> FindRestartFile:  Found time 7800 in file:  /work/jessica.mcdonald/CM1_LETKF_2025/experiments/C3_3L12_R0/FORECAST_20240508_2100/member001/cm1rst_000030.nc

 ==> READ_CM1_ENS:  No state_vector supplied - trying to match microphysics schemes

 ==> READ_CM1_ENS ==> Matching state_vector found !!! using zvdh

 ==> READ_CM1_ENS: reading from time INDEX:  0
 ==> READ_CM1_ENS: reading from state TIME:  2024-05-08 21:40:00 


 Wallclock time for serial read netCDF ensemble files: 44.576  sec

 Wallclock time to convert from C to A grid: 0.677  sec

 Wallclock time to create ensemble means: 1.273  sec

 Wallclock time to read arrays from netCDF ensemble files: 47.274  sec

 Wallclock time to create coordinates: 0.0  sec

 ==> FindRestartFiles: Date and time supplied is 2024_05_08 21:45:00

 ==> FindRestartFile:  Found time 8100 in file:  /work/jessica.mcdonald/CM1_LETKF_2025/experiments/C3_3L12_R0/FORECAST_20240508_2100/member001/cm1rst_000031.nc

 ==> READ_CM1_ENS:  No state_vector supplied - trying to match microphysics schemes

 ==> READ_CM1_ENS ==> Matching state_vector found !!! using zvdh

 ==> READ_CM1_ENS: reading from time INDEX:  0
 ==> READ_CM1_ENS: reading from state TIME:  2024-05-08 21:45:00 


 Wallclock time for serial read netCDF ensemble files: 36.212  sec

 Wallclock time to convert from C to A grid: 0.676  sec

 Wallclock time to create ensemble means: 1.267  sec

 Wallclock time to read arrays from netCDF ensemble files: 38.903  sec

 Wallclock time to create coordinates: 0.0  sec

 ==> FindRestartFiles: Date and time supplied is 2024_05_08 21:50:00

 ==> FindRestartFile:  Found time 8400 in file:  /work/jessica.mcdonald/CM1_LETKF_2025/experiments/C3_3L12_R0/FORECAST_20240508_2100/member001/cm1rst_000032.nc

 ==> READ_CM1_ENS:  No state_vector supplied - trying to match microphysics schemes

 ==> READ_CM1_ENS ==> Matching state_vector found !!! using zvdh

 ==> READ_CM1_ENS: reading from time INDEX:  0
 ==> READ_CM1_ENS: reading from state TIME:  2024-05-08 21:50:00 


 Wallclock time for serial read netCDF ensemble files: 41.936  sec

 Wallclock time to convert from C to A grid: 0.677  sec

 Wallclock time to create ensemble means: 1.273  sec

 Wallclock time to read arrays from netCDF ensemble files: 44.636  sec

 Wallclock time to create coordinates: 0.0  sec

 ==> FindRestartFiles: Date and time supplied is 2024_05_08 21:55:00

 ==> FindRestartFile:  Found time 8700 in file:  /work/jessica.mcdonald/CM1_LETKF_2025/experiments/C3_3L12_R0/FORECAST_20240508_2100/member001/cm1rst_000033.nc

 ==> READ_CM1_ENS:  No state_vector supplied - trying to match microphysics schemes

 ==> READ_CM1_ENS ==> Matching state_vector found !!! using zvdh

 ==> READ_CM1_ENS: reading from time INDEX:  0
 ==> READ_CM1_ENS: reading from state TIME:  2024-05-08 21:55:00 


 Wallclock time for serial read netCDF ensemble files: 33.884  sec

 Wallclock time to convert from C to A grid: 0.681  sec

 Wallclock time to create ensemble means: 1.272  sec

 Wallclock time to read arrays from netCDF ensemble files: 36.586  sec

 Wallclock time to create coordinates: 0.0  sec

 ==> FindRestartFiles: Date and time supplied is 2024_05_08 22:00:00

 ==> FindRestartFile:  Found time 9000 in file:  /work/jessica.mcdonald/CM1_LETKF_2025/experiments/C3_3L12_R0/FORECAST_20240508_2100/member001/cm1rst_000034.nc

 ==> READ_CM1_ENS:  No state_vector supplied - trying to match microphysics schemes

 ==> READ_CM1_ENS ==> Matching state_vector found !!! using zvdh

 ==> READ_CM1_ENS: reading from time INDEX:  0
 ==> READ_CM1_ENS: reading from state TIME:  2024-05-08 22:00:00 


 Wallclock time for serial read netCDF ensemble files: 37.374  sec

 Wallclock time to convert from C to A grid: 0.685  sec

 Wallclock time to create ensemble means: 1.271  sec

 Wallclock time to read arrays from netCDF ensemble files: 40.084  sec

 Wallclock time to create coordinates: 0.0  sec

 ==> FindRestartFiles: Date and time supplied is 2024_05_08 22:05:00

 ==> FindRestartFile:  Found time 9300 in file:  /work/jessica.mcdonald/CM1_LETKF_2025/experiments/C3_3L12_R0/FORECAST_20240508_2100/member001/cm1rst_000035.nc

 ==> READ_CM1_ENS:  No state_vector supplied - trying to match microphysics schemes

 ==> READ_CM1_ENS ==> Matching state_vector found !!! using zvdh

 ==> READ_CM1_ENS: reading from time INDEX:  0
 ==> READ_CM1_ENS: reading from state TIME:  2024-05-08 22:05:00 


 Wallclock time for serial read netCDF ensemble files: 38.758  sec

 Wallclock time to convert from C to A grid: 0.681  sec

 Wallclock time to create ensemble means: 1.271  sec

 Wallclock time to read arrays from netCDF ensemble files: 41.459  sec

 Wallclock time to create coordinates: 0.0  sec

 ==> FindRestartFiles: Date and time supplied is 2024_05_08 22:10:00

 ==> FindRestartFile:  Found time 9600 in file:  /work/jessica.mcdonald/CM1_LETKF_2025/experiments/C3_3L12_R0/FORECAST_20240508_2100/member001/cm1rst_000036.nc

 ==> READ_CM1_ENS:  No state_vector supplied - trying to match microphysics schemes

 ==> READ_CM1_ENS ==> Matching state_vector found !!! using zvdh

 ==> READ_CM1_ENS: reading from time INDEX:  0
 ==> READ_CM1_ENS: reading from state TIME:  2024-05-08 22:10:00 


 Wallclock time for serial read netCDF ensemble files: 42.372  sec

 Wallclock time to convert from C to A grid: 0.682  sec

 Wallclock time to create ensemble means: 1.272  sec

 Wallclock time to read arrays from netCDF ensemble files: 45.078  sec

 Wallclock time to create coordinates: 0.0  sec

 ==> FindRestartFiles: Date and time supplied is 2024_05_08 22:15:00

 ==> FindRestartFile:  Found time 9900 in file:  /work/jessica.mcdonald/CM1_LETKF_2025/experiments/C3_3L12_R0/FORECAST_20240508_2100/member001/cm1rst_000037.nc

 ==> READ_CM1_ENS:  No state_vector supplied - trying to match microphysics schemes

 ==> READ_CM1_ENS ==> Matching state_vector found !!! using zvdh

 ==> READ_CM1_ENS: reading from time INDEX:  0
 ==> READ_CM1_ENS: reading from state TIME:  2024-05-08 22:15:00 


 Wallclock time for serial read netCDF ensemble files: 33.659  sec

 Wallclock time to convert from C to A grid: 0.688  sec

 Wallclock time to create ensemble means: 1.283  sec

 Wallclock time to read arrays from netCDF ensemble files: 36.397  sec

 Wallclock time to create coordinates: 0.0  sec

 ==> FindRestartFiles: Date and time supplied is 2024_05_08 22:20:00

 ==> FindRestartFile:  Found time 10200 in file:  /work/jessica.mcdonald/CM1_LETKF_2025/experiments/C3_3L12_R0/FORECAST_20240508_2100/member001/cm1rst_000038.nc

 ==> READ_CM1_ENS:  No state_vector supplied - trying to match microphysics schemes

 ==> READ_CM1_ENS ==> Matching state_vector found !!! using zvdh

 ==> READ_CM1_ENS: reading from time INDEX:  0
 ==> READ_CM1_ENS: reading from state TIME:  2024-05-08 22:20:00 


 Wallclock time for serial read netCDF ensemble files: 46.43  sec

 Wallclock time to convert from C to A grid: 0.689  sec

 Wallclock time to create ensemble means: 1.284  sec

 Wallclock time to read arrays from netCDF ensemble files: 49.166  sec

 Wallclock time to create coordinates: 0.0  sec

 ==> FindRestartFiles: Date and time supplied is 2024_05_08 22:25:00

 ==> FindRestartFile:  Found time 10500 in file:  /work/jessica.mcdonald/CM1_LETKF_2025/experiments/C3_3L12_R0/FORECAST_20240508_2100/member001/cm1rst_000039.nc

 ==> READ_CM1_ENS:  No state_vector supplied - trying to match microphysics schemes

 ==> READ_CM1_ENS ==> Matching state_vector found !!! using zvdh

 ==> READ_CM1_ENS: reading from time INDEX:  0
 ==> READ_CM1_ENS: reading from state TIME:  2024-05-08 22:25:00 


 Wallclock time for serial read netCDF ensemble files: 44.106  sec

 Wallclock time to convert from C to A grid: 0.689  sec

 Wallclock time to create ensemble means: 1.288  sec

 Wallclock time to read arrays from netCDF ensemble files: 46.851  sec

 Wallclock time to create coordinates: 0.0  sec

 ==> FindRestartFiles: Date and time supplied is 2024_05_08 22:30:00

 ==> FindRestartFile:  Found time 10800 in file:  /work/jessica.mcdonald/CM1_LETKF_2025/experiments/C3_3L12_R0/FORECAST_20240508_2100/member001/cm1rst_000040.nc

 ==> READ_CM1_ENS:  No state_vector supplied - trying to match microphysics schemes

 ==> READ_CM1_ENS ==> Matching state_vector found !!! using zvdh

 ==> READ_CM1_ENS: reading from time INDEX:  0
 ==> READ_CM1_ENS: reading from state TIME:  2024-05-08 22:30:00 


 Wallclock time for serial read netCDF ensemble files: 43.239  sec

 Wallclock time to convert from C to A grid: 0.69  sec

 Wallclock time to create ensemble means: 1.29  sec

 Wallclock time to read arrays from netCDF ensemble files: 45.985  sec

 Wallclock time to create coordinates: 0.0  sec

 ==> FindRestartFiles: Date and time supplied is 2024_05_08 21:00:00

 ==> FindRestartFile:  Found time 5400 in file:  /work/jessica.mcdonald/CM1_LETKF_2025/experiments/C3_3L12_R0/member001/cm1rst_000022.nc
LINKIT:  ARG[0]: /work/jessica.mcdonald/CM1_LETKF_2025/experiments/C3_3L12_R0/cm1.exe  ARG[1]:  /work/jessica.mcdonald/CM1_LETKF_2025/experiments/C3_3L12_R0/FORECAST_20240508_2100/cm1.exe
Copied /work/jessica.mcdonald/CM1_LETKF_2025/experiments/C3_3L12_R0/cm1.exe to directory /work/jessica.mcdonald/CM1_LETKF_2025/experiments/C3_3L12_R0/FORECAST_20240508_2100/cm1.exe
LINKIT:  ARG[0]: /work/jessica.mcdonald/CM1_LETKF_2025/experiments/C3_3L12_R0/onefile.F  ARG[1]:  /work/jessica.mcdonald/CM1_LETKF_2025/experiments/C3_3L12_R0/FORECAST_20240508_2100/onefile.F
Copied /work/jessica.mcdonald/CM1_LETKF_2025/experiments/C3_3L12_R0/onefile.F to directory /work/jessica.mcdonald/CM1_LETKF_2025/experiments/C3_3L12_R0/FORECAST_20240508_2100/onefile.F
LINKIT:  ARG[0]: /work/jessica.mcdonald/CM1_LETKF_2025/experiments/C3_3L12_R0/LANDUSE.TBL  ARG[1]:  /work/jessica.mcdonald/CM1_LETKF_2025/experiments/C3_3L12_R0/FORECAST_20240508_2100/LANDUSE.TBL
Copied /work/jessica.mcdonald/CM1_LETKF_2025/experiments/C3_3L12_R0/LANDUSE.TBL to directory /work/jessica.mcdonald/CM1_LETKF_2025/experiments/C3_3L12_R0/FORECAST_20240508_2100/LANDUSE.TBL
LINKIT:  ARG[0]: /work/jessica.mcdonald/CM1_LETKF_2025/experiments/C3_3L12_R0/namelist.input  ARG[1]:  /work/jessica.mcdonald/CM1_LETKF_2025/experiments/C3_3L12_R0/FORECAST_20240508_2100/namelist.input
Copied /work/jessica.mcdonald/CM1_LETKF_2025/experiments/C3_3L12_R0/namelist.input to directory /work/jessica.mcdonald/CM1_LETKF_2025/experiments/C3_3L12_R0/FORECAST_20240508_2100/namelist.input
LINKIT:  ARG[0]: /work/jessica.mcdonald/CM1_LETKF_2025/experiments/C3_3L12_R0/FORECAST_20240508_2100/cm1.exe  ARG[1]:  /work/jessica.mcdonald/CM1_LETKF_2025/experiments/C3_3L12_R0/FORECAST_20240508_2100/member001
Linked /work/jessica.mcdonald/CM1_LETKF_2025/experiments/C3_3L12_R0/FORECAST_20240508_2100/cm1.exe to directory  /work/jessica.mcdonald/CM1_LETKF_2025/experiments/C3_3L12_R0/FORECAST_20240508_2100/member001
LINKIT:  ARG[0]: /work/jessica.mcdonald/CM1_LETKF_2025/experiments/C3_3L12_R0/FORECAST_20240508_2100/onefile.F  ARG[1]:  /work/jessica.mcdonald/CM1_LETKF_2025/experiments/C3_3L12_R0/FORECAST_20240508_2100/member001
Linked /work/jessica.mcdonald/CM1_LETKF_2025/experiments/C3_3L12_R0/FORECAST_20240508_2100/onefile.F to directory  /work/jessica.mcdonald/CM1_LETKF_2025/experiments/C3_3L12_R0/FORECAST_20240508_2100/member001
LINKIT:  ARG[0]: /work/jessica.mcdonald/CM1_LETKF_2025/experiments/C3_3L12_R0/FORECAST_20240508_2100/LANDUSE.TBL  ARG[1]:  /work/jessica.mcdonald/CM1_LETKF_2025/experiments/C3_3L12_R0/FORECAST_20240508_2100/member001
Linked /work/jessica.mcdonald/CM1_LETKF_2025/experiments/C3_3L12_R0/FORECAST_20240508_2100/LANDUSE.TBL to directory  /work/jessica.mcdonald/CM1_LETKF_2025/experiments/C3_3L12_R0/FORECAST_20240508_2100/member001
LINKIT:  ARG[0]: /work/jessica.mcdonald/CM1_LETKF_2025/experiments/C3_3L12_R0/FORECAST_20240508_2100/namelist.input  ARG[1]:  /work/jessica.mcdonald/CM1_LETKF_2025/experiments/C3_3L12_R0/FORECAST_20240508_2100/member001
Linked /work/jessica.mcdonald/CM1_LETKF_2025/experiments/C3_3L12_R0/FORECAST_20240508_2100/namelist.input to directory  /work/jessica.mcdonald/CM1_LETKF_2025/experiments/C3_3L12_R0/FORECAST_20240508_2100/member001
LINKIT:  ARG[0]: /work/jessica.mcdonald/CM1_LETKF_2025/experiments/C3_3L12_R0/member001/input_sounding  ARG[1]:  /work/jessica.mcdonald/CM1_LETKF_2025/experiments/C3_3L12_R0/FORECAST_20240508_2100/member001
Copied /work/jessica.mcdonald/CM1_LETKF_2025/experiments/C3_3L12_R0/member001/input_sounding to directory /work/jessica.mcdonald/CM1_LETKF_2025/experiments/C3_3L12_R0/FORECAST_20240508_2100/member001
LINKIT:  ARG[0]: /work/jessica.mcdonald/CM1_LETKF_2025/experiments/C3_3L12_R0/member001/cm1rst_000022.nc  ARG[1]:  /work/jessica.mcdonald/CM1_LETKF_2025/experiments/C3_3L12_R0/FORECAST_20240508_2100/member001
Copied /work/jessica.mcdonald/CM1_LETKF_2025/experiments/C3_3L12_R0/member001/cm1rst_000022.nc to directory /work/jessica.mcdonald/CM1_LETKF_2025/experiments/C3_3L12_R0/FORECAST_20240508_2100/member001
LINKIT:  ARG[0]: /work/jessica.mcdonald/CM1_LETKF_2025/experiments/C3_3L12_R0/FORECAST_20240508_2100/cm1.exe  ARG[1]:  /work/jessica.mcdonald/CM1_LETKF_2025/experiments/C3_3L12_R0/FORECAST_20240508_2100/member002
Linked /work/jessica.mcdonald/CM1_LETKF_2025/experiments/C3_3L12_R0/FORECAST_20240508_2100/cm1.exe to directory  /work/jessica.mcdonald/CM1_LETKF_2025/experiments/C3_3L12_R0/FORECAST_20240508_2100/member002
LINKIT:  ARG[0]: /work/jessica.mcdonald/CM1_LETKF_2025/experiments/C3_3L12_R0/FORECAST_20240508_2100/onefile.F  ARG[1]:  /work/jessica.mcdonald/CM1_LETKF_2025/experiments/C3_3L12_R0/FORECAST_20240508_2100/member002
Linked /work/jessica.mcdonald/CM1_LETKF_2025/experiments/C3_3L12_R0/FORECAST_20240508_2100/onefile.F to directory  /work/jessica.mcdonald/CM1_LETKF_2025/experiments/C3_3L12_R0/FORECAST_20240508_2100/member002
LINKIT:  ARG[0]: /work/jessica.mcdonald/CM1_LETKF_2025/experiments/C3_3L12_R0/FORECAST_20240508_2100/LANDUSE.TBL  ARG[1]:  /work/jessica.mcdonald/CM1_LETKF_2025/experiments/C3_3L12_R0/FORECAST_20240508_2100/member002
Linked /work/jessica.mcdonald/CM1_LETKF_2025/experiments/C3_3L12_R0/FORECAST_20240508_2100/LANDUSE.TBL to directory  /work/jessica.mcdonald/CM1_LETKF_2025/experiments/C3_3L12_R0/FORECAST_20240508_2100/member002
LINKIT:  ARG[0]: /work/jessica.mcdonald/CM1_LETKF_2025/experiments/C3_3L12_R0/FORECAST_20240508_2100/namelist.input  ARG[1]:  /work/jessica.mcdonald/CM1_LETKF_2025/experiments/C3_3L12_R0/FORECAST_20240508_2100/member002
Linked /work/jessica.mcdonald/CM1_LETKF_2025/experiments/C3_3L12_R0/FORECAST_20240508_2100/namelist.input to directory  /work/jessica.mcdonald/CM1_LETKF_2025/experiments/C3_3L12_R0/FORECAST_20240508_2100/member002
LINKIT:  ARG[0]: /work/jessica.mcdonald/CM1_LETKF_2025/experiments/C3_3L12_R0/member002/input_sounding  ARG[1]:  /work/jessica.mcdonald/CM1_LETKF_2025/experiments/C3_3L12_R0/FORECAST_20240508_2100/member002
Copied /work/jessica.mcdonald/CM1_LETKF_2025/experiments/C3_3L12_R0/member002/input_sounding to directory /work/jessica.mcdonald/CM1_LETKF_2025/experiments/C3_3L12_R0/FORECAST_20240508_2100/member002
LINKIT:  ARG[0]: /work/jessica.mcdonald/CM1_LETKF_2025/experiments/C3_3L12_R0/member002/cm1rst_000022.nc  ARG[1]:  /work/jessica.mcdonald/CM1_LETKF_2025/experiments/C3_3L12_R0/FORECAST_20240508_2100/member002
Copied /work/jessica.mcdonald/CM1_LETKF_2025/experiments/C3_3L12_R0/member002/cm1rst_000022.nc to directory /work/jessica.mcdonald/CM1_LETKF_2025/experiments/C3_3L12_R0/FORECAST_20240508_2100/member002
LINKIT:  ARG[0]: /work/jessica.mcdonald/CM1_LETKF_2025/experiments/C3_3L12_R0/FORECAST_20240508_2100/cm1.exe  ARG[1]:  /work/jessica.mcdonald/CM1_LETKF_2025/experiments/C3_3L12_R0/FORECAST_20240508_2100/member003
Linked /work/jessica.mcdonald/CM1_LETKF_2025/experiments/C3_3L12_R0/FORECAST_20240508_2100/cm1.exe to directory  /work/jessica.mcdonald/CM1_LETKF_2025/experiments/C3_3L12_R0/FORECAST_20240508_2100/member003
LINKIT:  ARG[0]: /work/jessica.mcdonald/CM1_LETKF_2025/experiments/C3_3L12_R0/FORECAST_20240508_2100/onefile.F  ARG[1]:  /work/jessica.mcdonald/CM1_LETKF_2025/experiments/C3_3L12_R0/FORECAST_20240508_2100/member003
Linked /work/jessica.mcdonald/CM1_LETKF_2025/experiments/C3_3L12_R0/FORECAST_20240508_2100/onefile.F to directory  /work/jessica.mcdonald/CM1_LETKF_2025/experiments/C3_3L12_R0/FORECAST_20240508_2100/member003
LINKIT:  ARG[0]: /work/jessica.mcdonald/CM1_LETKF_2025/experiments/C3_3L12_R0/FORECAST_20240508_2100/LANDUSE.TBL  ARG[1]:  /work/jessica.mcdonald/CM1_LETKF_2025/experiments/C3_3L12_R0/FORECAST_20240508_2100/member003
Linked /work/jessica.mcdonald/CM1_LETKF_2025/experiments/C3_3L12_R0/FORECAST_20240508_2100/LANDUSE.TBL to directory  /work/jessica.mcdonald/CM1_LETKF_2025/experiments/C3_3L12_R0/FORECAST_20240508_2100/member003
LINKIT:  ARG[0]: /work/jessica.mcdonald/CM1_LETKF_2025/experiments/C3_3L12_R0/FORECAST_20240508_2100/namelist.input  ARG[1]:  /work/jessica.mcdonald/CM1_LETKF_2025/experiments/C3_3L12_R0/FORECAST_20240508_2100/member003
Linked /work/jessica.mcdonald/CM1_LETKF_2025/experiments/C3_3L12_R0/FORECAST_20240508_2100/namelist.input to directory  /work/jessica.mcdonald/CM1_LETKF_2025/experiments/C3_3L12_R0/FORECAST_20240508_2100/member003
LINKIT:  ARG[0]: /work/jessica.mcdonald/CM1_LETKF_2025/experiments/C3_3L12_R0/member003/input_sounding  ARG[1]:  /work/jessica.mcdonald/CM1_LETKF_2025/experiments/C3_3L12_R0/FORECAST_20240508_2100/member003
Copied /work/jessica.mcdonald/CM1_LETKF_2025/experiments/C3_3L12_R0/member003/input_sounding to directory /work/jessica.mcdonald/CM1_LETKF_2025/experiments/C3_3L12_R0/FORECAST_20240508_2100/member003
LINKIT:  ARG[0]: /work/jessica.mcdonald/CM1_LETKF_2025/experiments/C3_3L12_R0/member003/cm1rst_000022.nc  ARG[1]:  /work/jessica.mcdonald/CM1_LETKF_2025/experiments/C3_3L12_R0/FORECAST_20240508_2100/member003
Copied /work/jessica.mcdonald/CM1_LETKF_2025/experiments/C3_3L12_R0/member003/cm1rst_000022.nc to directory /work/jessica.mcdonald/CM1_LETKF_2025/experiments/C3_3L12_R0/FORECAST_20240508_2100/member003
LINKIT:  ARG[0]: /work/jessica.mcdonald/CM1_LETKF_2025/experiments/C3_3L12_R0/FORECAST_20240508_2100/cm1.exe  ARG[1]:  /work/jessica.mcdonald/CM1_LETKF_2025/experiments/C3_3L12_R0/FORECAST_20240508_2100/member004
Linked /work/jessica.mcdonald/CM1_LETKF_2025/experiments/C3_3L12_R0/FORECAST_20240508_2100/cm1.exe to directory  /work/jessica.mcdonald/CM1_LETKF_2025/experiments/C3_3L12_R0/FORECAST_20240508_2100/member004
LINKIT:  ARG[0]: /work/jessica.mcdonald/CM1_LETKF_2025/experiments/C3_3L12_R0/FORECAST_20240508_2100/onefile.F  ARG[1]:  /work/jessica.mcdonald/CM1_LETKF_2025/experiments/C3_3L12_R0/FORECAST_20240508_2100/member004
Linked /work/jessica.mcdonald/CM1_LETKF_2025/experiments/C3_3L12_R0/FORECAST_20240508_2100/onefile.F to directory  /work/jessica.mcdonald/CM1_LETKF_2025/experiments/C3_3L12_R0/FORECAST_20240508_2100/member004
LINKIT:  ARG[0]: /work/jessica.mcdonald/CM1_LETKF_2025/experiments/C3_3L12_R0/FORECAST_20240508_2100/LANDUSE.TBL  ARG[1]:  /work/jessica.mcdonald/CM1_LETKF_2025/experiments/C3_3L12_R0/FORECAST_20240508_2100/member004
Linked /work/jessica.mcdonald/CM1_LETKF_2025/experiments/C3_3L12_R0/FORECAST_20240508_2100/LANDUSE.TBL to directory  /work/jessica.mcdonald/CM1_LETKF_2025/experiments/C3_3L12_R0/FORECAST_20240508_2100/member004
LINKIT:  ARG[0]: /work/jessica.mcdonald/CM1_LETKF_2025/experiments/C3_3L12_R0/FORECAST_20240508_2100/namelist.input  ARG[1]:  /work/jessica.mcdonald/CM1_LETKF_2025/experiments/C3_3L12_R0/FORECAST_20240508_2100/member004
Linked /work/jessica.mcdonald/CM1_LETKF_2025/experiments/C3_3L12_R0/FORECAST_20240508_2100/namelist.input to directory  /work/jessica.mcdonald/CM1_LETKF_2025/experiments/C3_3L12_R0/FORECAST_20240508_2100/member004
LINKIT:  ARG[0]: /work/jessica.mcdonald/CM1_LETKF_2025/experiments/C3_3L12_R0/member004/input_sounding  ARG[1]:  /work/jessica.mcdonald/CM1_LETKF_2025/experiments/C3_3L12_R0/FORECAST_20240508_2100/member004
Copied /work/jessica.mcdonald/CM1_LETKF_2025/experiments/C3_3L12_R0/member004/input_sounding to directory /work/jessica.mcdonald/CM1_LETKF_2025/experiments/C3_3L12_R0/FORECAST_20240508_2100/member004
LINKIT:  ARG[0]: /work/jessica.mcdonald/CM1_LETKF_2025/experiments/C3_3L12_R0/member004/cm1rst_000022.nc  ARG[1]:  /work/jessica.mcdonald/CM1_LETKF_2025/experiments/C3_3L12_R0/FORECAST_20240508_2100/member004
Copied /work/jessica.mcdonald/CM1_LETKF_2025/experiments/C3_3L12_R0/member004/cm1rst_000022.nc to directory /work/jessica.mcdonald/CM1_LETKF_2025/experiments/C3_3L12_R0/FORECAST_20240508_2100/member004
LINKIT:  ARG[0]: /work/jessica.mcdonald/CM1_LETKF_2025/experiments/C3_3L12_R0/FORECAST_20240508_2100/cm1.exe  ARG[1]:  /work/jessica.mcdonald/CM1_LETKF_2025/experiments/C3_3L12_R0/FORECAST_20240508_2100/member005
Linked /work/jessica.mcdonald/CM1_LETKF_2025/experiments/C3_3L12_R0/FORECAST_20240508_2100/cm1.exe to directory  /work/jessica.mcdonald/CM1_LETKF_2025/experiments/C3_3L12_R0/FORECAST_20240508_2100/member005
LINKIT:  ARG[0]: /work/jessica.mcdonald/CM1_LETKF_2025/experiments/C3_3L12_R0/FORECAST_20240508_2100/onefile.F  ARG[1]:  /work/jessica.mcdonald/CM1_LETKF_2025/experiments/C3_3L12_R0/FORECAST_20240508_2100/member005
Linked /work/jessica.mcdonald/CM1_LETKF_2025/experiments/C3_3L12_R0/FORECAST_20240508_2100/onefile.F to directory  /work/jessica.mcdonald/CM1_LETKF_2025/experiments/C3_3L12_R0/FORECAST_20240508_2100/member005
LINKIT:  ARG[0]: /work/jessica.mcdonald/CM1_LETKF_2025/experiments/C3_3L12_R0/FORECAST_20240508_2100/LANDUSE.TBL  ARG[1]:  /work/jessica.mcdonald/CM1_LETKF_2025/experiments/C3_3L12_R0/FORECAST_20240508_2100/member005
Linked /work/jessica.mcdonald/CM1_LETKF_2025/experiments/C3_3L12_R0/FORECAST_20240508_2100/LANDUSE.TBL to directory  /work/jessica.mcdonald/CM1_LETKF_2025/experiments/C3_3L12_R0/FORECAST_20240508_2100/member005
LINKIT:  ARG[0]: /work/jessica.mcdonald/CM1_LETKF_2025/experiments/C3_3L12_R0/FORECAST_20240508_2100/namelist.input  ARG[1]:  /work/jessica.mcdonald/CM1_LETKF_2025/experiments/C3_3L12_R0/FORECAST_20240508_2100/member005
Linked /work/jessica.mcdonald/CM1_LETKF_2025/experiments/C3_3L12_R0/FORECAST_20240508_2100/namelist.input to directory  /work/jessica.mcdonald/CM1_LETKF_2025/experiments/C3_3L12_R0/FORECAST_20240508_2100/member005
LINKIT:  ARG[0]: /work/jessica.mcdonald/CM1_LETKF_2025/experiments/C3_3L12_R0/member005/input_sounding  ARG[1]:  /work/jessica.mcdonald/CM1_LETKF_2025/experiments/C3_3L12_R0/FORECAST_20240508_2100/member005
Copied /work/jessica.mcdonald/CM1_LETKF_2025/experiments/C3_3L12_R0/member005/input_sounding to directory /work/jessica.mcdonald/CM1_LETKF_2025/experiments/C3_3L12_R0/FORECAST_20240508_2100/member005
LINKIT:  ARG[0]: /work/jessica.mcdonald/CM1_LETKF_2025/experiments/C3_3L12_R0/member005/cm1rst_000022.nc  ARG[1]:  /work/jessica.mcdonald/CM1_LETKF_2025/experiments/C3_3L12_R0/FORECAST_20240508_2100/member005
Copied /work/jessica.mcdonald/CM1_LETKF_2025/experiments/C3_3L12_R0/member005/cm1rst_000022.nc to directory /work/jessica.mcdonald/CM1_LETKF_2025/experiments/C3_3L12_R0/FORECAST_20240508_2100/member005
LINKIT:  ARG[0]: /work/jessica.mcdonald/CM1_LETKF_2025/experiments/C3_3L12_R0/FORECAST_20240508_2100/cm1.exe  ARG[1]:  /work/jessica.mcdonald/CM1_LETKF_2025/experiments/C3_3L12_R0/FORECAST_20240508_2100/member006
Linked /work/jessica.mcdonald/CM1_LETKF_2025/experiments/C3_3L12_R0/FORECAST_20240508_2100/cm1.exe to directory  /work/jessica.mcdonald/CM1_LETKF_2025/experiments/C3_3L12_R0/FORECAST_20240508_2100/member006
LINKIT:  ARG[0]: /work/jessica.mcdonald/CM1_LETKF_2025/experiments/C3_3L12_R0/FORECAST_20240508_2100/onefile.F  ARG[1]:  /work/jessica.mcdonald/CM1_LETKF_2025/experiments/C3_3L12_R0/FORECAST_20240508_2100/member006
Linked /work/jessica.mcdonald/CM1_LETKF_2025/experiments/C3_3L12_R0/FORECAST_20240508_2100/onefile.F to directory  /work/jessica.mcdonald/CM1_LETKF_2025/experiments/C3_3L12_R0/FORECAST_20240508_2100/member006
LINKIT:  ARG[0]: /work/jessica.mcdonald/CM1_LETKF_2025/experiments/C3_3L12_R0/FORECAST_20240508_2100/LANDUSE.TBL  ARG[1]:  /work/jessica.mcdonald/CM1_LETKF_2025/experiments/C3_3L12_R0/FORECAST_20240508_2100/member006
Linked /work/jessica.mcdonald/CM1_LETKF_2025/experiments/C3_3L12_R0/FORECAST_20240508_2100/LANDUSE.TBL to directory  /work/jessica.mcdonald/CM1_LETKF_2025/experiments/C3_3L12_R0/FORECAST_20240508_2100/member006
LINKIT:  ARG[0]: /work/jessica.mcdonald/CM1_LETKF_2025/experiments/C3_3L12_R0/FORECAST_20240508_2100/namelist.input  ARG[1]:  /work/jessica.mcdonald/CM1_LETKF_2025/experiments/C3_3L12_R0/FORECAST_20240508_2100/member006
Linked /work/jessica.mcdonald/CM1_LETKF_2025/experiments/C3_3L12_R0/FORECAST_20240508_2100/namelist.input to directory  /work/jessica.mcdonald/CM1_LETKF_2025/experiments/C3_3L12_R0/FORECAST_20240508_2100/member006
LINKIT:  ARG[0]: /work/jessica.mcdonald/CM1_LETKF_2025/experiments/C3_3L12_R0/member006/input_sounding  ARG[1]:  /work/jessica.mcdonald/CM1_LETKF_2025/experiments/C3_3L12_R0/FORECAST_20240508_2100/member006
Copied /work/jessica.mcdonald/CM1_LETKF_2025/experiments/C3_3L12_R0/member006/input_sounding to directory /work/jessica.mcdonald/CM1_LETKF_2025/experiments/C3_3L12_R0/FORECAST_20240508_2100/member006
LINKIT:  ARG[0]: /work/jessica.mcdonald/CM1_LETKF_2025/experiments/C3_3L12_R0/member006/cm1rst_000022.nc  ARG[1]:  /work/jessica.mcdonald/CM1_LETKF_2025/experiments/C3_3L12_R0/FORECAST_20240508_2100/member006
Copied /work/jessica.mcdonald/CM1_LETKF_2025/experiments/C3_3L12_R0/member006/cm1rst_000022.nc to directory /work/jessica.mcdonald/CM1_LETKF_2025/experiments/C3_3L12_R0/FORECAST_20240508_2100/member006
LINKIT:  ARG[0]: /work/jessica.mcdonald/CM1_LETKF_2025/experiments/C3_3L12_R0/FORECAST_20240508_2100/cm1.exe  ARG[1]:  /work/jessica.mcdonald/CM1_LETKF_2025/experiments/C3_3L12_R0/FORECAST_20240508_2100/member007
Linked /work/jessica.mcdonald/CM1_LETKF_2025/experiments/C3_3L12_R0/FORECAST_20240508_2100/cm1.exe to directory  /work/jessica.mcdonald/CM1_LETKF_2025/experiments/C3_3L12_R0/FORECAST_20240508_2100/member007
LINKIT:  ARG[0]: /work/jessica.mcdonald/CM1_LETKF_2025/experiments/C3_3L12_R0/FORECAST_20240508_2100/onefile.F  ARG[1]:  /work/jessica.mcdonald/CM1_LETKF_2025/experiments/C3_3L12_R0/FORECAST_20240508_2100/member007
Linked /work/jessica.mcdonald/CM1_LETKF_2025/experiments/C3_3L12_R0/FORECAST_20240508_2100/onefile.F to directory  /work/jessica.mcdonald/CM1_LETKF_2025/experiments/C3_3L12_R0/FORECAST_20240508_2100/member007
LINKIT:  ARG[0]: /work/jessica.mcdonald/CM1_LETKF_2025/experiments/C3_3L12_R0/FORECAST_20240508_2100/LANDUSE.TBL  ARG[1]:  /work/jessica.mcdonald/CM1_LETKF_2025/experiments/C3_3L12_R0/FORECAST_20240508_2100/member007
Linked /work/jessica.mcdonald/CM1_LETKF_2025/experiments/C3_3L12_R0/FORECAST_20240508_2100/LANDUSE.TBL to directory  /work/jessica.mcdonald/CM1_LETKF_2025/experiments/C3_3L12_R0/FORECAST_20240508_2100/member007
LINKIT:  ARG[0]: /work/jessica.mcdonald/CM1_LETKF_2025/experiments/C3_3L12_R0/FORECAST_20240508_2100/namelist.input  ARG[1]:  /work/jessica.mcdonald/CM1_LETKF_2025/experiments/C3_3L12_R0/FORECAST_20240508_2100/member007
Linked /work/jessica.mcdonald/CM1_LETKF_2025/experiments/C3_3L12_R0/FORECAST_20240508_2100/namelist.input to directory  /work/jessica.mcdonald/CM1_LETKF_2025/experiments/C3_3L12_R0/FORECAST_20240508_2100/member007
LINKIT:  ARG[0]: /work/jessica.mcdonald/CM1_LETKF_2025/experiments/C3_3L12_R0/member007/input_sounding  ARG[1]:  /work/jessica.mcdonald/CM1_LETKF_2025/experiments/C3_3L12_R0/FORECAST_20240508_2100/member007
Copied /work/jessica.mcdonald/CM1_LETKF_2025/experiments/C3_3L12_R0/member007/input_sounding to directory /work/jessica.mcdonald/CM1_LETKF_2025/experiments/C3_3L12_R0/FORECAST_20240508_2100/member007
LINKIT:  ARG[0]: /work/jessica.mcdonald/CM1_LETKF_2025/experiments/C3_3L12_R0/member007/cm1rst_000022.nc  ARG[1]:  /work/jessica.mcdonald/CM1_LETKF_2025/experiments/C3_3L12_R0/FORECAST_20240508_2100/member007
Copied /work/jessica.mcdonald/CM1_LETKF_2025/experiments/C3_3L12_R0/member007/cm1rst_000022.nc to directory /work/jessica.mcdonald/CM1_LETKF_2025/experiments/C3_3L12_R0/FORECAST_20240508_2100/member007
LINKIT:  ARG[0]: /work/jessica.mcdonald/CM1_LETKF_2025/experiments/C3_3L12_R0/FORECAST_20240508_2100/cm1.exe  ARG[1]:  /work/jessica.mcdonald/CM1_LETKF_2025/experiments/C3_3L12_R0/FORECAST_20240508_2100/member008
Linked /work/jessica.mcdonald/CM1_LETKF_2025/experiments/C3_3L12_R0/FORECAST_20240508_2100/cm1.exe to directory  /work/jessica.mcdonald/CM1_LETKF_2025/experiments/C3_3L12_R0/FORECAST_20240508_2100/member008
LINKIT:  ARG[0]: /work/jessica.mcdonald/CM1_LETKF_2025/experiments/C3_3L12_R0/FORECAST_20240508_2100/onefile.F  ARG[1]:  /work/jessica.mcdonald/CM1_LETKF_2025/experiments/C3_3L12_R0/FORECAST_20240508_2100/member008
Linked /work/jessica.mcdonald/CM1_LETKF_2025/experiments/C3_3L12_R0/FORECAST_20240508_2100/onefile.F to directory  /work/jessica.mcdonald/CM1_LETKF_2025/experiments/C3_3L12_R0/FORECAST_20240508_2100/member008
LINKIT:  ARG[0]: /work/jessica.mcdonald/CM1_LETKF_2025/experiments/C3_3L12_R0/FORECAST_20240508_2100/LANDUSE.TBL  ARG[1]:  /work/jessica.mcdonald/CM1_LETKF_2025/experiments/C3_3L12_R0/FORECAST_20240508_2100/member008
Linked /work/jessica.mcdonald/CM1_LETKF_2025/experiments/C3_3L12_R0/FORECAST_20240508_2100/LANDUSE.TBL to directory  /work/jessica.mcdonald/CM1_LETKF_2025/experiments/C3_3L12_R0/FORECAST_20240508_2100/member008
LINKIT:  ARG[0]: /work/jessica.mcdonald/CM1_LETKF_2025/experiments/C3_3L12_R0/FORECAST_20240508_2100/namelist.input  ARG[1]:  /work/jessica.mcdonald/CM1_LETKF_2025/experiments/C3_3L12_R0/FORECAST_20240508_2100/member008
Linked /work/jessica.mcdonald/CM1_LETKF_2025/experiments/C3_3L12_R0/FORECAST_20240508_2100/namelist.input to directory  /work/jessica.mcdonald/CM1_LETKF_2025/experiments/C3_3L12_R0/FORECAST_20240508_2100/member008
LINKIT:  ARG[0]: /work/jessica.mcdonald/CM1_LETKF_2025/experiments/C3_3L12_R0/member008/input_sounding  ARG[1]:  /work/jessica.mcdonald/CM1_LETKF_2025/experiments/C3_3L12_R0/FORECAST_20240508_2100/member008
Copied /work/jessica.mcdonald/CM1_LETKF_2025/experiments/C3_3L12_R0/member008/input_sounding to directory /work/jessica.mcdonald/CM1_LETKF_2025/experiments/C3_3L12_R0/FORECAST_20240508_2100/member008
LINKIT:  ARG[0]: /work/jessica.mcdonald/CM1_LETKF_2025/experiments/C3_3L12_R0/member008/cm1rst_000022.nc  ARG[1]:  /work/jessica.mcdonald/CM1_LETKF_2025/experiments/C3_3L12_R0/FORECAST_20240508_2100/member008
Copied /work/jessica.mcdonald/CM1_LETKF_2025/experiments/C3_3L12_R0/member008/cm1rst_000022.nc to directory /work/jessica.mcdonald/CM1_LETKF_2025/experiments/C3_3L12_R0/FORECAST_20240508_2100/member008
LINKIT:  ARG[0]: /work/jessica.mcdonald/CM1_LETKF_2025/experiments/C3_3L12_R0/FORECAST_20240508_2100/cm1.exe  ARG[1]:  /work/jessica.mcdonald/CM1_LETKF_2025/experiments/C3_3L12_R0/FORECAST_20240508_2100/member009
Linked /work/jessica.mcdonald/CM1_LETKF_2025/experiments/C3_3L12_R0/FORECAST_20240508_2100/cm1.exe to directory  /work/jessica.mcdonald/CM1_LETKF_2025/experiments/C3_3L12_R0/FORECAST_20240508_2100/member009
LINKIT:  ARG[0]: /work/jessica.mcdonald/CM1_LETKF_2025/experiments/C3_3L12_R0/FORECAST_20240508_2100/onefile.F  ARG[1]:  /work/jessica.mcdonald/CM1_LETKF_2025/experiments/C3_3L12_R0/FORECAST_20240508_2100/member009
Linked /work/jessica.mcdonald/CM1_LETKF_2025/experiments/C3_3L12_R0/FORECAST_20240508_2100/onefile.F to directory  /work/jessica.mcdonald/CM1_LETKF_2025/experiments/C3_3L12_R0/FORECAST_20240508_2100/member009
LINKIT:  ARG[0]: /work/jessica.mcdonald/CM1_LETKF_2025/experiments/C3_3L12_R0/FORECAST_20240508_2100/LANDUSE.TBL  ARG[1]:  /work/jessica.mcdonald/CM1_LETKF_2025/experiments/C3_3L12_R0/FORECAST_20240508_2100/member009
Linked /work/jessica.mcdonald/CM1_LETKF_2025/experiments/C3_3L12_R0/FORECAST_20240508_2100/LANDUSE.TBL to directory  /work/jessica.mcdonald/CM1_LETKF_2025/experiments/C3_3L12_R0/FORECAST_20240508_2100/member009
LINKIT:  ARG[0]: /work/jessica.mcdonald/CM1_LETKF_2025/experiments/C3_3L12_R0/FORECAST_20240508_2100/namelist.input  ARG[1]:  /work/jessica.mcdonald/CM1_LETKF_2025/experiments/C3_3L12_R0/FORECAST_20240508_2100/member009
Linked /work/jessica.mcdonald/CM1_LETKF_2025/experiments/C3_3L12_R0/FORECAST_20240508_2100/namelist.input to directory  /work/jessica.mcdonald/CM1_LETKF_2025/experiments/C3_3L12_R0/FORECAST_20240508_2100/member009
LINKIT:  ARG[0]: /work/jessica.mcdonald/CM1_LETKF_2025/experiments/C3_3L12_R0/member009/input_sounding  ARG[1]:  /work/jessica.mcdonald/CM1_LETKF_2025/experiments/C3_3L12_R0/FORECAST_20240508_2100/member009
Copied /work/jessica.mcdonald/CM1_LETKF_2025/experiments/C3_3L12_R0/member009/input_sounding to directory /work/jessica.mcdonald/CM1_LETKF_2025/experiments/C3_3L12_R0/FORECAST_20240508_2100/member009
LINKIT:  ARG[0]: /work/jessica.mcdonald/CM1_LETKF_2025/experiments/C3_3L12_R0/member009/cm1rst_000022.nc  ARG[1]:  /work/jessica.mcdonald/CM1_LETKF_2025/experiments/C3_3L12_R0/FORECAST_20240508_2100/member009
Copied /work/jessica.mcdonald/CM1_LETKF_2025/experiments/C3_3L12_R0/member009/cm1rst_000022.nc to directory /work/jessica.mcdonald/CM1_LETKF_2025/experiments/C3_3L12_R0/FORECAST_20240508_2100/member009
LINKIT:  ARG[0]: /work/jessica.mcdonald/CM1_LETKF_2025/experiments/C3_3L12_R0/FORECAST_20240508_2100/cm1.exe  ARG[1]:  /work/jessica.mcdonald/CM1_LETKF_2025/experiments/C3_3L12_R0/FORECAST_20240508_2100/member010
Linked /work/jessica.mcdonald/CM1_LETKF_2025/experiments/C3_3L12_R0/FORECAST_20240508_2100/cm1.exe to directory  /work/jessica.mcdonald/CM1_LETKF_2025/experiments/C3_3L12_R0/FORECAST_20240508_2100/member010
LINKIT:  ARG[0]: /work/jessica.mcdonald/CM1_LETKF_2025/experiments/C3_3L12_R0/FORECAST_20240508_2100/onefile.F  ARG[1]:  /work/jessica.mcdonald/CM1_LETKF_2025/experiments/C3_3L12_R0/FORECAST_20240508_2100/member010
Linked /work/jessica.mcdonald/CM1_LETKF_2025/experiments/C3_3L12_R0/FORECAST_20240508_2100/onefile.F to directory  /work/jessica.mcdonald/CM1_LETKF_2025/experiments/C3_3L12_R0/FORECAST_20240508_2100/member010
LINKIT:  ARG[0]: /work/jessica.mcdonald/CM1_LETKF_2025/experiments/C3_3L12_R0/FORECAST_20240508_2100/LANDUSE.TBL  ARG[1]:  /work/jessica.mcdonald/CM1_LETKF_2025/experiments/C3_3L12_R0/FORECAST_20240508_2100/member010
Linked /work/jessica.mcdonald/CM1_LETKF_2025/experiments/C3_3L12_R0/FORECAST_20240508_2100/LANDUSE.TBL to directory  /work/jessica.mcdonald/CM1_LETKF_2025/experiments/C3_3L12_R0/FORECAST_20240508_2100/member010
LINKIT:  ARG[0]: /work/jessica.mcdonald/CM1_LETKF_2025/experiments/C3_3L12_R0/FORECAST_20240508_2100/namelist.input  ARG[1]:  /work/jessica.mcdonald/CM1_LETKF_2025/experiments/C3_3L12_R0/FORECAST_20240508_2100/member010
Linked /work/jessica.mcdonald/CM1_LETKF_2025/experiments/C3_3L12_R0/FORECAST_20240508_2100/namelist.input to directory  /work/jessica.mcdonald/CM1_LETKF_2025/experiments/C3_3L12_R0/FORECAST_20240508_2100/member010
LINKIT:  ARG[0]: /work/jessica.mcdonald/CM1_LETKF_2025/experiments/C3_3L12_R0/member010/input_sounding  ARG[1]:  /work/jessica.mcdonald/CM1_LETKF_2025/experiments/C3_3L12_R0/FORECAST_20240508_2100/member010
Copied /work/jessica.mcdonald/CM1_LETKF_2025/experiments/C3_3L12_R0/member010/input_sounding to directory /work/jessica.mcdonald/CM1_LETKF_2025/experiments/C3_3L12_R0/FORECAST_20240508_2100/member010
LINKIT:  ARG[0]: /work/jessica.mcdonald/CM1_LETKF_2025/experiments/C3_3L12_R0/member010/cm1rst_000022.nc  ARG[1]:  /work/jessica.mcdonald/CM1_LETKF_2025/experiments/C3_3L12_R0/FORECAST_20240508_2100/member010
Copied /work/jessica.mcdonald/CM1_LETKF_2025/experiments/C3_3L12_R0/member010/cm1rst_000022.nc to directory /work/jessica.mcdonald/CM1_LETKF_2025/experiments/C3_3L12_R0/FORECAST_20240508_2100/member010
LINKIT:  ARG[0]: /work/jessica.mcdonald/CM1_LETKF_2025/experiments/C3_3L12_R0/FORECAST_20240508_2100/cm1.exe  ARG[1]:  /work/jessica.mcdonald/CM1_LETKF_2025/experiments/C3_3L12_R0/FORECAST_20240508_2100/member011
Linked /work/jessica.mcdonald/CM1_LETKF_2025/experiments/C3_3L12_R0/FORECAST_20240508_2100/cm1.exe to directory  /work/jessica.mcdonald/CM1_LETKF_2025/experiments/C3_3L12_R0/FORECAST_20240508_2100/member011
LINKIT:  ARG[0]: /work/jessica.mcdonald/CM1_LETKF_2025/experiments/C3_3L12_R0/FORECAST_20240508_2100/onefile.F  ARG[1]:  /work/jessica.mcdonald/CM1_LETKF_2025/experiments/C3_3L12_R0/FORECAST_20240508_2100/member011
Linked /work/jessica.mcdonald/CM1_LETKF_2025/experiments/C3_3L12_R0/FORECAST_20240508_2100/onefile.F to directory  /work/jessica.mcdonald/CM1_LETKF_2025/experiments/C3_3L12_R0/FORECAST_20240508_2100/member011
LINKIT:  ARG[0]: /work/jessica.mcdonald/CM1_LETKF_2025/experiments/C3_3L12_R0/FORECAST_20240508_2100/LANDUSE.TBL  ARG[1]:  /work/jessica.mcdonald/CM1_LETKF_2025/experiments/C3_3L12_R0/FORECAST_20240508_2100/member011
Linked /work/jessica.mcdonald/CM1_LETKF_2025/experiments/C3_3L12_R0/FORECAST_20240508_2100/LANDUSE.TBL to directory  /work/jessica.mcdonald/CM1_LETKF_2025/experiments/C3_3L12_R0/FORECAST_20240508_2100/member011
LINKIT:  ARG[0]: /work/jessica.mcdonald/CM1_LETKF_2025/experiments/C3_3L12_R0/FORECAST_20240508_2100/namelist.input  ARG[1]:  /work/jessica.mcdonald/CM1_LETKF_2025/experiments/C3_3L12_R0/FORECAST_20240508_2100/member011
Linked /work/jessica.mcdonald/CM1_LETKF_2025/experiments/C3_3L12_R0/FORECAST_20240508_2100/namelist.input to directory  /work/jessica.mcdonald/CM1_LETKF_2025/experiments/C3_3L12_R0/FORECAST_20240508_2100/member011
LINKIT:  ARG[0]: /work/jessica.mcdonald/CM1_LETKF_2025/experiments/C3_3L12_R0/member011/input_sounding  ARG[1]:  /work/jessica.mcdonald/CM1_LETKF_2025/experiments/C3_3L12_R0/FORECAST_20240508_2100/member011
Copied /work/jessica.mcdonald/CM1_LETKF_2025/experiments/C3_3L12_R0/member011/input_sounding to directory /work/jessica.mcdonald/CM1_LETKF_2025/experiments/C3_3L12_R0/FORECAST_20240508_2100/member011
LINKIT:  ARG[0]: /work/jessica.mcdonald/CM1_LETKF_2025/experiments/C3_3L12_R0/member011/cm1rst_000022.nc  ARG[1]:  /work/jessica.mcdonald/CM1_LETKF_2025/experiments/C3_3L12_R0/FORECAST_20240508_2100/member011
Copied /work/jessica.mcdonald/CM1_LETKF_2025/experiments/C3_3L12_R0/member011/cm1rst_000022.nc to directory /work/jessica.mcdonald/CM1_LETKF_2025/experiments/C3_3L12_R0/FORECAST_20240508_2100/member011
LINKIT:  ARG[0]: /work/jessica.mcdonald/CM1_LETKF_2025/experiments/C3_3L12_R0/FORECAST_20240508_2100/cm1.exe  ARG[1]:  /work/jessica.mcdonald/CM1_LETKF_2025/experiments/C3_3L12_R0/FORECAST_20240508_2100/member012
Linked /work/jessica.mcdonald/CM1_LETKF_2025/experiments/C3_3L12_R0/FORECAST_20240508_2100/cm1.exe to directory  /work/jessica.mcdonald/CM1_LETKF_2025/experiments/C3_3L12_R0/FORECAST_20240508_2100/member012
LINKIT:  ARG[0]: /work/jessica.mcdonald/CM1_LETKF_2025/experiments/C3_3L12_R0/FORECAST_20240508_2100/onefile.F  ARG[1]:  /work/jessica.mcdonald/CM1_LETKF_2025/experiments/C3_3L12_R0/FORECAST_20240508_2100/member012
Linked /work/jessica.mcdonald/CM1_LETKF_2025/experiments/C3_3L12_R0/FORECAST_20240508_2100/onefile.F to directory  /work/jessica.mcdonald/CM1_LETKF_2025/experiments/C3_3L12_R0/FORECAST_20240508_2100/member012
LINKIT:  ARG[0]: /work/jessica.mcdonald/CM1_LETKF_2025/experiments/C3_3L12_R0/FORECAST_20240508_2100/LANDUSE.TBL  ARG[1]:  /work/jessica.mcdonald/CM1_LETKF_2025/experiments/C3_3L12_R0/FORECAST_20240508_2100/member012
Linked /work/jessica.mcdonald/CM1_LETKF_2025/experiments/C3_3L12_R0/FORECAST_20240508_2100/LANDUSE.TBL to directory  /work/jessica.mcdonald/CM1_LETKF_2025/experiments/C3_3L12_R0/FORECAST_20240508_2100/member012
LINKIT:  ARG[0]: /work/jessica.mcdonald/CM1_LETKF_2025/experiments/C3_3L12_R0/FORECAST_20240508_2100/namelist.input  ARG[1]:  /work/jessica.mcdonald/CM1_LETKF_2025/experiments/C3_3L12_R0/FORECAST_20240508_2100/member012
Linked /work/jessica.mcdonald/CM1_LETKF_2025/experiments/C3_3L12_R0/FORECAST_20240508_2100/namelist.input to directory  /work/jessica.mcdonald/CM1_LETKF_2025/experiments/C3_3L12_R0/FORECAST_20240508_2100/member012
LINKIT:  ARG[0]: /work/jessica.mcdonald/CM1_LETKF_2025/experiments/C3_3L12_R0/member012/input_sounding  ARG[1]:  /work/jessica.mcdonald/CM1_LETKF_2025/experiments/C3_3L12_R0/FORECAST_20240508_2100/member012
Copied /work/jessica.mcdonald/CM1_LETKF_2025/experiments/C3_3L12_R0/member012/input_sounding to directory /work/jessica.mcdonald/CM1_LETKF_2025/experiments/C3_3L12_R0/FORECAST_20240508_2100/member012
LINKIT:  ARG[0]: /work/jessica.mcdonald/CM1_LETKF_2025/experiments/C3_3L12_R0/member012/cm1rst_000022.nc  ARG[1]:  /work/jessica.mcdonald/CM1_LETKF_2025/experiments/C3_3L12_R0/FORECAST_20240508_2100/member012
Copied /work/jessica.mcdonald/CM1_LETKF_2025/experiments/C3_3L12_R0/member012/cm1rst_000022.nc to directory /work/jessica.mcdonald/CM1_LETKF_2025/experiments/C3_3L12_R0/FORECAST_20240508_2100/member012
LINKIT:  ARG[0]: /work/jessica.mcdonald/CM1_LETKF_2025/experiments/C3_3L12_R0/FORECAST_20240508_2100/cm1.exe  ARG[1]:  /work/jessica.mcdonald/CM1_LETKF_2025/experiments/C3_3L12_R0/FORECAST_20240508_2100/member013
Linked /work/jessica.mcdonald/CM1_LETKF_2025/experiments/C3_3L12_R0/FORECAST_20240508_2100/cm1.exe to directory  /work/jessica.mcdonald/CM1_LETKF_2025/experiments/C3_3L12_R0/FORECAST_20240508_2100/member013
LINKIT:  ARG[0]: /work/jessica.mcdonald/CM1_LETKF_2025/experiments/C3_3L12_R0/FORECAST_20240508_2100/onefile.F  ARG[1]:  /work/jessica.mcdonald/CM1_LETKF_2025/experiments/C3_3L12_R0/FORECAST_20240508_2100/member013
Linked /work/jessica.mcdonald/CM1_LETKF_2025/experiments/C3_3L12_R0/FORECAST_20240508_2100/onefile.F to directory  /work/jessica.mcdonald/CM1_LETKF_2025/experiments/C3_3L12_R0/FORECAST_20240508_2100/member013
LINKIT:  ARG[0]: /work/jessica.mcdonald/CM1_LETKF_2025/experiments/C3_3L12_R0/FORECAST_20240508_2100/LANDUSE.TBL  ARG[1]:  /work/jessica.mcdonald/CM1_LETKF_2025/experiments/C3_3L12_R0/FORECAST_20240508_2100/member013
Linked /work/jessica.mcdonald/CM1_LETKF_2025/experiments/C3_3L12_R0/FORECAST_20240508_2100/LANDUSE.TBL to directory  /work/jessica.mcdonald/CM1_LETKF_2025/experiments/C3_3L12_R0/FORECAST_20240508_2100/member013
LINKIT:  ARG[0]: /work/jessica.mcdonald/CM1_LETKF_2025/experiments/C3_3L12_R0/FORECAST_20240508_2100/namelist.input  ARG[1]:  /work/jessica.mcdonald/CM1_LETKF_2025/experiments/C3_3L12_R0/FORECAST_20240508_2100/member013
Linked /work/jessica.mcdonald/CM1_LETKF_2025/experiments/C3_3L12_R0/FORECAST_20240508_2100/namelist.input to directory  /work/jessica.mcdonald/CM1_LETKF_2025/experiments/C3_3L12_R0/FORECAST_20240508_2100/member013
LINKIT:  ARG[0]: /work/jessica.mcdonald/CM1_LETKF_2025/experiments/C3_3L12_R0/member013/input_sounding  ARG[1]:  /work/jessica.mcdonald/CM1_LETKF_2025/experiments/C3_3L12_R0/FORECAST_20240508_2100/member013
Copied /work/jessica.mcdonald/CM1_LETKF_2025/experiments/C3_3L12_R0/member013/input_sounding to directory /work/jessica.mcdonald/CM1_LETKF_2025/experiments/C3_3L12_R0/FORECAST_20240508_2100/member013
LINKIT:  ARG[0]: /work/jessica.mcdonald/CM1_LETKF_2025/experiments/C3_3L12_R0/member013/cm1rst_000022.nc  ARG[1]:  /work/jessica.mcdonald/CM1_LETKF_2025/experiments/C3_3L12_R0/FORECAST_20240508_2100/member013
Copied /work/jessica.mcdonald/CM1_LETKF_2025/experiments/C3_3L12_R0/member013/cm1rst_000022.nc to directory /work/jessica.mcdonald/CM1_LETKF_2025/experiments/C3_3L12_R0/FORECAST_20240508_2100/member013
LINKIT:  ARG[0]: /work/jessica.mcdonald/CM1_LETKF_2025/experiments/C3_3L12_R0/FORECAST_20240508_2100/cm1.exe  ARG[1]:  /work/jessica.mcdonald/CM1_LETKF_2025/experiments/C3_3L12_R0/FORECAST_20240508_2100/member014
Linked /work/jessica.mcdonald/CM1_LETKF_2025/experiments/C3_3L12_R0/FORECAST_20240508_2100/cm1.exe to directory  /work/jessica.mcdonald/CM1_LETKF_2025/experiments/C3_3L12_R0/FORECAST_20240508_2100/member014
LINKIT:  ARG[0]: /work/jessica.mcdonald/CM1_LETKF_2025/experiments/C3_3L12_R0/FORECAST_20240508_2100/onefile.F  ARG[1]:  /work/jessica.mcdonald/CM1_LETKF_2025/experiments/C3_3L12_R0/FORECAST_20240508_2100/member014
Linked /work/jessica.mcdonald/CM1_LETKF_2025/experiments/C3_3L12_R0/FORECAST_20240508_2100/onefile.F to directory  /work/jessica.mcdonald/CM1_LETKF_2025/experiments/C3_3L12_R0/FORECAST_20240508_2100/member014
LINKIT:  ARG[0]: /work/jessica.mcdonald/CM1_LETKF_2025/experiments/C3_3L12_R0/FORECAST_20240508_2100/LANDUSE.TBL  ARG[1]:  /work/jessica.mcdonald/CM1_LETKF_2025/experiments/C3_3L12_R0/FORECAST_20240508_2100/member014
Linked /work/jessica.mcdonald/CM1_LETKF_2025/experiments/C3_3L12_R0/FORECAST_20240508_2100/LANDUSE.TBL to directory  /work/jessica.mcdonald/CM1_LETKF_2025/experiments/C3_3L12_R0/FORECAST_20240508_2100/member014
LINKIT:  ARG[0]: /work/jessica.mcdonald/CM1_LETKF_2025/experiments/C3_3L12_R0/FORECAST_20240508_2100/namelist.input  ARG[1]:  /work/jessica.mcdonald/CM1_LETKF_2025/experiments/C3_3L12_R0/FORECAST_20240508_2100/member014
Linked /work/jessica.mcdonald/CM1_LETKF_2025/experiments/C3_3L12_R0/FORECAST_20240508_2100/namelist.input to directory  /work/jessica.mcdonald/CM1_LETKF_2025/experiments/C3_3L12_R0/FORECAST_20240508_2100/member014
LINKIT:  ARG[0]: /work/jessica.mcdonald/CM1_LETKF_2025/experiments/C3_3L12_R0/member014/input_sounding  ARG[1]:  /work/jessica.mcdonald/CM1_LETKF_2025/experiments/C3_3L12_R0/FORECAST_20240508_2100/member014
Copied /work/jessica.mcdonald/CM1_LETKF_2025/experiments/C3_3L12_R0/member014/input_sounding to directory /work/jessica.mcdonald/CM1_LETKF_2025/experiments/C3_3L12_R0/FORECAST_20240508_2100/member014
LINKIT:  ARG[0]: /work/jessica.mcdonald/CM1_LETKF_2025/experiments/C3_3L12_R0/member014/cm1rst_000022.nc  ARG[1]:  /work/jessica.mcdonald/CM1_LETKF_2025/experiments/C3_3L12_R0/FORECAST_20240508_2100/member014
Copied /work/jessica.mcdonald/CM1_LETKF_2025/experiments/C3_3L12_R0/member014/cm1rst_000022.nc to directory /work/jessica.mcdonald/CM1_LETKF_2025/experiments/C3_3L12_R0/FORECAST_20240508_2100/member014
LINKIT:  ARG[0]: /work/jessica.mcdonald/CM1_LETKF_2025/experiments/C3_3L12_R0/FORECAST_20240508_2100/cm1.exe  ARG[1]:  /work/jessica.mcdonald/CM1_LETKF_2025/experiments/C3_3L12_R0/FORECAST_20240508_2100/member015
Linked /work/jessica.mcdonald/CM1_LETKF_2025/experiments/C3_3L12_R0/FORECAST_20240508_2100/cm1.exe to directory  /work/jessica.mcdonald/CM1_LETKF_2025/experiments/C3_3L12_R0/FORECAST_20240508_2100/member015
LINKIT:  ARG[0]: /work/jessica.mcdonald/CM1_LETKF_2025/experiments/C3_3L12_R0/FORECAST_20240508_2100/onefile.F  ARG[1]:  /work/jessica.mcdonald/CM1_LETKF_2025/experiments/C3_3L12_R0/FORECAST_20240508_2100/member015
Linked /work/jessica.mcdonald/CM1_LETKF_2025/experiments/C3_3L12_R0/FORECAST_20240508_2100/onefile.F to directory  /work/jessica.mcdonald/CM1_LETKF_2025/experiments/C3_3L12_R0/FORECAST_20240508_2100/member015
LINKIT:  ARG[0]: /work/jessica.mcdonald/CM1_LETKF_2025/experiments/C3_3L12_R0/FORECAST_20240508_2100/LANDUSE.TBL  ARG[1]:  /work/jessica.mcdonald/CM1_LETKF_2025/experiments/C3_3L12_R0/FORECAST_20240508_2100/member015
Linked /work/jessica.mcdonald/CM1_LETKF_2025/experiments/C3_3L12_R0/FORECAST_20240508_2100/LANDUSE.TBL to directory  /work/jessica.mcdonald/CM1_LETKF_2025/experiments/C3_3L12_R0/FORECAST_20240508_2100/member015
LINKIT:  ARG[0]: /work/jessica.mcdonald/CM1_LETKF_2025/experiments/C3_3L12_R0/FORECAST_20240508_2100/namelist.input  ARG[1]:  /work/jessica.mcdonald/CM1_LETKF_2025/experiments/C3_3L12_R0/FORECAST_20240508_2100/member015
Linked /work/jessica.mcdonald/CM1_LETKF_2025/experiments/C3_3L12_R0/FORECAST_20240508_2100/namelist.input to directory  /work/jessica.mcdonald/CM1_LETKF_2025/experiments/C3_3L12_R0/FORECAST_20240508_2100/member015
LINKIT:  ARG[0]: /work/jessica.mcdonald/CM1_LETKF_2025/experiments/C3_3L12_R0/member015/input_sounding  ARG[1]:  /work/jessica.mcdonald/CM1_LETKF_2025/experiments/C3_3L12_R0/FORECAST_20240508_2100/member015
Copied /work/jessica.mcdonald/CM1_LETKF_2025/experiments/C3_3L12_R0/member015/input_sounding to directory /work/jessica.mcdonald/CM1_LETKF_2025/experiments/C3_3L12_R0/FORECAST_20240508_2100/member015
LINKIT:  ARG[0]: /work/jessica.mcdonald/CM1_LETKF_2025/experiments/C3_3L12_R0/member015/cm1rst_000022.nc  ARG[1]:  /work/jessica.mcdonald/CM1_LETKF_2025/experiments/C3_3L12_R0/FORECAST_20240508_2100/member015
Copied /work/jessica.mcdonald/CM1_LETKF_2025/experiments/C3_3L12_R0/member015/cm1rst_000022.nc to directory /work/jessica.mcdonald/CM1_LETKF_2025/experiments/C3_3L12_R0/FORECAST_20240508_2100/member015
LINKIT:  ARG[0]: /work/jessica.mcdonald/CM1_LETKF_2025/experiments/C3_3L12_R0/FORECAST_20240508_2100/cm1.exe  ARG[1]:  /work/jessica.mcdonald/CM1_LETKF_2025/experiments/C3_3L12_R0/FORECAST_20240508_2100/member016
Linked /work/jessica.mcdonald/CM1_LETKF_2025/experiments/C3_3L12_R0/FORECAST_20240508_2100/cm1.exe to directory  /work/jessica.mcdonald/CM1_LETKF_2025/experiments/C3_3L12_R0/FORECAST_20240508_2100/member016
LINKIT:  ARG[0]: /work/jessica.mcdonald/CM1_LETKF_2025/experiments/C3_3L12_R0/FORECAST_20240508_2100/onefile.F  ARG[1]:  /work/jessica.mcdonald/CM1_LETKF_2025/experiments/C3_3L12_R0/FORECAST_20240508_2100/member016
Linked /work/jessica.mcdonald/CM1_LETKF_2025/experiments/C3_3L12_R0/FORECAST_20240508_2100/onefile.F to directory  /work/jessica.mcdonald/CM1_LETKF_2025/experiments/C3_3L12_R0/FORECAST_20240508_2100/member016
LINKIT:  ARG[0]: /work/jessica.mcdonald/CM1_LETKF_2025/experiments/C3_3L12_R0/FORECAST_20240508_2100/LANDUSE.TBL  ARG[1]:  /work/jessica.mcdonald/CM1_LETKF_2025/experiments/C3_3L12_R0/FORECAST_20240508_2100/member016
Linked /work/jessica.mcdonald/CM1_LETKF_2025/experiments/C3_3L12_R0/FORECAST_20240508_2100/LANDUSE.TBL to directory  /work/jessica.mcdonald/CM1_LETKF_2025/experiments/C3_3L12_R0/FORECAST_20240508_2100/member016
LINKIT:  ARG[0]: /work/jessica.mcdonald/CM1_LETKF_2025/experiments/C3_3L12_R0/FORECAST_20240508_2100/namelist.input  ARG[1]:  /work/jessica.mcdonald/CM1_LETKF_2025/experiments/C3_3L12_R0/FORECAST_20240508_2100/member016
Linked /work/jessica.mcdonald/CM1_LETKF_2025/experiments/C3_3L12_R0/FORECAST_20240508_2100/namelist.input to directory  /work/jessica.mcdonald/CM1_LETKF_2025/experiments/C3_3L12_R0/FORECAST_20240508_2100/member016
LINKIT:  ARG[0]: /work/jessica.mcdonald/CM1_LETKF_2025/experiments/C3_3L12_R0/member016/input_sounding  ARG[1]:  /work/jessica.mcdonald/CM1_LETKF_2025/experiments/C3_3L12_R0/FORECAST_20240508_2100/member016
Copied /work/jessica.mcdonald/CM1_LETKF_2025/experiments/C3_3L12_R0/member016/input_sounding to directory /work/jessica.mcdonald/CM1_LETKF_2025/experiments/C3_3L12_R0/FORECAST_20240508_2100/member016
LINKIT:  ARG[0]: /work/jessica.mcdonald/CM1_LETKF_2025/experiments/C3_3L12_R0/member016/cm1rst_000022.nc  ARG[1]:  /work/jessica.mcdonald/CM1_LETKF_2025/experiments/C3_3L12_R0/FORECAST_20240508_2100/member016
Copied /work/jessica.mcdonald/CM1_LETKF_2025/experiments/C3_3L12_R0/member016/cm1rst_000022.nc to directory /work/jessica.mcdonald/CM1_LETKF_2025/experiments/C3_3L12_R0/FORECAST_20240508_2100/member016
LINKIT:  ARG[0]: /work/jessica.mcdonald/CM1_LETKF_2025/experiments/C3_3L12_R0/FORECAST_20240508_2100/cm1.exe  ARG[1]:  /work/jessica.mcdonald/CM1_LETKF_2025/experiments/C3_3L12_R0/FORECAST_20240508_2100/member017
Linked /work/jessica.mcdonald/CM1_LETKF_2025/experiments/C3_3L12_R0/FORECAST_20240508_2100/cm1.exe to directory  /work/jessica.mcdonald/CM1_LETKF_2025/experiments/C3_3L12_R0/FORECAST_20240508_2100/member017
LINKIT:  ARG[0]: /work/jessica.mcdonald/CM1_LETKF_2025/experiments/C3_3L12_R0/FORECAST_20240508_2100/onefile.F  ARG[1]:  /work/jessica.mcdonald/CM1_LETKF_2025/experiments/C3_3L12_R0/FORECAST_20240508_2100/member017
Linked /work/jessica.mcdonald/CM1_LETKF_2025/experiments/C3_3L12_R0/FORECAST_20240508_2100/onefile.F to directory  /work/jessica.mcdonald/CM1_LETKF_2025/experiments/C3_3L12_R0/FORECAST_20240508_2100/member017
LINKIT:  ARG[0]: /work/jessica.mcdonald/CM1_LETKF_2025/experiments/C3_3L12_R0/FORECAST_20240508_2100/LANDUSE.TBL  ARG[1]:  /work/jessica.mcdonald/CM1_LETKF_2025/experiments/C3_3L12_R0/FORECAST_20240508_2100/member017
Linked /work/jessica.mcdonald/CM1_LETKF_2025/experiments/C3_3L12_R0/FORECAST_20240508_2100/LANDUSE.TBL to directory  /work/jessica.mcdonald/CM1_LETKF_2025/experiments/C3_3L12_R0/FORECAST_20240508_2100/member017
LINKIT:  ARG[0]: /work/jessica.mcdonald/CM1_LETKF_2025/experiments/C3_3L12_R0/FORECAST_20240508_2100/namelist.input  ARG[1]:  /work/jessica.mcdonald/CM1_LETKF_2025/experiments/C3_3L12_R0/FORECAST_20240508_2100/member017
Linked /work/jessica.mcdonald/CM1_LETKF_2025/experiments/C3_3L12_R0/FORECAST_20240508_2100/namelist.input to directory  /work/jessica.mcdonald/CM1_LETKF_2025/experiments/C3_3L12_R0/FORECAST_20240508_2100/member017
LINKIT:  ARG[0]: /work/jessica.mcdonald/CM1_LETKF_2025/experiments/C3_3L12_R0/member017/input_sounding  ARG[1]:  /work/jessica.mcdonald/CM1_LETKF_2025/experiments/C3_3L12_R0/FORECAST_20240508_2100/member017
Copied /work/jessica.mcdonald/CM1_LETKF_2025/experiments/C3_3L12_R0/member017/input_sounding to directory /work/jessica.mcdonald/CM1_LETKF_2025/experiments/C3_3L12_R0/FORECAST_20240508_2100/member017
LINKIT:  ARG[0]: /work/jessica.mcdonald/CM1_LETKF_2025/experiments/C3_3L12_R0/member017/cm1rst_000022.nc  ARG[1]:  /work/jessica.mcdonald/CM1_LETKF_2025/experiments/C3_3L12_R0/FORECAST_20240508_2100/member017
Copied /work/jessica.mcdonald/CM1_LETKF_2025/experiments/C3_3L12_R0/member017/cm1rst_000022.nc to directory /work/jessica.mcdonald/CM1_LETKF_2025/experiments/C3_3L12_R0/FORECAST_20240508_2100/member017
LINKIT:  ARG[0]: /work/jessica.mcdonald/CM1_LETKF_2025/experiments/C3_3L12_R0/FORECAST_20240508_2100/cm1.exe  ARG[1]:  /work/jessica.mcdonald/CM1_LETKF_2025/experiments/C3_3L12_R0/FORECAST_20240508_2100/member018
Linked /work/jessica.mcdonald/CM1_LETKF_2025/experiments/C3_3L12_R0/FORECAST_20240508_2100/cm1.exe to directory  /work/jessica.mcdonald/CM1_LETKF_2025/experiments/C3_3L12_R0/FORECAST_20240508_2100/member018
LINKIT:  ARG[0]: /work/jessica.mcdonald/CM1_LETKF_2025/experiments/C3_3L12_R0/FORECAST_20240508_2100/onefile.F  ARG[1]:  /work/jessica.mcdonald/CM1_LETKF_2025/experiments/C3_3L12_R0/FORECAST_20240508_2100/member018
Linked /work/jessica.mcdonald/CM1_LETKF_2025/experiments/C3_3L12_R0/FORECAST_20240508_2100/onefile.F to directory  /work/jessica.mcdonald/CM1_LETKF_2025/experiments/C3_3L12_R0/FORECAST_20240508_2100/member018
LINKIT:  ARG[0]: /work/jessica.mcdonald/CM1_LETKF_2025/experiments/C3_3L12_R0/FORECAST_20240508_2100/LANDUSE.TBL  ARG[1]:  /work/jessica.mcdonald/CM1_LETKF_2025/experiments/C3_3L12_R0/FORECAST_20240508_2100/member018
Linked /work/jessica.mcdonald/CM1_LETKF_2025/experiments/C3_3L12_R0/FORECAST_20240508_2100/LANDUSE.TBL to directory  /work/jessica.mcdonald/CM1_LETKF_2025/experiments/C3_3L12_R0/FORECAST_20240508_2100/member018
LINKIT:  ARG[0]: /work/jessica.mcdonald/CM1_LETKF_2025/experiments/C3_3L12_R0/FORECAST_20240508_2100/namelist.input  ARG[1]:  /work/jessica.mcdonald/CM1_LETKF_2025/experiments/C3_3L12_R0/FORECAST_20240508_2100/member018
Linked /work/jessica.mcdonald/CM1_LETKF_2025/experiments/C3_3L12_R0/FORECAST_20240508_2100/namelist.input to directory  /work/jessica.mcdonald/CM1_LETKF_2025/experiments/C3_3L12_R0/FORECAST_20240508_2100/member018
LINKIT:  ARG[0]: /work/jessica.mcdonald/CM1_LETKF_2025/experiments/C3_3L12_R0/member018/input_sounding  ARG[1]:  /work/jessica.mcdonald/CM1_LETKF_2025/experiments/C3_3L12_R0/FORECAST_20240508_2100/member018
Copied /work/jessica.mcdonald/CM1_LETKF_2025/experiments/C3_3L12_R0/member018/input_sounding to directory /work/jessica.mcdonald/CM1_LETKF_2025/experiments/C3_3L12_R0/FORECAST_20240508_2100/member018
LINKIT:  ARG[0]: /work/jessica.mcdonald/CM1_LETKF_2025/experiments/C3_3L12_R0/member018/cm1rst_000022.nc  ARG[1]:  /work/jessica.mcdonald/CM1_LETKF_2025/experiments/C3_3L12_R0/FORECAST_20240508_2100/member018
Copied /work/jessica.mcdonald/CM1_LETKF_2025/experiments/C3_3L12_R0/member018/cm1rst_000022.nc to directory /work/jessica.mcdonald/CM1_LETKF_2025/experiments/C3_3L12_R0/FORECAST_20240508_2100/member018
LINKIT:  ARG[0]: /work/jessica.mcdonald/CM1_LETKF_2025/experiments/C3_3L12_R0/FORECAST_20240508_2100/cm1.exe  ARG[1]:  /work/jessica.mcdonald/CM1_LETKF_2025/experiments/C3_3L12_R0/FORECAST_20240508_2100/member019
Linked /work/jessica.mcdonald/CM1_LETKF_2025/experiments/C3_3L12_R0/FORECAST_20240508_2100/cm1.exe to directory  /work/jessica.mcdonald/CM1_LETKF_2025/experiments/C3_3L12_R0/FORECAST_20240508_2100/member019
LINKIT:  ARG[0]: /work/jessica.mcdonald/CM1_LETKF_2025/experiments/C3_3L12_R0/FORECAST_20240508_2100/onefile.F  ARG[1]:  /work/jessica.mcdonald/CM1_LETKF_2025/experiments/C3_3L12_R0/FORECAST_20240508_2100/member019
Linked /work/jessica.mcdonald/CM1_LETKF_2025/experiments/C3_3L12_R0/FORECAST_20240508_2100/onefile.F to directory  /work/jessica.mcdonald/CM1_LETKF_2025/experiments/C3_3L12_R0/FORECAST_20240508_2100/member019
LINKIT:  ARG[0]: /work/jessica.mcdonald/CM1_LETKF_2025/experiments/C3_3L12_R0/FORECAST_20240508_2100/LANDUSE.TBL  ARG[1]:  /work/jessica.mcdonald/CM1_LETKF_2025/experiments/C3_3L12_R0/FORECAST_20240508_2100/member019
Linked /work/jessica.mcdonald/CM1_LETKF_2025/experiments/C3_3L12_R0/FORECAST_20240508_2100/LANDUSE.TBL to directory  /work/jessica.mcdonald/CM1_LETKF_2025/experiments/C3_3L12_R0/FORECAST_20240508_2100/member019
LINKIT:  ARG[0]: /work/jessica.mcdonald/CM1_LETKF_2025/experiments/C3_3L12_R0/FORECAST_20240508_2100/namelist.input  ARG[1]:  /work/jessica.mcdonald/CM1_LETKF_2025/experiments/C3_3L12_R0/FORECAST_20240508_2100/member019
Linked /work/jessica.mcdonald/CM1_LETKF_2025/experiments/C3_3L12_R0/FORECAST_20240508_2100/namelist.input to directory  /work/jessica.mcdonald/CM1_LETKF_2025/experiments/C3_3L12_R0/FORECAST_20240508_2100/member019
LINKIT:  ARG[0]: /work/jessica.mcdonald/CM1_LETKF_2025/experiments/C3_3L12_R0/member019/input_sounding  ARG[1]:  /work/jessica.mcdonald/CM1_LETKF_2025/experiments/C3_3L12_R0/FORECAST_20240508_2100/member019
Copied /work/jessica.mcdonald/CM1_LETKF_2025/experiments/C3_3L12_R0/member019/input_sounding to directory /work/jessica.mcdonald/CM1_LETKF_2025/experiments/C3_3L12_R0/FORECAST_20240508_2100/member019
LINKIT:  ARG[0]: /work/jessica.mcdonald/CM1_LETKF_2025/experiments/C3_3L12_R0/member019/cm1rst_000022.nc  ARG[1]:  /work/jessica.mcdonald/CM1_LETKF_2025/experiments/C3_3L12_R0/FORECAST_20240508_2100/member019
Copied /work/jessica.mcdonald/CM1_LETKF_2025/experiments/C3_3L12_R0/member019/cm1rst_000022.nc to directory /work/jessica.mcdonald/CM1_LETKF_2025/experiments/C3_3L12_R0/FORECAST_20240508_2100/member019
LINKIT:  ARG[0]: /work/jessica.mcdonald/CM1_LETKF_2025/experiments/C3_3L12_R0/FORECAST_20240508_2100/cm1.exe  ARG[1]:  /work/jessica.mcdonald/CM1_LETKF_2025/experiments/C3_3L12_R0/FORECAST_20240508_2100/member020
Linked /work/jessica.mcdonald/CM1_LETKF_2025/experiments/C3_3L12_R0/FORECAST_20240508_2100/cm1.exe to directory  /work/jessica.mcdonald/CM1_LETKF_2025/experiments/C3_3L12_R0/FORECAST_20240508_2100/member020
LINKIT:  ARG[0]: /work/jessica.mcdonald/CM1_LETKF_2025/experiments/C3_3L12_R0/FORECAST_20240508_2100/onefile.F  ARG[1]:  /work/jessica.mcdonald/CM1_LETKF_2025/experiments/C3_3L12_R0/FORECAST_20240508_2100/member020
Linked /work/jessica.mcdonald/CM1_LETKF_2025/experiments/C3_3L12_R0/FORECAST_20240508_2100/onefile.F to directory  /work/jessica.mcdonald/CM1_LETKF_2025/experiments/C3_3L12_R0/FORECAST_20240508_2100/member020
LINKIT:  ARG[0]: /work/jessica.mcdonald/CM1_LETKF_2025/experiments/C3_3L12_R0/FORECAST_20240508_2100/LANDUSE.TBL  ARG[1]:  /work/jessica.mcdonald/CM1_LETKF_2025/experiments/C3_3L12_R0/FORECAST_20240508_2100/member020
Linked /work/jessica.mcdonald/CM1_LETKF_2025/experiments/C3_3L12_R0/FORECAST_20240508_2100/LANDUSE.TBL to directory  /work/jessica.mcdonald/CM1_LETKF_2025/experiments/C3_3L12_R0/FORECAST_20240508_2100/member020
LINKIT:  ARG[0]: /work/jessica.mcdonald/CM1_LETKF_2025/experiments/C3_3L12_R0/FORECAST_20240508_2100/namelist.input  ARG[1]:  /work/jessica.mcdonald/CM1_LETKF_2025/experiments/C3_3L12_R0/FORECAST_20240508_2100/member020
Linked /work/jessica.mcdonald/CM1_LETKF_2025/experiments/C3_3L12_R0/FORECAST_20240508_2100/namelist.input to directory  /work/jessica.mcdonald/CM1_LETKF_2025/experiments/C3_3L12_R0/FORECAST_20240508_2100/member020
LINKIT:  ARG[0]: /work/jessica.mcdonald/CM1_LETKF_2025/experiments/C3_3L12_R0/member020/input_sounding  ARG[1]:  /work/jessica.mcdonald/CM1_LETKF_2025/experiments/C3_3L12_R0/FORECAST_20240508_2100/member020
Copied /work/jessica.mcdonald/CM1_LETKF_2025/experiments/C3_3L12_R0/member020/input_sounding to directory /work/jessica.mcdonald/CM1_LETKF_2025/experiments/C3_3L12_R0/FORECAST_20240508_2100/member020
LINKIT:  ARG[0]: /work/jessica.mcdonald/CM1_LETKF_2025/experiments/C3_3L12_R0/member020/cm1rst_000022.nc  ARG[1]:  /work/jessica.mcdonald/CM1_LETKF_2025/experiments/C3_3L12_R0/FORECAST_20240508_2100/member020
Copied /work/jessica.mcdonald/CM1_LETKF_2025/experiments/C3_3L12_R0/member020/cm1rst_000022.nc to directory /work/jessica.mcdonald/CM1_LETKF_2025/experiments/C3_3L12_R0/FORECAST_20240508_2100/member020
LINKIT:  ARG[0]: /work/jessica.mcdonald/CM1_LETKF_2025/experiments/C3_3L12_R0/FORECAST_20240508_2100/cm1.exe  ARG[1]:  /work/jessica.mcdonald/CM1_LETKF_2025/experiments/C3_3L12_R0/FORECAST_20240508_2100/member021
Linked /work/jessica.mcdonald/CM1_LETKF_2025/experiments/C3_3L12_R0/FORECAST_20240508_2100/cm1.exe to directory  /work/jessica.mcdonald/CM1_LETKF_2025/experiments/C3_3L12_R0/FORECAST_20240508_2100/member021
LINKIT:  ARG[0]: /work/jessica.mcdonald/CM1_LETKF_2025/experiments/C3_3L12_R0/FORECAST_20240508_2100/onefile.F  ARG[1]:  /work/jessica.mcdonald/CM1_LETKF_2025/experiments/C3_3L12_R0/FORECAST_20240508_2100/member021
Linked /work/jessica.mcdonald/CM1_LETKF_2025/experiments/C3_3L12_R0/FORECAST_20240508_2100/onefile.F to directory  /work/jessica.mcdonald/CM1_LETKF_2025/experiments/C3_3L12_R0/FORECAST_20240508_2100/member021
LINKIT:  ARG[0]: /work/jessica.mcdonald/CM1_LETKF_2025/experiments/C3_3L12_R0/FORECAST_20240508_2100/LANDUSE.TBL  ARG[1]:  /work/jessica.mcdonald/CM1_LETKF_2025/experiments/C3_3L12_R0/FORECAST_20240508_2100/member021
Linked /work/jessica.mcdonald/CM1_LETKF_2025/experiments/C3_3L12_R0/FORECAST_20240508_2100/LANDUSE.TBL to directory  /work/jessica.mcdonald/CM1_LETKF_2025/experiments/C3_3L12_R0/FORECAST_20240508_2100/member021
LINKIT:  ARG[0]: /work/jessica.mcdonald/CM1_LETKF_2025/experiments/C3_3L12_R0/FORECAST_20240508_2100/namelist.input  ARG[1]:  /work/jessica.mcdonald/CM1_LETKF_2025/experiments/C3_3L12_R0/FORECAST_20240508_2100/member021
Linked /work/jessica.mcdonald/CM1_LETKF_2025/experiments/C3_3L12_R0/FORECAST_20240508_2100/namelist.input to directory  /work/jessica.mcdonald/CM1_LETKF_2025/experiments/C3_3L12_R0/FORECAST_20240508_2100/member021
LINKIT:  ARG[0]: /work/jessica.mcdonald/CM1_LETKF_2025/experiments/C3_3L12_R0/member021/input_sounding  ARG[1]:  /work/jessica.mcdonald/CM1_LETKF_2025/experiments/C3_3L12_R0/FORECAST_20240508_2100/member021
Copied /work/jessica.mcdonald/CM1_LETKF_2025/experiments/C3_3L12_R0/member021/input_sounding to directory /work/jessica.mcdonald/CM1_LETKF_2025/experiments/C3_3L12_R0/FORECAST_20240508_2100/member021
LINKIT:  ARG[0]: /work/jessica.mcdonald/CM1_LETKF_2025/experiments/C3_3L12_R0/member021/cm1rst_000022.nc  ARG[1]:  /work/jessica.mcdonald/CM1_LETKF_2025/experiments/C3_3L12_R0/FORECAST_20240508_2100/member021
Copied /work/jessica.mcdonald/CM1_LETKF_2025/experiments/C3_3L12_R0/member021/cm1rst_000022.nc to directory /work/jessica.mcdonald/CM1_LETKF_2025/experiments/C3_3L12_R0/FORECAST_20240508_2100/member021
LINKIT:  ARG[0]: /work/jessica.mcdonald/CM1_LETKF_2025/experiments/C3_3L12_R0/FORECAST_20240508_2100/cm1.exe  ARG[1]:  /work/jessica.mcdonald/CM1_LETKF_2025/experiments/C3_3L12_R0/FORECAST_20240508_2100/member022
Linked /work/jessica.mcdonald/CM1_LETKF_2025/experiments/C3_3L12_R0/FORECAST_20240508_2100/cm1.exe to directory  /work/jessica.mcdonald/CM1_LETKF_2025/experiments/C3_3L12_R0/FORECAST_20240508_2100/member022
LINKIT:  ARG[0]: /work/jessica.mcdonald/CM1_LETKF_2025/experiments/C3_3L12_R0/FORECAST_20240508_2100/onefile.F  ARG[1]:  /work/jessica.mcdonald/CM1_LETKF_2025/experiments/C3_3L12_R0/FORECAST_20240508_2100/member022
Linked /work/jessica.mcdonald/CM1_LETKF_2025/experiments/C3_3L12_R0/FORECAST_20240508_2100/onefile.F to directory  /work/jessica.mcdonald/CM1_LETKF_2025/experiments/C3_3L12_R0/FORECAST_20240508_2100/member022
LINKIT:  ARG[0]: /work/jessica.mcdonald/CM1_LETKF_2025/experiments/C3_3L12_R0/FORECAST_20240508_2100/LANDUSE.TBL  ARG[1]:  /work/jessica.mcdonald/CM1_LETKF_2025/experiments/C3_3L12_R0/FORECAST_20240508_2100/member022
Linked /work/jessica.mcdonald/CM1_LETKF_2025/experiments/C3_3L12_R0/FORECAST_20240508_2100/LANDUSE.TBL to directory  /work/jessica.mcdonald/CM1_LETKF_2025/experiments/C3_3L12_R0/FORECAST_20240508_2100/member022
LINKIT:  ARG[0]: /work/jessica.mcdonald/CM1_LETKF_2025/experiments/C3_3L12_R0/FORECAST_20240508_2100/namelist.input  ARG[1]:  /work/jessica.mcdonald/CM1_LETKF_2025/experiments/C3_3L12_R0/FORECAST_20240508_2100/member022
Linked /work/jessica.mcdonald/CM1_LETKF_2025/experiments/C3_3L12_R0/FORECAST_20240508_2100/namelist.input to directory  /work/jessica.mcdonald/CM1_LETKF_2025/experiments/C3_3L12_R0/FORECAST_20240508_2100/member022
LINKIT:  ARG[0]: /work/jessica.mcdonald/CM1_LETKF_2025/experiments/C3_3L12_R0/member022/input_sounding  ARG[1]:  /work/jessica.mcdonald/CM1_LETKF_2025/experiments/C3_3L12_R0/FORECAST_20240508_2100/member022
Copied /work/jessica.mcdonald/CM1_LETKF_2025/experiments/C3_3L12_R0/member022/input_sounding to directory /work/jessica.mcdonald/CM1_LETKF_2025/experiments/C3_3L12_R0/FORECAST_20240508_2100/member022
LINKIT:  ARG[0]: /work/jessica.mcdonald/CM1_LETKF_2025/experiments/C3_3L12_R0/member022/cm1rst_000022.nc  ARG[1]:  /work/jessica.mcdonald/CM1_LETKF_2025/experiments/C3_3L12_R0/FORECAST_20240508_2100/member022
Copied /work/jessica.mcdonald/CM1_LETKF_2025/experiments/C3_3L12_R0/member022/cm1rst_000022.nc to directory /work/jessica.mcdonald/CM1_LETKF_2025/experiments/C3_3L12_R0/FORECAST_20240508_2100/member022
LINKIT:  ARG[0]: /work/jessica.mcdonald/CM1_LETKF_2025/experiments/C3_3L12_R0/FORECAST_20240508_2100/cm1.exe  ARG[1]:  /work/jessica.mcdonald/CM1_LETKF_2025/experiments/C3_3L12_R0/FORECAST_20240508_2100/member023
Linked /work/jessica.mcdonald/CM1_LETKF_2025/experiments/C3_3L12_R0/FORECAST_20240508_2100/cm1.exe to directory  /work/jessica.mcdonald/CM1_LETKF_2025/experiments/C3_3L12_R0/FORECAST_20240508_2100/member023
LINKIT:  ARG[0]: /work/jessica.mcdonald/CM1_LETKF_2025/experiments/C3_3L12_R0/FORECAST_20240508_2100/onefile.F  ARG[1]:  /work/jessica.mcdonald/CM1_LETKF_2025/experiments/C3_3L12_R0/FORECAST_20240508_2100/member023
Linked /work/jessica.mcdonald/CM1_LETKF_2025/experiments/C3_3L12_R0/FORECAST_20240508_2100/onefile.F to directory  /work/jessica.mcdonald/CM1_LETKF_2025/experiments/C3_3L12_R0/FORECAST_20240508_2100/member023
LINKIT:  ARG[0]: /work/jessica.mcdonald/CM1_LETKF_2025/experiments/C3_3L12_R0/FORECAST_20240508_2100/LANDUSE.TBL  ARG[1]:  /work/jessica.mcdonald/CM1_LETKF_2025/experiments/C3_3L12_R0/FORECAST_20240508_2100/member023
Linked /work/jessica.mcdonald/CM1_LETKF_2025/experiments/C3_3L12_R0/FORECAST_20240508_2100/LANDUSE.TBL to directory  /work/jessica.mcdonald/CM1_LETKF_2025/experiments/C3_3L12_R0/FORECAST_20240508_2100/member023
LINKIT:  ARG[0]: /work/jessica.mcdonald/CM1_LETKF_2025/experiments/C3_3L12_R0/FORECAST_20240508_2100/namelist.input  ARG[1]:  /work/jessica.mcdonald/CM1_LETKF_2025/experiments/C3_3L12_R0/FORECAST_20240508_2100/member023
Linked /work/jessica.mcdonald/CM1_LETKF_2025/experiments/C3_3L12_R0/FORECAST_20240508_2100/namelist.input to directory  /work/jessica.mcdonald/CM1_LETKF_2025/experiments/C3_3L12_R0/FORECAST_20240508_2100/member023
LINKIT:  ARG[0]: /work/jessica.mcdonald/CM1_LETKF_2025/experiments/C3_3L12_R0/member023/input_sounding  ARG[1]:  /work/jessica.mcdonald/CM1_LETKF_2025/experiments/C3_3L12_R0/FORECAST_20240508_2100/member023
Copied /work/jessica.mcdonald/CM1_LETKF_2025/experiments/C3_3L12_R0/member023/input_sounding to directory /work/jessica.mcdonald/CM1_LETKF_2025/experiments/C3_3L12_R0/FORECAST_20240508_2100/member023
LINKIT:  ARG[0]: /work/jessica.mcdonald/CM1_LETKF_2025/experiments/C3_3L12_R0/member023/cm1rst_000022.nc  ARG[1]:  /work/jessica.mcdonald/CM1_LETKF_2025/experiments/C3_3L12_R0/FORECAST_20240508_2100/member023
Copied /work/jessica.mcdonald/CM1_LETKF_2025/experiments/C3_3L12_R0/member023/cm1rst_000022.nc to directory /work/jessica.mcdonald/CM1_LETKF_2025/experiments/C3_3L12_R0/FORECAST_20240508_2100/member023
LINKIT:  ARG[0]: /work/jessica.mcdonald/CM1_LETKF_2025/experiments/C3_3L12_R0/FORECAST_20240508_2100/cm1.exe  ARG[1]:  /work/jessica.mcdonald/CM1_LETKF_2025/experiments/C3_3L12_R0/FORECAST_20240508_2100/member024
Linked /work/jessica.mcdonald/CM1_LETKF_2025/experiments/C3_3L12_R0/FORECAST_20240508_2100/cm1.exe to directory  /work/jessica.mcdonald/CM1_LETKF_2025/experiments/C3_3L12_R0/FORECAST_20240508_2100/member024
LINKIT:  ARG[0]: /work/jessica.mcdonald/CM1_LETKF_2025/experiments/C3_3L12_R0/FORECAST_20240508_2100/onefile.F  ARG[1]:  /work/jessica.mcdonald/CM1_LETKF_2025/experiments/C3_3L12_R0/FORECAST_20240508_2100/member024
Linked /work/jessica.mcdonald/CM1_LETKF_2025/experiments/C3_3L12_R0/FORECAST_20240508_2100/onefile.F to directory  /work/jessica.mcdonald/CM1_LETKF_2025/experiments/C3_3L12_R0/FORECAST_20240508_2100/member024
LINKIT:  ARG[0]: /work/jessica.mcdonald/CM1_LETKF_2025/experiments/C3_3L12_R0/FORECAST_20240508_2100/LANDUSE.TBL  ARG[1]:  /work/jessica.mcdonald/CM1_LETKF_2025/experiments/C3_3L12_R0/FORECAST_20240508_2100/member024
Linked /work/jessica.mcdonald/CM1_LETKF_2025/experiments/C3_3L12_R0/FORECAST_20240508_2100/LANDUSE.TBL to directory  /work/jessica.mcdonald/CM1_LETKF_2025/experiments/C3_3L12_R0/FORECAST_20240508_2100/member024
LINKIT:  ARG[0]: /work/jessica.mcdonald/CM1_LETKF_2025/experiments/C3_3L12_R0/FORECAST_20240508_2100/namelist.input  ARG[1]:  /work/jessica.mcdonald/CM1_LETKF_2025/experiments/C3_3L12_R0/FORECAST_20240508_2100/member024
Linked /work/jessica.mcdonald/CM1_LETKF_2025/experiments/C3_3L12_R0/FORECAST_20240508_2100/namelist.input to directory  /work/jessica.mcdonald/CM1_LETKF_2025/experiments/C3_3L12_R0/FORECAST_20240508_2100/member024
LINKIT:  ARG[0]: /work/jessica.mcdonald/CM1_LETKF_2025/experiments/C3_3L12_R0/member024/input_sounding  ARG[1]:  /work/jessica.mcdonald/CM1_LETKF_2025/experiments/C3_3L12_R0/FORECAST_20240508_2100/member024
Copied /work/jessica.mcdonald/CM1_LETKF_2025/experiments/C3_3L12_R0/member024/input_sounding to directory /work/jessica.mcdonald/CM1_LETKF_2025/experiments/C3_3L12_R0/FORECAST_20240508_2100/member024
LINKIT:  ARG[0]: /work/jessica.mcdonald/CM1_LETKF_2025/experiments/C3_3L12_R0/member024/cm1rst_000022.nc  ARG[1]:  /work/jessica.mcdonald/CM1_LETKF_2025/experiments/C3_3L12_R0/FORECAST_20240508_2100/member024
Copied /work/jessica.mcdonald/CM1_LETKF_2025/experiments/C3_3L12_R0/member024/cm1rst_000022.nc to directory /work/jessica.mcdonald/CM1_LETKF_2025/experiments/C3_3L12_R0/FORECAST_20240508_2100/member024
LINKIT:  ARG[0]: /work/jessica.mcdonald/CM1_LETKF_2025/experiments/C3_3L12_R0/FORECAST_20240508_2100/cm1.exe  ARG[1]:  /work/jessica.mcdonald/CM1_LETKF_2025/experiments/C3_3L12_R0/FORECAST_20240508_2100/member025
Linked /work/jessica.mcdonald/CM1_LETKF_2025/experiments/C3_3L12_R0/FORECAST_20240508_2100/cm1.exe to directory  /work/jessica.mcdonald/CM1_LETKF_2025/experiments/C3_3L12_R0/FORECAST_20240508_2100/member025
LINKIT:  ARG[0]: /work/jessica.mcdonald/CM1_LETKF_2025/experiments/C3_3L12_R0/FORECAST_20240508_2100/onefile.F  ARG[1]:  /work/jessica.mcdonald/CM1_LETKF_2025/experiments/C3_3L12_R0/FORECAST_20240508_2100/member025
Linked /work/jessica.mcdonald/CM1_LETKF_2025/experiments/C3_3L12_R0/FORECAST_20240508_2100/onefile.F to directory  /work/jessica.mcdonald/CM1_LETKF_2025/experiments/C3_3L12_R0/FORECAST_20240508_2100/member025
LINKIT:  ARG[0]: /work/jessica.mcdonald/CM1_LETKF_2025/experiments/C3_3L12_R0/FORECAST_20240508_2100/LANDUSE.TBL  ARG[1]:  /work/jessica.mcdonald/CM1_LETKF_2025/experiments/C3_3L12_R0/FORECAST_20240508_2100/member025
Linked /work/jessica.mcdonald/CM1_LETKF_2025/experiments/C3_3L12_R0/FORECAST_20240508_2100/LANDUSE.TBL to directory  /work/jessica.mcdonald/CM1_LETKF_2025/experiments/C3_3L12_R0/FORECAST_20240508_2100/member025
LINKIT:  ARG[0]: /work/jessica.mcdonald/CM1_LETKF_2025/experiments/C3_3L12_R0/FORECAST_20240508_2100/namelist.input  ARG[1]:  /work/jessica.mcdonald/CM1_LETKF_2025/experiments/C3_3L12_R0/FORECAST_20240508_2100/member025
Linked /work/jessica.mcdonald/CM1_LETKF_2025/experiments/C3_3L12_R0/FORECAST_20240508_2100/namelist.input to directory  /work/jessica.mcdonald/CM1_LETKF_2025/experiments/C3_3L12_R0/FORECAST_20240508_2100/member025
LINKIT:  ARG[0]: /work/jessica.mcdonald/CM1_LETKF_2025/experiments/C3_3L12_R0/member025/input_sounding  ARG[1]:  /work/jessica.mcdonald/CM1_LETKF_2025/experiments/C3_3L12_R0/FORECAST_20240508_2100/member025
Copied /work/jessica.mcdonald/CM1_LETKF_2025/experiments/C3_3L12_R0/member025/input_sounding to directory /work/jessica.mcdonald/CM1_LETKF_2025/experiments/C3_3L12_R0/FORECAST_20240508_2100/member025
LINKIT:  ARG[0]: /work/jessica.mcdonald/CM1_LETKF_2025/experiments/C3_3L12_R0/member025/cm1rst_000022.nc  ARG[1]:  /work/jessica.mcdonald/CM1_LETKF_2025/experiments/C3_3L12_R0/FORECAST_20240508_2100/member025
Copied /work/jessica.mcdonald/CM1_LETKF_2025/experiments/C3_3L12_R0/member025/cm1rst_000022.nc to directory /work/jessica.mcdonald/CM1_LETKF_2025/experiments/C3_3L12_R0/FORECAST_20240508_2100/member025
LINKIT:  ARG[0]: /work/jessica.mcdonald/CM1_LETKF_2025/experiments/C3_3L12_R0/FORECAST_20240508_2100/cm1.exe  ARG[1]:  /work/jessica.mcdonald/CM1_LETKF_2025/experiments/C3_3L12_R0/FORECAST_20240508_2100/member026
Linked /work/jessica.mcdonald/CM1_LETKF_2025/experiments/C3_3L12_R0/FORECAST_20240508_2100/cm1.exe to directory  /work/jessica.mcdonald/CM1_LETKF_2025/experiments/C3_3L12_R0/FORECAST_20240508_2100/member026
LINKIT:  ARG[0]: /work/jessica.mcdonald/CM1_LETKF_2025/experiments/C3_3L12_R0/FORECAST_20240508_2100/onefile.F  ARG[1]:  /work/jessica.mcdonald/CM1_LETKF_2025/experiments/C3_3L12_R0/FORECAST_20240508_2100/member026
Linked /work/jessica.mcdonald/CM1_LETKF_2025/experiments/C3_3L12_R0/FORECAST_20240508_2100/onefile.F to directory  /work/jessica.mcdonald/CM1_LETKF_2025/experiments/C3_3L12_R0/FORECAST_20240508_2100/member026
LINKIT:  ARG[0]: /work/jessica.mcdonald/CM1_LETKF_2025/experiments/C3_3L12_R0/FORECAST_20240508_2100/LANDUSE.TBL  ARG[1]:  /work/jessica.mcdonald/CM1_LETKF_2025/experiments/C3_3L12_R0/FORECAST_20240508_2100/member026
Linked /work/jessica.mcdonald/CM1_LETKF_2025/experiments/C3_3L12_R0/FORECAST_20240508_2100/LANDUSE.TBL to directory  /work/jessica.mcdonald/CM1_LETKF_2025/experiments/C3_3L12_R0/FORECAST_20240508_2100/member026
LINKIT:  ARG[0]: /work/jessica.mcdonald/CM1_LETKF_2025/experiments/C3_3L12_R0/FORECAST_20240508_2100/namelist.input  ARG[1]:  /work/jessica.mcdonald/CM1_LETKF_2025/experiments/C3_3L12_R0/FORECAST_20240508_2100/member026
Linked /work/jessica.mcdonald/CM1_LETKF_2025/experiments/C3_3L12_R0/FORECAST_20240508_2100/namelist.input to directory  /work/jessica.mcdonald/CM1_LETKF_2025/experiments/C3_3L12_R0/FORECAST_20240508_2100/member026
LINKIT:  ARG[0]: /work/jessica.mcdonald/CM1_LETKF_2025/experiments/C3_3L12_R0/member026/input_sounding  ARG[1]:  /work/jessica.mcdonald/CM1_LETKF_2025/experiments/C3_3L12_R0/FORECAST_20240508_2100/member026
Copied /work/jessica.mcdonald/CM1_LETKF_2025/experiments/C3_3L12_R0/member026/input_sounding to directory /work/jessica.mcdonald/CM1_LETKF_2025/experiments/C3_3L12_R0/FORECAST_20240508_2100/member026
LINKIT:  ARG[0]: /work/jessica.mcdonald/CM1_LETKF_2025/experiments/C3_3L12_R0/member026/cm1rst_000022.nc  ARG[1]:  /work/jessica.mcdonald/CM1_LETKF_2025/experiments/C3_3L12_R0/FORECAST_20240508_2100/member026
Copied /work/jessica.mcdonald/CM1_LETKF_2025/experiments/C3_3L12_R0/member026/cm1rst_000022.nc to directory /work/jessica.mcdonald/CM1_LETKF_2025/experiments/C3_3L12_R0/FORECAST_20240508_2100/member026
LINKIT:  ARG[0]: /work/jessica.mcdonald/CM1_LETKF_2025/experiments/C3_3L12_R0/FORECAST_20240508_2100/cm1.exe  ARG[1]:  /work/jessica.mcdonald/CM1_LETKF_2025/experiments/C3_3L12_R0/FORECAST_20240508_2100/member027
Linked /work/jessica.mcdonald/CM1_LETKF_2025/experiments/C3_3L12_R0/FORECAST_20240508_2100/cm1.exe to directory  /work/jessica.mcdonald/CM1_LETKF_2025/experiments/C3_3L12_R0/FORECAST_20240508_2100/member027
LINKIT:  ARG[0]: /work/jessica.mcdonald/CM1_LETKF_2025/experiments/C3_3L12_R0/FORECAST_20240508_2100/onefile.F  ARG[1]:  /work/jessica.mcdonald/CM1_LETKF_2025/experiments/C3_3L12_R0/FORECAST_20240508_2100/member027
Linked /work/jessica.mcdonald/CM1_LETKF_2025/experiments/C3_3L12_R0/FORECAST_20240508_2100/onefile.F to directory  /work/jessica.mcdonald/CM1_LETKF_2025/experiments/C3_3L12_R0/FORECAST_20240508_2100/member027
LINKIT:  ARG[0]: /work/jessica.mcdonald/CM1_LETKF_2025/experiments/C3_3L12_R0/FORECAST_20240508_2100/LANDUSE.TBL  ARG[1]:  /work/jessica.mcdonald/CM1_LETKF_2025/experiments/C3_3L12_R0/FORECAST_20240508_2100/member027
Linked /work/jessica.mcdonald/CM1_LETKF_2025/experiments/C3_3L12_R0/FORECAST_20240508_2100/LANDUSE.TBL to directory  /work/jessica.mcdonald/CM1_LETKF_2025/experiments/C3_3L12_R0/FORECAST_20240508_2100/member027
LINKIT:  ARG[0]: /work/jessica.mcdonald/CM1_LETKF_2025/experiments/C3_3L12_R0/FORECAST_20240508_2100/namelist.input  ARG[1]:  /work/jessica.mcdonald/CM1_LETKF_2025/experiments/C3_3L12_R0/FORECAST_20240508_2100/member027
Linked /work/jessica.mcdonald/CM1_LETKF_2025/experiments/C3_3L12_R0/FORECAST_20240508_2100/namelist.input to directory  /work/jessica.mcdonald/CM1_LETKF_2025/experiments/C3_3L12_R0/FORECAST_20240508_2100/member027
LINKIT:  ARG[0]: /work/jessica.mcdonald/CM1_LETKF_2025/experiments/C3_3L12_R0/member027/input_sounding  ARG[1]:  /work/jessica.mcdonald/CM1_LETKF_2025/experiments/C3_3L12_R0/FORECAST_20240508_2100/member027
Copied /work/jessica.mcdonald/CM1_LETKF_2025/experiments/C3_3L12_R0/member027/input_sounding to directory /work/jessica.mcdonald/CM1_LETKF_2025/experiments/C3_3L12_R0/FORECAST_20240508_2100/member027
LINKIT:  ARG[0]: /work/jessica.mcdonald/CM1_LETKF_2025/experiments/C3_3L12_R0/member027/cm1rst_000022.nc  ARG[1]:  /work/jessica.mcdonald/CM1_LETKF_2025/experiments/C3_3L12_R0/FORECAST_20240508_2100/member027
Copied /work/jessica.mcdonald/CM1_LETKF_2025/experiments/C3_3L12_R0/member027/cm1rst_000022.nc to directory /work/jessica.mcdonald/CM1_LETKF_2025/experiments/C3_3L12_R0/FORECAST_20240508_2100/member027
LINKIT:  ARG[0]: /work/jessica.mcdonald/CM1_LETKF_2025/experiments/C3_3L12_R0/FORECAST_20240508_2100/cm1.exe  ARG[1]:  /work/jessica.mcdonald/CM1_LETKF_2025/experiments/C3_3L12_R0/FORECAST_20240508_2100/member028
Linked /work/jessica.mcdonald/CM1_LETKF_2025/experiments/C3_3L12_R0/FORECAST_20240508_2100/cm1.exe to directory  /work/jessica.mcdonald/CM1_LETKF_2025/experiments/C3_3L12_R0/FORECAST_20240508_2100/member028
LINKIT:  ARG[0]: /work/jessica.mcdonald/CM1_LETKF_2025/experiments/C3_3L12_R0/FORECAST_20240508_2100/onefile.F  ARG[1]:  /work/jessica.mcdonald/CM1_LETKF_2025/experiments/C3_3L12_R0/FORECAST_20240508_2100/member028
Linked /work/jessica.mcdonald/CM1_LETKF_2025/experiments/C3_3L12_R0/FORECAST_20240508_2100/onefile.F to directory  /work/jessica.mcdonald/CM1_LETKF_2025/experiments/C3_3L12_R0/FORECAST_20240508_2100/member028
LINKIT:  ARG[0]: /work/jessica.mcdonald/CM1_LETKF_2025/experiments/C3_3L12_R0/FORECAST_20240508_2100/LANDUSE.TBL  ARG[1]:  /work/jessica.mcdonald/CM1_LETKF_2025/experiments/C3_3L12_R0/FORECAST_20240508_2100/member028
Linked /work/jessica.mcdonald/CM1_LETKF_2025/experiments/C3_3L12_R0/FORECAST_20240508_2100/LANDUSE.TBL to directory  /work/jessica.mcdonald/CM1_LETKF_2025/experiments/C3_3L12_R0/FORECAST_20240508_2100/member028
LINKIT:  ARG[0]: /work/jessica.mcdonald/CM1_LETKF_2025/experiments/C3_3L12_R0/FORECAST_20240508_2100/namelist.input  ARG[1]:  /work/jessica.mcdonald/CM1_LETKF_2025/experiments/C3_3L12_R0/FORECAST_20240508_2100/member028
Linked /work/jessica.mcdonald/CM1_LETKF_2025/experiments/C3_3L12_R0/FORECAST_20240508_2100/namelist.input to directory  /work/jessica.mcdonald/CM1_LETKF_2025/experiments/C3_3L12_R0/FORECAST_20240508_2100/member028
LINKIT:  ARG[0]: /work/jessica.mcdonald/CM1_LETKF_2025/experiments/C3_3L12_R0/member028/input_sounding  ARG[1]:  /work/jessica.mcdonald/CM1_LETKF_2025/experiments/C3_3L12_R0/FORECAST_20240508_2100/member028
Copied /work/jessica.mcdonald/CM1_LETKF_2025/experiments/C3_3L12_R0/member028/input_sounding to directory /work/jessica.mcdonald/CM1_LETKF_2025/experiments/C3_3L12_R0/FORECAST_20240508_2100/member028
LINKIT:  ARG[0]: /work/jessica.mcdonald/CM1_LETKF_2025/experiments/C3_3L12_R0/member028/cm1rst_000022.nc  ARG[1]:  /work/jessica.mcdonald/CM1_LETKF_2025/experiments/C3_3L12_R0/FORECAST_20240508_2100/member028
Copied /work/jessica.mcdonald/CM1_LETKF_2025/experiments/C3_3L12_R0/member028/cm1rst_000022.nc to directory /work/jessica.mcdonald/CM1_LETKF_2025/experiments/C3_3L12_R0/FORECAST_20240508_2100/member028
LINKIT:  ARG[0]: /work/jessica.mcdonald/CM1_LETKF_2025/experiments/C3_3L12_R0/FORECAST_20240508_2100/cm1.exe  ARG[1]:  /work/jessica.mcdonald/CM1_LETKF_2025/experiments/C3_3L12_R0/FORECAST_20240508_2100/member029
Linked /work/jessica.mcdonald/CM1_LETKF_2025/experiments/C3_3L12_R0/FORECAST_20240508_2100/cm1.exe to directory  /work/jessica.mcdonald/CM1_LETKF_2025/experiments/C3_3L12_R0/FORECAST_20240508_2100/member029
LINKIT:  ARG[0]: /work/jessica.mcdonald/CM1_LETKF_2025/experiments/C3_3L12_R0/FORECAST_20240508_2100/onefile.F  ARG[1]:  /work/jessica.mcdonald/CM1_LETKF_2025/experiments/C3_3L12_R0/FORECAST_20240508_2100/member029
Linked /work/jessica.mcdonald/CM1_LETKF_2025/experiments/C3_3L12_R0/FORECAST_20240508_2100/onefile.F to directory  /work/jessica.mcdonald/CM1_LETKF_2025/experiments/C3_3L12_R0/FORECAST_20240508_2100/member029
LINKIT:  ARG[0]: /work/jessica.mcdonald/CM1_LETKF_2025/experiments/C3_3L12_R0/FORECAST_20240508_2100/LANDUSE.TBL  ARG[1]:  /work/jessica.mcdonald/CM1_LETKF_2025/experiments/C3_3L12_R0/FORECAST_20240508_2100/member029
Linked /work/jessica.mcdonald/CM1_LETKF_2025/experiments/C3_3L12_R0/FORECAST_20240508_2100/LANDUSE.TBL to directory  /work/jessica.mcdonald/CM1_LETKF_2025/experiments/C3_3L12_R0/FORECAST_20240508_2100/member029
LINKIT:  ARG[0]: /work/jessica.mcdonald/CM1_LETKF_2025/experiments/C3_3L12_R0/FORECAST_20240508_2100/namelist.input  ARG[1]:  /work/jessica.mcdonald/CM1_LETKF_2025/experiments/C3_3L12_R0/FORECAST_20240508_2100/member029
Linked /work/jessica.mcdonald/CM1_LETKF_2025/experiments/C3_3L12_R0/FORECAST_20240508_2100/namelist.input to directory  /work/jessica.mcdonald/CM1_LETKF_2025/experiments/C3_3L12_R0/FORECAST_20240508_2100/member029
LINKIT:  ARG[0]: /work/jessica.mcdonald/CM1_LETKF_2025/experiments/C3_3L12_R0/member029/input_sounding  ARG[1]:  /work/jessica.mcdonald/CM1_LETKF_2025/experiments/C3_3L12_R0/FORECAST_20240508_2100/member029
Copied /work/jessica.mcdonald/CM1_LETKF_2025/experiments/C3_3L12_R0/member029/input_sounding to directory /work/jessica.mcdonald/CM1_LETKF_2025/experiments/C3_3L12_R0/FORECAST_20240508_2100/member029
LINKIT:  ARG[0]: /work/jessica.mcdonald/CM1_LETKF_2025/experiments/C3_3L12_R0/member029/cm1rst_000022.nc  ARG[1]:  /work/jessica.mcdonald/CM1_LETKF_2025/experiments/C3_3L12_R0/FORECAST_20240508_2100/member029
Copied /work/jessica.mcdonald/CM1_LETKF_2025/experiments/C3_3L12_R0/member029/cm1rst_000022.nc to directory /work/jessica.mcdonald/CM1_LETKF_2025/experiments/C3_3L12_R0/FORECAST_20240508_2100/member029
LINKIT:  ARG[0]: /work/jessica.mcdonald/CM1_LETKF_2025/experiments/C3_3L12_R0/FORECAST_20240508_2100/cm1.exe  ARG[1]:  /work/jessica.mcdonald/CM1_LETKF_2025/experiments/C3_3L12_R0/FORECAST_20240508_2100/member030
Linked /work/jessica.mcdonald/CM1_LETKF_2025/experiments/C3_3L12_R0/FORECAST_20240508_2100/cm1.exe to directory  /work/jessica.mcdonald/CM1_LETKF_2025/experiments/C3_3L12_R0/FORECAST_20240508_2100/member030
LINKIT:  ARG[0]: /work/jessica.mcdonald/CM1_LETKF_2025/experiments/C3_3L12_R0/FORECAST_20240508_2100/onefile.F  ARG[1]:  /work/jessica.mcdonald/CM1_LETKF_2025/experiments/C3_3L12_R0/FORECAST_20240508_2100/member030
Linked /work/jessica.mcdonald/CM1_LETKF_2025/experiments/C3_3L12_R0/FORECAST_20240508_2100/onefile.F to directory  /work/jessica.mcdonald/CM1_LETKF_2025/experiments/C3_3L12_R0/FORECAST_20240508_2100/member030
LINKIT:  ARG[0]: /work/jessica.mcdonald/CM1_LETKF_2025/experiments/C3_3L12_R0/FORECAST_20240508_2100/LANDUSE.TBL  ARG[1]:  /work/jessica.mcdonald/CM1_LETKF_2025/experiments/C3_3L12_R0/FORECAST_20240508_2100/member030
Linked /work/jessica.mcdonald/CM1_LETKF_2025/experiments/C3_3L12_R0/FORECAST_20240508_2100/LANDUSE.TBL to directory  /work/jessica.mcdonald/CM1_LETKF_2025/experiments/C3_3L12_R0/FORECAST_20240508_2100/member030
LINKIT:  ARG[0]: /work/jessica.mcdonald/CM1_LETKF_2025/experiments/C3_3L12_R0/FORECAST_20240508_2100/namelist.input  ARG[1]:  /work/jessica.mcdonald/CM1_LETKF_2025/experiments/C3_3L12_R0/FORECAST_20240508_2100/member030
Linked /work/jessica.mcdonald/CM1_LETKF_2025/experiments/C3_3L12_R0/FORECAST_20240508_2100/namelist.input to directory  /work/jessica.mcdonald/CM1_LETKF_2025/experiments/C3_3L12_R0/FORECAST_20240508_2100/member030
LINKIT:  ARG[0]: /work/jessica.mcdonald/CM1_LETKF_2025/experiments/C3_3L12_R0/member030/input_sounding  ARG[1]:  /work/jessica.mcdonald/CM1_LETKF_2025/experiments/C3_3L12_R0/FORECAST_20240508_2100/member030
Copied /work/jessica.mcdonald/CM1_LETKF_2025/experiments/C3_3L12_R0/member030/input_sounding to directory /work/jessica.mcdonald/CM1_LETKF_2025/experiments/C3_3L12_R0/FORECAST_20240508_2100/member030
LINKIT:  ARG[0]: /work/jessica.mcdonald/CM1_LETKF_2025/experiments/C3_3L12_R0/member030/cm1rst_000022.nc  ARG[1]:  /work/jessica.mcdonald/CM1_LETKF_2025/experiments/C3_3L12_R0/FORECAST_20240508_2100/member030
Copied /work/jessica.mcdonald/CM1_LETKF_2025/experiments/C3_3L12_R0/member030/cm1rst_000022.nc to directory /work/jessica.mcdonald/CM1_LETKF_2025/experiments/C3_3L12_R0/FORECAST_20240508_2100/member030
LINKIT:  ARG[0]: /work/jessica.mcdonald/CM1_LETKF_2025/experiments/C3_3L12_R0/FORECAST_20240508_2100/cm1.exe  ARG[1]:  /work/jessica.mcdonald/CM1_LETKF_2025/experiments/C3_3L12_R0/FORECAST_20240508_2100/member031
Linked /work/jessica.mcdonald/CM1_LETKF_2025/experiments/C3_3L12_R0/FORECAST_20240508_2100/cm1.exe to directory  /work/jessica.mcdonald/CM1_LETKF_2025/experiments/C3_3L12_R0/FORECAST_20240508_2100/member031
LINKIT:  ARG[0]: /work/jessica.mcdonald/CM1_LETKF_2025/experiments/C3_3L12_R0/FORECAST_20240508_2100/onefile.F  ARG[1]:  /work/jessica.mcdonald/CM1_LETKF_2025/experiments/C3_3L12_R0/FORECAST_20240508_2100/member031
Linked /work/jessica.mcdonald/CM1_LETKF_2025/experiments/C3_3L12_R0/FORECAST_20240508_2100/onefile.F to directory  /work/jessica.mcdonald/CM1_LETKF_2025/experiments/C3_3L12_R0/FORECAST_20240508_2100/member031
LINKIT:  ARG[0]: /work/jessica.mcdonald/CM1_LETKF_2025/experiments/C3_3L12_R0/FORECAST_20240508_2100/LANDUSE.TBL  ARG[1]:  /work/jessica.mcdonald/CM1_LETKF_2025/experiments/C3_3L12_R0/FORECAST_20240508_2100/member031
Linked /work/jessica.mcdonald/CM1_LETKF_2025/experiments/C3_3L12_R0/FORECAST_20240508_2100/LANDUSE.TBL to directory  /work/jessica.mcdonald/CM1_LETKF_2025/experiments/C3_3L12_R0/FORECAST_20240508_2100/member031
LINKIT:  ARG[0]: /work/jessica.mcdonald/CM1_LETKF_2025/experiments/C3_3L12_R0/FORECAST_20240508_2100/namelist.input  ARG[1]:  /work/jessica.mcdonald/CM1_LETKF_2025/experiments/C3_3L12_R0/FORECAST_20240508_2100/member031
Linked /work/jessica.mcdonald/CM1_LETKF_2025/experiments/C3_3L12_R0/FORECAST_20240508_2100/namelist.input to directory  /work/jessica.mcdonald/CM1_LETKF_2025/experiments/C3_3L12_R0/FORECAST_20240508_2100/member031
LINKIT:  ARG[0]: /work/jessica.mcdonald/CM1_LETKF_2025/experiments/C3_3L12_R0/member031/input_sounding  ARG[1]:  /work/jessica.mcdonald/CM1_LETKF_2025/experiments/C3_3L12_R0/FORECAST_20240508_2100/member031
Copied /work/jessica.mcdonald/CM1_LETKF_2025/experiments/C3_3L12_R0/member031/input_sounding to directory /work/jessica.mcdonald/CM1_LETKF_2025/experiments/C3_3L12_R0/FORECAST_20240508_2100/member031
LINKIT:  ARG[0]: /work/jessica.mcdonald/CM1_LETKF_2025/experiments/C3_3L12_R0/member031/cm1rst_000022.nc  ARG[1]:  /work/jessica.mcdonald/CM1_LETKF_2025/experiments/C3_3L12_R0/FORECAST_20240508_2100/member031
Copied /work/jessica.mcdonald/CM1_LETKF_2025/experiments/C3_3L12_R0/member031/cm1rst_000022.nc to directory /work/jessica.mcdonald/CM1_LETKF_2025/experiments/C3_3L12_R0/FORECAST_20240508_2100/member031
LINKIT:  ARG[0]: /work/jessica.mcdonald/CM1_LETKF_2025/experiments/C3_3L12_R0/FORECAST_20240508_2100/cm1.exe  ARG[1]:  /work/jessica.mcdonald/CM1_LETKF_2025/experiments/C3_3L12_R0/FORECAST_20240508_2100/member032
Linked /work/jessica.mcdonald/CM1_LETKF_2025/experiments/C3_3L12_R0/FORECAST_20240508_2100/cm1.exe to directory  /work/jessica.mcdonald/CM1_LETKF_2025/experiments/C3_3L12_R0/FORECAST_20240508_2100/member032
LINKIT:  ARG[0]: /work/jessica.mcdonald/CM1_LETKF_2025/experiments/C3_3L12_R0/FORECAST_20240508_2100/onefile.F  ARG[1]:  /work/jessica.mcdonald/CM1_LETKF_2025/experiments/C3_3L12_R0/FORECAST_20240508_2100/member032
Linked /work/jessica.mcdonald/CM1_LETKF_2025/experiments/C3_3L12_R0/FORECAST_20240508_2100/onefile.F to directory  /work/jessica.mcdonald/CM1_LETKF_2025/experiments/C3_3L12_R0/FORECAST_20240508_2100/member032
LINKIT:  ARG[0]: /work/jessica.mcdonald/CM1_LETKF_2025/experiments/C3_3L12_R0/FORECAST_20240508_2100/LANDUSE.TBL  ARG[1]:  /work/jessica.mcdonald/CM1_LETKF_2025/experiments/C3_3L12_R0/FORECAST_20240508_2100/member032
Linked /work/jessica.mcdonald/CM1_LETKF_2025/experiments/C3_3L12_R0/FORECAST_20240508_2100/LANDUSE.TBL to directory  /work/jessica.mcdonald/CM1_LETKF_2025/experiments/C3_3L12_R0/FORECAST_20240508_2100/member032
LINKIT:  ARG[0]: /work/jessica.mcdonald/CM1_LETKF_2025/experiments/C3_3L12_R0/FORECAST_20240508_2100/namelist.input  ARG[1]:  /work/jessica.mcdonald/CM1_LETKF_2025/experiments/C3_3L12_R0/FORECAST_20240508_2100/member032
Linked /work/jessica.mcdonald/CM1_LETKF_2025/experiments/C3_3L12_R0/FORECAST_20240508_2100/namelist.input to directory  /work/jessica.mcdonald/CM1_LETKF_2025/experiments/C3_3L12_R0/FORECAST_20240508_2100/member032
LINKIT:  ARG[0]: /work/jessica.mcdonald/CM1_LETKF_2025/experiments/C3_3L12_R0/member032/input_sounding  ARG[1]:  /work/jessica.mcdonald/CM1_LETKF_2025/experiments/C3_3L12_R0/FORECAST_20240508_2100/member032
Copied /work/jessica.mcdonald/CM1_LETKF_2025/experiments/C3_3L12_R0/member032/input_sounding to directory /work/jessica.mcdonald/CM1_LETKF_2025/experiments/C3_3L12_R0/FORECAST_20240508_2100/member032
LINKIT:  ARG[0]: /work/jessica.mcdonald/CM1_LETKF_2025/experiments/C3_3L12_R0/member032/cm1rst_000022.nc  ARG[1]:  /work/jessica.mcdonald/CM1_LETKF_2025/experiments/C3_3L12_R0/FORECAST_20240508_2100/member032
Copied /work/jessica.mcdonald/CM1_LETKF_2025/experiments/C3_3L12_R0/member032/cm1rst_000022.nc to directory /work/jessica.mcdonald/CM1_LETKF_2025/experiments/C3_3L12_R0/FORECAST_20240508_2100/member032
LINKIT:  ARG[0]: /work/jessica.mcdonald/CM1_LETKF_2025/experiments/C3_3L12_R0/FORECAST_20240508_2100/cm1.exe  ARG[1]:  /work/jessica.mcdonald/CM1_LETKF_2025/experiments/C3_3L12_R0/FORECAST_20240508_2100/member033
Linked /work/jessica.mcdonald/CM1_LETKF_2025/experiments/C3_3L12_R0/FORECAST_20240508_2100/cm1.exe to directory  /work/jessica.mcdonald/CM1_LETKF_2025/experiments/C3_3L12_R0/FORECAST_20240508_2100/member033
LINKIT:  ARG[0]: /work/jessica.mcdonald/CM1_LETKF_2025/experiments/C3_3L12_R0/FORECAST_20240508_2100/onefile.F  ARG[1]:  /work/jessica.mcdonald/CM1_LETKF_2025/experiments/C3_3L12_R0/FORECAST_20240508_2100/member033
Linked /work/jessica.mcdonald/CM1_LETKF_2025/experiments/C3_3L12_R0/FORECAST_20240508_2100/onefile.F to directory  /work/jessica.mcdonald/CM1_LETKF_2025/experiments/C3_3L12_R0/FORECAST_20240508_2100/member033
LINKIT:  ARG[0]: /work/jessica.mcdonald/CM1_LETKF_2025/experiments/C3_3L12_R0/FORECAST_20240508_2100/LANDUSE.TBL  ARG[1]:  /work/jessica.mcdonald/CM1_LETKF_2025/experiments/C3_3L12_R0/FORECAST_20240508_2100/member033
Linked /work/jessica.mcdonald/CM1_LETKF_2025/experiments/C3_3L12_R0/FORECAST_20240508_2100/LANDUSE.TBL to directory  /work/jessica.mcdonald/CM1_LETKF_2025/experiments/C3_3L12_R0/FORECAST_20240508_2100/member033
LINKIT:  ARG[0]: /work/jessica.mcdonald/CM1_LETKF_2025/experiments/C3_3L12_R0/FORECAST_20240508_2100/namelist.input  ARG[1]:  /work/jessica.mcdonald/CM1_LETKF_2025/experiments/C3_3L12_R0/FORECAST_20240508_2100/member033
Linked /work/jessica.mcdonald/CM1_LETKF_2025/experiments/C3_3L12_R0/FORECAST_20240508_2100/namelist.input to directory  /work/jessica.mcdonald/CM1_LETKF_2025/experiments/C3_3L12_R0/FORECAST_20240508_2100/member033
LINKIT:  ARG[0]: /work/jessica.mcdonald/CM1_LETKF_2025/experiments/C3_3L12_R0/member033/input_sounding  ARG[1]:  /work/jessica.mcdonald/CM1_LETKF_2025/experiments/C3_3L12_R0/FORECAST_20240508_2100/member033
Copied /work/jessica.mcdonald/CM1_LETKF_2025/experiments/C3_3L12_R0/member033/input_sounding to directory /work/jessica.mcdonald/CM1_LETKF_2025/experiments/C3_3L12_R0/FORECAST_20240508_2100/member033
LINKIT:  ARG[0]: /work/jessica.mcdonald/CM1_LETKF_2025/experiments/C3_3L12_R0/member033/cm1rst_000022.nc  ARG[1]:  /work/jessica.mcdonald/CM1_LETKF_2025/experiments/C3_3L12_R0/FORECAST_20240508_2100/member033
Copied /work/jessica.mcdonald/CM1_LETKF_2025/experiments/C3_3L12_R0/member033/cm1rst_000022.nc to directory /work/jessica.mcdonald/CM1_LETKF_2025/experiments/C3_3L12_R0/FORECAST_20240508_2100/member033
LINKIT:  ARG[0]: /work/jessica.mcdonald/CM1_LETKF_2025/experiments/C3_3L12_R0/FORECAST_20240508_2100/cm1.exe  ARG[1]:  /work/jessica.mcdonald/CM1_LETKF_2025/experiments/C3_3L12_R0/FORECAST_20240508_2100/member034
Linked /work/jessica.mcdonald/CM1_LETKF_2025/experiments/C3_3L12_R0/FORECAST_20240508_2100/cm1.exe to directory  /work/jessica.mcdonald/CM1_LETKF_2025/experiments/C3_3L12_R0/FORECAST_20240508_2100/member034
LINKIT:  ARG[0]: /work/jessica.mcdonald/CM1_LETKF_2025/experiments/C3_3L12_R0/FORECAST_20240508_2100/onefile.F  ARG[1]:  /work/jessica.mcdonald/CM1_LETKF_2025/experiments/C3_3L12_R0/FORECAST_20240508_2100/member034
Linked /work/jessica.mcdonald/CM1_LETKF_2025/experiments/C3_3L12_R0/FORECAST_20240508_2100/onefile.F to directory  /work/jessica.mcdonald/CM1_LETKF_2025/experiments/C3_3L12_R0/FORECAST_20240508_2100/member034
LINKIT:  ARG[0]: /work/jessica.mcdonald/CM1_LETKF_2025/experiments/C3_3L12_R0/FORECAST_20240508_2100/LANDUSE.TBL  ARG[1]:  /work/jessica.mcdonald/CM1_LETKF_2025/experiments/C3_3L12_R0/FORECAST_20240508_2100/member034
Linked /work/jessica.mcdonald/CM1_LETKF_2025/experiments/C3_3L12_R0/FORECAST_20240508_2100/LANDUSE.TBL to directory  /work/jessica.mcdonald/CM1_LETKF_2025/experiments/C3_3L12_R0/FORECAST_20240508_2100/member034
LINKIT:  ARG[0]: /work/jessica.mcdonald/CM1_LETKF_2025/experiments/C3_3L12_R0/FORECAST_20240508_2100/namelist.input  ARG[1]:  /work/jessica.mcdonald/CM1_LETKF_2025/experiments/C3_3L12_R0/FORECAST_20240508_2100/member034
Linked /work/jessica.mcdonald/CM1_LETKF_2025/experiments/C3_3L12_R0/FORECAST_20240508_2100/namelist.input to directory  /work/jessica.mcdonald/CM1_LETKF_2025/experiments/C3_3L12_R0/FORECAST_20240508_2100/member034
LINKIT:  ARG[0]: /work/jessica.mcdonald/CM1_LETKF_2025/experiments/C3_3L12_R0/member034/input_sounding  ARG[1]:  /work/jessica.mcdonald/CM1_LETKF_2025/experiments/C3_3L12_R0/FORECAST_20240508_2100/member034
Copied /work/jessica.mcdonald/CM1_LETKF_2025/experiments/C3_3L12_R0/member034/input_sounding to directory /work/jessica.mcdonald/CM1_LETKF_2025/experiments/C3_3L12_R0/FORECAST_20240508_2100/member034
LINKIT:  ARG[0]: /work/jessica.mcdonald/CM1_LETKF_2025/experiments/C3_3L12_R0/member034/cm1rst_000022.nc  ARG[1]:  /work/jessica.mcdonald/CM1_LETKF_2025/experiments/C3_3L12_R0/FORECAST_20240508_2100/member034
Copied /work/jessica.mcdonald/CM1_LETKF_2025/experiments/C3_3L12_R0/member034/cm1rst_000022.nc to directory /work/jessica.mcdonald/CM1_LETKF_2025/experiments/C3_3L12_R0/FORECAST_20240508_2100/member034
LINKIT:  ARG[0]: /work/jessica.mcdonald/CM1_LETKF_2025/experiments/C3_3L12_R0/FORECAST_20240508_2100/cm1.exe  ARG[1]:  /work/jessica.mcdonald/CM1_LETKF_2025/experiments/C3_3L12_R0/FORECAST_20240508_2100/member035
Linked /work/jessica.mcdonald/CM1_LETKF_2025/experiments/C3_3L12_R0/FORECAST_20240508_2100/cm1.exe to directory  /work/jessica.mcdonald/CM1_LETKF_2025/experiments/C3_3L12_R0/FORECAST_20240508_2100/member035
LINKIT:  ARG[0]: /work/jessica.mcdonald/CM1_LETKF_2025/experiments/C3_3L12_R0/FORECAST_20240508_2100/onefile.F  ARG[1]:  /work/jessica.mcdonald/CM1_LETKF_2025/experiments/C3_3L12_R0/FORECAST_20240508_2100/member035
Linked /work/jessica.mcdonald/CM1_LETKF_2025/experiments/C3_3L12_R0/FORECAST_20240508_2100/onefile.F to directory  /work/jessica.mcdonald/CM1_LETKF_2025/experiments/C3_3L12_R0/FORECAST_20240508_2100/member035
LINKIT:  ARG[0]: /work/jessica.mcdonald/CM1_LETKF_2025/experiments/C3_3L12_R0/FORECAST_20240508_2100/LANDUSE.TBL  ARG[1]:  /work/jessica.mcdonald/CM1_LETKF_2025/experiments/C3_3L12_R0/FORECAST_20240508_2100/member035
Linked /work/jessica.mcdonald/CM1_LETKF_2025/experiments/C3_3L12_R0/FORECAST_20240508_2100/LANDUSE.TBL to directory  /work/jessica.mcdonald/CM1_LETKF_2025/experiments/C3_3L12_R0/FORECAST_20240508_2100/member035
LINKIT:  ARG[0]: /work/jessica.mcdonald/CM1_LETKF_2025/experiments/C3_3L12_R0/FORECAST_20240508_2100/namelist.input  ARG[1]:  /work/jessica.mcdonald/CM1_LETKF_2025/experiments/C3_3L12_R0/FORECAST_20240508_2100/member035
Linked /work/jessica.mcdonald/CM1_LETKF_2025/experiments/C3_3L12_R0/FORECAST_20240508_2100/namelist.input to directory  /work/jessica.mcdonald/CM1_LETKF_2025/experiments/C3_3L12_R0/FORECAST_20240508_2100/member035
LINKIT:  ARG[0]: /work/jessica.mcdonald/CM1_LETKF_2025/experiments/C3_3L12_R0/member035/input_sounding  ARG[1]:  /work/jessica.mcdonald/CM1_LETKF_2025/experiments/C3_3L12_R0/FORECAST_20240508_2100/member035
Copied /work/jessica.mcdonald/CM1_LETKF_2025/experiments/C3_3L12_R0/member035/input_sounding to directory /work/jessica.mcdonald/CM1_LETKF_2025/experiments/C3_3L12_R0/FORECAST_20240508_2100/member035
LINKIT:  ARG[0]: /work/jessica.mcdonald/CM1_LETKF_2025/experiments/C3_3L12_R0/member035/cm1rst_000022.nc  ARG[1]:  /work/jessica.mcdonald/CM1_LETKF_2025/experiments/C3_3L12_R0/FORECAST_20240508_2100/member035
Copied /work/jessica.mcdonald/CM1_LETKF_2025/experiments/C3_3L12_R0/member035/cm1rst_000022.nc to directory /work/jessica.mcdonald/CM1_LETKF_2025/experiments/C3_3L12_R0/FORECAST_20240508_2100/member035
LINKIT:  ARG[0]: /work/jessica.mcdonald/CM1_LETKF_2025/experiments/C3_3L12_R0/FORECAST_20240508_2100/cm1.exe  ARG[1]:  /work/jessica.mcdonald/CM1_LETKF_2025/experiments/C3_3L12_R0/FORECAST_20240508_2100/member036
Linked /work/jessica.mcdonald/CM1_LETKF_2025/experiments/C3_3L12_R0/FORECAST_20240508_2100/cm1.exe to directory  /work/jessica.mcdonald/CM1_LETKF_2025/experiments/C3_3L12_R0/FORECAST_20240508_2100/member036
LINKIT:  ARG[0]: /work/jessica.mcdonald/CM1_LETKF_2025/experiments/C3_3L12_R0/FORECAST_20240508_2100/onefile.F  ARG[1]:  /work/jessica.mcdonald/CM1_LETKF_2025/experiments/C3_3L12_R0/FORECAST_20240508_2100/member036
Linked /work/jessica.mcdonald/CM1_LETKF_2025/experiments/C3_3L12_R0/FORECAST_20240508_2100/onefile.F to directory  /work/jessica.mcdonald/CM1_LETKF_2025/experiments/C3_3L12_R0/FORECAST_20240508_2100/member036
LINKIT:  ARG[0]: /work/jessica.mcdonald/CM1_LETKF_2025/experiments/C3_3L12_R0/FORECAST_20240508_2100/LANDUSE.TBL  ARG[1]:  /work/jessica.mcdonald/CM1_LETKF_2025/experiments/C3_3L12_R0/FORECAST_20240508_2100/member036
Linked /work/jessica.mcdonald/CM1_LETKF_2025/experiments/C3_3L12_R0/FORECAST_20240508_2100/LANDUSE.TBL to directory  /work/jessica.mcdonald/CM1_LETKF_2025/experiments/C3_3L12_R0/FORECAST_20240508_2100/member036
LINKIT:  ARG[0]: /work/jessica.mcdonald/CM1_LETKF_2025/experiments/C3_3L12_R0/FORECAST_20240508_2100/namelist.input  ARG[1]:  /work/jessica.mcdonald/CM1_LETKF_2025/experiments/C3_3L12_R0/FORECAST_20240508_2100/member036
Linked /work/jessica.mcdonald/CM1_LETKF_2025/experiments/C3_3L12_R0/FORECAST_20240508_2100/namelist.input to directory  /work/jessica.mcdonald/CM1_LETKF_2025/experiments/C3_3L12_R0/FORECAST_20240508_2100/member036
LINKIT:  ARG[0]: /work/jessica.mcdonald/CM1_LETKF_2025/experiments/C3_3L12_R0/member036/input_sounding  ARG[1]:  /work/jessica.mcdonald/CM1_LETKF_2025/experiments/C3_3L12_R0/FORECAST_20240508_2100/member036
Copied /work/jessica.mcdonald/CM1_LETKF_2025/experiments/C3_3L12_R0/member036/input_sounding to directory /work/jessica.mcdonald/CM1_LETKF_2025/experiments/C3_3L12_R0/FORECAST_20240508_2100/member036
LINKIT:  ARG[0]: /work/jessica.mcdonald/CM1_LETKF_2025/experiments/C3_3L12_R0/member036/cm1rst_000022.nc  ARG[1]:  /work/jessica.mcdonald/CM1_LETKF_2025/experiments/C3_3L12_R0/FORECAST_20240508_2100/member036
Copied /work/jessica.mcdonald/CM1_LETKF_2025/experiments/C3_3L12_R0/member036/cm1rst_000022.nc to directory /work/jessica.mcdonald/CM1_LETKF_2025/experiments/C3_3L12_R0/FORECAST_20240508_2100/member036
