/work/jessica.mcdonald/CM1_LETKF_2025/src

<<<<<===========================================================================================>>>>>>

/work/jessica.mcdonald/CM1_LETKF_2025/experiments/test_noref


Creating directory structure and linking/copying CM1 files


LINKIT:  ARG[0]: /work/jessica.mcdonald/CM1_LETKF_2025/run/cm1r21v1/run/cm1.exe  ARG[1]:  /work/jessica.mcdonald/CM1_LETKF_2025/experiments/test_noref/cm1.exe
Copied /work/jessica.mcdonald/CM1_LETKF_2025/run/cm1r21v1/run/cm1.exe to directory /work/jessica.mcdonald/CM1_LETKF_2025/experiments/test_noref/cm1.exe
LINKIT:  ARG[0]: /work/jessica.mcdonald/CM1_LETKF_2025/run/cm1r21v1/run/onefile.F  ARG[1]:  /work/jessica.mcdonald/CM1_LETKF_2025/experiments/test_noref/onefile.F
Copied /work/jessica.mcdonald/CM1_LETKF_2025/run/cm1r21v1/run/onefile.F to directory /work/jessica.mcdonald/CM1_LETKF_2025/experiments/test_noref/onefile.F
LINKIT:  ARG[0]: /work/jessica.mcdonald/CM1_LETKF_2025/run/cm1r21v1/run/namelist.input  ARG[1]:  /work/jessica.mcdonald/CM1_LETKF_2025/experiments/test_noref/namelist.input
Copied /work/jessica.mcdonald/CM1_LETKF_2025/run/cm1r21v1/run/namelist.input to directory /work/jessica.mcdonald/CM1_LETKF_2025/experiments/test_noref/namelist.input
LINKIT:  ARG[0]: /work/jessica.mcdonald/CM1_LETKF_2025/run/cm1r21v1/run/LANDUSE.TBL  ARG[1]:  /work/jessica.mcdonald/CM1_LETKF_2025/experiments/test_noref/LANDUSE.TBL
Copied /work/jessica.mcdonald/CM1_LETKF_2025/run/cm1r21v1/run/LANDUSE.TBL to directory /work/jessica.mcdonald/CM1_LETKF_2025/experiments/test_noref/LANDUSE.TBL
LINKIT:  ARG[0]: /work/jessica.mcdonald/CM1_LETKF_2025/run/soundings/  ARG[1]:  /work/jessica.mcdonald/CM1_LETKF_2025/experiments/test_noref/
Copied /work/jessica.mcdonald/CM1_LETKF_2025/run/soundings/ to directory /work/jessica.mcdonald/CM1_LETKF_2025/experiments/test_noref/
&param0
    nx = 128
    ny = 128
    nz = 51
    ppnode = 64
    timeformat = 2
    timestats = 1
    terrain_flag = .false.
    procfiles = .false.
    outunits = 1
/

&param1
    dx = 3000.0
    dy = 3000.0
    dz = 400.0
    dtl = 7.5
    timax = 5400.0
    run_time = 0
    tapfrq = 90000.0
    rstfrq = 0.0
    statfrq = 60.0
    prclfrq = 60.0
/

&param2
    cm1setup = 1
    testcase = 0
    adapt_dt = 0
    irst = 0
    rstnum = 0
    iconly = 0
    hadvordrs = 5
    vadvordrs = 5
    hadvordrv = 5
    vadvordrv = 5
    advwenos = 2
    advwenov = 0
    weno_order = 5
    apmasscon = 1
    idiff = 0
    mdiff = 0
    difforder = 6
    imoist = 1
    ipbl = 0
    sgsmodel = 1
    tconfig = 1
    bcturbs = 1
    horizturb = 0
    doimpl = 1
    irdamp = 1
    hrdamp = 0
    psolver = 3
    ptype = 27
    ihail = 1
    iautoc = 1
    cuparam = 0
    icor = 0
    betaplane = 0
    lspgrad = 0
    eqtset = 2
    idiss = 1
    efall = 0
    rterm = 0
    wbc = 2
    ebc = 2
    sbc = 2
    nbc = 2
    bbc = 1
    tbc = 1
    irbc = 4
    roflux = 0
    nudgeobc = 0
    isnd = 7
    iwnd = 2
    itern = 0
    iinit = 0
    irandp = 0
    ibalance = 0
    iorigin = 1
    axisymm = 0
    imove = 0
    iptra = 0
    npt = 1
    pdtra = 1
    iprcl = 0
    nparcels = 1
/

&param3
    kdiff2 = 75.0
    kdiff6 = 0.04
    fcor = 5e-05
    kdiv = 0.1
    alph = 0.6
    rdalpha = 0.0033333333333
    zd = 15000.0
    xhd = 100000.0
    alphobc = 60.0
    umove = 12.5
    vmove = 3.0
    v_t = 7.0
    l_h = 100.0
    lhref1 = 100.0
    lhref2 = 1000.0
    l_inf = 75.0
    ndcnst = 250.0
    nt_c = 250.0
    csound = 300.0
    cstar = 30.0
/

&param11
    radopt = 0
    dtrad = 300.0
    ctrlat = 35.23583
    ctrlon = -97.46194
    year = 2024
    month = 5
    day = 8
    hour = 19
    minute = 30
    second = 0
/

&param12
    isfcflx = 0
    sfcmodel = 0
    oceanmodel = 0
    initsfc = 1
    tsk0 = 299.28
    tmn0 = 297.28
    xland0 = 2.0
    lu0 = 16
    season = 1
    cecd = 3
    pertflx = 0
    cnstce = 0.001
    cnstcd = 0.001
    isftcflx = 0
    iz0tlnd = 0
    oml_hml0 = 50.0
    oml_gamma = 0.14
    set_flx = 0
    cnst_shflx = 0.24
    cnst_lhflx = 5.2e-05
    set_znt = 0
    cnst_znt = 0.16
    set_ust = 0
    cnst_ust = 0.25
    ramp_sgs = 1
    ramp_time = 1800.0
    t2p_avg = 1
/

&param4
    stretch_x = 0
    dx_inner = 1000.0
    dx_outer = 7000.0
    nos_x_len = 40000.0
    tot_x_len = 120000.0
/

&param5
    stretch_y = 0
    dy_inner = 1000.0
    dy_outer = 7000.0
    nos_y_len = 40000.0
    tot_y_len = 120000.0
/

&param6
    stretch_z = 2
    ztop = 20000.0
    str_bot = 0.0
    str_top = 8625.0
    dz_bot = 150.0
    dz_top = 600.0
/

&param7
    bc_temp = 1
    ptc_top = 250.0
    ptc_bot = 300.0
    viscosity = 25.0
    pr_num = 0.72
/

&param8
    var1 = 0.0
    var2 = 0.0
    var3 = 0.0
    var4 = 0.0
    var5 = 0.0
    var6 = 0.0
    var7 = 0.0
    var8 = 0.0
    var9 = 0.0
    var10 = 0.0
    var11 = 0.0
    var12 = 0.0
    var13 = 0.0
    var14 = 0.0
    var15 = 0.0
    var16 = 0.0
    var17 = 0.0
    var18 = 0.0
    var19 = 0.0
    var20 = 0.0
/

&param9
    output_format = 2
    output_filetype = 2
    output_interp = 0
    output_rain = 1
    output_sws = 1
    output_svs = 1
    output_sps = 1
    output_srs = 1
    output_sgs = 1
    output_sus = 1
    output_shs = 1
    output_coldpool = 0
    output_sfcflx = 0
    output_sfcparams = 0
    output_sfcdiags = 0
    output_psfc = 0
    output_zs = 0
    output_zh = 0
    output_basestate = 0
    output_th = 1
    output_thpert = 0
    output_prs = 1
    output_prspert = 0
    output_pi = 0
    output_pipert = 0
    output_rho = 0
    output_rhopert = 0
    output_tke = 0
    output_km = 0
    output_kh = 0
    output_qv = 1
    output_qvpert = 0
    output_q = 1
    output_dbz = 1
    output_buoyancy = 0
    output_u = 1
    output_upert = 0
    output_uinterp = 1
    output_v = 1
    output_vpert = 0
    output_vinterp = 1
    output_w = 1
    output_winterp = 1
    output_vort = 0
    output_pv = 0
    output_uh = 0
    output_pblten = 0
    output_dissten = 0
    output_fallvel = 0
    output_nm = 0
    output_def = 0
    output_radten = 0
    output_cape = 0
    output_cin = 0
    output_lcl = 0
    output_lfc = 0
    output_pwat = 0
    output_lwp = 0
    output_thbudget = 0
    output_qvbudget = 0
    output_ubudget = 0
    output_vbudget = 0
    output_wbudget = 0
    output_pdcomp = 0
/

&param16
    restart_format = 2
    restart_filetype = 2
    restart_reset_frqtim = .true.
    restart_file_theta = .true.
    restart_file_dbz = .true.
    restart_file_th0 = .false.
    restart_file_prs0 = .false.
    restart_file_pi0 = .true.
    restart_file_rho0 = .true.
    restart_file_qv0 = .false.
    restart_file_u0 = .false.
    restart_file_v0 = .false.
    restart_file_zs = .false.
    restart_file_zh = .false.
    restart_file_zf = .false.
    restart_file_diags = .false.
    restart_use_theta = .true.
/

&param10
    stat_w = 1
    stat_wlevs = 1
    stat_u = 1
    stat_v = 1
    stat_rmw = 1
    stat_pipert = 1
    stat_prspert = 1
    stat_thpert = 1
    stat_q = 1
    stat_tke = 1
    stat_km = 1
    stat_kh = 1
    stat_div = 1
    stat_rh = 1
    stat_rhi = 1
    stat_the = 1
    stat_cloud = 1
    stat_sfcprs = 1
    stat_wsp = 1
    stat_cfl = 1
    stat_vort = 1
    stat_tmass = 1
    stat_tmois = 1
    stat_qmass = 1
    stat_tenerg = 1
    stat_mo = 1
    stat_tmf = 1
    stat_pcn = 1
    stat_qsrc = 1
/

&param13
    prcl_th = 1
    prcl_t = 1
    prcl_prs = 1
    prcl_ptra = 1
    prcl_q = 1
    prcl_nc = 1
    prcl_km = 1
    prcl_kh = 1
    prcl_tke = 1
    prcl_dbz = 1
    prcl_b = 1
    prcl_vpg = 1
    prcl_vort = 1
    prcl_rho = 1
    prcl_qsat = 1
    prcl_sfc = 1
/

&param14
    dodomaindiag = .false.
    diagfrq = 60.0
/

&param15
    doazimavg = .false.
    azimavgfrq = 3600.0
    rlen = 300000.0
    do_adapt_move = .false.
    adapt_move_frq = 3600.0
/

&param17
    les_subdomain_shape = 1
    les_subdomain_xlen = 200000.0
    les_subdomain_ylen = 200000.0
    les_subdomain_dlen = 200000.0
    les_subdomain_trnslen = 5000.0
/

&param18
    do_recycle_w = .false.
    do_recycle_s = .false.
    do_recycle_e = .false.
    do_recycle_n = .false.
    recycle_width_dx = 6.0
    recycle_depth_m = 1500.0
    recycle_cap_loc_m = 4000.0
    recycle_inj_loc_m = 0.0
/

&param19
    do_lsnudge = .false.
    do_lsnudge_u = .false.
    do_lsnudge_v = .false.
    do_lsnudge_th = .false.
    do_lsnudge_qv = .false.
    lsnudge_tau = 1800.0
    lsnudge_start = 3600.0
    lsnudge_end = 7200.0
    lsnudge_ramp_time = 600.0
/

&param20
    do_ib = .false.
    ib_init = 4
    top_cd = 0.4
    side_cd = 0.4
/

&param21
    hurr_vg = 40.0
    hurr_rad = 40000.0
    hurr_vgpl = -0.7
    hurr_rotate = 0.0
/

&nssl2mom_params
    alphah = 0
    alphahl = 0.5
    ccn = 600000000.0
    cnor = 8000000.0
    cnoh = 40000.0
/
model
LINKIT:  ARG[0]: /work/jessica.mcdonald/CM1_LETKF_2025/run/cm1r21v1/run/cm1.exe  ARG[1]:  /work/jessica.mcdonald/CM1_LETKF_2025/experiments/test_noref/member001/cm1.exe
Copied /work/jessica.mcdonald/CM1_LETKF_2025/run/cm1r21v1/run/cm1.exe to directory /work/jessica.mcdonald/CM1_LETKF_2025/experiments/test_noref/member001/cm1.exe
src
LINKIT:  ARG[0]: /work/jessica.mcdonald/CM1_LETKF_2025/run/cm1r21v1/run/onefile.F  ARG[1]:  /work/jessica.mcdonald/CM1_LETKF_2025/experiments/test_noref/member001/onefile.F
Linked /work/jessica.mcdonald/CM1_LETKF_2025/run/cm1r21v1/run/onefile.F to directory  /work/jessica.mcdonald/CM1_LETKF_2025/experiments/test_noref/member001/onefile.F
namelist
LINKIT:  ARG[0]: /work/jessica.mcdonald/CM1_LETKF_2025/experiments/test_noref/namelist.input  ARG[1]:  /work/jessica.mcdonald/CM1_LETKF_2025/experiments/test_noref/member001/namelist.input
Linked /work/jessica.mcdonald/CM1_LETKF_2025/experiments/test_noref/namelist.input to directory  /work/jessica.mcdonald/CM1_LETKF_2025/experiments/test_noref/member001/namelist.input
landsfc
LINKIT:  ARG[0]: /work/jessica.mcdonald/CM1_LETKF_2025/run/cm1r21v1/run/LANDUSE.TBL  ARG[1]:  /work/jessica.mcdonald/CM1_LETKF_2025/experiments/test_noref/member001/LANDUSE.TBL
Linked /work/jessica.mcdonald/CM1_LETKF_2025/run/cm1r21v1/run/LANDUSE.TBL to directory  /work/jessica.mcdonald/CM1_LETKF_2025/experiments/test_noref/member001/LANDUSE.TBL
sounding
LINKIT:  ARG[0]: /work/jessica.mcdonald/CM1_LETKF_2025/run/soundings/Run01Sounding.txt  ARG[1]:  /work/jessica.mcdonald/CM1_LETKF_2025/experiments/test_noref/member001/input_sounding
Copied /work/jessica.mcdonald/CM1_LETKF_2025/run/soundings/Run01Sounding.txt to directory /work/jessica.mcdonald/CM1_LETKF_2025/experiments/test_noref/member001/input_sounding
model
LINKIT:  ARG[0]: /work/jessica.mcdonald/CM1_LETKF_2025/run/cm1r21v1/run/cm1.exe  ARG[1]:  /work/jessica.mcdonald/CM1_LETKF_2025/experiments/test_noref/member002/cm1.exe
Copied /work/jessica.mcdonald/CM1_LETKF_2025/run/cm1r21v1/run/cm1.exe to directory /work/jessica.mcdonald/CM1_LETKF_2025/experiments/test_noref/member002/cm1.exe
src
LINKIT:  ARG[0]: /work/jessica.mcdonald/CM1_LETKF_2025/run/cm1r21v1/run/onefile.F  ARG[1]:  /work/jessica.mcdonald/CM1_LETKF_2025/experiments/test_noref/member002/onefile.F
Linked /work/jessica.mcdonald/CM1_LETKF_2025/run/cm1r21v1/run/onefile.F to directory  /work/jessica.mcdonald/CM1_LETKF_2025/experiments/test_noref/member002/onefile.F
namelist
LINKIT:  ARG[0]: /work/jessica.mcdonald/CM1_LETKF_2025/experiments/test_noref/namelist.input  ARG[1]:  /work/jessica.mcdonald/CM1_LETKF_2025/experiments/test_noref/member002/namelist.input
Linked /work/jessica.mcdonald/CM1_LETKF_2025/experiments/test_noref/namelist.input to directory  /work/jessica.mcdonald/CM1_LETKF_2025/experiments/test_noref/member002/namelist.input
landsfc
LINKIT:  ARG[0]: /work/jessica.mcdonald/CM1_LETKF_2025/run/cm1r21v1/run/LANDUSE.TBL  ARG[1]:  /work/jessica.mcdonald/CM1_LETKF_2025/experiments/test_noref/member002/LANDUSE.TBL
Linked /work/jessica.mcdonald/CM1_LETKF_2025/run/cm1r21v1/run/LANDUSE.TBL to directory  /work/jessica.mcdonald/CM1_LETKF_2025/experiments/test_noref/member002/LANDUSE.TBL
sounding
LINKIT:  ARG[0]: /work/jessica.mcdonald/CM1_LETKF_2025/run/soundings/Run02Sounding.txt  ARG[1]:  /work/jessica.mcdonald/CM1_LETKF_2025/experiments/test_noref/member002/input_sounding
Copied /work/jessica.mcdonald/CM1_LETKF_2025/run/soundings/Run02Sounding.txt to directory /work/jessica.mcdonald/CM1_LETKF_2025/experiments/test_noref/member002/input_sounding
model
LINKIT:  ARG[0]: /work/jessica.mcdonald/CM1_LETKF_2025/run/cm1r21v1/run/cm1.exe  ARG[1]:  /work/jessica.mcdonald/CM1_LETKF_2025/experiments/test_noref/member003/cm1.exe
Copied /work/jessica.mcdonald/CM1_LETKF_2025/run/cm1r21v1/run/cm1.exe to directory /work/jessica.mcdonald/CM1_LETKF_2025/experiments/test_noref/member003/cm1.exe
src
LINKIT:  ARG[0]: /work/jessica.mcdonald/CM1_LETKF_2025/run/cm1r21v1/run/onefile.F  ARG[1]:  /work/jessica.mcdonald/CM1_LETKF_2025/experiments/test_noref/member003/onefile.F
Linked /work/jessica.mcdonald/CM1_LETKF_2025/run/cm1r21v1/run/onefile.F to directory  /work/jessica.mcdonald/CM1_LETKF_2025/experiments/test_noref/member003/onefile.F
namelist
LINKIT:  ARG[0]: /work/jessica.mcdonald/CM1_LETKF_2025/experiments/test_noref/namelist.input  ARG[1]:  /work/jessica.mcdonald/CM1_LETKF_2025/experiments/test_noref/member003/namelist.input
Linked /work/jessica.mcdonald/CM1_LETKF_2025/experiments/test_noref/namelist.input to directory  /work/jessica.mcdonald/CM1_LETKF_2025/experiments/test_noref/member003/namelist.input
landsfc
LINKIT:  ARG[0]: /work/jessica.mcdonald/CM1_LETKF_2025/run/cm1r21v1/run/LANDUSE.TBL  ARG[1]:  /work/jessica.mcdonald/CM1_LETKF_2025/experiments/test_noref/member003/LANDUSE.TBL
Linked /work/jessica.mcdonald/CM1_LETKF_2025/run/cm1r21v1/run/LANDUSE.TBL to directory  /work/jessica.mcdonald/CM1_LETKF_2025/experiments/test_noref/member003/LANDUSE.TBL
sounding
LINKIT:  ARG[0]: /work/jessica.mcdonald/CM1_LETKF_2025/run/soundings/Run03Sounding.txt  ARG[1]:  /work/jessica.mcdonald/CM1_LETKF_2025/experiments/test_noref/member003/input_sounding
Copied /work/jessica.mcdonald/CM1_LETKF_2025/run/soundings/Run03Sounding.txt to directory /work/jessica.mcdonald/CM1_LETKF_2025/experiments/test_noref/member003/input_sounding
model
LINKIT:  ARG[0]: /work/jessica.mcdonald/CM1_LETKF_2025/run/cm1r21v1/run/cm1.exe  ARG[1]:  /work/jessica.mcdonald/CM1_LETKF_2025/experiments/test_noref/member004/cm1.exe
Copied /work/jessica.mcdonald/CM1_LETKF_2025/run/cm1r21v1/run/cm1.exe to directory /work/jessica.mcdonald/CM1_LETKF_2025/experiments/test_noref/member004/cm1.exe
src
LINKIT:  ARG[0]: /work/jessica.mcdonald/CM1_LETKF_2025/run/cm1r21v1/run/onefile.F  ARG[1]:  /work/jessica.mcdonald/CM1_LETKF_2025/experiments/test_noref/member004/onefile.F
Linked /work/jessica.mcdonald/CM1_LETKF_2025/run/cm1r21v1/run/onefile.F to directory  /work/jessica.mcdonald/CM1_LETKF_2025/experiments/test_noref/member004/onefile.F
namelist
LINKIT:  ARG[0]: /work/jessica.mcdonald/CM1_LETKF_2025/experiments/test_noref/namelist.input  ARG[1]:  /work/jessica.mcdonald/CM1_LETKF_2025/experiments/test_noref/member004/namelist.input
Linked /work/jessica.mcdonald/CM1_LETKF_2025/experiments/test_noref/namelist.input to directory  /work/jessica.mcdonald/CM1_LETKF_2025/experiments/test_noref/member004/namelist.input
landsfc
LINKIT:  ARG[0]: /work/jessica.mcdonald/CM1_LETKF_2025/run/cm1r21v1/run/LANDUSE.TBL  ARG[1]:  /work/jessica.mcdonald/CM1_LETKF_2025/experiments/test_noref/member004/LANDUSE.TBL
Linked /work/jessica.mcdonald/CM1_LETKF_2025/run/cm1r21v1/run/LANDUSE.TBL to directory  /work/jessica.mcdonald/CM1_LETKF_2025/experiments/test_noref/member004/LANDUSE.TBL
sounding
LINKIT:  ARG[0]: /work/jessica.mcdonald/CM1_LETKF_2025/run/soundings/Run04Sounding.txt  ARG[1]:  /work/jessica.mcdonald/CM1_LETKF_2025/experiments/test_noref/member004/input_sounding
Copied /work/jessica.mcdonald/CM1_LETKF_2025/run/soundings/Run04Sounding.txt to directory /work/jessica.mcdonald/CM1_LETKF_2025/experiments/test_noref/member004/input_sounding
model
LINKIT:  ARG[0]: /work/jessica.mcdonald/CM1_LETKF_2025/run/cm1r21v1/run/cm1.exe  ARG[1]:  /work/jessica.mcdonald/CM1_LETKF_2025/experiments/test_noref/member005/cm1.exe
Copied /work/jessica.mcdonald/CM1_LETKF_2025/run/cm1r21v1/run/cm1.exe to directory /work/jessica.mcdonald/CM1_LETKF_2025/experiments/test_noref/member005/cm1.exe
src
LINKIT:  ARG[0]: /work/jessica.mcdonald/CM1_LETKF_2025/run/cm1r21v1/run/onefile.F  ARG[1]:  /work/jessica.mcdonald/CM1_LETKF_2025/experiments/test_noref/member005/onefile.F
Linked /work/jessica.mcdonald/CM1_LETKF_2025/run/cm1r21v1/run/onefile.F to directory  /work/jessica.mcdonald/CM1_LETKF_2025/experiments/test_noref/member005/onefile.F
namelist
LINKIT:  ARG[0]: /work/jessica.mcdonald/CM1_LETKF_2025/experiments/test_noref/namelist.input  ARG[1]:  /work/jessica.mcdonald/CM1_LETKF_2025/experiments/test_noref/member005/namelist.input
Linked /work/jessica.mcdonald/CM1_LETKF_2025/experiments/test_noref/namelist.input to directory  /work/jessica.mcdonald/CM1_LETKF_2025/experiments/test_noref/member005/namelist.input
landsfc
LINKIT:  ARG[0]: /work/jessica.mcdonald/CM1_LETKF_2025/run/cm1r21v1/run/LANDUSE.TBL  ARG[1]:  /work/jessica.mcdonald/CM1_LETKF_2025/experiments/test_noref/member005/LANDUSE.TBL
Linked /work/jessica.mcdonald/CM1_LETKF_2025/run/cm1r21v1/run/LANDUSE.TBL to directory  /work/jessica.mcdonald/CM1_LETKF_2025/experiments/test_noref/member005/LANDUSE.TBL
sounding
LINKIT:  ARG[0]: /work/jessica.mcdonald/CM1_LETKF_2025/run/soundings/Run05Sounding.txt  ARG[1]:  /work/jessica.mcdonald/CM1_LETKF_2025/experiments/test_noref/member005/input_sounding
Copied /work/jessica.mcdonald/CM1_LETKF_2025/run/soundings/Run05Sounding.txt to directory /work/jessica.mcdonald/CM1_LETKF_2025/experiments/test_noref/member005/input_sounding
model
LINKIT:  ARG[0]: /work/jessica.mcdonald/CM1_LETKF_2025/run/cm1r21v1/run/cm1.exe  ARG[1]:  /work/jessica.mcdonald/CM1_LETKF_2025/experiments/test_noref/member006/cm1.exe
Copied /work/jessica.mcdonald/CM1_LETKF_2025/run/cm1r21v1/run/cm1.exe to directory /work/jessica.mcdonald/CM1_LETKF_2025/experiments/test_noref/member006/cm1.exe
src
LINKIT:  ARG[0]: /work/jessica.mcdonald/CM1_LETKF_2025/run/cm1r21v1/run/onefile.F  ARG[1]:  /work/jessica.mcdonald/CM1_LETKF_2025/experiments/test_noref/member006/onefile.F
Linked /work/jessica.mcdonald/CM1_LETKF_2025/run/cm1r21v1/run/onefile.F to directory  /work/jessica.mcdonald/CM1_LETKF_2025/experiments/test_noref/member006/onefile.F
namelist
LINKIT:  ARG[0]: /work/jessica.mcdonald/CM1_LETKF_2025/experiments/test_noref/namelist.input  ARG[1]:  /work/jessica.mcdonald/CM1_LETKF_2025/experiments/test_noref/member006/namelist.input
Linked /work/jessica.mcdonald/CM1_LETKF_2025/experiments/test_noref/namelist.input to directory  /work/jessica.mcdonald/CM1_LETKF_2025/experiments/test_noref/member006/namelist.input
landsfc
LINKIT:  ARG[0]: /work/jessica.mcdonald/CM1_LETKF_2025/run/cm1r21v1/run/LANDUSE.TBL  ARG[1]:  /work/jessica.mcdonald/CM1_LETKF_2025/experiments/test_noref/member006/LANDUSE.TBL
Linked /work/jessica.mcdonald/CM1_LETKF_2025/run/cm1r21v1/run/LANDUSE.TBL to directory  /work/jessica.mcdonald/CM1_LETKF_2025/experiments/test_noref/member006/LANDUSE.TBL
sounding
LINKIT:  ARG[0]: /work/jessica.mcdonald/CM1_LETKF_2025/run/soundings/Run06Sounding.txt  ARG[1]:  /work/jessica.mcdonald/CM1_LETKF_2025/experiments/test_noref/member006/input_sounding
Copied /work/jessica.mcdonald/CM1_LETKF_2025/run/soundings/Run06Sounding.txt to directory /work/jessica.mcdonald/CM1_LETKF_2025/experiments/test_noref/member006/input_sounding
model
LINKIT:  ARG[0]: /work/jessica.mcdonald/CM1_LETKF_2025/run/cm1r21v1/run/cm1.exe  ARG[1]:  /work/jessica.mcdonald/CM1_LETKF_2025/experiments/test_noref/member007/cm1.exe
Copied /work/jessica.mcdonald/CM1_LETKF_2025/run/cm1r21v1/run/cm1.exe to directory /work/jessica.mcdonald/CM1_LETKF_2025/experiments/test_noref/member007/cm1.exe
src
LINKIT:  ARG[0]: /work/jessica.mcdonald/CM1_LETKF_2025/run/cm1r21v1/run/onefile.F  ARG[1]:  /work/jessica.mcdonald/CM1_LETKF_2025/experiments/test_noref/member007/onefile.F
Linked /work/jessica.mcdonald/CM1_LETKF_2025/run/cm1r21v1/run/onefile.F to directory  /work/jessica.mcdonald/CM1_LETKF_2025/experiments/test_noref/member007/onefile.F
namelist
LINKIT:  ARG[0]: /work/jessica.mcdonald/CM1_LETKF_2025/experiments/test_noref/namelist.input  ARG[1]:  /work/jessica.mcdonald/CM1_LETKF_2025/experiments/test_noref/member007/namelist.input
Linked /work/jessica.mcdonald/CM1_LETKF_2025/experiments/test_noref/namelist.input to directory  /work/jessica.mcdonald/CM1_LETKF_2025/experiments/test_noref/member007/namelist.input
landsfc
LINKIT:  ARG[0]: /work/jessica.mcdonald/CM1_LETKF_2025/run/cm1r21v1/run/LANDUSE.TBL  ARG[1]:  /work/jessica.mcdonald/CM1_LETKF_2025/experiments/test_noref/member007/LANDUSE.TBL
Linked /work/jessica.mcdonald/CM1_LETKF_2025/run/cm1r21v1/run/LANDUSE.TBL to directory  /work/jessica.mcdonald/CM1_LETKF_2025/experiments/test_noref/member007/LANDUSE.TBL
sounding
LINKIT:  ARG[0]: /work/jessica.mcdonald/CM1_LETKF_2025/run/soundings/Run07Sounding.txt  ARG[1]:  /work/jessica.mcdonald/CM1_LETKF_2025/experiments/test_noref/member007/input_sounding
Copied /work/jessica.mcdonald/CM1_LETKF_2025/run/soundings/Run07Sounding.txt to directory /work/jessica.mcdonald/CM1_LETKF_2025/experiments/test_noref/member007/input_sounding
model
LINKIT:  ARG[0]: /work/jessica.mcdonald/CM1_LETKF_2025/run/cm1r21v1/run/cm1.exe  ARG[1]:  /work/jessica.mcdonald/CM1_LETKF_2025/experiments/test_noref/member008/cm1.exe
Copied /work/jessica.mcdonald/CM1_LETKF_2025/run/cm1r21v1/run/cm1.exe to directory /work/jessica.mcdonald/CM1_LETKF_2025/experiments/test_noref/member008/cm1.exe
src
LINKIT:  ARG[0]: /work/jessica.mcdonald/CM1_LETKF_2025/run/cm1r21v1/run/onefile.F  ARG[1]:  /work/jessica.mcdonald/CM1_LETKF_2025/experiments/test_noref/member008/onefile.F
Linked /work/jessica.mcdonald/CM1_LETKF_2025/run/cm1r21v1/run/onefile.F to directory  /work/jessica.mcdonald/CM1_LETKF_2025/experiments/test_noref/member008/onefile.F
namelist
LINKIT:  ARG[0]: /work/jessica.mcdonald/CM1_LETKF_2025/experiments/test_noref/namelist.input  ARG[1]:  /work/jessica.mcdonald/CM1_LETKF_2025/experiments/test_noref/member008/namelist.input
Linked /work/jessica.mcdonald/CM1_LETKF_2025/experiments/test_noref/namelist.input to directory  /work/jessica.mcdonald/CM1_LETKF_2025/experiments/test_noref/member008/namelist.input
landsfc
LINKIT:  ARG[0]: /work/jessica.mcdonald/CM1_LETKF_2025/run/cm1r21v1/run/LANDUSE.TBL  ARG[1]:  /work/jessica.mcdonald/CM1_LETKF_2025/experiments/test_noref/member008/LANDUSE.TBL
Linked /work/jessica.mcdonald/CM1_LETKF_2025/run/cm1r21v1/run/LANDUSE.TBL to directory  /work/jessica.mcdonald/CM1_LETKF_2025/experiments/test_noref/member008/LANDUSE.TBL
sounding
LINKIT:  ARG[0]: /work/jessica.mcdonald/CM1_LETKF_2025/run/soundings/Run08Sounding.txt  ARG[1]:  /work/jessica.mcdonald/CM1_LETKF_2025/experiments/test_noref/member008/input_sounding
Copied /work/jessica.mcdonald/CM1_LETKF_2025/run/soundings/Run08Sounding.txt to directory /work/jessica.mcdonald/CM1_LETKF_2025/experiments/test_noref/member008/input_sounding
model
LINKIT:  ARG[0]: /work/jessica.mcdonald/CM1_LETKF_2025/run/cm1r21v1/run/cm1.exe  ARG[1]:  /work/jessica.mcdonald/CM1_LETKF_2025/experiments/test_noref/member009/cm1.exe
Copied /work/jessica.mcdonald/CM1_LETKF_2025/run/cm1r21v1/run/cm1.exe to directory /work/jessica.mcdonald/CM1_LETKF_2025/experiments/test_noref/member009/cm1.exe
src
LINKIT:  ARG[0]: /work/jessica.mcdonald/CM1_LETKF_2025/run/cm1r21v1/run/onefile.F  ARG[1]:  /work/jessica.mcdonald/CM1_LETKF_2025/experiments/test_noref/member009/onefile.F
Linked /work/jessica.mcdonald/CM1_LETKF_2025/run/cm1r21v1/run/onefile.F to directory  /work/jessica.mcdonald/CM1_LETKF_2025/experiments/test_noref/member009/onefile.F
namelist
LINKIT:  ARG[0]: /work/jessica.mcdonald/CM1_LETKF_2025/experiments/test_noref/namelist.input  ARG[1]:  /work/jessica.mcdonald/CM1_LETKF_2025/experiments/test_noref/member009/namelist.input
Linked /work/jessica.mcdonald/CM1_LETKF_2025/experiments/test_noref/namelist.input to directory  /work/jessica.mcdonald/CM1_LETKF_2025/experiments/test_noref/member009/namelist.input
landsfc
LINKIT:  ARG[0]: /work/jessica.mcdonald/CM1_LETKF_2025/run/cm1r21v1/run/LANDUSE.TBL  ARG[1]:  /work/jessica.mcdonald/CM1_LETKF_2025/experiments/test_noref/member009/LANDUSE.TBL
Linked /work/jessica.mcdonald/CM1_LETKF_2025/run/cm1r21v1/run/LANDUSE.TBL to directory  /work/jessica.mcdonald/CM1_LETKF_2025/experiments/test_noref/member009/LANDUSE.TBL
sounding
LINKIT:  ARG[0]: /work/jessica.mcdonald/CM1_LETKF_2025/run/soundings/Run09Sounding.txt  ARG[1]:  /work/jessica.mcdonald/CM1_LETKF_2025/experiments/test_noref/member009/input_sounding
Copied /work/jessica.mcdonald/CM1_LETKF_2025/run/soundings/Run09Sounding.txt to directory /work/jessica.mcdonald/CM1_LETKF_2025/experiments/test_noref/member009/input_sounding
model
LINKIT:  ARG[0]: /work/jessica.mcdonald/CM1_LETKF_2025/run/cm1r21v1/run/cm1.exe  ARG[1]:  /work/jessica.mcdonald/CM1_LETKF_2025/experiments/test_noref/member010/cm1.exe
Copied /work/jessica.mcdonald/CM1_LETKF_2025/run/cm1r21v1/run/cm1.exe to directory /work/jessica.mcdonald/CM1_LETKF_2025/experiments/test_noref/member010/cm1.exe
src
LINKIT:  ARG[0]: /work/jessica.mcdonald/CM1_LETKF_2025/run/cm1r21v1/run/onefile.F  ARG[1]:  /work/jessica.mcdonald/CM1_LETKF_2025/experiments/test_noref/member010/onefile.F
Linked /work/jessica.mcdonald/CM1_LETKF_2025/run/cm1r21v1/run/onefile.F to directory  /work/jessica.mcdonald/CM1_LETKF_2025/experiments/test_noref/member010/onefile.F
namelist
LINKIT:  ARG[0]: /work/jessica.mcdonald/CM1_LETKF_2025/experiments/test_noref/namelist.input  ARG[1]:  /work/jessica.mcdonald/CM1_LETKF_2025/experiments/test_noref/member010/namelist.input
Linked /work/jessica.mcdonald/CM1_LETKF_2025/experiments/test_noref/namelist.input to directory  /work/jessica.mcdonald/CM1_LETKF_2025/experiments/test_noref/member010/namelist.input
landsfc
LINKIT:  ARG[0]: /work/jessica.mcdonald/CM1_LETKF_2025/run/cm1r21v1/run/LANDUSE.TBL  ARG[1]:  /work/jessica.mcdonald/CM1_LETKF_2025/experiments/test_noref/member010/LANDUSE.TBL
Linked /work/jessica.mcdonald/CM1_LETKF_2025/run/cm1r21v1/run/LANDUSE.TBL to directory  /work/jessica.mcdonald/CM1_LETKF_2025/experiments/test_noref/member010/LANDUSE.TBL
sounding
LINKIT:  ARG[0]: /work/jessica.mcdonald/CM1_LETKF_2025/run/soundings/Run10Sounding.txt  ARG[1]:  /work/jessica.mcdonald/CM1_LETKF_2025/experiments/test_noref/member010/input_sounding
Copied /work/jessica.mcdonald/CM1_LETKF_2025/run/soundings/Run10Sounding.txt to directory /work/jessica.mcdonald/CM1_LETKF_2025/experiments/test_noref/member010/input_sounding
model
LINKIT:  ARG[0]: /work/jessica.mcdonald/CM1_LETKF_2025/run/cm1r21v1/run/cm1.exe  ARG[1]:  /work/jessica.mcdonald/CM1_LETKF_2025/experiments/test_noref/member011/cm1.exe
Copied /work/jessica.mcdonald/CM1_LETKF_2025/run/cm1r21v1/run/cm1.exe to directory /work/jessica.mcdonald/CM1_LETKF_2025/experiments/test_noref/member011/cm1.exe
src
LINKIT:  ARG[0]: /work/jessica.mcdonald/CM1_LETKF_2025/run/cm1r21v1/run/onefile.F  ARG[1]:  /work/jessica.mcdonald/CM1_LETKF_2025/experiments/test_noref/member011/onefile.F
Linked /work/jessica.mcdonald/CM1_LETKF_2025/run/cm1r21v1/run/onefile.F to directory  /work/jessica.mcdonald/CM1_LETKF_2025/experiments/test_noref/member011/onefile.F
namelist
LINKIT:  ARG[0]: /work/jessica.mcdonald/CM1_LETKF_2025/experiments/test_noref/namelist.input  ARG[1]:  /work/jessica.mcdonald/CM1_LETKF_2025/experiments/test_noref/member011/namelist.input
Linked /work/jessica.mcdonald/CM1_LETKF_2025/experiments/test_noref/namelist.input to directory  /work/jessica.mcdonald/CM1_LETKF_2025/experiments/test_noref/member011/namelist.input
landsfc
LINKIT:  ARG[0]: /work/jessica.mcdonald/CM1_LETKF_2025/run/cm1r21v1/run/LANDUSE.TBL  ARG[1]:  /work/jessica.mcdonald/CM1_LETKF_2025/experiments/test_noref/member011/LANDUSE.TBL
Linked /work/jessica.mcdonald/CM1_LETKF_2025/run/cm1r21v1/run/LANDUSE.TBL to directory  /work/jessica.mcdonald/CM1_LETKF_2025/experiments/test_noref/member011/LANDUSE.TBL
sounding
LINKIT:  ARG[0]: /work/jessica.mcdonald/CM1_LETKF_2025/run/soundings/Run11Sounding.txt  ARG[1]:  /work/jessica.mcdonald/CM1_LETKF_2025/experiments/test_noref/member011/input_sounding
Copied /work/jessica.mcdonald/CM1_LETKF_2025/run/soundings/Run11Sounding.txt to directory /work/jessica.mcdonald/CM1_LETKF_2025/experiments/test_noref/member011/input_sounding
model
LINKIT:  ARG[0]: /work/jessica.mcdonald/CM1_LETKF_2025/run/cm1r21v1/run/cm1.exe  ARG[1]:  /work/jessica.mcdonald/CM1_LETKF_2025/experiments/test_noref/member012/cm1.exe
Copied /work/jessica.mcdonald/CM1_LETKF_2025/run/cm1r21v1/run/cm1.exe to directory /work/jessica.mcdonald/CM1_LETKF_2025/experiments/test_noref/member012/cm1.exe
src
LINKIT:  ARG[0]: /work/jessica.mcdonald/CM1_LETKF_2025/run/cm1r21v1/run/onefile.F  ARG[1]:  /work/jessica.mcdonald/CM1_LETKF_2025/experiments/test_noref/member012/onefile.F
Linked /work/jessica.mcdonald/CM1_LETKF_2025/run/cm1r21v1/run/onefile.F to directory  /work/jessica.mcdonald/CM1_LETKF_2025/experiments/test_noref/member012/onefile.F
namelist
LINKIT:  ARG[0]: /work/jessica.mcdonald/CM1_LETKF_2025/experiments/test_noref/namelist.input  ARG[1]:  /work/jessica.mcdonald/CM1_LETKF_2025/experiments/test_noref/member012/namelist.input
Linked /work/jessica.mcdonald/CM1_LETKF_2025/experiments/test_noref/namelist.input to directory  /work/jessica.mcdonald/CM1_LETKF_2025/experiments/test_noref/member012/namelist.input
landsfc
LINKIT:  ARG[0]: /work/jessica.mcdonald/CM1_LETKF_2025/run/cm1r21v1/run/LANDUSE.TBL  ARG[1]:  /work/jessica.mcdonald/CM1_LETKF_2025/experiments/test_noref/member012/LANDUSE.TBL
Linked /work/jessica.mcdonald/CM1_LETKF_2025/run/cm1r21v1/run/LANDUSE.TBL to directory  /work/jessica.mcdonald/CM1_LETKF_2025/experiments/test_noref/member012/LANDUSE.TBL
sounding
LINKIT:  ARG[0]: /work/jessica.mcdonald/CM1_LETKF_2025/run/soundings/Run12Sounding.txt  ARG[1]:  /work/jessica.mcdonald/CM1_LETKF_2025/experiments/test_noref/member012/input_sounding
Copied /work/jessica.mcdonald/CM1_LETKF_2025/run/soundings/Run12Sounding.txt to directory /work/jessica.mcdonald/CM1_LETKF_2025/experiments/test_noref/member012/input_sounding
model
LINKIT:  ARG[0]: /work/jessica.mcdonald/CM1_LETKF_2025/run/cm1r21v1/run/cm1.exe  ARG[1]:  /work/jessica.mcdonald/CM1_LETKF_2025/experiments/test_noref/member013/cm1.exe
Copied /work/jessica.mcdonald/CM1_LETKF_2025/run/cm1r21v1/run/cm1.exe to directory /work/jessica.mcdonald/CM1_LETKF_2025/experiments/test_noref/member013/cm1.exe
src
LINKIT:  ARG[0]: /work/jessica.mcdonald/CM1_LETKF_2025/run/cm1r21v1/run/onefile.F  ARG[1]:  /work/jessica.mcdonald/CM1_LETKF_2025/experiments/test_noref/member013/onefile.F
Linked /work/jessica.mcdonald/CM1_LETKF_2025/run/cm1r21v1/run/onefile.F to directory  /work/jessica.mcdonald/CM1_LETKF_2025/experiments/test_noref/member013/onefile.F
namelist
LINKIT:  ARG[0]: /work/jessica.mcdonald/CM1_LETKF_2025/experiments/test_noref/namelist.input  ARG[1]:  /work/jessica.mcdonald/CM1_LETKF_2025/experiments/test_noref/member013/namelist.input
Linked /work/jessica.mcdonald/CM1_LETKF_2025/experiments/test_noref/namelist.input to directory  /work/jessica.mcdonald/CM1_LETKF_2025/experiments/test_noref/member013/namelist.input
landsfc
LINKIT:  ARG[0]: /work/jessica.mcdonald/CM1_LETKF_2025/run/cm1r21v1/run/LANDUSE.TBL  ARG[1]:  /work/jessica.mcdonald/CM1_LETKF_2025/experiments/test_noref/member013/LANDUSE.TBL
Linked /work/jessica.mcdonald/CM1_LETKF_2025/run/cm1r21v1/run/LANDUSE.TBL to directory  /work/jessica.mcdonald/CM1_LETKF_2025/experiments/test_noref/member013/LANDUSE.TBL
sounding
LINKIT:  ARG[0]: /work/jessica.mcdonald/CM1_LETKF_2025/run/soundings/Run13Sounding.txt  ARG[1]:  /work/jessica.mcdonald/CM1_LETKF_2025/experiments/test_noref/member013/input_sounding
Copied /work/jessica.mcdonald/CM1_LETKF_2025/run/soundings/Run13Sounding.txt to directory /work/jessica.mcdonald/CM1_LETKF_2025/experiments/test_noref/member013/input_sounding
model
LINKIT:  ARG[0]: /work/jessica.mcdonald/CM1_LETKF_2025/run/cm1r21v1/run/cm1.exe  ARG[1]:  /work/jessica.mcdonald/CM1_LETKF_2025/experiments/test_noref/member014/cm1.exe
Copied /work/jessica.mcdonald/CM1_LETKF_2025/run/cm1r21v1/run/cm1.exe to directory /work/jessica.mcdonald/CM1_LETKF_2025/experiments/test_noref/member014/cm1.exe
src
LINKIT:  ARG[0]: /work/jessica.mcdonald/CM1_LETKF_2025/run/cm1r21v1/run/onefile.F  ARG[1]:  /work/jessica.mcdonald/CM1_LETKF_2025/experiments/test_noref/member014/onefile.F
Linked /work/jessica.mcdonald/CM1_LETKF_2025/run/cm1r21v1/run/onefile.F to directory  /work/jessica.mcdonald/CM1_LETKF_2025/experiments/test_noref/member014/onefile.F
namelist
LINKIT:  ARG[0]: /work/jessica.mcdonald/CM1_LETKF_2025/experiments/test_noref/namelist.input  ARG[1]:  /work/jessica.mcdonald/CM1_LETKF_2025/experiments/test_noref/member014/namelist.input
Linked /work/jessica.mcdonald/CM1_LETKF_2025/experiments/test_noref/namelist.input to directory  /work/jessica.mcdonald/CM1_LETKF_2025/experiments/test_noref/member014/namelist.input
landsfc
LINKIT:  ARG[0]: /work/jessica.mcdonald/CM1_LETKF_2025/run/cm1r21v1/run/LANDUSE.TBL  ARG[1]:  /work/jessica.mcdonald/CM1_LETKF_2025/experiments/test_noref/member014/LANDUSE.TBL
Linked /work/jessica.mcdonald/CM1_LETKF_2025/run/cm1r21v1/run/LANDUSE.TBL to directory  /work/jessica.mcdonald/CM1_LETKF_2025/experiments/test_noref/member014/LANDUSE.TBL
sounding
LINKIT:  ARG[0]: /work/jessica.mcdonald/CM1_LETKF_2025/run/soundings/Run14Sounding.txt  ARG[1]:  /work/jessica.mcdonald/CM1_LETKF_2025/experiments/test_noref/member014/input_sounding
Copied /work/jessica.mcdonald/CM1_LETKF_2025/run/soundings/Run14Sounding.txt to directory /work/jessica.mcdonald/CM1_LETKF_2025/experiments/test_noref/member014/input_sounding
model
LINKIT:  ARG[0]: /work/jessica.mcdonald/CM1_LETKF_2025/run/cm1r21v1/run/cm1.exe  ARG[1]:  /work/jessica.mcdonald/CM1_LETKF_2025/experiments/test_noref/member015/cm1.exe
Copied /work/jessica.mcdonald/CM1_LETKF_2025/run/cm1r21v1/run/cm1.exe to directory /work/jessica.mcdonald/CM1_LETKF_2025/experiments/test_noref/member015/cm1.exe
src
LINKIT:  ARG[0]: /work/jessica.mcdonald/CM1_LETKF_2025/run/cm1r21v1/run/onefile.F  ARG[1]:  /work/jessica.mcdonald/CM1_LETKF_2025/experiments/test_noref/member015/onefile.F
Linked /work/jessica.mcdonald/CM1_LETKF_2025/run/cm1r21v1/run/onefile.F to directory  /work/jessica.mcdonald/CM1_LETKF_2025/experiments/test_noref/member015/onefile.F
namelist
LINKIT:  ARG[0]: /work/jessica.mcdonald/CM1_LETKF_2025/experiments/test_noref/namelist.input  ARG[1]:  /work/jessica.mcdonald/CM1_LETKF_2025/experiments/test_noref/member015/namelist.input
Linked /work/jessica.mcdonald/CM1_LETKF_2025/experiments/test_noref/namelist.input to directory  /work/jessica.mcdonald/CM1_LETKF_2025/experiments/test_noref/member015/namelist.input
landsfc
LINKIT:  ARG[0]: /work/jessica.mcdonald/CM1_LETKF_2025/run/cm1r21v1/run/LANDUSE.TBL  ARG[1]:  /work/jessica.mcdonald/CM1_LETKF_2025/experiments/test_noref/member015/LANDUSE.TBL
Linked /work/jessica.mcdonald/CM1_LETKF_2025/run/cm1r21v1/run/LANDUSE.TBL to directory  /work/jessica.mcdonald/CM1_LETKF_2025/experiments/test_noref/member015/LANDUSE.TBL
sounding
LINKIT:  ARG[0]: /work/jessica.mcdonald/CM1_LETKF_2025/run/soundings/Run15Sounding.txt  ARG[1]:  /work/jessica.mcdonald/CM1_LETKF_2025/experiments/test_noref/member015/input_sounding
Copied /work/jessica.mcdonald/CM1_LETKF_2025/run/soundings/Run15Sounding.txt to directory /work/jessica.mcdonald/CM1_LETKF_2025/experiments/test_noref/member015/input_sounding
model
LINKIT:  ARG[0]: /work/jessica.mcdonald/CM1_LETKF_2025/run/cm1r21v1/run/cm1.exe  ARG[1]:  /work/jessica.mcdonald/CM1_LETKF_2025/experiments/test_noref/member016/cm1.exe
Copied /work/jessica.mcdonald/CM1_LETKF_2025/run/cm1r21v1/run/cm1.exe to directory /work/jessica.mcdonald/CM1_LETKF_2025/experiments/test_noref/member016/cm1.exe
src
LINKIT:  ARG[0]: /work/jessica.mcdonald/CM1_LETKF_2025/run/cm1r21v1/run/onefile.F  ARG[1]:  /work/jessica.mcdonald/CM1_LETKF_2025/experiments/test_noref/member016/onefile.F
Linked /work/jessica.mcdonald/CM1_LETKF_2025/run/cm1r21v1/run/onefile.F to directory  /work/jessica.mcdonald/CM1_LETKF_2025/experiments/test_noref/member016/onefile.F
namelist
LINKIT:  ARG[0]: /work/jessica.mcdonald/CM1_LETKF_2025/experiments/test_noref/namelist.input  ARG[1]:  /work/jessica.mcdonald/CM1_LETKF_2025/experiments/test_noref/member016/namelist.input
Linked /work/jessica.mcdonald/CM1_LETKF_2025/experiments/test_noref/namelist.input to directory  /work/jessica.mcdonald/CM1_LETKF_2025/experiments/test_noref/member016/namelist.input
landsfc
LINKIT:  ARG[0]: /work/jessica.mcdonald/CM1_LETKF_2025/run/cm1r21v1/run/LANDUSE.TBL  ARG[1]:  /work/jessica.mcdonald/CM1_LETKF_2025/experiments/test_noref/member016/LANDUSE.TBL
Linked /work/jessica.mcdonald/CM1_LETKF_2025/run/cm1r21v1/run/LANDUSE.TBL to directory  /work/jessica.mcdonald/CM1_LETKF_2025/experiments/test_noref/member016/LANDUSE.TBL
sounding
LINKIT:  ARG[0]: /work/jessica.mcdonald/CM1_LETKF_2025/run/soundings/Run16Sounding.txt  ARG[1]:  /work/jessica.mcdonald/CM1_LETKF_2025/experiments/test_noref/member016/input_sounding
Copied /work/jessica.mcdonald/CM1_LETKF_2025/run/soundings/Run16Sounding.txt to directory /work/jessica.mcdonald/CM1_LETKF_2025/experiments/test_noref/member016/input_sounding
model
LINKIT:  ARG[0]: /work/jessica.mcdonald/CM1_LETKF_2025/run/cm1r21v1/run/cm1.exe  ARG[1]:  /work/jessica.mcdonald/CM1_LETKF_2025/experiments/test_noref/member017/cm1.exe
Copied /work/jessica.mcdonald/CM1_LETKF_2025/run/cm1r21v1/run/cm1.exe to directory /work/jessica.mcdonald/CM1_LETKF_2025/experiments/test_noref/member017/cm1.exe
src
LINKIT:  ARG[0]: /work/jessica.mcdonald/CM1_LETKF_2025/run/cm1r21v1/run/onefile.F  ARG[1]:  /work/jessica.mcdonald/CM1_LETKF_2025/experiments/test_noref/member017/onefile.F
Linked /work/jessica.mcdonald/CM1_LETKF_2025/run/cm1r21v1/run/onefile.F to directory  /work/jessica.mcdonald/CM1_LETKF_2025/experiments/test_noref/member017/onefile.F
namelist
LINKIT:  ARG[0]: /work/jessica.mcdonald/CM1_LETKF_2025/experiments/test_noref/namelist.input  ARG[1]:  /work/jessica.mcdonald/CM1_LETKF_2025/experiments/test_noref/member017/namelist.input
Linked /work/jessica.mcdonald/CM1_LETKF_2025/experiments/test_noref/namelist.input to directory  /work/jessica.mcdonald/CM1_LETKF_2025/experiments/test_noref/member017/namelist.input
landsfc
LINKIT:  ARG[0]: /work/jessica.mcdonald/CM1_LETKF_2025/run/cm1r21v1/run/LANDUSE.TBL  ARG[1]:  /work/jessica.mcdonald/CM1_LETKF_2025/experiments/test_noref/member017/LANDUSE.TBL
Linked /work/jessica.mcdonald/CM1_LETKF_2025/run/cm1r21v1/run/LANDUSE.TBL to directory  /work/jessica.mcdonald/CM1_LETKF_2025/experiments/test_noref/member017/LANDUSE.TBL
sounding
LINKIT:  ARG[0]: /work/jessica.mcdonald/CM1_LETKF_2025/run/soundings/Run17Sounding.txt  ARG[1]:  /work/jessica.mcdonald/CM1_LETKF_2025/experiments/test_noref/member017/input_sounding
Copied /work/jessica.mcdonald/CM1_LETKF_2025/run/soundings/Run17Sounding.txt to directory /work/jessica.mcdonald/CM1_LETKF_2025/experiments/test_noref/member017/input_sounding
model
LINKIT:  ARG[0]: /work/jessica.mcdonald/CM1_LETKF_2025/run/cm1r21v1/run/cm1.exe  ARG[1]:  /work/jessica.mcdonald/CM1_LETKF_2025/experiments/test_noref/member018/cm1.exe
Copied /work/jessica.mcdonald/CM1_LETKF_2025/run/cm1r21v1/run/cm1.exe to directory /work/jessica.mcdonald/CM1_LETKF_2025/experiments/test_noref/member018/cm1.exe
src
LINKIT:  ARG[0]: /work/jessica.mcdonald/CM1_LETKF_2025/run/cm1r21v1/run/onefile.F  ARG[1]:  /work/jessica.mcdonald/CM1_LETKF_2025/experiments/test_noref/member018/onefile.F
Linked /work/jessica.mcdonald/CM1_LETKF_2025/run/cm1r21v1/run/onefile.F to directory  /work/jessica.mcdonald/CM1_LETKF_2025/experiments/test_noref/member018/onefile.F
namelist
LINKIT:  ARG[0]: /work/jessica.mcdonald/CM1_LETKF_2025/experiments/test_noref/namelist.input  ARG[1]:  /work/jessica.mcdonald/CM1_LETKF_2025/experiments/test_noref/member018/namelist.input
Linked /work/jessica.mcdonald/CM1_LETKF_2025/experiments/test_noref/namelist.input to directory  /work/jessica.mcdonald/CM1_LETKF_2025/experiments/test_noref/member018/namelist.input
landsfc
LINKIT:  ARG[0]: /work/jessica.mcdonald/CM1_LETKF_2025/run/cm1r21v1/run/LANDUSE.TBL  ARG[1]:  /work/jessica.mcdonald/CM1_LETKF_2025/experiments/test_noref/member018/LANDUSE.TBL
Linked /work/jessica.mcdonald/CM1_LETKF_2025/run/cm1r21v1/run/LANDUSE.TBL to directory  /work/jessica.mcdonald/CM1_LETKF_2025/experiments/test_noref/member018/LANDUSE.TBL
sounding
LINKIT:  ARG[0]: /work/jessica.mcdonald/CM1_LETKF_2025/run/soundings/Run18Sounding.txt  ARG[1]:  /work/jessica.mcdonald/CM1_LETKF_2025/experiments/test_noref/member018/input_sounding
Copied /work/jessica.mcdonald/CM1_LETKF_2025/run/soundings/Run18Sounding.txt to directory /work/jessica.mcdonald/CM1_LETKF_2025/experiments/test_noref/member018/input_sounding
model
LINKIT:  ARG[0]: /work/jessica.mcdonald/CM1_LETKF_2025/run/cm1r21v1/run/cm1.exe  ARG[1]:  /work/jessica.mcdonald/CM1_LETKF_2025/experiments/test_noref/member019/cm1.exe
Copied /work/jessica.mcdonald/CM1_LETKF_2025/run/cm1r21v1/run/cm1.exe to directory /work/jessica.mcdonald/CM1_LETKF_2025/experiments/test_noref/member019/cm1.exe
src
LINKIT:  ARG[0]: /work/jessica.mcdonald/CM1_LETKF_2025/run/cm1r21v1/run/onefile.F  ARG[1]:  /work/jessica.mcdonald/CM1_LETKF_2025/experiments/test_noref/member019/onefile.F
Linked /work/jessica.mcdonald/CM1_LETKF_2025/run/cm1r21v1/run/onefile.F to directory  /work/jessica.mcdonald/CM1_LETKF_2025/experiments/test_noref/member019/onefile.F
namelist
LINKIT:  ARG[0]: /work/jessica.mcdonald/CM1_LETKF_2025/experiments/test_noref/namelist.input  ARG[1]:  /work/jessica.mcdonald/CM1_LETKF_2025/experiments/test_noref/member019/namelist.input
Linked /work/jessica.mcdonald/CM1_LETKF_2025/experiments/test_noref/namelist.input to directory  /work/jessica.mcdonald/CM1_LETKF_2025/experiments/test_noref/member019/namelist.input
landsfc
LINKIT:  ARG[0]: /work/jessica.mcdonald/CM1_LETKF_2025/run/cm1r21v1/run/LANDUSE.TBL  ARG[1]:  /work/jessica.mcdonald/CM1_LETKF_2025/experiments/test_noref/member019/LANDUSE.TBL
Linked /work/jessica.mcdonald/CM1_LETKF_2025/run/cm1r21v1/run/LANDUSE.TBL to directory  /work/jessica.mcdonald/CM1_LETKF_2025/experiments/test_noref/member019/LANDUSE.TBL
sounding
LINKIT:  ARG[0]: /work/jessica.mcdonald/CM1_LETKF_2025/run/soundings/Run19Sounding.txt  ARG[1]:  /work/jessica.mcdonald/CM1_LETKF_2025/experiments/test_noref/member019/input_sounding
Copied /work/jessica.mcdonald/CM1_LETKF_2025/run/soundings/Run19Sounding.txt to directory /work/jessica.mcdonald/CM1_LETKF_2025/experiments/test_noref/member019/input_sounding
model
LINKIT:  ARG[0]: /work/jessica.mcdonald/CM1_LETKF_2025/run/cm1r21v1/run/cm1.exe  ARG[1]:  /work/jessica.mcdonald/CM1_LETKF_2025/experiments/test_noref/member020/cm1.exe
Copied /work/jessica.mcdonald/CM1_LETKF_2025/run/cm1r21v1/run/cm1.exe to directory /work/jessica.mcdonald/CM1_LETKF_2025/experiments/test_noref/member020/cm1.exe
src
LINKIT:  ARG[0]: /work/jessica.mcdonald/CM1_LETKF_2025/run/cm1r21v1/run/onefile.F  ARG[1]:  /work/jessica.mcdonald/CM1_LETKF_2025/experiments/test_noref/member020/onefile.F
Linked /work/jessica.mcdonald/CM1_LETKF_2025/run/cm1r21v1/run/onefile.F to directory  /work/jessica.mcdonald/CM1_LETKF_2025/experiments/test_noref/member020/onefile.F
namelist
LINKIT:  ARG[0]: /work/jessica.mcdonald/CM1_LETKF_2025/experiments/test_noref/namelist.input  ARG[1]:  /work/jessica.mcdonald/CM1_LETKF_2025/experiments/test_noref/member020/namelist.input
Linked /work/jessica.mcdonald/CM1_LETKF_2025/experiments/test_noref/namelist.input to directory  /work/jessica.mcdonald/CM1_LETKF_2025/experiments/test_noref/member020/namelist.input
landsfc
LINKIT:  ARG[0]: /work/jessica.mcdonald/CM1_LETKF_2025/run/cm1r21v1/run/LANDUSE.TBL  ARG[1]:  /work/jessica.mcdonald/CM1_LETKF_2025/experiments/test_noref/member020/LANDUSE.TBL
Linked /work/jessica.mcdonald/CM1_LETKF_2025/run/cm1r21v1/run/LANDUSE.TBL to directory  /work/jessica.mcdonald/CM1_LETKF_2025/experiments/test_noref/member020/LANDUSE.TBL
sounding
LINKIT:  ARG[0]: /work/jessica.mcdonald/CM1_LETKF_2025/run/soundings/Run20Sounding.txt  ARG[1]:  /work/jessica.mcdonald/CM1_LETKF_2025/experiments/test_noref/member020/input_sounding
Copied /work/jessica.mcdonald/CM1_LETKF_2025/run/soundings/Run20Sounding.txt to directory /work/jessica.mcdonald/CM1_LETKF_2025/experiments/test_noref/member020/input_sounding
model
LINKIT:  ARG[0]: /work/jessica.mcdonald/CM1_LETKF_2025/run/cm1r21v1/run/cm1.exe  ARG[1]:  /work/jessica.mcdonald/CM1_LETKF_2025/experiments/test_noref/member021/cm1.exe
Copied /work/jessica.mcdonald/CM1_LETKF_2025/run/cm1r21v1/run/cm1.exe to directory /work/jessica.mcdonald/CM1_LETKF_2025/experiments/test_noref/member021/cm1.exe
src
LINKIT:  ARG[0]: /work/jessica.mcdonald/CM1_LETKF_2025/run/cm1r21v1/run/onefile.F  ARG[1]:  /work/jessica.mcdonald/CM1_LETKF_2025/experiments/test_noref/member021/onefile.F
Linked /work/jessica.mcdonald/CM1_LETKF_2025/run/cm1r21v1/run/onefile.F to directory  /work/jessica.mcdonald/CM1_LETKF_2025/experiments/test_noref/member021/onefile.F
namelist
LINKIT:  ARG[0]: /work/jessica.mcdonald/CM1_LETKF_2025/experiments/test_noref/namelist.input  ARG[1]:  /work/jessica.mcdonald/CM1_LETKF_2025/experiments/test_noref/member021/namelist.input
Linked /work/jessica.mcdonald/CM1_LETKF_2025/experiments/test_noref/namelist.input to directory  /work/jessica.mcdonald/CM1_LETKF_2025/experiments/test_noref/member021/namelist.input
landsfc
LINKIT:  ARG[0]: /work/jessica.mcdonald/CM1_LETKF_2025/run/cm1r21v1/run/LANDUSE.TBL  ARG[1]:  /work/jessica.mcdonald/CM1_LETKF_2025/experiments/test_noref/member021/LANDUSE.TBL
Linked /work/jessica.mcdonald/CM1_LETKF_2025/run/cm1r21v1/run/LANDUSE.TBL to directory  /work/jessica.mcdonald/CM1_LETKF_2025/experiments/test_noref/member021/LANDUSE.TBL
sounding
LINKIT:  ARG[0]: /work/jessica.mcdonald/CM1_LETKF_2025/run/soundings/Run21Sounding.txt  ARG[1]:  /work/jessica.mcdonald/CM1_LETKF_2025/experiments/test_noref/member021/input_sounding
Copied /work/jessica.mcdonald/CM1_LETKF_2025/run/soundings/Run21Sounding.txt to directory /work/jessica.mcdonald/CM1_LETKF_2025/experiments/test_noref/member021/input_sounding
model
LINKIT:  ARG[0]: /work/jessica.mcdonald/CM1_LETKF_2025/run/cm1r21v1/run/cm1.exe  ARG[1]:  /work/jessica.mcdonald/CM1_LETKF_2025/experiments/test_noref/member022/cm1.exe
Copied /work/jessica.mcdonald/CM1_LETKF_2025/run/cm1r21v1/run/cm1.exe to directory /work/jessica.mcdonald/CM1_LETKF_2025/experiments/test_noref/member022/cm1.exe
src
LINKIT:  ARG[0]: /work/jessica.mcdonald/CM1_LETKF_2025/run/cm1r21v1/run/onefile.F  ARG[1]:  /work/jessica.mcdonald/CM1_LETKF_2025/experiments/test_noref/member022/onefile.F
Linked /work/jessica.mcdonald/CM1_LETKF_2025/run/cm1r21v1/run/onefile.F to directory  /work/jessica.mcdonald/CM1_LETKF_2025/experiments/test_noref/member022/onefile.F
namelist
LINKIT:  ARG[0]: /work/jessica.mcdonald/CM1_LETKF_2025/experiments/test_noref/namelist.input  ARG[1]:  /work/jessica.mcdonald/CM1_LETKF_2025/experiments/test_noref/member022/namelist.input
Linked /work/jessica.mcdonald/CM1_LETKF_2025/experiments/test_noref/namelist.input to directory  /work/jessica.mcdonald/CM1_LETKF_2025/experiments/test_noref/member022/namelist.input
landsfc
LINKIT:  ARG[0]: /work/jessica.mcdonald/CM1_LETKF_2025/run/cm1r21v1/run/LANDUSE.TBL  ARG[1]:  /work/jessica.mcdonald/CM1_LETKF_2025/experiments/test_noref/member022/LANDUSE.TBL
Linked /work/jessica.mcdonald/CM1_LETKF_2025/run/cm1r21v1/run/LANDUSE.TBL to directory  /work/jessica.mcdonald/CM1_LETKF_2025/experiments/test_noref/member022/LANDUSE.TBL
sounding
LINKIT:  ARG[0]: /work/jessica.mcdonald/CM1_LETKF_2025/run/soundings/Run22Sounding.txt  ARG[1]:  /work/jessica.mcdonald/CM1_LETKF_2025/experiments/test_noref/member022/input_sounding
Copied /work/jessica.mcdonald/CM1_LETKF_2025/run/soundings/Run22Sounding.txt to directory /work/jessica.mcdonald/CM1_LETKF_2025/experiments/test_noref/member022/input_sounding
model
LINKIT:  ARG[0]: /work/jessica.mcdonald/CM1_LETKF_2025/run/cm1r21v1/run/cm1.exe  ARG[1]:  /work/jessica.mcdonald/CM1_LETKF_2025/experiments/test_noref/member023/cm1.exe
Copied /work/jessica.mcdonald/CM1_LETKF_2025/run/cm1r21v1/run/cm1.exe to directory /work/jessica.mcdonald/CM1_LETKF_2025/experiments/test_noref/member023/cm1.exe
src
LINKIT:  ARG[0]: /work/jessica.mcdonald/CM1_LETKF_2025/run/cm1r21v1/run/onefile.F  ARG[1]:  /work/jessica.mcdonald/CM1_LETKF_2025/experiments/test_noref/member023/onefile.F
Linked /work/jessica.mcdonald/CM1_LETKF_2025/run/cm1r21v1/run/onefile.F to directory  /work/jessica.mcdonald/CM1_LETKF_2025/experiments/test_noref/member023/onefile.F
namelist
LINKIT:  ARG[0]: /work/jessica.mcdonald/CM1_LETKF_2025/experiments/test_noref/namelist.input  ARG[1]:  /work/jessica.mcdonald/CM1_LETKF_2025/experiments/test_noref/member023/namelist.input
Linked /work/jessica.mcdonald/CM1_LETKF_2025/experiments/test_noref/namelist.input to directory  /work/jessica.mcdonald/CM1_LETKF_2025/experiments/test_noref/member023/namelist.input
landsfc
LINKIT:  ARG[0]: /work/jessica.mcdonald/CM1_LETKF_2025/run/cm1r21v1/run/LANDUSE.TBL  ARG[1]:  /work/jessica.mcdonald/CM1_LETKF_2025/experiments/test_noref/member023/LANDUSE.TBL
Linked /work/jessica.mcdonald/CM1_LETKF_2025/run/cm1r21v1/run/LANDUSE.TBL to directory  /work/jessica.mcdonald/CM1_LETKF_2025/experiments/test_noref/member023/LANDUSE.TBL
sounding
LINKIT:  ARG[0]: /work/jessica.mcdonald/CM1_LETKF_2025/run/soundings/Run23Sounding.txt  ARG[1]:  /work/jessica.mcdonald/CM1_LETKF_2025/experiments/test_noref/member023/input_sounding
Copied /work/jessica.mcdonald/CM1_LETKF_2025/run/soundings/Run23Sounding.txt to directory /work/jessica.mcdonald/CM1_LETKF_2025/experiments/test_noref/member023/input_sounding
model
LINKIT:  ARG[0]: /work/jessica.mcdonald/CM1_LETKF_2025/run/cm1r21v1/run/cm1.exe  ARG[1]:  /work/jessica.mcdonald/CM1_LETKF_2025/experiments/test_noref/member024/cm1.exe
Copied /work/jessica.mcdonald/CM1_LETKF_2025/run/cm1r21v1/run/cm1.exe to directory /work/jessica.mcdonald/CM1_LETKF_2025/experiments/test_noref/member024/cm1.exe
src
LINKIT:  ARG[0]: /work/jessica.mcdonald/CM1_LETKF_2025/run/cm1r21v1/run/onefile.F  ARG[1]:  /work/jessica.mcdonald/CM1_LETKF_2025/experiments/test_noref/member024/onefile.F
Linked /work/jessica.mcdonald/CM1_LETKF_2025/run/cm1r21v1/run/onefile.F to directory  /work/jessica.mcdonald/CM1_LETKF_2025/experiments/test_noref/member024/onefile.F
namelist
LINKIT:  ARG[0]: /work/jessica.mcdonald/CM1_LETKF_2025/experiments/test_noref/namelist.input  ARG[1]:  /work/jessica.mcdonald/CM1_LETKF_2025/experiments/test_noref/member024/namelist.input
Linked /work/jessica.mcdonald/CM1_LETKF_2025/experiments/test_noref/namelist.input to directory  /work/jessica.mcdonald/CM1_LETKF_2025/experiments/test_noref/member024/namelist.input
landsfc
LINKIT:  ARG[0]: /work/jessica.mcdonald/CM1_LETKF_2025/run/cm1r21v1/run/LANDUSE.TBL  ARG[1]:  /work/jessica.mcdonald/CM1_LETKF_2025/experiments/test_noref/member024/LANDUSE.TBL
Linked /work/jessica.mcdonald/CM1_LETKF_2025/run/cm1r21v1/run/LANDUSE.TBL to directory  /work/jessica.mcdonald/CM1_LETKF_2025/experiments/test_noref/member024/LANDUSE.TBL
sounding
LINKIT:  ARG[0]: /work/jessica.mcdonald/CM1_LETKF_2025/run/soundings/Run24Sounding.txt  ARG[1]:  /work/jessica.mcdonald/CM1_LETKF_2025/experiments/test_noref/member024/input_sounding
Copied /work/jessica.mcdonald/CM1_LETKF_2025/run/soundings/Run24Sounding.txt to directory /work/jessica.mcdonald/CM1_LETKF_2025/experiments/test_noref/member024/input_sounding
model
LINKIT:  ARG[0]: /work/jessica.mcdonald/CM1_LETKF_2025/run/cm1r21v1/run/cm1.exe  ARG[1]:  /work/jessica.mcdonald/CM1_LETKF_2025/experiments/test_noref/member025/cm1.exe
Copied /work/jessica.mcdonald/CM1_LETKF_2025/run/cm1r21v1/run/cm1.exe to directory /work/jessica.mcdonald/CM1_LETKF_2025/experiments/test_noref/member025/cm1.exe
src
LINKIT:  ARG[0]: /work/jessica.mcdonald/CM1_LETKF_2025/run/cm1r21v1/run/onefile.F  ARG[1]:  /work/jessica.mcdonald/CM1_LETKF_2025/experiments/test_noref/member025/onefile.F
Linked /work/jessica.mcdonald/CM1_LETKF_2025/run/cm1r21v1/run/onefile.F to directory  /work/jessica.mcdonald/CM1_LETKF_2025/experiments/test_noref/member025/onefile.F
namelist
LINKIT:  ARG[0]: /work/jessica.mcdonald/CM1_LETKF_2025/experiments/test_noref/namelist.input  ARG[1]:  /work/jessica.mcdonald/CM1_LETKF_2025/experiments/test_noref/member025/namelist.input
Linked /work/jessica.mcdonald/CM1_LETKF_2025/experiments/test_noref/namelist.input to directory  /work/jessica.mcdonald/CM1_LETKF_2025/experiments/test_noref/member025/namelist.input
landsfc
LINKIT:  ARG[0]: /work/jessica.mcdonald/CM1_LETKF_2025/run/cm1r21v1/run/LANDUSE.TBL  ARG[1]:  /work/jessica.mcdonald/CM1_LETKF_2025/experiments/test_noref/member025/LANDUSE.TBL
Linked /work/jessica.mcdonald/CM1_LETKF_2025/run/cm1r21v1/run/LANDUSE.TBL to directory  /work/jessica.mcdonald/CM1_LETKF_2025/experiments/test_noref/member025/LANDUSE.TBL
sounding
LINKIT:  ARG[0]: /work/jessica.mcdonald/CM1_LETKF_2025/run/soundings/Run25Sounding.txt  ARG[1]:  /work/jessica.mcdonald/CM1_LETKF_2025/experiments/test_noref/member025/input_sounding
Copied /work/jessica.mcdonald/CM1_LETKF_2025/run/soundings/Run25Sounding.txt to directory /work/jessica.mcdonald/CM1_LETKF_2025/experiments/test_noref/member025/input_sounding
model
LINKIT:  ARG[0]: /work/jessica.mcdonald/CM1_LETKF_2025/run/cm1r21v1/run/cm1.exe  ARG[1]:  /work/jessica.mcdonald/CM1_LETKF_2025/experiments/test_noref/member026/cm1.exe
Copied /work/jessica.mcdonald/CM1_LETKF_2025/run/cm1r21v1/run/cm1.exe to directory /work/jessica.mcdonald/CM1_LETKF_2025/experiments/test_noref/member026/cm1.exe
src
LINKIT:  ARG[0]: /work/jessica.mcdonald/CM1_LETKF_2025/run/cm1r21v1/run/onefile.F  ARG[1]:  /work/jessica.mcdonald/CM1_LETKF_2025/experiments/test_noref/member026/onefile.F
Linked /work/jessica.mcdonald/CM1_LETKF_2025/run/cm1r21v1/run/onefile.F to directory  /work/jessica.mcdonald/CM1_LETKF_2025/experiments/test_noref/member026/onefile.F
namelist
LINKIT:  ARG[0]: /work/jessica.mcdonald/CM1_LETKF_2025/experiments/test_noref/namelist.input  ARG[1]:  /work/jessica.mcdonald/CM1_LETKF_2025/experiments/test_noref/member026/namelist.input
Linked /work/jessica.mcdonald/CM1_LETKF_2025/experiments/test_noref/namelist.input to directory  /work/jessica.mcdonald/CM1_LETKF_2025/experiments/test_noref/member026/namelist.input
landsfc
LINKIT:  ARG[0]: /work/jessica.mcdonald/CM1_LETKF_2025/run/cm1r21v1/run/LANDUSE.TBL  ARG[1]:  /work/jessica.mcdonald/CM1_LETKF_2025/experiments/test_noref/member026/LANDUSE.TBL
Linked /work/jessica.mcdonald/CM1_LETKF_2025/run/cm1r21v1/run/LANDUSE.TBL to directory  /work/jessica.mcdonald/CM1_LETKF_2025/experiments/test_noref/member026/LANDUSE.TBL
sounding
LINKIT:  ARG[0]: /work/jessica.mcdonald/CM1_LETKF_2025/run/soundings/Run26Sounding.txt  ARG[1]:  /work/jessica.mcdonald/CM1_LETKF_2025/experiments/test_noref/member026/input_sounding
Copied /work/jessica.mcdonald/CM1_LETKF_2025/run/soundings/Run26Sounding.txt to directory /work/jessica.mcdonald/CM1_LETKF_2025/experiments/test_noref/member026/input_sounding
model
LINKIT:  ARG[0]: /work/jessica.mcdonald/CM1_LETKF_2025/run/cm1r21v1/run/cm1.exe  ARG[1]:  /work/jessica.mcdonald/CM1_LETKF_2025/experiments/test_noref/member027/cm1.exe
Copied /work/jessica.mcdonald/CM1_LETKF_2025/run/cm1r21v1/run/cm1.exe to directory /work/jessica.mcdonald/CM1_LETKF_2025/experiments/test_noref/member027/cm1.exe
src
LINKIT:  ARG[0]: /work/jessica.mcdonald/CM1_LETKF_2025/run/cm1r21v1/run/onefile.F  ARG[1]:  /work/jessica.mcdonald/CM1_LETKF_2025/experiments/test_noref/member027/onefile.F
Linked /work/jessica.mcdonald/CM1_LETKF_2025/run/cm1r21v1/run/onefile.F to directory  /work/jessica.mcdonald/CM1_LETKF_2025/experiments/test_noref/member027/onefile.F
namelist
LINKIT:  ARG[0]: /work/jessica.mcdonald/CM1_LETKF_2025/experiments/test_noref/namelist.input  ARG[1]:  /work/jessica.mcdonald/CM1_LETKF_2025/experiments/test_noref/member027/namelist.input
Linked /work/jessica.mcdonald/CM1_LETKF_2025/experiments/test_noref/namelist.input to directory  /work/jessica.mcdonald/CM1_LETKF_2025/experiments/test_noref/member027/namelist.input
landsfc
LINKIT:  ARG[0]: /work/jessica.mcdonald/CM1_LETKF_2025/run/cm1r21v1/run/LANDUSE.TBL  ARG[1]:  /work/jessica.mcdonald/CM1_LETKF_2025/experiments/test_noref/member027/LANDUSE.TBL
Linked /work/jessica.mcdonald/CM1_LETKF_2025/run/cm1r21v1/run/LANDUSE.TBL to directory  /work/jessica.mcdonald/CM1_LETKF_2025/experiments/test_noref/member027/LANDUSE.TBL
sounding
LINKIT:  ARG[0]: /work/jessica.mcdonald/CM1_LETKF_2025/run/soundings/Run27Sounding.txt  ARG[1]:  /work/jessica.mcdonald/CM1_LETKF_2025/experiments/test_noref/member027/input_sounding
Copied /work/jessica.mcdonald/CM1_LETKF_2025/run/soundings/Run27Sounding.txt to directory /work/jessica.mcdonald/CM1_LETKF_2025/experiments/test_noref/member027/input_sounding
model
LINKIT:  ARG[0]: /work/jessica.mcdonald/CM1_LETKF_2025/run/cm1r21v1/run/cm1.exe  ARG[1]:  /work/jessica.mcdonald/CM1_LETKF_2025/experiments/test_noref/member028/cm1.exe
Copied /work/jessica.mcdonald/CM1_LETKF_2025/run/cm1r21v1/run/cm1.exe to directory /work/jessica.mcdonald/CM1_LETKF_2025/experiments/test_noref/member028/cm1.exe
src
LINKIT:  ARG[0]: /work/jessica.mcdonald/CM1_LETKF_2025/run/cm1r21v1/run/onefile.F  ARG[1]:  /work/jessica.mcdonald/CM1_LETKF_2025/experiments/test_noref/member028/onefile.F
Linked /work/jessica.mcdonald/CM1_LETKF_2025/run/cm1r21v1/run/onefile.F to directory  /work/jessica.mcdonald/CM1_LETKF_2025/experiments/test_noref/member028/onefile.F
namelist
LINKIT:  ARG[0]: /work/jessica.mcdonald/CM1_LETKF_2025/experiments/test_noref/namelist.input  ARG[1]:  /work/jessica.mcdonald/CM1_LETKF_2025/experiments/test_noref/member028/namelist.input
Linked /work/jessica.mcdonald/CM1_LETKF_2025/experiments/test_noref/namelist.input to directory  /work/jessica.mcdonald/CM1_LETKF_2025/experiments/test_noref/member028/namelist.input
landsfc
LINKIT:  ARG[0]: /work/jessica.mcdonald/CM1_LETKF_2025/run/cm1r21v1/run/LANDUSE.TBL  ARG[1]:  /work/jessica.mcdonald/CM1_LETKF_2025/experiments/test_noref/member028/LANDUSE.TBL
Linked /work/jessica.mcdonald/CM1_LETKF_2025/run/cm1r21v1/run/LANDUSE.TBL to directory  /work/jessica.mcdonald/CM1_LETKF_2025/experiments/test_noref/member028/LANDUSE.TBL
sounding
LINKIT:  ARG[0]: /work/jessica.mcdonald/CM1_LETKF_2025/run/soundings/Run28Sounding.txt  ARG[1]:  /work/jessica.mcdonald/CM1_LETKF_2025/experiments/test_noref/member028/input_sounding
Copied /work/jessica.mcdonald/CM1_LETKF_2025/run/soundings/Run28Sounding.txt to directory /work/jessica.mcdonald/CM1_LETKF_2025/experiments/test_noref/member028/input_sounding
model
LINKIT:  ARG[0]: /work/jessica.mcdonald/CM1_LETKF_2025/run/cm1r21v1/run/cm1.exe  ARG[1]:  /work/jessica.mcdonald/CM1_LETKF_2025/experiments/test_noref/member029/cm1.exe
Copied /work/jessica.mcdonald/CM1_LETKF_2025/run/cm1r21v1/run/cm1.exe to directory /work/jessica.mcdonald/CM1_LETKF_2025/experiments/test_noref/member029/cm1.exe
src
LINKIT:  ARG[0]: /work/jessica.mcdonald/CM1_LETKF_2025/run/cm1r21v1/run/onefile.F  ARG[1]:  /work/jessica.mcdonald/CM1_LETKF_2025/experiments/test_noref/member029/onefile.F
Linked /work/jessica.mcdonald/CM1_LETKF_2025/run/cm1r21v1/run/onefile.F to directory  /work/jessica.mcdonald/CM1_LETKF_2025/experiments/test_noref/member029/onefile.F
namelist
LINKIT:  ARG[0]: /work/jessica.mcdonald/CM1_LETKF_2025/experiments/test_noref/namelist.input  ARG[1]:  /work/jessica.mcdonald/CM1_LETKF_2025/experiments/test_noref/member029/namelist.input
Linked /work/jessica.mcdonald/CM1_LETKF_2025/experiments/test_noref/namelist.input to directory  /work/jessica.mcdonald/CM1_LETKF_2025/experiments/test_noref/member029/namelist.input
landsfc
LINKIT:  ARG[0]: /work/jessica.mcdonald/CM1_LETKF_2025/run/cm1r21v1/run/LANDUSE.TBL  ARG[1]:  /work/jessica.mcdonald/CM1_LETKF_2025/experiments/test_noref/member029/LANDUSE.TBL
Linked /work/jessica.mcdonald/CM1_LETKF_2025/run/cm1r21v1/run/LANDUSE.TBL to directory  /work/jessica.mcdonald/CM1_LETKF_2025/experiments/test_noref/member029/LANDUSE.TBL
sounding
LINKIT:  ARG[0]: /work/jessica.mcdonald/CM1_LETKF_2025/run/soundings/Run29Sounding.txt  ARG[1]:  /work/jessica.mcdonald/CM1_LETKF_2025/experiments/test_noref/member029/input_sounding
Copied /work/jessica.mcdonald/CM1_LETKF_2025/run/soundings/Run29Sounding.txt to directory /work/jessica.mcdonald/CM1_LETKF_2025/experiments/test_noref/member029/input_sounding
model
LINKIT:  ARG[0]: /work/jessica.mcdonald/CM1_LETKF_2025/run/cm1r21v1/run/cm1.exe  ARG[1]:  /work/jessica.mcdonald/CM1_LETKF_2025/experiments/test_noref/member030/cm1.exe
Copied /work/jessica.mcdonald/CM1_LETKF_2025/run/cm1r21v1/run/cm1.exe to directory /work/jessica.mcdonald/CM1_LETKF_2025/experiments/test_noref/member030/cm1.exe
src
LINKIT:  ARG[0]: /work/jessica.mcdonald/CM1_LETKF_2025/run/cm1r21v1/run/onefile.F  ARG[1]:  /work/jessica.mcdonald/CM1_LETKF_2025/experiments/test_noref/member030/onefile.F
Linked /work/jessica.mcdonald/CM1_LETKF_2025/run/cm1r21v1/run/onefile.F to directory  /work/jessica.mcdonald/CM1_LETKF_2025/experiments/test_noref/member030/onefile.F
namelist
LINKIT:  ARG[0]: /work/jessica.mcdonald/CM1_LETKF_2025/experiments/test_noref/namelist.input  ARG[1]:  /work/jessica.mcdonald/CM1_LETKF_2025/experiments/test_noref/member030/namelist.input
Linked /work/jessica.mcdonald/CM1_LETKF_2025/experiments/test_noref/namelist.input to directory  /work/jessica.mcdonald/CM1_LETKF_2025/experiments/test_noref/member030/namelist.input
landsfc
LINKIT:  ARG[0]: /work/jessica.mcdonald/CM1_LETKF_2025/run/cm1r21v1/run/LANDUSE.TBL  ARG[1]:  /work/jessica.mcdonald/CM1_LETKF_2025/experiments/test_noref/member030/LANDUSE.TBL
Linked /work/jessica.mcdonald/CM1_LETKF_2025/run/cm1r21v1/run/LANDUSE.TBL to directory  /work/jessica.mcdonald/CM1_LETKF_2025/experiments/test_noref/member030/LANDUSE.TBL
sounding
LINKIT:  ARG[0]: /work/jessica.mcdonald/CM1_LETKF_2025/run/soundings/Run30Sounding.txt  ARG[1]:  /work/jessica.mcdonald/CM1_LETKF_2025/experiments/test_noref/member030/input_sounding
Copied /work/jessica.mcdonald/CM1_LETKF_2025/run/soundings/Run30Sounding.txt to directory /work/jessica.mcdonald/CM1_LETKF_2025/experiments/test_noref/member030/input_sounding
model
LINKIT:  ARG[0]: /work/jessica.mcdonald/CM1_LETKF_2025/run/cm1r21v1/run/cm1.exe  ARG[1]:  /work/jessica.mcdonald/CM1_LETKF_2025/experiments/test_noref/member031/cm1.exe
Copied /work/jessica.mcdonald/CM1_LETKF_2025/run/cm1r21v1/run/cm1.exe to directory /work/jessica.mcdonald/CM1_LETKF_2025/experiments/test_noref/member031/cm1.exe
src
LINKIT:  ARG[0]: /work/jessica.mcdonald/CM1_LETKF_2025/run/cm1r21v1/run/onefile.F  ARG[1]:  /work/jessica.mcdonald/CM1_LETKF_2025/experiments/test_noref/member031/onefile.F
Linked /work/jessica.mcdonald/CM1_LETKF_2025/run/cm1r21v1/run/onefile.F to directory  /work/jessica.mcdonald/CM1_LETKF_2025/experiments/test_noref/member031/onefile.F
namelist
LINKIT:  ARG[0]: /work/jessica.mcdonald/CM1_LETKF_2025/experiments/test_noref/namelist.input  ARG[1]:  /work/jessica.mcdonald/CM1_LETKF_2025/experiments/test_noref/member031/namelist.input
Linked /work/jessica.mcdonald/CM1_LETKF_2025/experiments/test_noref/namelist.input to directory  /work/jessica.mcdonald/CM1_LETKF_2025/experiments/test_noref/member031/namelist.input
landsfc
LINKIT:  ARG[0]: /work/jessica.mcdonald/CM1_LETKF_2025/run/cm1r21v1/run/LANDUSE.TBL  ARG[1]:  /work/jessica.mcdonald/CM1_LETKF_2025/experiments/test_noref/member031/LANDUSE.TBL
Linked /work/jessica.mcdonald/CM1_LETKF_2025/run/cm1r21v1/run/LANDUSE.TBL to directory  /work/jessica.mcdonald/CM1_LETKF_2025/experiments/test_noref/member031/LANDUSE.TBL
sounding
LINKIT:  ARG[0]: /work/jessica.mcdonald/CM1_LETKF_2025/run/soundings/Run31Sounding.txt  ARG[1]:  /work/jessica.mcdonald/CM1_LETKF_2025/experiments/test_noref/member031/input_sounding
Copied /work/jessica.mcdonald/CM1_LETKF_2025/run/soundings/Run31Sounding.txt to directory /work/jessica.mcdonald/CM1_LETKF_2025/experiments/test_noref/member031/input_sounding
model
LINKIT:  ARG[0]: /work/jessica.mcdonald/CM1_LETKF_2025/run/cm1r21v1/run/cm1.exe  ARG[1]:  /work/jessica.mcdonald/CM1_LETKF_2025/experiments/test_noref/member032/cm1.exe
Copied /work/jessica.mcdonald/CM1_LETKF_2025/run/cm1r21v1/run/cm1.exe to directory /work/jessica.mcdonald/CM1_LETKF_2025/experiments/test_noref/member032/cm1.exe
src
LINKIT:  ARG[0]: /work/jessica.mcdonald/CM1_LETKF_2025/run/cm1r21v1/run/onefile.F  ARG[1]:  /work/jessica.mcdonald/CM1_LETKF_2025/experiments/test_noref/member032/onefile.F
Linked /work/jessica.mcdonald/CM1_LETKF_2025/run/cm1r21v1/run/onefile.F to directory  /work/jessica.mcdonald/CM1_LETKF_2025/experiments/test_noref/member032/onefile.F
namelist
LINKIT:  ARG[0]: /work/jessica.mcdonald/CM1_LETKF_2025/experiments/test_noref/namelist.input  ARG[1]:  /work/jessica.mcdonald/CM1_LETKF_2025/experiments/test_noref/member032/namelist.input
Linked /work/jessica.mcdonald/CM1_LETKF_2025/experiments/test_noref/namelist.input to directory  /work/jessica.mcdonald/CM1_LETKF_2025/experiments/test_noref/member032/namelist.input
landsfc
LINKIT:  ARG[0]: /work/jessica.mcdonald/CM1_LETKF_2025/run/cm1r21v1/run/LANDUSE.TBL  ARG[1]:  /work/jessica.mcdonald/CM1_LETKF_2025/experiments/test_noref/member032/LANDUSE.TBL
Linked /work/jessica.mcdonald/CM1_LETKF_2025/run/cm1r21v1/run/LANDUSE.TBL to directory  /work/jessica.mcdonald/CM1_LETKF_2025/experiments/test_noref/member032/LANDUSE.TBL
sounding
LINKIT:  ARG[0]: /work/jessica.mcdonald/CM1_LETKF_2025/run/soundings/Run32Sounding.txt  ARG[1]:  /work/jessica.mcdonald/CM1_LETKF_2025/experiments/test_noref/member032/input_sounding
Copied /work/jessica.mcdonald/CM1_LETKF_2025/run/soundings/Run32Sounding.txt to directory /work/jessica.mcdonald/CM1_LETKF_2025/experiments/test_noref/member032/input_sounding
model
LINKIT:  ARG[0]: /work/jessica.mcdonald/CM1_LETKF_2025/run/cm1r21v1/run/cm1.exe  ARG[1]:  /work/jessica.mcdonald/CM1_LETKF_2025/experiments/test_noref/member033/cm1.exe
Copied /work/jessica.mcdonald/CM1_LETKF_2025/run/cm1r21v1/run/cm1.exe to directory /work/jessica.mcdonald/CM1_LETKF_2025/experiments/test_noref/member033/cm1.exe
src
LINKIT:  ARG[0]: /work/jessica.mcdonald/CM1_LETKF_2025/run/cm1r21v1/run/onefile.F  ARG[1]:  /work/jessica.mcdonald/CM1_LETKF_2025/experiments/test_noref/member033/onefile.F
Linked /work/jessica.mcdonald/CM1_LETKF_2025/run/cm1r21v1/run/onefile.F to directory  /work/jessica.mcdonald/CM1_LETKF_2025/experiments/test_noref/member033/onefile.F
namelist
LINKIT:  ARG[0]: /work/jessica.mcdonald/CM1_LETKF_2025/experiments/test_noref/namelist.input  ARG[1]:  /work/jessica.mcdonald/CM1_LETKF_2025/experiments/test_noref/member033/namelist.input
Linked /work/jessica.mcdonald/CM1_LETKF_2025/experiments/test_noref/namelist.input to directory  /work/jessica.mcdonald/CM1_LETKF_2025/experiments/test_noref/member033/namelist.input
landsfc
LINKIT:  ARG[0]: /work/jessica.mcdonald/CM1_LETKF_2025/run/cm1r21v1/run/LANDUSE.TBL  ARG[1]:  /work/jessica.mcdonald/CM1_LETKF_2025/experiments/test_noref/member033/LANDUSE.TBL
Linked /work/jessica.mcdonald/CM1_LETKF_2025/run/cm1r21v1/run/LANDUSE.TBL to directory  /work/jessica.mcdonald/CM1_LETKF_2025/experiments/test_noref/member033/LANDUSE.TBL
sounding
LINKIT:  ARG[0]: /work/jessica.mcdonald/CM1_LETKF_2025/run/soundings/Run33Sounding.txt  ARG[1]:  /work/jessica.mcdonald/CM1_LETKF_2025/experiments/test_noref/member033/input_sounding
Copied /work/jessica.mcdonald/CM1_LETKF_2025/run/soundings/Run33Sounding.txt to directory /work/jessica.mcdonald/CM1_LETKF_2025/experiments/test_noref/member033/input_sounding
model
LINKIT:  ARG[0]: /work/jessica.mcdonald/CM1_LETKF_2025/run/cm1r21v1/run/cm1.exe  ARG[1]:  /work/jessica.mcdonald/CM1_LETKF_2025/experiments/test_noref/member034/cm1.exe
Copied /work/jessica.mcdonald/CM1_LETKF_2025/run/cm1r21v1/run/cm1.exe to directory /work/jessica.mcdonald/CM1_LETKF_2025/experiments/test_noref/member034/cm1.exe
src
LINKIT:  ARG[0]: /work/jessica.mcdonald/CM1_LETKF_2025/run/cm1r21v1/run/onefile.F  ARG[1]:  /work/jessica.mcdonald/CM1_LETKF_2025/experiments/test_noref/member034/onefile.F
Linked /work/jessica.mcdonald/CM1_LETKF_2025/run/cm1r21v1/run/onefile.F to directory  /work/jessica.mcdonald/CM1_LETKF_2025/experiments/test_noref/member034/onefile.F
namelist
LINKIT:  ARG[0]: /work/jessica.mcdonald/CM1_LETKF_2025/experiments/test_noref/namelist.input  ARG[1]:  /work/jessica.mcdonald/CM1_LETKF_2025/experiments/test_noref/member034/namelist.input
Linked /work/jessica.mcdonald/CM1_LETKF_2025/experiments/test_noref/namelist.input to directory  /work/jessica.mcdonald/CM1_LETKF_2025/experiments/test_noref/member034/namelist.input
landsfc
LINKIT:  ARG[0]: /work/jessica.mcdonald/CM1_LETKF_2025/run/cm1r21v1/run/LANDUSE.TBL  ARG[1]:  /work/jessica.mcdonald/CM1_LETKF_2025/experiments/test_noref/member034/LANDUSE.TBL
Linked /work/jessica.mcdonald/CM1_LETKF_2025/run/cm1r21v1/run/LANDUSE.TBL to directory  /work/jessica.mcdonald/CM1_LETKF_2025/experiments/test_noref/member034/LANDUSE.TBL
sounding
LINKIT:  ARG[0]: /work/jessica.mcdonald/CM1_LETKF_2025/run/soundings/Run34Sounding.txt  ARG[1]:  /work/jessica.mcdonald/CM1_LETKF_2025/experiments/test_noref/member034/input_sounding
Copied /work/jessica.mcdonald/CM1_LETKF_2025/run/soundings/Run34Sounding.txt to directory /work/jessica.mcdonald/CM1_LETKF_2025/experiments/test_noref/member034/input_sounding
model
LINKIT:  ARG[0]: /work/jessica.mcdonald/CM1_LETKF_2025/run/cm1r21v1/run/cm1.exe  ARG[1]:  /work/jessica.mcdonald/CM1_LETKF_2025/experiments/test_noref/member035/cm1.exe
Copied /work/jessica.mcdonald/CM1_LETKF_2025/run/cm1r21v1/run/cm1.exe to directory /work/jessica.mcdonald/CM1_LETKF_2025/experiments/test_noref/member035/cm1.exe
src
LINKIT:  ARG[0]: /work/jessica.mcdonald/CM1_LETKF_2025/run/cm1r21v1/run/onefile.F  ARG[1]:  /work/jessica.mcdonald/CM1_LETKF_2025/experiments/test_noref/member035/onefile.F
Linked /work/jessica.mcdonald/CM1_LETKF_2025/run/cm1r21v1/run/onefile.F to directory  /work/jessica.mcdonald/CM1_LETKF_2025/experiments/test_noref/member035/onefile.F
namelist
LINKIT:  ARG[0]: /work/jessica.mcdonald/CM1_LETKF_2025/experiments/test_noref/namelist.input  ARG[1]:  /work/jessica.mcdonald/CM1_LETKF_2025/experiments/test_noref/member035/namelist.input
Linked /work/jessica.mcdonald/CM1_LETKF_2025/experiments/test_noref/namelist.input to directory  /work/jessica.mcdonald/CM1_LETKF_2025/experiments/test_noref/member035/namelist.input
landsfc
LINKIT:  ARG[0]: /work/jessica.mcdonald/CM1_LETKF_2025/run/cm1r21v1/run/LANDUSE.TBL  ARG[1]:  /work/jessica.mcdonald/CM1_LETKF_2025/experiments/test_noref/member035/LANDUSE.TBL
Linked /work/jessica.mcdonald/CM1_LETKF_2025/run/cm1r21v1/run/LANDUSE.TBL to directory  /work/jessica.mcdonald/CM1_LETKF_2025/experiments/test_noref/member035/LANDUSE.TBL
sounding
LINKIT:  ARG[0]: /work/jessica.mcdonald/CM1_LETKF_2025/run/soundings/Run35Sounding.txt  ARG[1]:  /work/jessica.mcdonald/CM1_LETKF_2025/experiments/test_noref/member035/input_sounding
Copied /work/jessica.mcdonald/CM1_LETKF_2025/run/soundings/Run35Sounding.txt to directory /work/jessica.mcdonald/CM1_LETKF_2025/experiments/test_noref/member035/input_sounding
model
LINKIT:  ARG[0]: /work/jessica.mcdonald/CM1_LETKF_2025/run/cm1r21v1/run/cm1.exe  ARG[1]:  /work/jessica.mcdonald/CM1_LETKF_2025/experiments/test_noref/member036/cm1.exe
Copied /work/jessica.mcdonald/CM1_LETKF_2025/run/cm1r21v1/run/cm1.exe to directory /work/jessica.mcdonald/CM1_LETKF_2025/experiments/test_noref/member036/cm1.exe
src
LINKIT:  ARG[0]: /work/jessica.mcdonald/CM1_LETKF_2025/run/cm1r21v1/run/onefile.F  ARG[1]:  /work/jessica.mcdonald/CM1_LETKF_2025/experiments/test_noref/member036/onefile.F
Linked /work/jessica.mcdonald/CM1_LETKF_2025/run/cm1r21v1/run/onefile.F to directory  /work/jessica.mcdonald/CM1_LETKF_2025/experiments/test_noref/member036/onefile.F
namelist
LINKIT:  ARG[0]: /work/jessica.mcdonald/CM1_LETKF_2025/experiments/test_noref/namelist.input  ARG[1]:  /work/jessica.mcdonald/CM1_LETKF_2025/experiments/test_noref/member036/namelist.input
Linked /work/jessica.mcdonald/CM1_LETKF_2025/experiments/test_noref/namelist.input to directory  /work/jessica.mcdonald/CM1_LETKF_2025/experiments/test_noref/member036/namelist.input
landsfc
LINKIT:  ARG[0]: /work/jessica.mcdonald/CM1_LETKF_2025/run/cm1r21v1/run/LANDUSE.TBL  ARG[1]:  /work/jessica.mcdonald/CM1_LETKF_2025/experiments/test_noref/member036/LANDUSE.TBL
Linked /work/jessica.mcdonald/CM1_LETKF_2025/run/cm1r21v1/run/LANDUSE.TBL to directory  /work/jessica.mcdonald/CM1_LETKF_2025/experiments/test_noref/member036/LANDUSE.TBL
sounding
LINKIT:  ARG[0]: /work/jessica.mcdonald/CM1_LETKF_2025/run/soundings/Run36Sounding.txt  ARG[1]:  /work/jessica.mcdonald/CM1_LETKF_2025/experiments/test_noref/member036/input_sounding
Copied /work/jessica.mcdonald/CM1_LETKF_2025/run/soundings/Run36Sounding.txt to directory /work/jessica.mcdonald/CM1_LETKF_2025/experiments/test_noref/member036/input_sounding
cp: cannot stat '/work/jessica.mcdonald/CM1_LETKF_2025/experiments/cooked_CM1/member000/cm1rst*.nc': No such file or directory

  ----------------------------------------------------------------------

                BEGIN PROGRAM ComputeHx                                 

    WALLCLOCK START TIME:  2025-04-30 16:09 


  ----------------------------------------------------------------------

 --> ComputeHx:  using the obs errors from the EXPER file:  {'11': ['VR', 3.0], '12': ['DBZ', 7.0], '13': ['DBZ0', 5.0], '14': ['DBZ0_W', 0.5]}

 --> ComputeHx:  using the window from the command line:  +/- 7 secs

 --> ComputeHx:  using the observation file from the command line:  /work/jessica.mcdonald/CM1_LETKF_2025/run/observations/8may24_cm1_5km_obs.csv

 --> ComputeHx: obs outlier is from EXPER file:  3

 --> ComputeHx:  Reading in model state for HxF at 2024-05-08 20:00:00 


 ==> FindRestartFiles: Date and time supplied is 2024_05_08 20:00:00

 ==> FindRestartFile:  Found time 1800 in file:  /work/jessica.mcdonald/CM1_LETKF_2025/experiments/test_noref/member001/cm1rst_000006.nc

 ==> READ_CM1_ENS: reading from time INDEX:  0
 ==> READ_CM1_ENS: reading from state TIME:  2024-05-08 20:00:00 


 Wallclock time for serial read netCDF ensemble files: 3.254  sec

 Wallclock time to convert from C to A grid: 0.568  sec

 Wallclock time to read arrays from netCDF ensemble files: 3.946  sec

 Wallclock time to convert from C to A grid: 0.581  sec

 Wallclock time to create coordinates: 0.0  sec
-------->> INCLDUING OBSERVATION TYPE DBZ

 --> ComputeHx:  Total number of obs found at search time: 325 

 calcHx:  OBS   LAT MIN/MAX:   34.60815909988417 34.60815909988417
 calcHx:  MODEL LAT MIN/MAX:   33.62953247125773 37.058100351453895
 calcHx:  OBS   LON MIN/MAX:   -98.12023162378046 -98.12023162378046
 calcHx:  MODEL LON MIN/MAX:   -99.42855179656584 -95.2309098106186
 calcHx:  OBS   HGT MIN/MAX:   1299.3901504079831 1299.3901504079831
 calcHx:  MODEL HGT MIN/MAX:   75.0 19700.0

 --> ComputeHx:  Total number of obs found is: 1 


 --> ComputeHx:  Changing VR observational error to:  3.0

 --> ComputeHx:  Changing DBZ observational error to:  7.0

 --> ComputeHx:  Changing DBZ0 observational error to:  5.0

 --> ComputeHx:  Changing DBZ0_W observational error to:  0.5
 write_prior:  Prior obs file found, opening /work/jessica.mcdonald/CM1_LETKF_2025/experiments/test_noref/Prior.nc 

 write_prior:  Previous number of obs 0 

 write_prior:  Adding 1 to netcdf file 

 write_prior:  Total number of obs in /work/jessica.mcdonald/CM1_LETKF_2025/experiments/test_noref/Prior.nc file is 1 


  ---------------------------------------

  --> ComputeHx:  Total time for ensemble I/O ... Time in seconds for I/O: 4.626000 

  ---------------------------------------


  ---------------------------------------

  --> ComputeHx:  Time for searching ob table and computing priors ... Time in seconds for HxF: 6.270000 

  ---------------------------------------


  ---------------------------------------

  --> ComputeHx:  Total time in minutes ... Time in minutes for MAIN Program: 0.105000

  ---------------------------------------


  ----------------------------------------------------------------------

                END PROGRAM ComputeHx                                   

      WALLCLOCK END TIME:  2025-04-30 16:09 

  ----------------------------------------------------------------------

/work/jessica.mcdonald/CM1_LETKF_2025/src/letkf.py:348: RuntimeWarning: divide by zero encountered in scalar divide
  consi_ratio = (ob_err + Hxf_var) / inno_var
 COMPUTE_LETKF:  NX/NY/NZ/NE:            128         128          51          37
 COMPUTE_LETKF:  NOBS:                     1
 COMPUTE_LETKF:  X_OB Max/Min:     121892.67567750189        121892.67567750189     
 COMPUTE_LETKF:  Y_OB Max/Min:     110250.00358559166        110250.00358559166     
 COMPUTE_LETKF:  Z_OB Max/Min:     1299.3901504079831        1299.3901504079831     
 COMPUTE_LETKF:  T_OB Max/Min:     0.0000000000000000        0.0000000000000000     
 COMPUTE_LETKF:  T_Analysis:       1715198400.0000000     
 COMPUTE_LETKF:  X_GD Max/Min:     382500.000       1500.00000    
 COMPUTE_LETKF:  Y_GD Max/Min:     382500.000       1500.00000    
 COMPUTE_LETKF:  Z_GD Max/Min:     19700.0000       75.0000000    
 COMPUTE_LETKF:  RHORIZ:           18000.000000000000     
 COMPUTE_LETKF:  RVERT:            4500.0000000000000     
 COMPUTE_LETKF:  RTIME:           -600.00000000000000     
 COMPUTE_LETKF:  Hx shape                  1          36
 COMPUTE_LETKF:  UPDATE THETA FLAG:             1
 COMPUTE_LETKF, NTHREADS:             8
 COMPUTE_LETKF, MULTIPLICATIVE ADAPTIVE INFLATION IS ON
 Min value of AI:     1.0000000000000000     
 Max value of AI:     1.0000000000000000     
 Max value of limited AI:     1.0000000000000000     

 COMPUTE_LETKF, POSITIVE DEFINITE SCHEME IS:             1
 COMPUTE_LETKF, POSITIVE DEFINITE FLOOR VALUE:     1.00000001E-07

 COMPUTE_LETKF, MAXIMUM NUMBER OF THREADS AVAILABLE:             8
 COMPUTE_LETKF, NUMBER OF THREADS TO USE IS:                     1


 COMPUTE_LETKF:  Fortran WALLCLOCK CPU FOR ALL  :    0.14720856957137585       secs
 COMPUTE_LETKF:  Fortran WALLCLOCK CPU for CORE :    0.11965244822204113       secs
 COMPUTE_LETKF:  Fortran WALLCLOCK CPU for LOCAL:     5.2577808499336243E-002  secs
 COMPUTE_LETKF:  Number of grid points updated is:         2179
 COMPUTE_LETKF:  Number of observations used is:         2179

----------------------------------------------------------------------

              BEGIN PROGRAM LETKF                                     
 
  WALLCLOCK START TIME:  2025-04-30 16:09 

  --------------------------------------------------------------------


 --> LETKF:  Number of threads requested is from command line:  8

 --> LETKF:  No netCDF Priors file specified, using default priors file

 --> LETKF:  Using prior file:  /work/jessica.mcdonald/CM1_LETKF_2025/experiments/test_noref/Prior_2024-05-08_20:00:00.nc


 --> LETKF:  Trying to find inflation file: /work/jessica.mcdonald/CM1_LETKF_2025/experiments/test_noref/Inflation_2024-05-08_19:50:00.nc

 --> LETKF:  Could not find inflation file....none will be used.

 --> LETKF: saveWeights is from EXPER file:  False

 --> LETKF: readWeights is from EXPER file:  False

 --> LETKF: obs outlier is from EXPER file:  3

 ==> FindRestartFiles: Date and time supplied is 2024_05_08 20:00:00

 ==> FindRestartFile:  Found time 1800 in file:  /work/jessica.mcdonald/CM1_LETKF_2025/experiments/test_noref/member001/cm1rst_000006.nc

  ---->LETKF:  Reading in model state for analysis at 2024 05-08 20:00:00 


 ==> READ_CM1_ENS:  No state_vector supplied - trying to match microphysics schemes

 ==> READ_CM1_ENS ==> Matching state_vector found !!! using zvdh

 ==> READ_CM1_ENS: reading from time INDEX:  0
 ==> READ_CM1_ENS: reading from state TIME:  2024-05-08 20:00:00 


 Wallclock time for serial read netCDF ensemble files: 7.08  sec

 Wallclock time to convert from C to A grid: 0.677  sec

 Wallclock time to create ensemble means: 1.269  sec

 Wallclock time to read arrays from netCDF ensemble files: 9.774  sec

 Wallclock time to create coordinates: 0.0  sec

 Wallclock time to create ensemble means: 1.257  sec

  ---->Analysis state read in for time 2024 05-08 20:00:00 

  ---->Analysis state universal time 1715198400.000000

 ==> WRITE_CM1_ENS:  Now writing out prior ensemble mean into /work/jessica.mcdonald/CM1_LETKF_2025/experiments/test_noref/member000/cm1_prior_000006.nc

 ==> WRITE_CM1_ENS:  Closed file /work/jessica.mcdonald/CM1_LETKF_2025/experiments/test_noref/member000/cm1_prior_000006.nc

 ==> Wallclock time to write out fcst/anal to files: 0.217  sec

  ----> LETKF:  Reading in Prior file:  /work/jessica.mcdonald/CM1_LETKF_2025/experiments/test_noref/Prior_2024-05-08_20:00:00.nc 

Prior obs file found, opening /work/jessica.mcdonald/CM1_LETKF_2025/experiments/test_noref/Prior_2024-05-08_20:00:00.nc 

Total number of obs in /work/jessica.mcdonald/CM1_LETKF_2025/experiments/test_noref/Prior_2024-05-08_20:00:00.nc file is 1 


  ----> LETKF:  Prior file has 1 obs at analysis time 2024 05-08 20:00:00 


  --> LETKF called with an outlier threshold of 3 standard deviations

  >=====================================================================<

  --> LETKF:  Number of total    obs = 1

  --> LETKF:  Number of rejected obs = 0

  --> LETKF:  Max outlier: 2.284069  Min outlier:  2.284069


  >==============================================================================================<

  LETKF:  2024-05-08_20:00:00  Total number of observations:  1

  <==============================================================================================<

  LETKF:  Obs Space Diagnostic for forecast computed via Dowell and Wicker, MWR 2009, Additive Noise


  LETKF:  Obs Std  |  Root-Mean-Sq-Error  |    Bias    |  Spread (obsErr^2+Hxf_var^2)  |   Consistency Ratio

  >==============================================================================================<


 -->  LETKF:  VR is not present in observations

 -->  LETKF:  2024-05-08_20:00:00  NOBS: 00001    DBZ: 7.0  RMSI:  0.000  M-Innov:  21.688  Spread:  9.495  CRatio:     inf 

 -->  LETKF:  DBZ0 is not present in observations

 -->  LETKF:  DBZ0_W is not present in observations

  >============================================================================================<


 -->  LETKF:  Adaptive inflation is turned on....


 -->  LETKF: Adaptive inflation cannot find the previous inflation file, initializing inflation array to 1.0 


  >=======================  >>BEGIN FILTER<< ===========================================<


 -->  LETKF:ALL OBS TYPES BEING ASSIMULATED SIMULTANEOUSLY: MULTIPASS==False


 -->  LETKF:  Adaptive Inflation stats:  Max AI:  1.0  Min AI 1.0  Mean AI: 1.0  StdDev:  0.000


 -->  Writing /work/jessica.mcdonald/CM1_LETKF_2025/experiments/test_noref/Inflation_2024-05-08_20:00:00.nc as the adaptive inflation file...

 -->  LETKF:  Moved /work/jessica.mcdonald/CM1_LETKF_2025/experiments/test_noref/Inflation_2024-05-08_20:00:00.nc file to directory /work/jessica.mcdonald/CM1_LETKF_2025/experiments/test_noref

  >=======================  >>END FILTER<< ===========================================<

          Z |           UA                    VA                  WA                  TH                  DBZ                QR
                    mean  std             mean  std           mean  std           mean  std           mean   std         mean  std
 Prior       |   5.64937   1.83609     7.83674   1.93496  -0.00002   0.00493  305.16229   0.46545   0.01035   0.48196   0.00000   0.00000
        75.00|   5.64973   1.83627     7.83616   1.93479  -0.00002   0.00496  305.16217   0.46545   0.01609   0.51140   0.00000   0.00000 

 Prior       |   6.16098   1.64751     8.38043   1.95905  -0.00007   0.01486  305.16837   0.46331   0.01091   0.49394   0.00000   0.00001
       227.81|   6.16134   1.64770     8.37985   1.95892  -0.00004   0.01496  305.16821   0.46330   0.01723   0.52758   0.00000   0.00001 

 Prior       |   6.64107   1.44078     8.88531   1.99124  -0.00012   0.02507  305.17450   0.46401   0.01153   0.50715   0.00000   0.00001
       386.35|   6.64144   1.44098     8.88476   1.99116  -0.00006   0.02526  305.17435   0.46401   0.01840   0.54478   0.00000   0.00001 

 Prior       |   7.09963   1.27710     9.37054   2.02905  -0.00015   0.03565  305.18527   0.46502   0.01230   0.52190   0.00000   0.00001
       550.83|   7.10000   1.27735     9.37007   2.02900  -0.00006   0.03594  305.18512   0.46500   0.01971   0.56312   0.00000   0.00001 

 Prior       |   7.52699   1.16881     9.81758   2.06108  -0.00017   0.04668  305.20175   0.46618   0.01325   0.53840   0.00000   0.00001
       721.48|   7.52733   1.16912     9.81717   2.06103  -0.00004   0.04708  305.20157   0.46614   0.02114   0.58261   0.00000   0.00001 

 Prior       |   8.06413   1.14903    10.53998   1.82371  -0.00013   0.05810  305.28986   0.41245   0.01419   0.55613   0.00000   0.00002
       898.53|   8.06431   1.14931    10.53960   1.82367   0.00004   0.05862  305.28967   0.41235   0.02250   0.60283   0.00000   0.00002 

 Prior       |   9.39351   1.17773    11.64862   1.89324  -0.00005   0.06974  305.65604   0.43305   0.01533   0.57583   0.00000   0.00002
      1082.21|   9.39338   1.17784    11.64827   1.89327   0.00017   0.07039  305.65582   0.43293   0.02398   0.62444   0.00000   0.00002 

 Prior       |  10.48430   1.44337    12.39611   1.91475  -0.00001   0.08165  306.04584   0.48290   0.01661   0.59703   0.00000   0.00003
      1272.78|  10.48396   1.44347    12.39588   1.91486   0.00025   0.08243  306.04559   0.48280   0.02549   0.64657   0.00000   0.00003 

 Prior       |  11.17445   1.59995    12.85607   1.85320  -0.00000   0.09397  306.37854   0.52524   0.01799   0.61957   0.00000   0.00004
      1470.50|  11.17403   1.60004    12.85597   1.85334   0.00029   0.09486  306.37827   0.52509   0.02695   0.66872   0.00000   0.00004 

 Prior       |  11.89840   1.74705    13.27444   1.79093   0.00000   0.10674  306.79980   0.59747   0.01964   0.64405   0.00000   0.00006
      1675.62|  11.89788   1.74712    13.27441   1.79106   0.00032   0.10770  306.79950   0.59726   0.02855   0.69177   0.00000   0.00006 

 Prior       |  12.69400   1.92271    13.70430   1.70902   0.00000   0.11987  307.28091   0.69267   0.02156   0.66998   0.00000   0.00008
      1888.43|  12.69336   1.92274    13.70430   1.70913   0.00033   0.12085  307.28061   0.69238   0.03027   0.71547   0.00000   0.00008 

 Prior       |  13.66784   2.06716    14.09970   1.62700   0.00001   0.13322  308.28427   0.90162   0.02360   0.69558   0.00000   0.00010
      2109.23|  13.66708   2.06717    14.09973   1.62708   0.00032   0.13416  308.28384   0.90135   0.03189   0.73755   0.00000   0.00011 

 Prior       |  14.70486   2.23672    14.47547   1.54988   0.00001   0.14671  309.38574   1.11617   0.02575   0.71992   0.00000   0.00013
      2338.29|  14.70401   2.23673    14.47554   1.54994   0.00031   0.14756  309.38528   1.11595   0.03332   0.75622   0.00000   0.00013 

 Prior       |  15.70508   2.20630    14.57553   1.62599   0.00001   0.16037  310.65253   0.82198   0.02801   0.74470   0.00000   0.00015
      2575.95|  15.70426   2.20637    14.57567   1.62604   0.00028   0.16110  310.65207   0.82184   0.03459   0.77371   0.00001   0.00016 

 Prior       |  16.58663   2.30252    14.65897   1.70699   0.00001   0.17438  311.85532   0.67355   0.03108   0.77931   0.00000   0.00018
      2822.52|  16.58591   2.30266    14.65917   1.70704   0.00024   0.17495  311.85486   0.67359   0.03651   0.80095   0.00001   0.00018 

 Prior       |  16.73623   2.31383    14.66579   1.67890   0.00002   0.18900  312.54468   0.69502   0.03574   0.83276   0.00000   0.00021
      3078.32|  16.73572   2.31391    14.66606   1.67894   0.00020   0.18943  312.54434   0.69504   0.04004   0.84818   0.00001   0.00021 

 Prior       |  16.87069   2.32154    14.62141   1.77070   0.00002   0.20447  313.18814   0.71737   0.04073   0.89297   0.00001   0.00026
      3343.72|  16.87036   2.32157    14.62169   1.77072   0.00017   0.20476  313.18790   0.71737   0.04391   0.90334   0.00001   0.00026 

 Prior       |  16.88812   2.27106    14.45033   1.90229   0.00003   0.22085  313.64066   0.68094   0.04578   0.95603   0.00001   0.00034
      3619.07|  16.88795   2.27105    14.45057   1.90229   0.00013   0.22103  313.64050   0.68092   0.04794   0.96239   0.00001   0.00034 

 Prior       |  17.25739   2.11154    14.20847   1.99396   0.00004   0.23800  314.20456   0.62051   0.05127   1.02493   0.00001   0.00044
      3904.73|  17.25730   2.11151    14.20865   1.99395   0.00010   0.23810  314.20447   0.62049   0.05257   1.02849   0.00001   0.00044 

 Prior       |  18.55751   1.79437    13.77821   1.91764   0.00004   0.25563  315.00116   0.53301   0.05717   1.09905   0.00001   0.00058
      4201.11|  18.55747   1.79436    13.77832   1.91764   0.00008   0.25568  315.00113   0.53299   0.05784   1.10082   0.00001   0.00058 

 Prior       |  20.11742   1.58650    13.53027   1.83750   0.00005   0.27353  315.79080   0.54939   0.06330   1.17532   0.00001   0.00074
      4508.60|  20.11740   1.58650    13.53032   1.83750   0.00007   0.27355  315.79077   0.54938   0.06357   1.17604   0.00001   0.00074 

 Prior       |  22.12963   1.49374    13.66568   1.70421   0.00006   0.29152  316.57507   0.63293   0.06950   1.25317   0.00002   0.00095
      4827.61|  22.12962   1.49374    13.66570   1.70421   0.00007   0.29153  316.57507   0.63293   0.06958   1.25338   0.00002   0.00095 

 Prior       |  24.11184   1.50112    13.86821   1.55304   0.00008   0.30946  317.42673   0.67766   0.07581   1.33378   0.00002   0.00120
      5158.59|  24.11184   1.50112    13.86822   1.55304   0.00008   0.30946  317.42673   0.67766   0.07582   1.33381   0.00002   0.00120 

 Prior       |  25.94921   1.61683    14.15059   1.31934   0.00009   0.32728  318.37878   0.60215   0.08202   1.41472   0.00003   0.00148
      5501.97|  25.94921   1.61683    14.15059   1.31934   0.00009   0.32728  318.37878   0.60215   0.08202   1.41472   0.00003   0.00148 

 Prior       |  27.57859   1.59869    14.45145   1.16637   0.00011   0.34485  319.32156   0.53377   0.08797   1.49115   0.00004   0.00180
      5858.22|  27.57859   1.59869    14.45145   1.16637   0.00011   0.34485  319.32156   0.53377   0.08797   1.49115   0.00004   0.00180 

 Prior       |  28.79032   1.17007    14.75151   1.12505   0.00013   0.36185  320.21524   0.45061   0.09325   1.55690   0.00005   0.00215
      6227.83|  28.79032   1.17007    14.75151   1.12505   0.00013   0.36185  320.21524   0.45061   0.09325   1.55690   0.00005   0.00215 

 Prior       |  29.73800   1.20698    15.14809   1.13174   0.00015   0.37781  321.23114   0.33263   0.09751   1.60762   0.00006   0.00252
      6611.29|  29.73800   1.20698    15.14809   1.13174   0.00015   0.37781  321.23114   0.33263   0.09751   1.60762   0.00006   0.00252 

 Prior       |  30.34191   1.47453    15.66682   1.02904   0.00017   0.39225  322.39124   0.25505   0.10038   1.63804   0.00006   0.00285
      7009.13|  30.34191   1.47453    15.66682   1.02904   0.00017   0.39225  322.39124   0.25505   0.10038   1.63804   0.00006   0.00285 

 Prior       |  30.84555   1.43668    16.03736   0.97023   0.00019   0.40469  323.68073   0.31003   0.10202   1.64851   0.00006   0.00307
      7421.88|  30.84555   1.43668    16.03736   0.97023   0.00019   0.40469  323.68073   0.31003   0.10202   1.64851   0.00006   0.00307 

 Prior       |  31.34779   1.40791    16.30661   0.94448   0.00022   0.41458  325.04535   0.37738   0.10251   1.64678   0.00003   0.00273
      7850.10|  31.34779   1.40791    16.30661   0.94448   0.00022   0.41458  325.04535   0.37738   0.10251   1.64678   0.00003   0.00273 

 Prior       |  32.18662   1.44862    16.09077   1.00472   0.00024   0.42119  326.39941   0.32616   0.10269   1.64852   0.00001   0.00215
      8294.38|  32.18662   1.44862    16.09077   1.00472   0.00024   0.42119  326.39941   0.32616   0.10269   1.64852   0.00001   0.00215 

 Prior       |  33.23142   1.48808    15.65890   1.11766   0.00028   0.42335  327.75598   0.30816   0.10126   1.62254   0.00000   0.00044
      8755.31|  33.23142   1.48808    15.65890   1.11766   0.00028   0.42335  327.75598   0.30816   0.10126   1.62254   0.00000   0.00044 

 Prior       |  34.49537   1.43323    15.05592   1.26872   0.00030   0.41820  329.15991   0.33511   0.09942   1.59348   0.00000   0.00003
      9233.52|  34.49537   1.43323    15.05592   1.26872   0.00030   0.41820  329.15991   0.33511   0.09942   1.59348   0.00000   0.00003 

 Prior       |  35.88511   1.36411    14.36235   1.47162   0.00030   0.40185  330.77652   0.40746   0.09658   1.55847   0.00000   0.00000
      9729.66|  35.88511   1.36411    14.36235   1.47162   0.00030   0.40185  330.77652   0.40746   0.09658   1.55847   0.00000   0.00000 

 Prior       |  37.24190   1.35383    13.47102   1.61697   0.00030   0.37134  332.89117   0.50598   0.09171   1.50343   0.00000   0.00000
     10244.40|  37.24190   1.35383    13.47102   1.61697   0.00030   0.37134  332.89117   0.50598   0.09171   1.50343   0.00000   0.00000 

 Prior       |  38.40925   1.33010    12.74828   1.62532   0.00029   0.32534  335.63080   0.56488   0.08340   1.41001   0.00000   0.00000
     10778.43|  38.40925   1.33010    12.74828   1.62532   0.00029   0.32534  335.63080   0.56488   0.08340   1.41001   0.00000   0.00000 

 Prior       |  39.22367   1.31108    12.49819   1.57402   0.00028   0.26650  339.48703   0.69700   0.07030   1.25680   0.00000   0.00000
     11332.48|  39.22367   1.31108    12.49819   1.57402   0.00028   0.26650  339.48703   0.69700   0.07030   1.25680   0.00000   0.00000 

 Prior       |  39.08937   1.36336    12.47996   1.49963   0.00027   0.20852  345.47516   1.04042   0.05089   1.01735   0.00000   0.00000
     11907.30|  39.08937   1.36336    12.47996   1.49963   0.00027   0.20852  345.47516   1.04042   0.05089   1.01735   0.00000   0.00000 

 Prior       |  36.95603   1.56002    12.00059   1.36245   0.00025   0.17572  354.62170   1.46002   0.02629   0.68738   0.00000   0.00000
     12500.00|  36.95603   1.56002    12.00059   1.36245   0.00025   0.17572  354.62170   1.46002   0.02629   0.68738   0.00000   0.00000 

 Prior       |  32.56392   2.01377    11.32006   1.36429   0.00023   0.15641  365.97299   1.98931   0.00832   0.38237   0.00000   0.00000
     13100.00|  32.56392   2.01377    11.32006   1.36429   0.00023   0.15641  365.97299   1.98931   0.00832   0.38237   0.00000   0.00000 

 Prior       |  27.15655   2.84549    11.25521   1.27644   0.00021   0.13460  377.07034   2.43791   0.00252   0.21576   0.00000   0.00000
     13700.00|  27.15655   2.84549    11.25521   1.27644   0.00021   0.13460  377.07034   2.43791   0.00252   0.21576   0.00000   0.00000 

 Prior       |  23.18327   4.04386    11.36876   1.19179   0.00018   0.12440  386.22519   1.63119   0.00058   0.08678   0.00000   0.00000
     14300.00|  23.18327   4.04386    11.36876   1.19179   0.00018   0.12440  386.22519   1.63119   0.00058   0.08678   0.00000   0.00000 

 Prior       |  22.08886   4.01168    10.82729   1.29371   0.00016   0.11574  394.57364   0.56426   0.00002   0.00857   0.00000   0.00000
     14900.00|  22.08886   4.01168    10.82729   1.29371   0.00016   0.11574  394.57364   0.56426   0.00002   0.00857   0.00000   0.00000 

 Prior       |  22.14746   3.40055    10.34309   1.34081   0.00013   0.10587  403.42273   1.88768   0.00000   0.00000   0.00000   0.00000
     15500.00|  22.14746   3.40055    10.34309   1.34081   0.00013   0.10587  403.42273   1.88768   0.00000   0.00000   0.00000   0.00000 

 Prior       |  22.51447   2.23761     9.75090   1.30349   0.00010   0.09285  412.02042   2.36218   0.00000   0.00000   0.00000   0.00000
     16100.00|  22.51447   2.23761     9.75090   1.30349   0.00010   0.09285  412.02042   2.36218   0.00000   0.00000   0.00000   0.00000 

 Prior       |  22.57476   2.27668     9.73567   1.59197   0.00008   0.07787  420.31311   1.68958   0.00000   0.00000   0.00000   0.00000
     16700.00|  22.57476   2.27668     9.73567   1.59197   0.00008   0.07787  420.31311   1.68958   0.00000   0.00000   0.00000   0.00000 

 Prior       |  22.45771   2.80070     8.97654   2.67310   0.00006   0.06410  429.14160   1.31768   0.00000   0.00000   0.00000   0.00000
     17300.00|  22.45771   2.80070     8.97654   2.67310   0.00006   0.06410  429.14160   1.31768   0.00000   0.00000   0.00000   0.00000 

 Prior       |  19.96468   1.95737     4.06069   3.47216   0.00004   0.05201  441.20251   3.01406   0.00000   0.00000   0.00000   0.00000
     17900.00|  19.96468   1.95737     4.06069   3.47216   0.00004   0.05201  441.20251   3.01406   0.00000   0.00000   0.00000   0.00000 

 Prior       |  10.78756   3.67890    -2.09579   1.82710   0.00003   0.03889  454.71127   3.16081   0.00000   0.00000   0.00000   0.00000
     18500.00|  10.78756   3.67890    -2.09579   1.82710   0.00003   0.03889  454.71127   3.16081   0.00000   0.00000   0.00000   0.00000 

 Prior       |   4.11988   1.48537    -0.60313   2.39030   0.00002   0.02403  465.66959   0.77448   0.00000   0.00000   0.00000   0.00000
     19100.00|   4.11988   1.48537    -0.60313   2.39030   0.00002   0.02403  465.66959   0.77448   0.00000   0.00000   0.00000   0.00000 

 Prior       |   1.68679   1.33242     2.01115   1.41487   0.00001   0.00813  479.42969   1.57895   0.00000   0.00000   0.00000   0.00000
     19700.00|   1.68679   1.33242     2.01115   1.41487   0.00001   0.00813  479.42969   1.57895   0.00000   0.00000   0.00000   0.00000 


 -->  LETKF:  state data now written back out!

 ==> WRITE_CM1_ENS:  Writing ensemble into time_index 0 at time 1800

 ==> WRITE_CM1_ENS:  CM1 prior files creation completed

 Wallclock time to convert from A to C grid: 2.53  sec

 ==> WRITE_CM1_ENS:  Now writing out posterior ensemble mean into /work/jessica.mcdonald/CM1_LETKF_2025/experiments/test_noref/member000/cm1_post_000006.nc

 ==> WRITE_CM1_ENS:  Closed file /work/jessica.mcdonald/CM1_LETKF_2025/experiments/test_noref/member000/cm1_post_000006.nc

 ==> Wallclock time to write out fcst/anal to files: 30.246  sec

  ---------------------------------------

   ... Time in seconds for HxF: 0.045000 

  ---------------------------------------


  ---------------------------------------

   ... Time in seconds for Filter: 0.185000 

  ---------------------------------------


  ---------------------------------------

   ... Time in seconds for I/O: 41.593000 

  ---------------------------------------


  ---------------------------------------

   ... Time in seconds for Program: 46.118000 

  ---------------------------------------


  ----------------------------------------------------------------------

                END PROGRAM LETKF                                        

  WALLCLOCK END TIME:  2025-04-30 16:10 


  -----------------------------------------------------------------------


  ----------------------------------------------------------------------

               BEGIN PROGRAM RUN_FILTER                                 

  This script sets the parameters to create Hx's and runs the letkf code

  ----------------------------------------------------------------------


 --> Run_Filter:  using the window from the EXPER file:  +/- 7 secs

 --> Run_Filter:  using Synchronous DA with freq from command line:  -600 secs

 --> Run_Filter:  using the observation file from the EXPER file:  /work/jessica.mcdonald/CM1_LETKF_2025/run/observations/8may24_cm1_5km_obs.csv

 --> RUN_Filter:  Number of threads requested is from command line:  8

 --> Run_Filter:  using the inflation method from EXPER file:  1

  >=======================  Run_Filter:  Now creating Priors =============================<  


  -->  Run_Filter calling computeHx for time 2024,05,08,20,00,00  


  python computeHx.py --exper /work/jessica.mcdonald/CM1_LETKF_2025/experiments/test_noref/test_noref.exp --time 2024,05,08,20,00,00 -o /work/jessica.mcdonald/CM1_LETKF_2025/run/observations/8may24_cm1_5km_obs.csv --window 15 --included_obs DBZ --init


  --> Moved Prior.nc file to /work/jessica.mcdonald/CM1_LETKF_2025/experiments/test_noref/Prior_2024-05-08_20:00:00.nc


  >================ Run_Filter:  Running LETKF at time: 2024-05-08_20:00:00 ===================<  


  python letkf.py --exper /work/jessica.mcdonald/CM1_LETKF_2025/experiments/test_noref/test_noref.exp --time 2024,05,08,20,00,00 --nthreads 8  --aInflate 1


  ----------------------------------------------------------------------

                 END PROGRAM RUN_FILTER                                 

  ----------------------------------------------------------------------

 ==> RUN_FCST: Date&time supplied: 2024 05-08 20:00:00, which corresponds to a local model time of 1800 sec

 Run_Fcst Script:  defaulting to 1 threads

 Run_Fcst Script:  1 cores requested....

 Run_Fcst Script: Number ensemble members to run not supplied, defaulting to experiment file:  36

 Run_Fcst Script: Integrating 036 ensemble members for 0600 seconds

 Found time 1800 in file:  /work/jessica.mcdonald/CM1_LETKF_2025/experiments/test_noref/member001/cm1rst_000006.nc
6

 Found time 1800 in file:  /work/jessica.mcdonald/CM1_LETKF_2025/experiments/test_noref/member001/cm1rst_000006.nc
 READ_NAMELIST: PROBLEM WITH NSSL_MP_PARAMS namelist: not found or bad token
 READ_NAMELIST: PROBLEM WITH NSSL_MP_PARAMS namelist: not found or bad token
 READ_NAMELIST: PROBLEM WITH NSSL_MP_PARAMS namelist: not found or bad token
 READ_NAMELIST: PROBLEM WITH NSSL_MP_PARAMS namelist: not found or bad token
 READ_NAMELIST: PROBLEM WITH NSSL_MP_PARAMS namelist: not found or bad token
 READ_NAMELIST: PROBLEM WITH NSSL_MP_PARAMS namelist: not found or bad token
 READ_NAMELIST: PROBLEM WITH NSSL_MP_PARAMS namelist: not found or bad token
 READ_NAMELIST: PROBLEM WITH NSSL_MP_PARAMS namelist: not found or bad token
 READ_NAMELIST: PROBLEM WITH NSSL_MP_PARAMS namelist: not found or bad token
 READ_NAMELIST: PROBLEM WITH NSSL_MP_PARAMS namelist: not found or bad token
 READ_NAMELIST: PROBLEM WITH NSSL_MP_PARAMS namelist: not found or bad token
 READ_NAMELIST: PROBLEM WITH NSSL_MP_PARAMS namelist: not found or bad token
 READ_NAMELIST: PROBLEM WITH NSSL_MP_PARAMS namelist: not found or bad token
 READ_NAMELIST: PROBLEM WITH NSSL_MP_PARAMS namelist: not found or bad token
 READ_NAMELIST: PROBLEM WITH NSSL_MP_PARAMS namelist: not found or bad token
 READ_NAMELIST: PROBLEM WITH NSSL_MP_PARAMS namelist: not found or bad token
 READ_NAMELIST: PROBLEM WITH NSSL_MP_PARAMS namelist: not found or bad token
 READ_NAMELIST: PROBLEM WITH NSSL_MP_PARAMS namelist: not found or bad token

 Now setting up forecast member: /work/jessica.mcdonald/CM1_LETKF_2025/experiments/test_noref/member001
/work/jessica.mcdonald/CM1_LETKF_2025/experiments/test_noref/member001/cm1.exe is the model path
/work/jessica.mcdonald/CM1_LETKF_2025/experiments/test_noref/member001/cm1.out is the outputfile path

 Now setting up forecast member: /work/jessica.mcdonald/CM1_LETKF_2025/experiments/test_noref/member002
/work/jessica.mcdonald/CM1_LETKF_2025/experiments/test_noref/member002/cm1.exe is the model path
/work/jessica.mcdonald/CM1_LETKF_2025/experiments/test_noref/member002/cm1.out is the outputfile path

 Now setting up forecast member: /work/jessica.mcdonald/CM1_LETKF_2025/experiments/test_noref/member003
/work/jessica.mcdonald/CM1_LETKF_2025/experiments/test_noref/member003/cm1.exe is the model path
/work/jessica.mcdonald/CM1_LETKF_2025/experiments/test_noref/member003/cm1.out is the outputfile path

 Now setting up forecast member: /work/jessica.mcdonald/CM1_LETKF_2025/experiments/test_noref/member004
/work/jessica.mcdonald/CM1_LETKF_2025/experiments/test_noref/member004/cm1.exe is the model path
/work/jessica.mcdonald/CM1_LETKF_2025/experiments/test_noref/member004/cm1.out is the outputfile path

 Now setting up forecast member: /work/jessica.mcdonald/CM1_LETKF_2025/experiments/test_noref/member005
/work/jessica.mcdonald/CM1_LETKF_2025/experiments/test_noref/member005/cm1.exe is the model path
/work/jessica.mcdonald/CM1_LETKF_2025/experiments/test_noref/member005/cm1.out is the outputfile path

 Now setting up forecast member: /work/jessica.mcdonald/CM1_LETKF_2025/experiments/test_noref/member006
/work/jessica.mcdonald/CM1_LETKF_2025/experiments/test_noref/member006/cm1.exe is the model path
/work/jessica.mcdonald/CM1_LETKF_2025/experiments/test_noref/member006/cm1.out is the outputfile path

 Now setting up forecast member: /work/jessica.mcdonald/CM1_LETKF_2025/experiments/test_noref/member007
/work/jessica.mcdonald/CM1_LETKF_2025/experiments/test_noref/member007/cm1.exe is the model path
/work/jessica.mcdonald/CM1_LETKF_2025/experiments/test_noref/member007/cm1.out is the outputfile path

 Now setting up forecast member: /work/jessica.mcdonald/CM1_LETKF_2025/experiments/test_noref/member008
/work/jessica.mcdonald/CM1_LETKF_2025/experiments/test_noref/member008/cm1.exe is the model path
/work/jessica.mcdonald/CM1_LETKF_2025/experiments/test_noref/member008/cm1.out is the outputfile path

 Now setting up forecast member: /work/jessica.mcdonald/CM1_LETKF_2025/experiments/test_noref/member009
/work/jessica.mcdonald/CM1_LETKF_2025/experiments/test_noref/member009/cm1.exe is the model path
/work/jessica.mcdonald/CM1_LETKF_2025/experiments/test_noref/member009/cm1.out is the outputfile path

 Now setting up forecast member: /work/jessica.mcdonald/CM1_LETKF_2025/experiments/test_noref/member010
/work/jessica.mcdonald/CM1_LETKF_2025/experiments/test_noref/member010/cm1.exe is the model path
/work/jessica.mcdonald/CM1_LETKF_2025/experiments/test_noref/member010/cm1.out is the outputfile path

 Now setting up forecast member: /work/jessica.mcdonald/CM1_LETKF_2025/experiments/test_noref/member011
/work/jessica.mcdonald/CM1_LETKF_2025/experiments/test_noref/member011/cm1.exe is the model path
/work/jessica.mcdonald/CM1_LETKF_2025/experiments/test_noref/member011/cm1.out is the outputfile path

 Now setting up forecast member: /work/jessica.mcdonald/CM1_LETKF_2025/experiments/test_noref/member012
/work/jessica.mcdonald/CM1_LETKF_2025/experiments/test_noref/member012/cm1.exe is the model path
/work/jessica.mcdonald/CM1_LETKF_2025/experiments/test_noref/member012/cm1.out is the outputfile path

 Now setting up forecast member: /work/jessica.mcdonald/CM1_LETKF_2025/experiments/test_noref/member013
/work/jessica.mcdonald/CM1_LETKF_2025/experiments/test_noref/member013/cm1.exe is the model path
/work/jessica.mcdonald/CM1_LETKF_2025/experiments/test_noref/member013/cm1.out is the outputfile path

 Now setting up forecast member: /work/jessica.mcdonald/CM1_LETKF_2025/experiments/test_noref/member014
/work/jessica.mcdonald/CM1_LETKF_2025/experiments/test_noref/member014/cm1.exe is the model path
/work/jessica.mcdonald/CM1_LETKF_2025/experiments/test_noref/member014/cm1.out is the outputfile path

 Now setting up forecast member: /work/jessica.mcdonald/CM1_LETKF_2025/experiments/test_noref/member015
/work/jessica.mcdonald/CM1_LETKF_2025/experiments/test_noref/member015/cm1.exe is the model path
/work/jessica.mcdonald/CM1_LETKF_2025/experiments/test_noref/member015/cm1.out is the outputfile path

 Now setting up forecast member: /work/jessica.mcdonald/CM1_LETKF_2025/experiments/test_noref/member016
/work/jessica.mcdonald/CM1_LETKF_2025/experiments/test_noref/member016/cm1.exe is the model path
/work/jessica.mcdonald/CM1_LETKF_2025/experiments/test_noref/member016/cm1.out is the outputfile path

 Now setting up forecast member: /work/jessica.mcdonald/CM1_LETKF_2025/experiments/test_noref/member017
/work/jessica.mcdonald/CM1_LETKF_2025/experiments/test_noref/member017/cm1.exe is the model path
/work/jessica.mcdonald/CM1_LETKF_2025/experiments/test_noref/member017/cm1.out is the outputfile path

 Now setting up forecast member: /work/jessica.mcdonald/CM1_LETKF_2025/experiments/test_noref/member018
/work/jessica.mcdonald/CM1_LETKF_2025/experiments/test_noref/member018/cm1.exe is the model path
/work/jessica.mcdonald/CM1_LETKF_2025/experiments/test_noref/member018/cm1.out is the outputfile path

 Now setting up forecast member: /work/jessica.mcdonald/CM1_LETKF_2025/experiments/test_noref/member019
/work/jessica.mcdonald/CM1_LETKF_2025/experiments/test_noref/member019/cm1.exe is the model path
/work/jessica.mcdonald/CM1_LETKF_2025/experiments/test_noref/member019/cm1.out is the outputfile path

 Now setting up forecast member: /work/jessica.mcdonald/CM1_LETKF_2025/experiments/test_noref/member020
/work/jessica.mcdonald/CM1_LETKF_2025/experiments/test_noref/member020/cm1.exe is the model path
/work/jessica.mcdonald/CM1_LETKF_2025/experiments/test_noref/member020/cm1.out is the outputfile path

 Now setting up forecast member: /work/jessica.mcdonald/CM1_LETKF_2025/experiments/test_noref/member021
/work/jessica.mcdonald/CM1_LETKF_2025/experiments/test_noref/member021/cm1.exe is the model path
/work/jessica.mcdonald/CM1_LETKF_2025/experiments/test_noref/member021/cm1.out is the outputfile path

 Now setting up forecast member: /work/jessica.mcdonald/CM1_LETKF_2025/experiments/test_noref/member022
/work/jessica.mcdonald/CM1_LETKF_2025/experiments/test_noref/member022/cm1.exe is the model path
/work/jessica.mcdonald/CM1_LETKF_2025/experiments/test_noref/member022/cm1.out is the outputfile path

 Now setting up forecast member: /work/jessica.mcdonald/CM1_LETKF_2025/experiments/test_noref/member023
/work/jessica.mcdonald/CM1_LETKF_2025/experiments/test_noref/member023/cm1.exe is the model path
/work/jessica.mcdonald/CM1_LETKF_2025/experiments/test_noref/member023/cm1.out is the outputfile path

 Now setting up forecast member: /work/jessica.mcdonald/CM1_LETKF_2025/experiments/test_noref/member024
/work/jessica.mcdonald/CM1_LETKF_2025/experiments/test_noref/member024/cm1.exe is the model path
/work/jessica.mcdonald/CM1_LETKF_2025/experiments/test_noref/member024/cm1.out is the outputfile path

 Now setting up forecast member: /work/jessica.mcdonald/CM1_LETKF_2025/experiments/test_noref/member025
/work/jessica.mcdonald/CM1_LETKF_2025/experiments/test_noref/member025/cm1.exe is the model path
/work/jessica.mcdonald/CM1_LETKF_2025/experiments/test_noref/member025/cm1.out is the outputfile path

 Now setting up forecast member: /work/jessica.mcdonald/CM1_LETKF_2025/experiments/test_noref/member026
/work/jessica.mcdonald/CM1_LETKF_2025/experiments/test_noref/member026/cm1.exe is the model path
/work/jessica.mcdonald/CM1_LETKF_2025/experiments/test_noref/member026/cm1.out is the outputfile path

 Now setting up forecast member: /work/jessica.mcdonald/CM1_LETKF_2025/experiments/test_noref/member027
/work/jessica.mcdonald/CM1_LETKF_2025/experiments/test_noref/member027/cm1.exe is the model path
/work/jessica.mcdonald/CM1_LETKF_2025/experiments/test_noref/member027/cm1.out is the outputfile path

 Now setting up forecast member: /work/jessica.mcdonald/CM1_LETKF_2025/experiments/test_noref/member028
/work/jessica.mcdonald/CM1_LETKF_2025/experiments/test_noref/member028/cm1.exe is the model path
/work/jessica.mcdonald/CM1_LETKF_2025/experiments/test_noref/member028/cm1.out is the outputfile path

 Now setting up forecast member: /work/jessica.mcdonald/CM1_LETKF_2025/experiments/test_noref/member029
/work/jessica.mcdonald/CM1_LETKF_2025/experiments/test_noref/member029/cm1.exe is the model path
/work/jessica.mcdonald/CM1_LETKF_2025/experiments/test_noref/member029/cm1.out is the outputfile path

 Now setting up forecast member: /work/jessica.mcdonald/CM1_LETKF_2025/experiments/test_noref/member030
/work/jessica.mcdonald/CM1_LETKF_2025/experiments/test_noref/member030/cm1.exe is the model path
/work/jessica.mcdonald/CM1_LETKF_2025/experiments/test_noref/member030/cm1.out is the outputfile path

 Now setting up forecast member: /work/jessica.mcdonald/CM1_LETKF_2025/experiments/test_noref/member031
/work/jessica.mcdonald/CM1_LETKF_2025/experiments/test_noref/member031/cm1.exe is the model path
/work/jessica.mcdonald/CM1_LETKF_2025/experiments/test_noref/member031/cm1.out is the outputfile path

 Now setting up forecast member: /work/jessica.mcdonald/CM1_LETKF_2025/experiments/test_noref/member032
/work/jessica.mcdonald/CM1_LETKF_2025/experiments/test_noref/member032/cm1.exe is the model path
/work/jessica.mcdonald/CM1_LETKF_2025/experiments/test_noref/member032/cm1.out is the outputfile path

 Now setting up forecast member: /work/jessica.mcdonald/CM1_LETKF_2025/experiments/test_noref/member033
/work/jessica.mcdonald/CM1_LETKF_2025/experiments/test_noref/member033/cm1.exe is the model path
/work/jessica.mcdonald/CM1_LETKF_2025/experiments/test_noref/member033/cm1.out is the outputfile path

 Now setting up forecast member: /work/jessica.mcdonald/CM1_LETKF_2025/experiments/test_noref/member034
/work/jessica.mcdonald/CM1_LETKF_2025/experiments/test_noref/member034/cm1.exe is the model path
/work/jessica.mcdonald/CM1_LETKF_2025/experiments/test_noref/member034/cm1.out is the outputfile path

 Now setting up forecast member: /work/jessica.mcdonald/CM1_LETKF_2025/experiments/test_noref/member035
/work/jessica.mcdonald/CM1_LETKF_2025/experiments/test_noref/member035/cm1.exe is the model path
/work/jessica.mcdonald/CM1_LETKF_2025/experiments/test_noref/member035/cm1.out is the outputfile path

 Now setting up forecast member: /work/jessica.mcdonald/CM1_LETKF_2025/experiments/test_noref/member036
/work/jessica.mcdonald/CM1_LETKF_2025/experiments/test_noref/member036/cm1.exe is the model path
/work/jessica.mcdonald/CM1_LETKF_2025/experiments/test_noref/member036/cm1.out is the outputfile path
Traceback (most recent call last):
  File "/work/jessica.mcdonald/CM1_LETKF_2025/src/run_fcst.py", line 224, in <module>
    pool.join()
  File "/home/jessica.mcdonald/miniconda3/envs/letkf_env/lib/python3.10/multiprocessing/pool.py", line 665, in join
    self._worker_handler.join()
  File "/home/jessica.mcdonald/miniconda3/envs/letkf_env/lib/python3.10/threading.py", line 1096, in join
    self._wait_for_tstate_lock()
  File "/home/jessica.mcdonald/miniconda3/envs/letkf_env/lib/python3.10/threading.py", line 1116, in _wait_for_tstate_lock
    if lock.acquire(block, timeout):
KeyboardInterrupt
Fatal Python error: init_import_site: Failed to import the site module
Python runtime state: initialized
Traceback (most recent call last):
  File "/home/jessica.mcdonald/miniconda3/envs/letkf_env/lib/python3.10/site.py", line 627, in <module>
    main()
  File "/home/jessica.mcdonald/miniconda3/envs/letkf_env/lib/python3.10/site.py", line 614, in main
    known_paths = addsitepackages(known_paths)
  File "/home/jessica.mcdonald/miniconda3/envs/letkf_env/lib/python3.10/site.py", line 397, in addsitepackages
    addsitedir(sitedir, known_paths)
  File "/home/jessica.mcdonald/miniconda3/envs/letkf_env/lib/python3.10/site.py", line 236, in addsitedir
    addpackage(sitedir, name, known_paths)
  File "/home/jessica.mcdonald/miniconda3/envs/letkf_env/lib/python3.10/site.py", line 195, in addpackage
    exec(line)
  File "<string>", line 1, in <module>
  File "/home/jessica.mcdonald/miniconda3/envs/letkf_env/lib/python3.10/importlib/util.py", line 14, in <module>
    from contextlib import contextmanager
  File "/home/jessica.mcdonald/miniconda3/envs/letkf_env/lib/python3.10/contextlib.py", line 5, in <module>
    from collections import deque
  File "/home/jessica.mcdonald/miniconda3/envs/letkf_env/lib/python3.10/collections/__init__.py", line 38, in <module>
    from reprlib import recursive_repr as _recursive_repr
  File "<frozen importlib._bootstrap>", line 1027, in _find_and_load
  File "<frozen importlib._bootstrap>", line 1002, in _find_and_load_unlocked
  File "<frozen importlib._bootstrap>", line 937, in _find_spec
  File "<frozen importlib._bootstrap>", line 897, in __exit__
KeyboardInterrupt

  ----------------------------------------------------------------------

               BEGIN PROGRAM RUN_FILTER                                 

  This script sets the parameters to create Hx's and runs the letkf code

  ----------------------------------------------------------------------


 --> Run_Filter:  using the window from the EXPER file:  +/- 7 secs

 --> Run_Filter:  using Synchronous DA with freq from command line:  -600 secs

 --> Run_Filter:  using the observation file from the EXPER file:  /work/jessica.mcdonald/CM1_LETKF_2025/run/observations/8may24_cm1_5km_obs.csv

 --> RUN_Filter:  Number of threads requested is from command line:  8

 --> Run_Filter:  using the inflation method from EXPER file:  1

  >=======================  Run_Filter:  Now creating Priors =============================<  


  -->  Run_Filter calling computeHx for time 2024,05,08,20,10,00  


  python computeHx.py --exper /work/jessica.mcdonald/CM1_LETKF_2025/experiments/test_noref/test_noref.exp --time 2024,05,08,20,10,00 -o /work/jessica.mcdonald/CM1_LETKF_2025/run/observations/8may24_cm1_5km_obs.csv --window 15 --included_obs DBZ --init

Traceback (most recent call last):
  File "/work/jessica.mcdonald/CM1_LETKF_2025/src/run_filter.py", line 152, in <module>
    os.rename(os.path.join(path, "Prior.nc"), newPriorFile)
FileNotFoundError: [Errno 2] No such file or directory: '/work/jessica.mcdonald/CM1_LETKF_2025/experiments/test_noref/Prior.nc' -> '/work/jessica.mcdonald/CM1_LETKF_2025/experiments/test_noref/Prior_2024-05-08_20:10:00.nc'
Traceback (most recent call last):
  File "/work/jessica.mcdonald/CM1_LETKF_2025/src/run_fcst.py", line 9, in <module>
    import numpy as np
  File "/home/jessica.mcdonald/miniconda3/envs/letkf_env/lib/python3.10/site-packages/numpy/__init__.py", line 114, in <module>
    from numpy.__config__ import show as show_config
  File "/home/jessica.mcdonald/miniconda3/envs/letkf_env/lib/python3.10/site-packages/numpy/__config__.py", line 4, in <module>
    from numpy._core._multiarray_umath import (
  File "/home/jessica.mcdonald/miniconda3/envs/letkf_env/lib/python3.10/site-packages/numpy/_core/__init__.py", line 74, in <module>
    from . import numeric
  File "/home/jessica.mcdonald/miniconda3/envs/letkf_env/lib/python3.10/site-packages/numpy/_core/numeric.py", line 26, in <module>
    from . import shape_base
  File "/home/jessica.mcdonald/miniconda3/envs/letkf_env/lib/python3.10/site-packages/numpy/_core/shape_base.py", line 12, in <module>
    from . import fromnumeric as _from_nx
  File "<frozen importlib._bootstrap>", line 1027, in _find_and_load
  File "<frozen importlib._bootstrap>", line 1006, in _find_and_load_unlocked
  File "<frozen importlib._bootstrap>", line 688, in _load_unlocked
  File "<frozen importlib._bootstrap_external>", line 879, in exec_module
  File "<frozen importlib._bootstrap_external>", line 975, in get_code
  File "<frozen importlib._bootstrap_external>", line 1074, in get_data
KeyboardInterrupt
Traceback (most recent call last):
  File "/work/jessica.mcdonald/CM1_LETKF_2025/src/stats_calc.py", line 4, in <module>
    from netCDF4 import *
  File "/home/jessica.mcdonald/miniconda3/envs/letkf_env/lib/python3.10/site-packages/netCDF4/__init__.py", line 3, in <module>
    from ._netCDF4 import *
  File "<frozen importlib._bootstrap>", line 404, in parent
KeyboardInterrupt
rm: cannot remove '/work/jessica.mcdonald/CM1_LETKF_2025/experiments/test_noref/member001/cm1out_000*.nc': No such file or directory
rm: cannot remove '/work/jessica.mcdonald/CM1_LETKF_2025/experiments/test_noref/member002/cm1out_000*.nc': No such file or directory
rm: cannot remove '/work/jessica.mcdonald/CM1_LETKF_2025/experiments/test_noref/member003/cm1out_000*.nc': No such file or directory
rm: cannot remove '/work/jessica.mcdonald/CM1_LETKF_2025/experiments/test_noref/member004/cm1out_000*.nc': No such file or directory
rm: cannot remove '/work/jessica.mcdonald/CM1_LETKF_2025/experiments/test_noref/member005/cm1out_000*.nc': No such file or directory
rm: cannot remove '/work/jessica.mcdonald/CM1_LETKF_2025/experiments/test_noref/member006/cm1out_000*.nc': No such file or directory
rm: cannot remove '/work/jessica.mcdonald/CM1_LETKF_2025/experiments/test_noref/member007/cm1out_000*.nc': No such file or directory
rm: cannot remove '/work/jessica.mcdonald/CM1_LETKF_2025/experiments/test_noref/member008/cm1out_000*.nc': No such file or directory
rm: cannot remove '/work/jessica.mcdonald/CM1_LETKF_2025/experiments/test_noref/member009/cm1out_000*.nc': No such file or directory
rm: cannot remove '/work/jessica.mcdonald/CM1_LETKF_2025/experiments/test_noref/member010/cm1out_000*.nc': No such file or directory
rm: cannot remove '/work/jessica.mcdonald/CM1_LETKF_2025/experiments/test_noref/member011/cm1out_000*.nc': No such file or directory
rm: cannot remove '/work/jessica.mcdonald/CM1_LETKF_2025/experiments/test_noref/member012/cm1out_000*.nc': No such file or directory
rm: cannot remove '/work/jessica.mcdonald/CM1_LETKF_2025/experiments/test_noref/member013/cm1out_000*.nc': No such file or directory
rm: cannot remove '/work/jessica.mcdonald/CM1_LETKF_2025/experiments/test_noref/member014/cm1out_000*.nc': No such file or directory
rm: cannot remove '/work/jessica.mcdonald/CM1_LETKF_2025/experiments/test_noref/member015/cm1out_000*.nc': No such file or directory
rm: cannot remove '/work/jessica.mcdonald/CM1_LETKF_2025/experiments/test_noref/member016/cm1out_000*.nc': No such file or directory
rm: cannot remove '/work/jessica.mcdonald/CM1_LETKF_2025/experiments/test_noref/member017/cm1out_000*.nc': No such file or directory
rm: cannot remove '/work/jessica.mcdonald/CM1_LETKF_2025/experiments/test_noref/member018/cm1out_000*.nc': No such file or directory
rm: cannot remove '/work/jessica.mcdonald/CM1_LETKF_2025/experiments/test_noref/member019/cm1out_000*.nc': No such file or directory
rm: cannot remove '/work/jessica.mcdonald/CM1_LETKF_2025/experiments/test_noref/member020/cm1out_000*.nc': No such file or directory
rm: cannot remove '/work/jessica.mcdonald/CM1_LETKF_2025/experiments/test_noref/member021/cm1out_000*.nc': No such file or directory
rm: cannot remove '/work/jessica.mcdonald/CM1_LETKF_2025/experiments/test_noref/member022/cm1out_000*.nc': No such file or directory
rm: cannot remove '/work/jessica.mcdonald/CM1_LETKF_2025/experiments/test_noref/member023/cm1out_000*.nc': No such file or directory
rm: cannot remove '/work/jessica.mcdonald/CM1_LETKF_2025/experiments/test_noref/member024/cm1out_000*.nc': No such file or directory
rm: cannot remove '/work/jessica.mcdonald/CM1_LETKF_2025/experiments/test_noref/member025/cm1out_000*.nc': No such file or directory
rm: cannot remove '/work/jessica.mcdonald/CM1_LETKF_2025/experiments/test_noref/member026/cm1out_000*.nc': No such file or directory
rm: cannot remove '/work/jessica.mcdonald/CM1_LETKF_2025/experiments/test_noref/member027/cm1out_000*.nc': No such file or directory
rm: cannot remove '/work/jessica.mcdonald/CM1_LETKF_2025/experiments/test_noref/member028/cm1out_000*.nc': No such file or directory
rm: cannot remove '/work/jessica.mcdonald/CM1_LETKF_2025/experiments/test_noref/member030/cm1out_000*.nc': No such file or directory
rm: cannot remove '/work/jessica.mcdonald/CM1_LETKF_2025/experiments/test_noref/member031/cm1out_000*.nc': No such file or directory
rm: cannot remove '/work/jessica.mcdonald/CM1_LETKF_2025/experiments/test_noref/member032/cm1out_000*.nc': No such file or directory
rm: cannot remove '/work/jessica.mcdonald/CM1_LETKF_2025/experiments/test_noref/member033/cm1out_000*.nc': No such file or directory
rm: cannot remove '/work/jessica.mcdonald/CM1_LETKF_2025/experiments/test_noref/member034/cm1out_000*.nc': No such file or directory
rm: cannot remove '/work/jessica.mcdonald/CM1_LETKF_2025/experiments/test_noref/member035/cm1out_000*.nc': No such file or directory
rm: cannot remove '/work/jessica.mcdonald/CM1_LETKF_2025/experiments/test_noref/member036/cm1out_000*.nc': No such file or directory
/work/jessica.mcdonald/CM1_LETKF_2025/src
copying over existing CM1 ensemble
 **************** 
 **************** 
 now starting time = 2024-05-08T20:00:00.000000!!!!
 **************** 
 **************** 
 now starting time = 2024-05-08T20:10:00.000000!!!!

Ended CM1 OSSE experiment
