
Beginning model set up and cook period

<<<<<===========================================================================================>>>>>>



Creating directory structure and linking/copying CM1 files


LINKIT:  ARG[0]: /work/jessica.mcdonald/CM1_LETKF_2025/cm1r21v1/run/cm1.exe  ARG[1]:  /work/jessica.mcdonald/CM1_LETKF_2025/AllExperiments/DBZ/cm1.exe
Copied /work/jessica.mcdonald/CM1_LETKF_2025/cm1r21v1/run/cm1.exe to directory  /work/jessica.mcdonald/CM1_LETKF_2025/AllExperiments/DBZ/cm1.exe
LINKIT:  ARG[0]: /work/jessica.mcdonald/CM1_LETKF_2025/cm1r21v1/run/onefile.F  ARG[1]:  /work/jessica.mcdonald/CM1_LETKF_2025/AllExperiments/DBZ/onefile.F
Copied /work/jessica.mcdonald/CM1_LETKF_2025/cm1r21v1/run/onefile.F to directory  /work/jessica.mcdonald/CM1_LETKF_2025/AllExperiments/DBZ/onefile.F
LINKIT:  ARG[0]: /work/jessica.mcdonald/CM1_LETKF_2025/cm1r21v1/run/namelist.input  ARG[1]:  /work/jessica.mcdonald/CM1_LETKF_2025/AllExperiments/DBZ/namelist.input
Copied /work/jessica.mcdonald/CM1_LETKF_2025/cm1r21v1/run/namelist.input to directory  /work/jessica.mcdonald/CM1_LETKF_2025/AllExperiments/DBZ/namelist.input
LINKIT:  ARG[0]: /work/jessica.mcdonald/CM1_LETKF_2025/cm1r21v1/run/LANDUSE.TBL  ARG[1]:  /work/jessica.mcdonald/CM1_LETKF_2025/AllExperiments/DBZ/LANDUSE.TBL
Copied /work/jessica.mcdonald/CM1_LETKF_2025/cm1r21v1/run/LANDUSE.TBL to directory  /work/jessica.mcdonald/CM1_LETKF_2025/AllExperiments/DBZ/LANDUSE.TBL
LINKIT:  ARG[0]: /work/jessica.mcdonald/CM1_LETKF_2025/run_soundings  ARG[1]:  /work/jessica.mcdonald/CM1_LETKF_2025/AllExperiments/DBZ/run_soundings
Copied /work/jessica.mcdonald/CM1_LETKF_2025/run_soundings to directory  /work/jessica.mcdonald/CM1_LETKF_2025/AllExperiments/DBZ/run_soundings
&param0
    nx = 60
    ny = 60
    nz = 32
    ppnode = 25
    timeformat = 2
    timestats = 1
    terrain_flag = .false.
    procfiles = .false.
    outunits = 1
/

&param1
    dx = 2000.0
    dy = 2000.0
    dz = 500.0
    dtl = 7.5
    timax = 5400.0
    run_time = -999.9
    tapfrq = 90000.0
    rstfrq = -3600.0
    statfrq = 60.0
    prclfrq = 60.0
/

&param2
    cm1setup = 1
    testcase = 0
    adapt_dt = 0
    irst = 0
    rstnum = 1
    iconly = 0
    hadvordrs = 5
    vadvordrs = 5
    hadvordrv = 5
    vadvordrv = 5
    advwenos = 2
    advwenov = 0
    weno_order = 5
    apmasscon = 1
    idiff = 0
    mdiff = 0
    difforder = 6
    imoist = 1
    ipbl = 0
    sgsmodel = 1
    tconfig = 1
    bcturbs = 1
    horizturb = 0
    doimpl = 1
    irdamp = 1
    hrdamp = 0
    psolver = 3
    ptype = 5
    ihail = 1
    iautoc = 1
    cuparam = 0
    icor = 0
    betaplane = 0
    lspgrad = 0
    eqtset = 2
    idiss = 1
    efall = 0
    rterm = 0
    wbc = 2
    ebc = 2
    sbc = 2
    nbc = 2
    bbc = 1
    tbc = 1
    irbc = 4
    roflux = 0
    nudgeobc = 0
    isnd = 5
    iwnd = 2
    itern = 0
    iinit = 1
    irandp = 0
    ibalance = 0
    iorigin = 2
    axisymm = 0
    imove = 1
    iptra = 0
    npt = 1
    pdtra = 1
    iprcl = 0
    nparcels = 1
/

&param3
    kdiff2 = 75.0
    kdiff6 = 0.04
    fcor = 5e-05
    kdiv = 0.1
    alph = 0.6
    rdalpha = 0.0033333333333
    zd = 15000.0
    xhd = 100000.0
    alphobc = 60.0
    umove = 12.5
    vmove = 3.0
    v_t = 7.0
    l_h = 100.0
    lhref1 = 100.0
    lhref2 = 1000.0
    l_inf = 75.0
    ndcnst = 250.0
    nt_c = 250.0
    csound = 300.0
    cstar = 30.0
/

&param11
    radopt = 0
    dtrad = 300.0
    ctrlat = 36.68
    ctrlon = -98.35
    year = 2009
    month = 5
    day = 15
    hour = 21
    minute = 38
    second = 0
/

&param12
    isfcflx = 0
    sfcmodel = 0
    oceanmodel = 0
    initsfc = 1
    tsk0 = 299.28
    tmn0 = 297.28
    xland0 = 2.0
    lu0 = 16
    season = 1
    cecd = 3
    pertflx = 0
    cnstce = 0.001
    cnstcd = 0.001
    isftcflx = 0
    iz0tlnd = 0
    oml_hml0 = 50.0
    oml_gamma = 0.14
    set_flx = 0
    cnst_shflx = 0.24
    cnst_lhflx = 5.2e-05
    set_znt = 0
    cnst_znt = 0.16
    set_ust = 0
    cnst_ust = 0.25
    ramp_sgs = 1
    ramp_time = 1800.0
    t2p_avg = 1
/

&param4
    stretch_x = 0
    dx_inner = 1000.0
    dx_outer = 7000.0
    nos_x_len = 40000.0
    tot_x_len = 120000.0
/

&param5
    stretch_y = 0
    dy_inner = 1000.0
    dy_outer = 7000.0
    nos_y_len = 40000.0
    tot_y_len = 120000.0
/

&param6
    stretch_z = 0
    ztop = 18000.0
    str_bot = 0.0
    str_top = 2000.0
    dz_bot = 125.0
    dz_top = 500.0
/

&param7
    bc_temp = 1
    ptc_top = 250.0
    ptc_bot = 300.0
    viscosity = 25.0
    pr_num = 0.72
/

&param8
    var1 = 0.0
    var2 = 0.0
    var3 = 0.0
    var4 = 0.0
    var5 = 0.0
    var6 = 0.0
    var7 = 0.0
    var8 = 0.0
    var9 = 0.0
    var10 = 0.0
    var11 = 0.0
    var12 = 0.0
    var13 = 0.0
    var14 = 0.0
    var15 = 0.0
    var16 = 0.0
    var17 = 0.0
    var18 = 0.0
    var19 = 0.0
    var20 = 0.0
/

&param9
    output_format = 1
    output_filetype = 1
    output_interp = 0
    output_rain = 1
    output_sws = 1
    output_svs = 1
    output_sps = 1
    output_srs = 1
    output_sgs = 1
    output_sus = 1
    output_shs = 1
    output_coldpool = 0
    output_sfcflx = 0
    output_sfcparams = 0
    output_sfcdiags = 0
    output_psfc = 0
    output_zs = 0
    output_zh = 0
    output_basestate = 0
    output_th = 1
    output_thpert = 0
    output_prs = 1
    output_prspert = 0
    output_pi = 0
    output_pipert = 0
    output_rho = 0
    output_rhopert = 0
    output_tke = 0
    output_km = 0
    output_kh = 0
    output_qv = 1
    output_qvpert = 0
    output_q = 1
    output_dbz = 1
    output_buoyancy = 0
    output_u = 1
    output_upert = 0
    output_uinterp = 1
    output_v = 1
    output_vpert = 0
    output_vinterp = 1
    output_w = 1
    output_winterp = 1
    output_vort = 0
    output_pv = 0
    output_uh = 0
    output_pblten = 0
    output_dissten = 0
    output_fallvel = 0
    output_nm = 0
    output_def = 0
    output_radten = 0
    output_cape = 0
    output_cin = 0
    output_lcl = 0
    output_lfc = 0
    output_pwat = 0
    output_lwp = 0
    output_thbudget = 0
    output_qvbudget = 0
    output_ubudget = 0
    output_vbudget = 0
    output_wbudget = 0
    output_pdcomp = 0
/

&param16
    restart_format = 2
    restart_filetype = 2
    restart_reset_frqtim = .true.
    restart_file_theta = .true.
    restart_file_dbz = .true.
    restart_file_th0 = .false.
    restart_file_prs0 = .false.
    restart_file_pi0 = .true.
    restart_file_rho0 = .false.
    restart_file_qv0 = .false.
    restart_file_u0 = .false.
    restart_file_v0 = .false.
    restart_file_zs = .false.
    restart_file_zh = .false.
    restart_file_zf = .false.
    restart_file_diags = .false.
    restart_use_theta = .true.
/

&param10
    stat_w = 1
    stat_wlevs = 1
    stat_u = 1
    stat_v = 1
    stat_rmw = 1
    stat_pipert = 1
    stat_prspert = 1
    stat_thpert = 1
    stat_q = 1
    stat_tke = 1
    stat_km = 1
    stat_kh = 1
    stat_div = 1
    stat_rh = 1
    stat_rhi = 1
    stat_the = 1
    stat_cloud = 1
    stat_sfcprs = 1
    stat_wsp = 1
    stat_cfl = 1
    stat_vort = 1
    stat_tmass = 1
    stat_tmois = 1
    stat_qmass = 1
    stat_tenerg = 1
    stat_mo = 1
    stat_tmf = 1
    stat_pcn = 1
    stat_qsrc = 1
/

&param13
    prcl_th = 1
    prcl_t = 1
    prcl_prs = 1
    prcl_ptra = 1
    prcl_q = 1
    prcl_nc = 1
    prcl_km = 1
    prcl_kh = 1
    prcl_tke = 1
    prcl_dbz = 1
    prcl_b = 1
    prcl_vpg = 1
    prcl_vort = 1
    prcl_rho = 1
    prcl_qsat = 1
    prcl_sfc = 1
/

&param14
    dodomaindiag = .false.
    diagfrq = 60.0
/

&param15
    doazimavg = .false.
    azimavgfrq = 3600.0
    rlen = 300000.0
    do_adapt_move = .false.
    adapt_move_frq = 3600.0
/

&param17
    les_subdomain_shape = 1
    les_subdomain_xlen = 200000.0
    les_subdomain_ylen = 200000.0
    les_subdomain_dlen = 200000.0
    les_subdomain_trnslen = 5000.0
/

&param18
    do_recycle_w = .false.
    do_recycle_s = .false.
    do_recycle_e = .false.
    do_recycle_n = .false.
    recycle_width_dx = 6.0
    recycle_depth_m = 1500.0
    recycle_cap_loc_m = 4000.0
    recycle_inj_loc_m = 0.0
/

&param19
    do_lsnudge = .false.
    do_lsnudge_u = .false.
    do_lsnudge_v = .false.
    do_lsnudge_th = .false.
    do_lsnudge_qv = .false.
    lsnudge_tau = 1800.0
    lsnudge_start = 3600.0
    lsnudge_end = 7200.0
    lsnudge_ramp_time = 600.0
/

&param20
    do_ib = .false.
    ib_init = 4
    top_cd = 0.4
    side_cd = 0.4
/

&param21
    hurr_vg = 40.0
    hurr_rad = 40000.0
    hurr_vgpl = -0.7
    hurr_rotate = 0.0
/

&nssl2mom_params
    alphah = 0
    alphahl = 0.5
    ccn = 600000000.0
    cnor = 8000000.0
    cnoh = 40000.0
/
LINKIT:  ARG[0]: /work/jessica.mcdonald/CM1_LETKF_2025/AllExperiments/DBZ/cm1.exe  ARG[1]:  /work/jessica.mcdonald/CM1_LETKF_2025/AllExperiments/DBZ/member001/cm1.exe
Copied /work/jessica.mcdonald/CM1_LETKF_2025/AllExperiments/DBZ/cm1.exe to directory  /work/jessica.mcdonald/CM1_LETKF_2025/AllExperiments/DBZ/member001/cm1.exe
LINKIT:  ARG[0]: /work/jessica.mcdonald/CM1_LETKF_2025/AllExperiments/DBZ/onefile.F  ARG[1]:  /work/jessica.mcdonald/CM1_LETKF_2025/AllExperiments/DBZ/member001/onefile.F
Linked /work/jessica.mcdonald/CM1_LETKF_2025/AllExperiments/DBZ/onefile.F to directory  /work/jessica.mcdonald/CM1_LETKF_2025/AllExperiments/DBZ/member001/onefile.F
LINKIT:  ARG[0]: /work/jessica.mcdonald/CM1_LETKF_2025/AllExperiments/DBZ/namelist.input  ARG[1]:  /work/jessica.mcdonald/CM1_LETKF_2025/AllExperiments/DBZ/member001/namelist.input
Linked /work/jessica.mcdonald/CM1_LETKF_2025/AllExperiments/DBZ/namelist.input to directory  /work/jessica.mcdonald/CM1_LETKF_2025/AllExperiments/DBZ/member001/namelist.input
LINKIT:  ARG[0]: /work/jessica.mcdonald/CM1_LETKF_2025/AllExperiments/DBZ/LANDUSE.TBL  ARG[1]:  /work/jessica.mcdonald/CM1_LETKF_2025/AllExperiments/DBZ/member001/LANDUSE.TBL
Linked /work/jessica.mcdonald/CM1_LETKF_2025/AllExperiments/DBZ/LANDUSE.TBL to directory  /work/jessica.mcdonald/CM1_LETKF_2025/AllExperiments/DBZ/member001/LANDUSE.TBL
LINKIT:  ARG[0]: /work/jessica.mcdonald/CM1_LETKF_2025/AllExperiments/DBZ/run_soundings/Run00Sounding.txt  ARG[1]:  /work/jessica.mcdonald/CM1_LETKF_2025/AllExperiments/DBZ/member001/input_sounding
Copied /work/jessica.mcdonald/CM1_LETKF_2025/AllExperiments/DBZ/run_soundings/Run00Sounding.txt to directory  /work/jessica.mcdonald/CM1_LETKF_2025/AllExperiments/DBZ/member001/input_sounding
LINKIT:  ARG[0]: /work/jessica.mcdonald/CM1_LETKF_2025/AllExperiments/DBZ/cm1.exe  ARG[1]:  /work/jessica.mcdonald/CM1_LETKF_2025/AllExperiments/DBZ/member002/cm1.exe
Copied /work/jessica.mcdonald/CM1_LETKF_2025/AllExperiments/DBZ/cm1.exe to directory  /work/jessica.mcdonald/CM1_LETKF_2025/AllExperiments/DBZ/member002/cm1.exe
LINKIT:  ARG[0]: /work/jessica.mcdonald/CM1_LETKF_2025/AllExperiments/DBZ/onefile.F  ARG[1]:  /work/jessica.mcdonald/CM1_LETKF_2025/AllExperiments/DBZ/member002/onefile.F
Linked /work/jessica.mcdonald/CM1_LETKF_2025/AllExperiments/DBZ/onefile.F to directory  /work/jessica.mcdonald/CM1_LETKF_2025/AllExperiments/DBZ/member002/onefile.F
LINKIT:  ARG[0]: /work/jessica.mcdonald/CM1_LETKF_2025/AllExperiments/DBZ/namelist.input  ARG[1]:  /work/jessica.mcdonald/CM1_LETKF_2025/AllExperiments/DBZ/member002/namelist.input
Linked /work/jessica.mcdonald/CM1_LETKF_2025/AllExperiments/DBZ/namelist.input to directory  /work/jessica.mcdonald/CM1_LETKF_2025/AllExperiments/DBZ/member002/namelist.input
LINKIT:  ARG[0]: /work/jessica.mcdonald/CM1_LETKF_2025/AllExperiments/DBZ/LANDUSE.TBL  ARG[1]:  /work/jessica.mcdonald/CM1_LETKF_2025/AllExperiments/DBZ/member002/LANDUSE.TBL
Linked /work/jessica.mcdonald/CM1_LETKF_2025/AllExperiments/DBZ/LANDUSE.TBL to directory  /work/jessica.mcdonald/CM1_LETKF_2025/AllExperiments/DBZ/member002/LANDUSE.TBL
LINKIT:  ARG[0]: /work/jessica.mcdonald/CM1_LETKF_2025/AllExperiments/DBZ/run_soundings/Run01Sounding.txt  ARG[1]:  /work/jessica.mcdonald/CM1_LETKF_2025/AllExperiments/DBZ/member002/input_sounding
Copied /work/jessica.mcdonald/CM1_LETKF_2025/AllExperiments/DBZ/run_soundings/Run01Sounding.txt to directory  /work/jessica.mcdonald/CM1_LETKF_2025/AllExperiments/DBZ/member002/input_sounding
LINKIT:  ARG[0]: /work/jessica.mcdonald/CM1_LETKF_2025/AllExperiments/DBZ/cm1.exe  ARG[1]:  /work/jessica.mcdonald/CM1_LETKF_2025/AllExperiments/DBZ/member003/cm1.exe
Copied /work/jessica.mcdonald/CM1_LETKF_2025/AllExperiments/DBZ/cm1.exe to directory  /work/jessica.mcdonald/CM1_LETKF_2025/AllExperiments/DBZ/member003/cm1.exe
LINKIT:  ARG[0]: /work/jessica.mcdonald/CM1_LETKF_2025/AllExperiments/DBZ/onefile.F  ARG[1]:  /work/jessica.mcdonald/CM1_LETKF_2025/AllExperiments/DBZ/member003/onefile.F
Linked /work/jessica.mcdonald/CM1_LETKF_2025/AllExperiments/DBZ/onefile.F to directory  /work/jessica.mcdonald/CM1_LETKF_2025/AllExperiments/DBZ/member003/onefile.F
LINKIT:  ARG[0]: /work/jessica.mcdonald/CM1_LETKF_2025/AllExperiments/DBZ/namelist.input  ARG[1]:  /work/jessica.mcdonald/CM1_LETKF_2025/AllExperiments/DBZ/member003/namelist.input
Linked /work/jessica.mcdonald/CM1_LETKF_2025/AllExperiments/DBZ/namelist.input to directory  /work/jessica.mcdonald/CM1_LETKF_2025/AllExperiments/DBZ/member003/namelist.input
LINKIT:  ARG[0]: /work/jessica.mcdonald/CM1_LETKF_2025/AllExperiments/DBZ/LANDUSE.TBL  ARG[1]:  /work/jessica.mcdonald/CM1_LETKF_2025/AllExperiments/DBZ/member003/LANDUSE.TBL
Linked /work/jessica.mcdonald/CM1_LETKF_2025/AllExperiments/DBZ/LANDUSE.TBL to directory  /work/jessica.mcdonald/CM1_LETKF_2025/AllExperiments/DBZ/member003/LANDUSE.TBL
LINKIT:  ARG[0]: /work/jessica.mcdonald/CM1_LETKF_2025/AllExperiments/DBZ/run_soundings/Run02Sounding.txt  ARG[1]:  /work/jessica.mcdonald/CM1_LETKF_2025/AllExperiments/DBZ/member003/input_sounding
Copied /work/jessica.mcdonald/CM1_LETKF_2025/AllExperiments/DBZ/run_soundings/Run02Sounding.txt to directory  /work/jessica.mcdonald/CM1_LETKF_2025/AllExperiments/DBZ/member003/input_sounding
LINKIT:  ARG[0]: /work/jessica.mcdonald/CM1_LETKF_2025/AllExperiments/DBZ/cm1.exe  ARG[1]:  /work/jessica.mcdonald/CM1_LETKF_2025/AllExperiments/DBZ/member004/cm1.exe
Copied /work/jessica.mcdonald/CM1_LETKF_2025/AllExperiments/DBZ/cm1.exe to directory  /work/jessica.mcdonald/CM1_LETKF_2025/AllExperiments/DBZ/member004/cm1.exe
LINKIT:  ARG[0]: /work/jessica.mcdonald/CM1_LETKF_2025/AllExperiments/DBZ/onefile.F  ARG[1]:  /work/jessica.mcdonald/CM1_LETKF_2025/AllExperiments/DBZ/member004/onefile.F
Linked /work/jessica.mcdonald/CM1_LETKF_2025/AllExperiments/DBZ/onefile.F to directory  /work/jessica.mcdonald/CM1_LETKF_2025/AllExperiments/DBZ/member004/onefile.F
LINKIT:  ARG[0]: /work/jessica.mcdonald/CM1_LETKF_2025/AllExperiments/DBZ/namelist.input  ARG[1]:  /work/jessica.mcdonald/CM1_LETKF_2025/AllExperiments/DBZ/member004/namelist.input
Linked /work/jessica.mcdonald/CM1_LETKF_2025/AllExperiments/DBZ/namelist.input to directory  /work/jessica.mcdonald/CM1_LETKF_2025/AllExperiments/DBZ/member004/namelist.input
LINKIT:  ARG[0]: /work/jessica.mcdonald/CM1_LETKF_2025/AllExperiments/DBZ/LANDUSE.TBL  ARG[1]:  /work/jessica.mcdonald/CM1_LETKF_2025/AllExperiments/DBZ/member004/LANDUSE.TBL
Linked /work/jessica.mcdonald/CM1_LETKF_2025/AllExperiments/DBZ/LANDUSE.TBL to directory  /work/jessica.mcdonald/CM1_LETKF_2025/AllExperiments/DBZ/member004/LANDUSE.TBL
LINKIT:  ARG[0]: /work/jessica.mcdonald/CM1_LETKF_2025/AllExperiments/DBZ/run_soundings/Run03Sounding.txt  ARG[1]:  /work/jessica.mcdonald/CM1_LETKF_2025/AllExperiments/DBZ/member004/input_sounding
Copied /work/jessica.mcdonald/CM1_LETKF_2025/AllExperiments/DBZ/run_soundings/Run03Sounding.txt to directory  /work/jessica.mcdonald/CM1_LETKF_2025/AllExperiments/DBZ/member004/input_sounding
LINKIT:  ARG[0]: /work/jessica.mcdonald/CM1_LETKF_2025/AllExperiments/DBZ/cm1.exe  ARG[1]:  /work/jessica.mcdonald/CM1_LETKF_2025/AllExperiments/DBZ/member005/cm1.exe
Copied /work/jessica.mcdonald/CM1_LETKF_2025/AllExperiments/DBZ/cm1.exe to directory  /work/jessica.mcdonald/CM1_LETKF_2025/AllExperiments/DBZ/member005/cm1.exe
LINKIT:  ARG[0]: /work/jessica.mcdonald/CM1_LETKF_2025/AllExperiments/DBZ/onefile.F  ARG[1]:  /work/jessica.mcdonald/CM1_LETKF_2025/AllExperiments/DBZ/member005/onefile.F
Linked /work/jessica.mcdonald/CM1_LETKF_2025/AllExperiments/DBZ/onefile.F to directory  /work/jessica.mcdonald/CM1_LETKF_2025/AllExperiments/DBZ/member005/onefile.F
LINKIT:  ARG[0]: /work/jessica.mcdonald/CM1_LETKF_2025/AllExperiments/DBZ/namelist.input  ARG[1]:  /work/jessica.mcdonald/CM1_LETKF_2025/AllExperiments/DBZ/member005/namelist.input
Linked /work/jessica.mcdonald/CM1_LETKF_2025/AllExperiments/DBZ/namelist.input to directory  /work/jessica.mcdonald/CM1_LETKF_2025/AllExperiments/DBZ/member005/namelist.input
LINKIT:  ARG[0]: /work/jessica.mcdonald/CM1_LETKF_2025/AllExperiments/DBZ/LANDUSE.TBL  ARG[1]:  /work/jessica.mcdonald/CM1_LETKF_2025/AllExperiments/DBZ/member005/LANDUSE.TBL
Linked /work/jessica.mcdonald/CM1_LETKF_2025/AllExperiments/DBZ/LANDUSE.TBL to directory  /work/jessica.mcdonald/CM1_LETKF_2025/AllExperiments/DBZ/member005/LANDUSE.TBL
LINKIT:  ARG[0]: /work/jessica.mcdonald/CM1_LETKF_2025/AllExperiments/DBZ/run_soundings/Run04Sounding.txt  ARG[1]:  /work/jessica.mcdonald/CM1_LETKF_2025/AllExperiments/DBZ/member005/input_sounding
Copied /work/jessica.mcdonald/CM1_LETKF_2025/AllExperiments/DBZ/run_soundings/Run04Sounding.txt to directory  /work/jessica.mcdonald/CM1_LETKF_2025/AllExperiments/DBZ/member005/input_sounding
LINKIT:  ARG[0]: /work/jessica.mcdonald/CM1_LETKF_2025/AllExperiments/DBZ/cm1.exe  ARG[1]:  /work/jessica.mcdonald/CM1_LETKF_2025/AllExperiments/DBZ/member006/cm1.exe
Copied /work/jessica.mcdonald/CM1_LETKF_2025/AllExperiments/DBZ/cm1.exe to directory  /work/jessica.mcdonald/CM1_LETKF_2025/AllExperiments/DBZ/member006/cm1.exe
LINKIT:  ARG[0]: /work/jessica.mcdonald/CM1_LETKF_2025/AllExperiments/DBZ/onefile.F  ARG[1]:  /work/jessica.mcdonald/CM1_LETKF_2025/AllExperiments/DBZ/member006/onefile.F
Linked /work/jessica.mcdonald/CM1_LETKF_2025/AllExperiments/DBZ/onefile.F to directory  /work/jessica.mcdonald/CM1_LETKF_2025/AllExperiments/DBZ/member006/onefile.F
LINKIT:  ARG[0]: /work/jessica.mcdonald/CM1_LETKF_2025/AllExperiments/DBZ/namelist.input  ARG[1]:  /work/jessica.mcdonald/CM1_LETKF_2025/AllExperiments/DBZ/member006/namelist.input
Linked /work/jessica.mcdonald/CM1_LETKF_2025/AllExperiments/DBZ/namelist.input to directory  /work/jessica.mcdonald/CM1_LETKF_2025/AllExperiments/DBZ/member006/namelist.input
LINKIT:  ARG[0]: /work/jessica.mcdonald/CM1_LETKF_2025/AllExperiments/DBZ/LANDUSE.TBL  ARG[1]:  /work/jessica.mcdonald/CM1_LETKF_2025/AllExperiments/DBZ/member006/LANDUSE.TBL
Linked /work/jessica.mcdonald/CM1_LETKF_2025/AllExperiments/DBZ/LANDUSE.TBL to directory  /work/jessica.mcdonald/CM1_LETKF_2025/AllExperiments/DBZ/member006/LANDUSE.TBL
LINKIT:  ARG[0]: /work/jessica.mcdonald/CM1_LETKF_2025/AllExperiments/DBZ/run_soundings/Run05Sounding.txt  ARG[1]:  /work/jessica.mcdonald/CM1_LETKF_2025/AllExperiments/DBZ/member006/input_sounding
Copied /work/jessica.mcdonald/CM1_LETKF_2025/AllExperiments/DBZ/run_soundings/Run05Sounding.txt to directory  /work/jessica.mcdonald/CM1_LETKF_2025/AllExperiments/DBZ/member006/input_sounding
LINKIT:  ARG[0]: /work/jessica.mcdonald/CM1_LETKF_2025/AllExperiments/DBZ/cm1.exe  ARG[1]:  /work/jessica.mcdonald/CM1_LETKF_2025/AllExperiments/DBZ/member007/cm1.exe
Copied /work/jessica.mcdonald/CM1_LETKF_2025/AllExperiments/DBZ/cm1.exe to directory  /work/jessica.mcdonald/CM1_LETKF_2025/AllExperiments/DBZ/member007/cm1.exe
LINKIT:  ARG[0]: /work/jessica.mcdonald/CM1_LETKF_2025/AllExperiments/DBZ/onefile.F  ARG[1]:  /work/jessica.mcdonald/CM1_LETKF_2025/AllExperiments/DBZ/member007/onefile.F
Linked /work/jessica.mcdonald/CM1_LETKF_2025/AllExperiments/DBZ/onefile.F to directory  /work/jessica.mcdonald/CM1_LETKF_2025/AllExperiments/DBZ/member007/onefile.F
LINKIT:  ARG[0]: /work/jessica.mcdonald/CM1_LETKF_2025/AllExperiments/DBZ/namelist.input  ARG[1]:  /work/jessica.mcdonald/CM1_LETKF_2025/AllExperiments/DBZ/member007/namelist.input
Linked /work/jessica.mcdonald/CM1_LETKF_2025/AllExperiments/DBZ/namelist.input to directory  /work/jessica.mcdonald/CM1_LETKF_2025/AllExperiments/DBZ/member007/namelist.input
LINKIT:  ARG[0]: /work/jessica.mcdonald/CM1_LETKF_2025/AllExperiments/DBZ/LANDUSE.TBL  ARG[1]:  /work/jessica.mcdonald/CM1_LETKF_2025/AllExperiments/DBZ/member007/LANDUSE.TBL
Linked /work/jessica.mcdonald/CM1_LETKF_2025/AllExperiments/DBZ/LANDUSE.TBL to directory  /work/jessica.mcdonald/CM1_LETKF_2025/AllExperiments/DBZ/member007/LANDUSE.TBL
LINKIT:  ARG[0]: /work/jessica.mcdonald/CM1_LETKF_2025/AllExperiments/DBZ/run_soundings/Run06Sounding.txt  ARG[1]:  /work/jessica.mcdonald/CM1_LETKF_2025/AllExperiments/DBZ/member007/input_sounding
Copied /work/jessica.mcdonald/CM1_LETKF_2025/AllExperiments/DBZ/run_soundings/Run06Sounding.txt to directory  /work/jessica.mcdonald/CM1_LETKF_2025/AllExperiments/DBZ/member007/input_sounding
LINKIT:  ARG[0]: /work/jessica.mcdonald/CM1_LETKF_2025/AllExperiments/DBZ/cm1.exe  ARG[1]:  /work/jessica.mcdonald/CM1_LETKF_2025/AllExperiments/DBZ/member008/cm1.exe
Copied /work/jessica.mcdonald/CM1_LETKF_2025/AllExperiments/DBZ/cm1.exe to directory  /work/jessica.mcdonald/CM1_LETKF_2025/AllExperiments/DBZ/member008/cm1.exe
LINKIT:  ARG[0]: /work/jessica.mcdonald/CM1_LETKF_2025/AllExperiments/DBZ/onefile.F  ARG[1]:  /work/jessica.mcdonald/CM1_LETKF_2025/AllExperiments/DBZ/member008/onefile.F
Linked /work/jessica.mcdonald/CM1_LETKF_2025/AllExperiments/DBZ/onefile.F to directory  /work/jessica.mcdonald/CM1_LETKF_2025/AllExperiments/DBZ/member008/onefile.F
LINKIT:  ARG[0]: /work/jessica.mcdonald/CM1_LETKF_2025/AllExperiments/DBZ/namelist.input  ARG[1]:  /work/jessica.mcdonald/CM1_LETKF_2025/AllExperiments/DBZ/member008/namelist.input
Linked /work/jessica.mcdonald/CM1_LETKF_2025/AllExperiments/DBZ/namelist.input to directory  /work/jessica.mcdonald/CM1_LETKF_2025/AllExperiments/DBZ/member008/namelist.input
LINKIT:  ARG[0]: /work/jessica.mcdonald/CM1_LETKF_2025/AllExperiments/DBZ/LANDUSE.TBL  ARG[1]:  /work/jessica.mcdonald/CM1_LETKF_2025/AllExperiments/DBZ/member008/LANDUSE.TBL
Linked /work/jessica.mcdonald/CM1_LETKF_2025/AllExperiments/DBZ/LANDUSE.TBL to directory  /work/jessica.mcdonald/CM1_LETKF_2025/AllExperiments/DBZ/member008/LANDUSE.TBL
LINKIT:  ARG[0]: /work/jessica.mcdonald/CM1_LETKF_2025/AllExperiments/DBZ/run_soundings/Run07Sounding.txt  ARG[1]:  /work/jessica.mcdonald/CM1_LETKF_2025/AllExperiments/DBZ/member008/input_sounding
Copied /work/jessica.mcdonald/CM1_LETKF_2025/AllExperiments/DBZ/run_soundings/Run07Sounding.txt to directory  /work/jessica.mcdonald/CM1_LETKF_2025/AllExperiments/DBZ/member008/input_sounding
LINKIT:  ARG[0]: /work/jessica.mcdonald/CM1_LETKF_2025/AllExperiments/DBZ/cm1.exe  ARG[1]:  /work/jessica.mcdonald/CM1_LETKF_2025/AllExperiments/DBZ/member009/cm1.exe
Copied /work/jessica.mcdonald/CM1_LETKF_2025/AllExperiments/DBZ/cm1.exe to directory  /work/jessica.mcdonald/CM1_LETKF_2025/AllExperiments/DBZ/member009/cm1.exe
LINKIT:  ARG[0]: /work/jessica.mcdonald/CM1_LETKF_2025/AllExperiments/DBZ/onefile.F  ARG[1]:  /work/jessica.mcdonald/CM1_LETKF_2025/AllExperiments/DBZ/member009/onefile.F
Linked /work/jessica.mcdonald/CM1_LETKF_2025/AllExperiments/DBZ/onefile.F to directory  /work/jessica.mcdonald/CM1_LETKF_2025/AllExperiments/DBZ/member009/onefile.F
LINKIT:  ARG[0]: /work/jessica.mcdonald/CM1_LETKF_2025/AllExperiments/DBZ/namelist.input  ARG[1]:  /work/jessica.mcdonald/CM1_LETKF_2025/AllExperiments/DBZ/member009/namelist.input
Linked /work/jessica.mcdonald/CM1_LETKF_2025/AllExperiments/DBZ/namelist.input to directory  /work/jessica.mcdonald/CM1_LETKF_2025/AllExperiments/DBZ/member009/namelist.input
LINKIT:  ARG[0]: /work/jessica.mcdonald/CM1_LETKF_2025/AllExperiments/DBZ/LANDUSE.TBL  ARG[1]:  /work/jessica.mcdonald/CM1_LETKF_2025/AllExperiments/DBZ/member009/LANDUSE.TBL
Linked /work/jessica.mcdonald/CM1_LETKF_2025/AllExperiments/DBZ/LANDUSE.TBL to directory  /work/jessica.mcdonald/CM1_LETKF_2025/AllExperiments/DBZ/member009/LANDUSE.TBL
LINKIT:  ARG[0]: /work/jessica.mcdonald/CM1_LETKF_2025/AllExperiments/DBZ/run_soundings/Run08Sounding.txt  ARG[1]:  /work/jessica.mcdonald/CM1_LETKF_2025/AllExperiments/DBZ/member009/input_sounding
Copied /work/jessica.mcdonald/CM1_LETKF_2025/AllExperiments/DBZ/run_soundings/Run08Sounding.txt to directory  /work/jessica.mcdonald/CM1_LETKF_2025/AllExperiments/DBZ/member009/input_sounding
LINKIT:  ARG[0]: /work/jessica.mcdonald/CM1_LETKF_2025/AllExperiments/DBZ/cm1.exe  ARG[1]:  /work/jessica.mcdonald/CM1_LETKF_2025/AllExperiments/DBZ/member010/cm1.exe
Copied /work/jessica.mcdonald/CM1_LETKF_2025/AllExperiments/DBZ/cm1.exe to directory  /work/jessica.mcdonald/CM1_LETKF_2025/AllExperiments/DBZ/member010/cm1.exe
LINKIT:  ARG[0]: /work/jessica.mcdonald/CM1_LETKF_2025/AllExperiments/DBZ/onefile.F  ARG[1]:  /work/jessica.mcdonald/CM1_LETKF_2025/AllExperiments/DBZ/member010/onefile.F
Linked /work/jessica.mcdonald/CM1_LETKF_2025/AllExperiments/DBZ/onefile.F to directory  /work/jessica.mcdonald/CM1_LETKF_2025/AllExperiments/DBZ/member010/onefile.F
LINKIT:  ARG[0]: /work/jessica.mcdonald/CM1_LETKF_2025/AllExperiments/DBZ/namelist.input  ARG[1]:  /work/jessica.mcdonald/CM1_LETKF_2025/AllExperiments/DBZ/member010/namelist.input
Linked /work/jessica.mcdonald/CM1_LETKF_2025/AllExperiments/DBZ/namelist.input to directory  /work/jessica.mcdonald/CM1_LETKF_2025/AllExperiments/DBZ/member010/namelist.input
LINKIT:  ARG[0]: /work/jessica.mcdonald/CM1_LETKF_2025/AllExperiments/DBZ/LANDUSE.TBL  ARG[1]:  /work/jessica.mcdonald/CM1_LETKF_2025/AllExperiments/DBZ/member010/LANDUSE.TBL
Linked /work/jessica.mcdonald/CM1_LETKF_2025/AllExperiments/DBZ/LANDUSE.TBL to directory  /work/jessica.mcdonald/CM1_LETKF_2025/AllExperiments/DBZ/member010/LANDUSE.TBL
LINKIT:  ARG[0]: /work/jessica.mcdonald/CM1_LETKF_2025/AllExperiments/DBZ/run_soundings/Run09Sounding.txt  ARG[1]:  /work/jessica.mcdonald/CM1_LETKF_2025/AllExperiments/DBZ/member010/input_sounding
Copied /work/jessica.mcdonald/CM1_LETKF_2025/AllExperiments/DBZ/run_soundings/Run09Sounding.txt to directory  /work/jessica.mcdonald/CM1_LETKF_2025/AllExperiments/DBZ/member010/input_sounding
LINKIT:  ARG[0]: /work/jessica.mcdonald/CM1_LETKF_2025/AllExperiments/DBZ/cm1.exe  ARG[1]:  /work/jessica.mcdonald/CM1_LETKF_2025/AllExperiments/DBZ/member011/cm1.exe
Copied /work/jessica.mcdonald/CM1_LETKF_2025/AllExperiments/DBZ/cm1.exe to directory  /work/jessica.mcdonald/CM1_LETKF_2025/AllExperiments/DBZ/member011/cm1.exe
LINKIT:  ARG[0]: /work/jessica.mcdonald/CM1_LETKF_2025/AllExperiments/DBZ/onefile.F  ARG[1]:  /work/jessica.mcdonald/CM1_LETKF_2025/AllExperiments/DBZ/member011/onefile.F
Linked /work/jessica.mcdonald/CM1_LETKF_2025/AllExperiments/DBZ/onefile.F to directory  /work/jessica.mcdonald/CM1_LETKF_2025/AllExperiments/DBZ/member011/onefile.F
LINKIT:  ARG[0]: /work/jessica.mcdonald/CM1_LETKF_2025/AllExperiments/DBZ/namelist.input  ARG[1]:  /work/jessica.mcdonald/CM1_LETKF_2025/AllExperiments/DBZ/member011/namelist.input
Linked /work/jessica.mcdonald/CM1_LETKF_2025/AllExperiments/DBZ/namelist.input to directory  /work/jessica.mcdonald/CM1_LETKF_2025/AllExperiments/DBZ/member011/namelist.input
LINKIT:  ARG[0]: /work/jessica.mcdonald/CM1_LETKF_2025/AllExperiments/DBZ/LANDUSE.TBL  ARG[1]:  /work/jessica.mcdonald/CM1_LETKF_2025/AllExperiments/DBZ/member011/LANDUSE.TBL
Linked /work/jessica.mcdonald/CM1_LETKF_2025/AllExperiments/DBZ/LANDUSE.TBL to directory  /work/jessica.mcdonald/CM1_LETKF_2025/AllExperiments/DBZ/member011/LANDUSE.TBL
LINKIT:  ARG[0]: /work/jessica.mcdonald/CM1_LETKF_2025/AllExperiments/DBZ/run_soundings/Run10Sounding.txt  ARG[1]:  /work/jessica.mcdonald/CM1_LETKF_2025/AllExperiments/DBZ/member011/input_sounding
Copied /work/jessica.mcdonald/CM1_LETKF_2025/AllExperiments/DBZ/run_soundings/Run10Sounding.txt to directory  /work/jessica.mcdonald/CM1_LETKF_2025/AllExperiments/DBZ/member011/input_sounding
LINKIT:  ARG[0]: /work/jessica.mcdonald/CM1_LETKF_2025/AllExperiments/DBZ/cm1.exe  ARG[1]:  /work/jessica.mcdonald/CM1_LETKF_2025/AllExperiments/DBZ/member012/cm1.exe
Copied /work/jessica.mcdonald/CM1_LETKF_2025/AllExperiments/DBZ/cm1.exe to directory  /work/jessica.mcdonald/CM1_LETKF_2025/AllExperiments/DBZ/member012/cm1.exe
LINKIT:  ARG[0]: /work/jessica.mcdonald/CM1_LETKF_2025/AllExperiments/DBZ/onefile.F  ARG[1]:  /work/jessica.mcdonald/CM1_LETKF_2025/AllExperiments/DBZ/member012/onefile.F
Linked /work/jessica.mcdonald/CM1_LETKF_2025/AllExperiments/DBZ/onefile.F to directory  /work/jessica.mcdonald/CM1_LETKF_2025/AllExperiments/DBZ/member012/onefile.F
LINKIT:  ARG[0]: /work/jessica.mcdonald/CM1_LETKF_2025/AllExperiments/DBZ/namelist.input  ARG[1]:  /work/jessica.mcdonald/CM1_LETKF_2025/AllExperiments/DBZ/member012/namelist.input
Linked /work/jessica.mcdonald/CM1_LETKF_2025/AllExperiments/DBZ/namelist.input to directory  /work/jessica.mcdonald/CM1_LETKF_2025/AllExperiments/DBZ/member012/namelist.input
LINKIT:  ARG[0]: /work/jessica.mcdonald/CM1_LETKF_2025/AllExperiments/DBZ/LANDUSE.TBL  ARG[1]:  /work/jessica.mcdonald/CM1_LETKF_2025/AllExperiments/DBZ/member012/LANDUSE.TBL
Linked /work/jessica.mcdonald/CM1_LETKF_2025/AllExperiments/DBZ/LANDUSE.TBL to directory  /work/jessica.mcdonald/CM1_LETKF_2025/AllExperiments/DBZ/member012/LANDUSE.TBL
LINKIT:  ARG[0]: /work/jessica.mcdonald/CM1_LETKF_2025/AllExperiments/DBZ/run_soundings/Run11Sounding.txt  ARG[1]:  /work/jessica.mcdonald/CM1_LETKF_2025/AllExperiments/DBZ/member012/input_sounding
Copied /work/jessica.mcdonald/CM1_LETKF_2025/AllExperiments/DBZ/run_soundings/Run11Sounding.txt to directory  /work/jessica.mcdonald/CM1_LETKF_2025/AllExperiments/DBZ/member012/input_sounding
LINKIT:  ARG[0]: /work/jessica.mcdonald/CM1_LETKF_2025/AllExperiments/DBZ/cm1.exe  ARG[1]:  /work/jessica.mcdonald/CM1_LETKF_2025/AllExperiments/DBZ/member013/cm1.exe
Copied /work/jessica.mcdonald/CM1_LETKF_2025/AllExperiments/DBZ/cm1.exe to directory  /work/jessica.mcdonald/CM1_LETKF_2025/AllExperiments/DBZ/member013/cm1.exe
LINKIT:  ARG[0]: /work/jessica.mcdonald/CM1_LETKF_2025/AllExperiments/DBZ/onefile.F  ARG[1]:  /work/jessica.mcdonald/CM1_LETKF_2025/AllExperiments/DBZ/member013/onefile.F
Linked /work/jessica.mcdonald/CM1_LETKF_2025/AllExperiments/DBZ/onefile.F to directory  /work/jessica.mcdonald/CM1_LETKF_2025/AllExperiments/DBZ/member013/onefile.F
LINKIT:  ARG[0]: /work/jessica.mcdonald/CM1_LETKF_2025/AllExperiments/DBZ/namelist.input  ARG[1]:  /work/jessica.mcdonald/CM1_LETKF_2025/AllExperiments/DBZ/member013/namelist.input
Linked /work/jessica.mcdonald/CM1_LETKF_2025/AllExperiments/DBZ/namelist.input to directory  /work/jessica.mcdonald/CM1_LETKF_2025/AllExperiments/DBZ/member013/namelist.input
LINKIT:  ARG[0]: /work/jessica.mcdonald/CM1_LETKF_2025/AllExperiments/DBZ/LANDUSE.TBL  ARG[1]:  /work/jessica.mcdonald/CM1_LETKF_2025/AllExperiments/DBZ/member013/LANDUSE.TBL
Linked /work/jessica.mcdonald/CM1_LETKF_2025/AllExperiments/DBZ/LANDUSE.TBL to directory  /work/jessica.mcdonald/CM1_LETKF_2025/AllExperiments/DBZ/member013/LANDUSE.TBL
LINKIT:  ARG[0]: /work/jessica.mcdonald/CM1_LETKF_2025/AllExperiments/DBZ/run_soundings/Run12Sounding.txt  ARG[1]:  /work/jessica.mcdonald/CM1_LETKF_2025/AllExperiments/DBZ/member013/input_sounding
Copied /work/jessica.mcdonald/CM1_LETKF_2025/AllExperiments/DBZ/run_soundings/Run12Sounding.txt to directory  /work/jessica.mcdonald/CM1_LETKF_2025/AllExperiments/DBZ/member013/input_sounding
LINKIT:  ARG[0]: /work/jessica.mcdonald/CM1_LETKF_2025/AllExperiments/DBZ/cm1.exe  ARG[1]:  /work/jessica.mcdonald/CM1_LETKF_2025/AllExperiments/DBZ/member014/cm1.exe
Copied /work/jessica.mcdonald/CM1_LETKF_2025/AllExperiments/DBZ/cm1.exe to directory  /work/jessica.mcdonald/CM1_LETKF_2025/AllExperiments/DBZ/member014/cm1.exe
LINKIT:  ARG[0]: /work/jessica.mcdonald/CM1_LETKF_2025/AllExperiments/DBZ/onefile.F  ARG[1]:  /work/jessica.mcdonald/CM1_LETKF_2025/AllExperiments/DBZ/member014/onefile.F
Linked /work/jessica.mcdonald/CM1_LETKF_2025/AllExperiments/DBZ/onefile.F to directory  /work/jessica.mcdonald/CM1_LETKF_2025/AllExperiments/DBZ/member014/onefile.F
LINKIT:  ARG[0]: /work/jessica.mcdonald/CM1_LETKF_2025/AllExperiments/DBZ/namelist.input  ARG[1]:  /work/jessica.mcdonald/CM1_LETKF_2025/AllExperiments/DBZ/member014/namelist.input
Linked /work/jessica.mcdonald/CM1_LETKF_2025/AllExperiments/DBZ/namelist.input to directory  /work/jessica.mcdonald/CM1_LETKF_2025/AllExperiments/DBZ/member014/namelist.input
LINKIT:  ARG[0]: /work/jessica.mcdonald/CM1_LETKF_2025/AllExperiments/DBZ/LANDUSE.TBL  ARG[1]:  /work/jessica.mcdonald/CM1_LETKF_2025/AllExperiments/DBZ/member014/LANDUSE.TBL
Linked /work/jessica.mcdonald/CM1_LETKF_2025/AllExperiments/DBZ/LANDUSE.TBL to directory  /work/jessica.mcdonald/CM1_LETKF_2025/AllExperiments/DBZ/member014/LANDUSE.TBL
LINKIT:  ARG[0]: /work/jessica.mcdonald/CM1_LETKF_2025/AllExperiments/DBZ/run_soundings/Run13Sounding.txt  ARG[1]:  /work/jessica.mcdonald/CM1_LETKF_2025/AllExperiments/DBZ/member014/input_sounding
Copied /work/jessica.mcdonald/CM1_LETKF_2025/AllExperiments/DBZ/run_soundings/Run13Sounding.txt to directory  /work/jessica.mcdonald/CM1_LETKF_2025/AllExperiments/DBZ/member014/input_sounding
LINKIT:  ARG[0]: /work/jessica.mcdonald/CM1_LETKF_2025/AllExperiments/DBZ/cm1.exe  ARG[1]:  /work/jessica.mcdonald/CM1_LETKF_2025/AllExperiments/DBZ/member015/cm1.exe
Copied /work/jessica.mcdonald/CM1_LETKF_2025/AllExperiments/DBZ/cm1.exe to directory  /work/jessica.mcdonald/CM1_LETKF_2025/AllExperiments/DBZ/member015/cm1.exe
LINKIT:  ARG[0]: /work/jessica.mcdonald/CM1_LETKF_2025/AllExperiments/DBZ/onefile.F  ARG[1]:  /work/jessica.mcdonald/CM1_LETKF_2025/AllExperiments/DBZ/member015/onefile.F
Linked /work/jessica.mcdonald/CM1_LETKF_2025/AllExperiments/DBZ/onefile.F to directory  /work/jessica.mcdonald/CM1_LETKF_2025/AllExperiments/DBZ/member015/onefile.F
LINKIT:  ARG[0]: /work/jessica.mcdonald/CM1_LETKF_2025/AllExperiments/DBZ/namelist.input  ARG[1]:  /work/jessica.mcdonald/CM1_LETKF_2025/AllExperiments/DBZ/member015/namelist.input
Linked /work/jessica.mcdonald/CM1_LETKF_2025/AllExperiments/DBZ/namelist.input to directory  /work/jessica.mcdonald/CM1_LETKF_2025/AllExperiments/DBZ/member015/namelist.input
LINKIT:  ARG[0]: /work/jessica.mcdonald/CM1_LETKF_2025/AllExperiments/DBZ/LANDUSE.TBL  ARG[1]:  /work/jessica.mcdonald/CM1_LETKF_2025/AllExperiments/DBZ/member015/LANDUSE.TBL
Linked /work/jessica.mcdonald/CM1_LETKF_2025/AllExperiments/DBZ/LANDUSE.TBL to directory  /work/jessica.mcdonald/CM1_LETKF_2025/AllExperiments/DBZ/member015/LANDUSE.TBL
LINKIT:  ARG[0]: /work/jessica.mcdonald/CM1_LETKF_2025/AllExperiments/DBZ/run_soundings/Run14Sounding.txt  ARG[1]:  /work/jessica.mcdonald/CM1_LETKF_2025/AllExperiments/DBZ/member015/input_sounding
Copied /work/jessica.mcdonald/CM1_LETKF_2025/AllExperiments/DBZ/run_soundings/Run14Sounding.txt to directory  /work/jessica.mcdonald/CM1_LETKF_2025/AllExperiments/DBZ/member015/input_sounding
LINKIT:  ARG[0]: /work/jessica.mcdonald/CM1_LETKF_2025/AllExperiments/DBZ/cm1.exe  ARG[1]:  /work/jessica.mcdonald/CM1_LETKF_2025/AllExperiments/DBZ/member016/cm1.exe
Copied /work/jessica.mcdonald/CM1_LETKF_2025/AllExperiments/DBZ/cm1.exe to directory  /work/jessica.mcdonald/CM1_LETKF_2025/AllExperiments/DBZ/member016/cm1.exe
LINKIT:  ARG[0]: /work/jessica.mcdonald/CM1_LETKF_2025/AllExperiments/DBZ/onefile.F  ARG[1]:  /work/jessica.mcdonald/CM1_LETKF_2025/AllExperiments/DBZ/member016/onefile.F
Linked /work/jessica.mcdonald/CM1_LETKF_2025/AllExperiments/DBZ/onefile.F to directory  /work/jessica.mcdonald/CM1_LETKF_2025/AllExperiments/DBZ/member016/onefile.F
LINKIT:  ARG[0]: /work/jessica.mcdonald/CM1_LETKF_2025/AllExperiments/DBZ/namelist.input  ARG[1]:  /work/jessica.mcdonald/CM1_LETKF_2025/AllExperiments/DBZ/member016/namelist.input
Linked /work/jessica.mcdonald/CM1_LETKF_2025/AllExperiments/DBZ/namelist.input to directory  /work/jessica.mcdonald/CM1_LETKF_2025/AllExperiments/DBZ/member016/namelist.input
LINKIT:  ARG[0]: /work/jessica.mcdonald/CM1_LETKF_2025/AllExperiments/DBZ/LANDUSE.TBL  ARG[1]:  /work/jessica.mcdonald/CM1_LETKF_2025/AllExperiments/DBZ/member016/LANDUSE.TBL
Linked /work/jessica.mcdonald/CM1_LETKF_2025/AllExperiments/DBZ/LANDUSE.TBL to directory  /work/jessica.mcdonald/CM1_LETKF_2025/AllExperiments/DBZ/member016/LANDUSE.TBL
LINKIT:  ARG[0]: /work/jessica.mcdonald/CM1_LETKF_2025/AllExperiments/DBZ/run_soundings/Run15Sounding.txt  ARG[1]:  /work/jessica.mcdonald/CM1_LETKF_2025/AllExperiments/DBZ/member016/input_sounding
Copied /work/jessica.mcdonald/CM1_LETKF_2025/AllExperiments/DBZ/run_soundings/Run15Sounding.txt to directory  /work/jessica.mcdonald/CM1_LETKF_2025/AllExperiments/DBZ/member016/input_sounding
LINKIT:  ARG[0]: /work/jessica.mcdonald/CM1_LETKF_2025/AllExperiments/DBZ/cm1.exe  ARG[1]:  /work/jessica.mcdonald/CM1_LETKF_2025/AllExperiments/DBZ/member017/cm1.exe
Copied /work/jessica.mcdonald/CM1_LETKF_2025/AllExperiments/DBZ/cm1.exe to directory  /work/jessica.mcdonald/CM1_LETKF_2025/AllExperiments/DBZ/member017/cm1.exe
LINKIT:  ARG[0]: /work/jessica.mcdonald/CM1_LETKF_2025/AllExperiments/DBZ/onefile.F  ARG[1]:  /work/jessica.mcdonald/CM1_LETKF_2025/AllExperiments/DBZ/member017/onefile.F
Linked /work/jessica.mcdonald/CM1_LETKF_2025/AllExperiments/DBZ/onefile.F to directory  /work/jessica.mcdonald/CM1_LETKF_2025/AllExperiments/DBZ/member017/onefile.F
LINKIT:  ARG[0]: /work/jessica.mcdonald/CM1_LETKF_2025/AllExperiments/DBZ/namelist.input  ARG[1]:  /work/jessica.mcdonald/CM1_LETKF_2025/AllExperiments/DBZ/member017/namelist.input
Linked /work/jessica.mcdonald/CM1_LETKF_2025/AllExperiments/DBZ/namelist.input to directory  /work/jessica.mcdonald/CM1_LETKF_2025/AllExperiments/DBZ/member017/namelist.input
LINKIT:  ARG[0]: /work/jessica.mcdonald/CM1_LETKF_2025/AllExperiments/DBZ/LANDUSE.TBL  ARG[1]:  /work/jessica.mcdonald/CM1_LETKF_2025/AllExperiments/DBZ/member017/LANDUSE.TBL
Linked /work/jessica.mcdonald/CM1_LETKF_2025/AllExperiments/DBZ/LANDUSE.TBL to directory  /work/jessica.mcdonald/CM1_LETKF_2025/AllExperiments/DBZ/member017/LANDUSE.TBL
LINKIT:  ARG[0]: /work/jessica.mcdonald/CM1_LETKF_2025/AllExperiments/DBZ/run_soundings/Run16Sounding.txt  ARG[1]:  /work/jessica.mcdonald/CM1_LETKF_2025/AllExperiments/DBZ/member017/input_sounding
Copied /work/jessica.mcdonald/CM1_LETKF_2025/AllExperiments/DBZ/run_soundings/Run16Sounding.txt to directory  /work/jessica.mcdonald/CM1_LETKF_2025/AllExperiments/DBZ/member017/input_sounding
LINKIT:  ARG[0]: /work/jessica.mcdonald/CM1_LETKF_2025/AllExperiments/DBZ/cm1.exe  ARG[1]:  /work/jessica.mcdonald/CM1_LETKF_2025/AllExperiments/DBZ/member018/cm1.exe
Copied /work/jessica.mcdonald/CM1_LETKF_2025/AllExperiments/DBZ/cm1.exe to directory  /work/jessica.mcdonald/CM1_LETKF_2025/AllExperiments/DBZ/member018/cm1.exe
LINKIT:  ARG[0]: /work/jessica.mcdonald/CM1_LETKF_2025/AllExperiments/DBZ/onefile.F  ARG[1]:  /work/jessica.mcdonald/CM1_LETKF_2025/AllExperiments/DBZ/member018/onefile.F
Linked /work/jessica.mcdonald/CM1_LETKF_2025/AllExperiments/DBZ/onefile.F to directory  /work/jessica.mcdonald/CM1_LETKF_2025/AllExperiments/DBZ/member018/onefile.F
LINKIT:  ARG[0]: /work/jessica.mcdonald/CM1_LETKF_2025/AllExperiments/DBZ/namelist.input  ARG[1]:  /work/jessica.mcdonald/CM1_LETKF_2025/AllExperiments/DBZ/member018/namelist.input
Linked /work/jessica.mcdonald/CM1_LETKF_2025/AllExperiments/DBZ/namelist.input to directory  /work/jessica.mcdonald/CM1_LETKF_2025/AllExperiments/DBZ/member018/namelist.input
LINKIT:  ARG[0]: /work/jessica.mcdonald/CM1_LETKF_2025/AllExperiments/DBZ/LANDUSE.TBL  ARG[1]:  /work/jessica.mcdonald/CM1_LETKF_2025/AllExperiments/DBZ/member018/LANDUSE.TBL
Linked /work/jessica.mcdonald/CM1_LETKF_2025/AllExperiments/DBZ/LANDUSE.TBL to directory  /work/jessica.mcdonald/CM1_LETKF_2025/AllExperiments/DBZ/member018/LANDUSE.TBL
LINKIT:  ARG[0]: /work/jessica.mcdonald/CM1_LETKF_2025/AllExperiments/DBZ/run_soundings/Run17Sounding.txt  ARG[1]:  /work/jessica.mcdonald/CM1_LETKF_2025/AllExperiments/DBZ/member018/input_sounding
Copied /work/jessica.mcdonald/CM1_LETKF_2025/AllExperiments/DBZ/run_soundings/Run17Sounding.txt to directory  /work/jessica.mcdonald/CM1_LETKF_2025/AllExperiments/DBZ/member018/input_sounding
LINKIT:  ARG[0]: /work/jessica.mcdonald/CM1_LETKF_2025/AllExperiments/DBZ/cm1.exe  ARG[1]:  /work/jessica.mcdonald/CM1_LETKF_2025/AllExperiments/DBZ/member019/cm1.exe
Copied /work/jessica.mcdonald/CM1_LETKF_2025/AllExperiments/DBZ/cm1.exe to directory  /work/jessica.mcdonald/CM1_LETKF_2025/AllExperiments/DBZ/member019/cm1.exe
LINKIT:  ARG[0]: /work/jessica.mcdonald/CM1_LETKF_2025/AllExperiments/DBZ/onefile.F  ARG[1]:  /work/jessica.mcdonald/CM1_LETKF_2025/AllExperiments/DBZ/member019/onefile.F
Linked /work/jessica.mcdonald/CM1_LETKF_2025/AllExperiments/DBZ/onefile.F to directory  /work/jessica.mcdonald/CM1_LETKF_2025/AllExperiments/DBZ/member019/onefile.F
LINKIT:  ARG[0]: /work/jessica.mcdonald/CM1_LETKF_2025/AllExperiments/DBZ/namelist.input  ARG[1]:  /work/jessica.mcdonald/CM1_LETKF_2025/AllExperiments/DBZ/member019/namelist.input
Linked /work/jessica.mcdonald/CM1_LETKF_2025/AllExperiments/DBZ/namelist.input to directory  /work/jessica.mcdonald/CM1_LETKF_2025/AllExperiments/DBZ/member019/namelist.input
LINKIT:  ARG[0]: /work/jessica.mcdonald/CM1_LETKF_2025/AllExperiments/DBZ/LANDUSE.TBL  ARG[1]:  /work/jessica.mcdonald/CM1_LETKF_2025/AllExperiments/DBZ/member019/LANDUSE.TBL
Linked /work/jessica.mcdonald/CM1_LETKF_2025/AllExperiments/DBZ/LANDUSE.TBL to directory  /work/jessica.mcdonald/CM1_LETKF_2025/AllExperiments/DBZ/member019/LANDUSE.TBL
LINKIT:  ARG[0]: /work/jessica.mcdonald/CM1_LETKF_2025/AllExperiments/DBZ/run_soundings/Run18Sounding.txt  ARG[1]:  /work/jessica.mcdonald/CM1_LETKF_2025/AllExperiments/DBZ/member019/input_sounding
Copied /work/jessica.mcdonald/CM1_LETKF_2025/AllExperiments/DBZ/run_soundings/Run18Sounding.txt to directory  /work/jessica.mcdonald/CM1_LETKF_2025/AllExperiments/DBZ/member019/input_sounding
LINKIT:  ARG[0]: /work/jessica.mcdonald/CM1_LETKF_2025/AllExperiments/DBZ/cm1.exe  ARG[1]:  /work/jessica.mcdonald/CM1_LETKF_2025/AllExperiments/DBZ/member020/cm1.exe
Copied /work/jessica.mcdonald/CM1_LETKF_2025/AllExperiments/DBZ/cm1.exe to directory  /work/jessica.mcdonald/CM1_LETKF_2025/AllExperiments/DBZ/member020/cm1.exe
LINKIT:  ARG[0]: /work/jessica.mcdonald/CM1_LETKF_2025/AllExperiments/DBZ/onefile.F  ARG[1]:  /work/jessica.mcdonald/CM1_LETKF_2025/AllExperiments/DBZ/member020/onefile.F
Linked /work/jessica.mcdonald/CM1_LETKF_2025/AllExperiments/DBZ/onefile.F to directory  /work/jessica.mcdonald/CM1_LETKF_2025/AllExperiments/DBZ/member020/onefile.F
LINKIT:  ARG[0]: /work/jessica.mcdonald/CM1_LETKF_2025/AllExperiments/DBZ/namelist.input  ARG[1]:  /work/jessica.mcdonald/CM1_LETKF_2025/AllExperiments/DBZ/member020/namelist.input
Linked /work/jessica.mcdonald/CM1_LETKF_2025/AllExperiments/DBZ/namelist.input to directory  /work/jessica.mcdonald/CM1_LETKF_2025/AllExperiments/DBZ/member020/namelist.input
LINKIT:  ARG[0]: /work/jessica.mcdonald/CM1_LETKF_2025/AllExperiments/DBZ/LANDUSE.TBL  ARG[1]:  /work/jessica.mcdonald/CM1_LETKF_2025/AllExperiments/DBZ/member020/LANDUSE.TBL
Linked /work/jessica.mcdonald/CM1_LETKF_2025/AllExperiments/DBZ/LANDUSE.TBL to directory  /work/jessica.mcdonald/CM1_LETKF_2025/AllExperiments/DBZ/member020/LANDUSE.TBL
LINKIT:  ARG[0]: /work/jessica.mcdonald/CM1_LETKF_2025/AllExperiments/DBZ/run_soundings/Run19Sounding.txt  ARG[1]:  /work/jessica.mcdonald/CM1_LETKF_2025/AllExperiments/DBZ/member020/input_sounding
Copied /work/jessica.mcdonald/CM1_LETKF_2025/AllExperiments/DBZ/run_soundings/Run19Sounding.txt to directory  /work/jessica.mcdonald/CM1_LETKF_2025/AllExperiments/DBZ/member020/input_sounding
LINKIT:  ARG[0]: /work/jessica.mcdonald/CM1_LETKF_2025/AllExperiments/DBZ/cm1.exe  ARG[1]:  /work/jessica.mcdonald/CM1_LETKF_2025/AllExperiments/DBZ/member021/cm1.exe
Copied /work/jessica.mcdonald/CM1_LETKF_2025/AllExperiments/DBZ/cm1.exe to directory  /work/jessica.mcdonald/CM1_LETKF_2025/AllExperiments/DBZ/member021/cm1.exe
LINKIT:  ARG[0]: /work/jessica.mcdonald/CM1_LETKF_2025/AllExperiments/DBZ/onefile.F  ARG[1]:  /work/jessica.mcdonald/CM1_LETKF_2025/AllExperiments/DBZ/member021/onefile.F
Linked /work/jessica.mcdonald/CM1_LETKF_2025/AllExperiments/DBZ/onefile.F to directory  /work/jessica.mcdonald/CM1_LETKF_2025/AllExperiments/DBZ/member021/onefile.F
LINKIT:  ARG[0]: /work/jessica.mcdonald/CM1_LETKF_2025/AllExperiments/DBZ/namelist.input  ARG[1]:  /work/jessica.mcdonald/CM1_LETKF_2025/AllExperiments/DBZ/member021/namelist.input
Linked /work/jessica.mcdonald/CM1_LETKF_2025/AllExperiments/DBZ/namelist.input to directory  /work/jessica.mcdonald/CM1_LETKF_2025/AllExperiments/DBZ/member021/namelist.input
LINKIT:  ARG[0]: /work/jessica.mcdonald/CM1_LETKF_2025/AllExperiments/DBZ/LANDUSE.TBL  ARG[1]:  /work/jessica.mcdonald/CM1_LETKF_2025/AllExperiments/DBZ/member021/LANDUSE.TBL
Linked /work/jessica.mcdonald/CM1_LETKF_2025/AllExperiments/DBZ/LANDUSE.TBL to directory  /work/jessica.mcdonald/CM1_LETKF_2025/AllExperiments/DBZ/member021/LANDUSE.TBL
LINKIT:  ARG[0]: /work/jessica.mcdonald/CM1_LETKF_2025/AllExperiments/DBZ/run_soundings/Run20Sounding.txt  ARG[1]:  /work/jessica.mcdonald/CM1_LETKF_2025/AllExperiments/DBZ/member021/input_sounding
Copied /work/jessica.mcdonald/CM1_LETKF_2025/AllExperiments/DBZ/run_soundings/Run20Sounding.txt to directory  /work/jessica.mcdonald/CM1_LETKF_2025/AllExperiments/DBZ/member021/input_sounding
LINKIT:  ARG[0]: /work/jessica.mcdonald/CM1_LETKF_2025/AllExperiments/DBZ/cm1.exe  ARG[1]:  /work/jessica.mcdonald/CM1_LETKF_2025/AllExperiments/DBZ/member022/cm1.exe
Copied /work/jessica.mcdonald/CM1_LETKF_2025/AllExperiments/DBZ/cm1.exe to directory  /work/jessica.mcdonald/CM1_LETKF_2025/AllExperiments/DBZ/member022/cm1.exe
LINKIT:  ARG[0]: /work/jessica.mcdonald/CM1_LETKF_2025/AllExperiments/DBZ/onefile.F  ARG[1]:  /work/jessica.mcdonald/CM1_LETKF_2025/AllExperiments/DBZ/member022/onefile.F
Linked /work/jessica.mcdonald/CM1_LETKF_2025/AllExperiments/DBZ/onefile.F to directory  /work/jessica.mcdonald/CM1_LETKF_2025/AllExperiments/DBZ/member022/onefile.F
LINKIT:  ARG[0]: /work/jessica.mcdonald/CM1_LETKF_2025/AllExperiments/DBZ/namelist.input  ARG[1]:  /work/jessica.mcdonald/CM1_LETKF_2025/AllExperiments/DBZ/member022/namelist.input
Linked /work/jessica.mcdonald/CM1_LETKF_2025/AllExperiments/DBZ/namelist.input to directory  /work/jessica.mcdonald/CM1_LETKF_2025/AllExperiments/DBZ/member022/namelist.input
LINKIT:  ARG[0]: /work/jessica.mcdonald/CM1_LETKF_2025/AllExperiments/DBZ/LANDUSE.TBL  ARG[1]:  /work/jessica.mcdonald/CM1_LETKF_2025/AllExperiments/DBZ/member022/LANDUSE.TBL
Linked /work/jessica.mcdonald/CM1_LETKF_2025/AllExperiments/DBZ/LANDUSE.TBL to directory  /work/jessica.mcdonald/CM1_LETKF_2025/AllExperiments/DBZ/member022/LANDUSE.TBL
LINKIT:  ARG[0]: /work/jessica.mcdonald/CM1_LETKF_2025/AllExperiments/DBZ/run_soundings/Run21Sounding.txt  ARG[1]:  /work/jessica.mcdonald/CM1_LETKF_2025/AllExperiments/DBZ/member022/input_sounding
Copied /work/jessica.mcdonald/CM1_LETKF_2025/AllExperiments/DBZ/run_soundings/Run21Sounding.txt to directory  /work/jessica.mcdonald/CM1_LETKF_2025/AllExperiments/DBZ/member022/input_sounding
LINKIT:  ARG[0]: /work/jessica.mcdonald/CM1_LETKF_2025/AllExperiments/DBZ/cm1.exe  ARG[1]:  /work/jessica.mcdonald/CM1_LETKF_2025/AllExperiments/DBZ/member023/cm1.exe
Copied /work/jessica.mcdonald/CM1_LETKF_2025/AllExperiments/DBZ/cm1.exe to directory  /work/jessica.mcdonald/CM1_LETKF_2025/AllExperiments/DBZ/member023/cm1.exe
LINKIT:  ARG[0]: /work/jessica.mcdonald/CM1_LETKF_2025/AllExperiments/DBZ/onefile.F  ARG[1]:  /work/jessica.mcdonald/CM1_LETKF_2025/AllExperiments/DBZ/member023/onefile.F
Linked /work/jessica.mcdonald/CM1_LETKF_2025/AllExperiments/DBZ/onefile.F to directory  /work/jessica.mcdonald/CM1_LETKF_2025/AllExperiments/DBZ/member023/onefile.F
LINKIT:  ARG[0]: /work/jessica.mcdonald/CM1_LETKF_2025/AllExperiments/DBZ/namelist.input  ARG[1]:  /work/jessica.mcdonald/CM1_LETKF_2025/AllExperiments/DBZ/member023/namelist.input
Linked /work/jessica.mcdonald/CM1_LETKF_2025/AllExperiments/DBZ/namelist.input to directory  /work/jessica.mcdonald/CM1_LETKF_2025/AllExperiments/DBZ/member023/namelist.input
LINKIT:  ARG[0]: /work/jessica.mcdonald/CM1_LETKF_2025/AllExperiments/DBZ/LANDUSE.TBL  ARG[1]:  /work/jessica.mcdonald/CM1_LETKF_2025/AllExperiments/DBZ/member023/LANDUSE.TBL
Linked /work/jessica.mcdonald/CM1_LETKF_2025/AllExperiments/DBZ/LANDUSE.TBL to directory  /work/jessica.mcdonald/CM1_LETKF_2025/AllExperiments/DBZ/member023/LANDUSE.TBL
LINKIT:  ARG[0]: /work/jessica.mcdonald/CM1_LETKF_2025/AllExperiments/DBZ/run_soundings/Run22Sounding.txt  ARG[1]:  /work/jessica.mcdonald/CM1_LETKF_2025/AllExperiments/DBZ/member023/input_sounding
Copied /work/jessica.mcdonald/CM1_LETKF_2025/AllExperiments/DBZ/run_soundings/Run22Sounding.txt to directory  /work/jessica.mcdonald/CM1_LETKF_2025/AllExperiments/DBZ/member023/input_sounding
LINKIT:  ARG[0]: /work/jessica.mcdonald/CM1_LETKF_2025/AllExperiments/DBZ/cm1.exe  ARG[1]:  /work/jessica.mcdonald/CM1_LETKF_2025/AllExperiments/DBZ/member024/cm1.exe
Copied /work/jessica.mcdonald/CM1_LETKF_2025/AllExperiments/DBZ/cm1.exe to directory  /work/jessica.mcdonald/CM1_LETKF_2025/AllExperiments/DBZ/member024/cm1.exe
LINKIT:  ARG[0]: /work/jessica.mcdonald/CM1_LETKF_2025/AllExperiments/DBZ/onefile.F  ARG[1]:  /work/jessica.mcdonald/CM1_LETKF_2025/AllExperiments/DBZ/member024/onefile.F
Linked /work/jessica.mcdonald/CM1_LETKF_2025/AllExperiments/DBZ/onefile.F to directory  /work/jessica.mcdonald/CM1_LETKF_2025/AllExperiments/DBZ/member024/onefile.F
LINKIT:  ARG[0]: /work/jessica.mcdonald/CM1_LETKF_2025/AllExperiments/DBZ/namelist.input  ARG[1]:  /work/jessica.mcdonald/CM1_LETKF_2025/AllExperiments/DBZ/member024/namelist.input
Linked /work/jessica.mcdonald/CM1_LETKF_2025/AllExperiments/DBZ/namelist.input to directory  /work/jessica.mcdonald/CM1_LETKF_2025/AllExperiments/DBZ/member024/namelist.input
LINKIT:  ARG[0]: /work/jessica.mcdonald/CM1_LETKF_2025/AllExperiments/DBZ/LANDUSE.TBL  ARG[1]:  /work/jessica.mcdonald/CM1_LETKF_2025/AllExperiments/DBZ/member024/LANDUSE.TBL
Linked /work/jessica.mcdonald/CM1_LETKF_2025/AllExperiments/DBZ/LANDUSE.TBL to directory  /work/jessica.mcdonald/CM1_LETKF_2025/AllExperiments/DBZ/member024/LANDUSE.TBL
LINKIT:  ARG[0]: /work/jessica.mcdonald/CM1_LETKF_2025/AllExperiments/DBZ/run_soundings/Run23Sounding.txt  ARG[1]:  /work/jessica.mcdonald/CM1_LETKF_2025/AllExperiments/DBZ/member024/input_sounding
Copied /work/jessica.mcdonald/CM1_LETKF_2025/AllExperiments/DBZ/run_soundings/Run23Sounding.txt to directory  /work/jessica.mcdonald/CM1_LETKF_2025/AllExperiments/DBZ/member024/input_sounding
LINKIT:  ARG[0]: /work/jessica.mcdonald/CM1_LETKF_2025/AllExperiments/DBZ/cm1.exe  ARG[1]:  /work/jessica.mcdonald/CM1_LETKF_2025/AllExperiments/DBZ/member025/cm1.exe
Copied /work/jessica.mcdonald/CM1_LETKF_2025/AllExperiments/DBZ/cm1.exe to directory  /work/jessica.mcdonald/CM1_LETKF_2025/AllExperiments/DBZ/member025/cm1.exe
LINKIT:  ARG[0]: /work/jessica.mcdonald/CM1_LETKF_2025/AllExperiments/DBZ/onefile.F  ARG[1]:  /work/jessica.mcdonald/CM1_LETKF_2025/AllExperiments/DBZ/member025/onefile.F
Linked /work/jessica.mcdonald/CM1_LETKF_2025/AllExperiments/DBZ/onefile.F to directory  /work/jessica.mcdonald/CM1_LETKF_2025/AllExperiments/DBZ/member025/onefile.F
LINKIT:  ARG[0]: /work/jessica.mcdonald/CM1_LETKF_2025/AllExperiments/DBZ/namelist.input  ARG[1]:  /work/jessica.mcdonald/CM1_LETKF_2025/AllExperiments/DBZ/member025/namelist.input
Linked /work/jessica.mcdonald/CM1_LETKF_2025/AllExperiments/DBZ/namelist.input to directory  /work/jessica.mcdonald/CM1_LETKF_2025/AllExperiments/DBZ/member025/namelist.input
LINKIT:  ARG[0]: /work/jessica.mcdonald/CM1_LETKF_2025/AllExperiments/DBZ/LANDUSE.TBL  ARG[1]:  /work/jessica.mcdonald/CM1_LETKF_2025/AllExperiments/DBZ/member025/LANDUSE.TBL
Linked /work/jessica.mcdonald/CM1_LETKF_2025/AllExperiments/DBZ/LANDUSE.TBL to directory  /work/jessica.mcdonald/CM1_LETKF_2025/AllExperiments/DBZ/member025/LANDUSE.TBL
LINKIT:  ARG[0]: /work/jessica.mcdonald/CM1_LETKF_2025/AllExperiments/DBZ/run_soundings/Run24Sounding.txt  ARG[1]:  /work/jessica.mcdonald/CM1_LETKF_2025/AllExperiments/DBZ/member025/input_sounding
Copied /work/jessica.mcdonald/CM1_LETKF_2025/AllExperiments/DBZ/run_soundings/Run24Sounding.txt to directory  /work/jessica.mcdonald/CM1_LETKF_2025/AllExperiments/DBZ/member025/input_sounding
LINKIT:  ARG[0]: /work/jessica.mcdonald/CM1_LETKF_2025/AllExperiments/DBZ/cm1.exe  ARG[1]:  /work/jessica.mcdonald/CM1_LETKF_2025/AllExperiments/DBZ/member026/cm1.exe
Copied /work/jessica.mcdonald/CM1_LETKF_2025/AllExperiments/DBZ/cm1.exe to directory  /work/jessica.mcdonald/CM1_LETKF_2025/AllExperiments/DBZ/member026/cm1.exe
LINKIT:  ARG[0]: /work/jessica.mcdonald/CM1_LETKF_2025/AllExperiments/DBZ/onefile.F  ARG[1]:  /work/jessica.mcdonald/CM1_LETKF_2025/AllExperiments/DBZ/member026/onefile.F
Linked /work/jessica.mcdonald/CM1_LETKF_2025/AllExperiments/DBZ/onefile.F to directory  /work/jessica.mcdonald/CM1_LETKF_2025/AllExperiments/DBZ/member026/onefile.F
LINKIT:  ARG[0]: /work/jessica.mcdonald/CM1_LETKF_2025/AllExperiments/DBZ/namelist.input  ARG[1]:  /work/jessica.mcdonald/CM1_LETKF_2025/AllExperiments/DBZ/member026/namelist.input
Linked /work/jessica.mcdonald/CM1_LETKF_2025/AllExperiments/DBZ/namelist.input to directory  /work/jessica.mcdonald/CM1_LETKF_2025/AllExperiments/DBZ/member026/namelist.input
LINKIT:  ARG[0]: /work/jessica.mcdonald/CM1_LETKF_2025/AllExperiments/DBZ/LANDUSE.TBL  ARG[1]:  /work/jessica.mcdonald/CM1_LETKF_2025/AllExperiments/DBZ/member026/LANDUSE.TBL
Linked /work/jessica.mcdonald/CM1_LETKF_2025/AllExperiments/DBZ/LANDUSE.TBL to directory  /work/jessica.mcdonald/CM1_LETKF_2025/AllExperiments/DBZ/member026/LANDUSE.TBL
LINKIT:  ARG[0]: /work/jessica.mcdonald/CM1_LETKF_2025/AllExperiments/DBZ/run_soundings/Run25Sounding.txt  ARG[1]:  /work/jessica.mcdonald/CM1_LETKF_2025/AllExperiments/DBZ/member026/input_sounding
Copied /work/jessica.mcdonald/CM1_LETKF_2025/AllExperiments/DBZ/run_soundings/Run25Sounding.txt to directory  /work/jessica.mcdonald/CM1_LETKF_2025/AllExperiments/DBZ/member026/input_sounding
LINKIT:  ARG[0]: /work/jessica.mcdonald/CM1_LETKF_2025/AllExperiments/DBZ/cm1.exe  ARG[1]:  /work/jessica.mcdonald/CM1_LETKF_2025/AllExperiments/DBZ/member027/cm1.exe
Copied /work/jessica.mcdonald/CM1_LETKF_2025/AllExperiments/DBZ/cm1.exe to directory  /work/jessica.mcdonald/CM1_LETKF_2025/AllExperiments/DBZ/member027/cm1.exe
LINKIT:  ARG[0]: /work/jessica.mcdonald/CM1_LETKF_2025/AllExperiments/DBZ/onefile.F  ARG[1]:  /work/jessica.mcdonald/CM1_LETKF_2025/AllExperiments/DBZ/member027/onefile.F
Linked /work/jessica.mcdonald/CM1_LETKF_2025/AllExperiments/DBZ/onefile.F to directory  /work/jessica.mcdonald/CM1_LETKF_2025/AllExperiments/DBZ/member027/onefile.F
LINKIT:  ARG[0]: /work/jessica.mcdonald/CM1_LETKF_2025/AllExperiments/DBZ/namelist.input  ARG[1]:  /work/jessica.mcdonald/CM1_LETKF_2025/AllExperiments/DBZ/member027/namelist.input
Linked /work/jessica.mcdonald/CM1_LETKF_2025/AllExperiments/DBZ/namelist.input to directory  /work/jessica.mcdonald/CM1_LETKF_2025/AllExperiments/DBZ/member027/namelist.input
LINKIT:  ARG[0]: /work/jessica.mcdonald/CM1_LETKF_2025/AllExperiments/DBZ/LANDUSE.TBL  ARG[1]:  /work/jessica.mcdonald/CM1_LETKF_2025/AllExperiments/DBZ/member027/LANDUSE.TBL
Linked /work/jessica.mcdonald/CM1_LETKF_2025/AllExperiments/DBZ/LANDUSE.TBL to directory  /work/jessica.mcdonald/CM1_LETKF_2025/AllExperiments/DBZ/member027/LANDUSE.TBL
LINKIT:  ARG[0]: /work/jessica.mcdonald/CM1_LETKF_2025/AllExperiments/DBZ/run_soundings/Run26Sounding.txt  ARG[1]:  /work/jessica.mcdonald/CM1_LETKF_2025/AllExperiments/DBZ/member027/input_sounding
Copied /work/jessica.mcdonald/CM1_LETKF_2025/AllExperiments/DBZ/run_soundings/Run26Sounding.txt to directory  /work/jessica.mcdonald/CM1_LETKF_2025/AllExperiments/DBZ/member027/input_sounding
LINKIT:  ARG[0]: /work/jessica.mcdonald/CM1_LETKF_2025/AllExperiments/DBZ/cm1.exe  ARG[1]:  /work/jessica.mcdonald/CM1_LETKF_2025/AllExperiments/DBZ/member028/cm1.exe
Copied /work/jessica.mcdonald/CM1_LETKF_2025/AllExperiments/DBZ/cm1.exe to directory  /work/jessica.mcdonald/CM1_LETKF_2025/AllExperiments/DBZ/member028/cm1.exe
LINKIT:  ARG[0]: /work/jessica.mcdonald/CM1_LETKF_2025/AllExperiments/DBZ/onefile.F  ARG[1]:  /work/jessica.mcdonald/CM1_LETKF_2025/AllExperiments/DBZ/member028/onefile.F
Linked /work/jessica.mcdonald/CM1_LETKF_2025/AllExperiments/DBZ/onefile.F to directory  /work/jessica.mcdonald/CM1_LETKF_2025/AllExperiments/DBZ/member028/onefile.F
LINKIT:  ARG[0]: /work/jessica.mcdonald/CM1_LETKF_2025/AllExperiments/DBZ/namelist.input  ARG[1]:  /work/jessica.mcdonald/CM1_LETKF_2025/AllExperiments/DBZ/member028/namelist.input
Linked /work/jessica.mcdonald/CM1_LETKF_2025/AllExperiments/DBZ/namelist.input to directory  /work/jessica.mcdonald/CM1_LETKF_2025/AllExperiments/DBZ/member028/namelist.input
LINKIT:  ARG[0]: /work/jessica.mcdonald/CM1_LETKF_2025/AllExperiments/DBZ/LANDUSE.TBL  ARG[1]:  /work/jessica.mcdonald/CM1_LETKF_2025/AllExperiments/DBZ/member028/LANDUSE.TBL
Linked /work/jessica.mcdonald/CM1_LETKF_2025/AllExperiments/DBZ/LANDUSE.TBL to directory  /work/jessica.mcdonald/CM1_LETKF_2025/AllExperiments/DBZ/member028/LANDUSE.TBL
LINKIT:  ARG[0]: /work/jessica.mcdonald/CM1_LETKF_2025/AllExperiments/DBZ/run_soundings/Run27Sounding.txt  ARG[1]:  /work/jessica.mcdonald/CM1_LETKF_2025/AllExperiments/DBZ/member028/input_sounding
Copied /work/jessica.mcdonald/CM1_LETKF_2025/AllExperiments/DBZ/run_soundings/Run27Sounding.txt to directory  /work/jessica.mcdonald/CM1_LETKF_2025/AllExperiments/DBZ/member028/input_sounding
LINKIT:  ARG[0]: /work/jessica.mcdonald/CM1_LETKF_2025/AllExperiments/DBZ/cm1.exe  ARG[1]:  /work/jessica.mcdonald/CM1_LETKF_2025/AllExperiments/DBZ/member029/cm1.exe
Copied /work/jessica.mcdonald/CM1_LETKF_2025/AllExperiments/DBZ/cm1.exe to directory  /work/jessica.mcdonald/CM1_LETKF_2025/AllExperiments/DBZ/member029/cm1.exe
LINKIT:  ARG[0]: /work/jessica.mcdonald/CM1_LETKF_2025/AllExperiments/DBZ/onefile.F  ARG[1]:  /work/jessica.mcdonald/CM1_LETKF_2025/AllExperiments/DBZ/member029/onefile.F
Linked /work/jessica.mcdonald/CM1_LETKF_2025/AllExperiments/DBZ/onefile.F to directory  /work/jessica.mcdonald/CM1_LETKF_2025/AllExperiments/DBZ/member029/onefile.F
LINKIT:  ARG[0]: /work/jessica.mcdonald/CM1_LETKF_2025/AllExperiments/DBZ/namelist.input  ARG[1]:  /work/jessica.mcdonald/CM1_LETKF_2025/AllExperiments/DBZ/member029/namelist.input
Linked /work/jessica.mcdonald/CM1_LETKF_2025/AllExperiments/DBZ/namelist.input to directory  /work/jessica.mcdonald/CM1_LETKF_2025/AllExperiments/DBZ/member029/namelist.input
LINKIT:  ARG[0]: /work/jessica.mcdonald/CM1_LETKF_2025/AllExperiments/DBZ/LANDUSE.TBL  ARG[1]:  /work/jessica.mcdonald/CM1_LETKF_2025/AllExperiments/DBZ/member029/LANDUSE.TBL
Linked /work/jessica.mcdonald/CM1_LETKF_2025/AllExperiments/DBZ/LANDUSE.TBL to directory  /work/jessica.mcdonald/CM1_LETKF_2025/AllExperiments/DBZ/member029/LANDUSE.TBL
LINKIT:  ARG[0]: /work/jessica.mcdonald/CM1_LETKF_2025/AllExperiments/DBZ/run_soundings/Run28Sounding.txt  ARG[1]:  /work/jessica.mcdonald/CM1_LETKF_2025/AllExperiments/DBZ/member029/input_sounding
Copied /work/jessica.mcdonald/CM1_LETKF_2025/AllExperiments/DBZ/run_soundings/Run28Sounding.txt to directory  /work/jessica.mcdonald/CM1_LETKF_2025/AllExperiments/DBZ/member029/input_sounding
LINKIT:  ARG[0]: /work/jessica.mcdonald/CM1_LETKF_2025/AllExperiments/DBZ/cm1.exe  ARG[1]:  /work/jessica.mcdonald/CM1_LETKF_2025/AllExperiments/DBZ/member030/cm1.exe
Copied /work/jessica.mcdonald/CM1_LETKF_2025/AllExperiments/DBZ/cm1.exe to directory  /work/jessica.mcdonald/CM1_LETKF_2025/AllExperiments/DBZ/member030/cm1.exe
LINKIT:  ARG[0]: /work/jessica.mcdonald/CM1_LETKF_2025/AllExperiments/DBZ/onefile.F  ARG[1]:  /work/jessica.mcdonald/CM1_LETKF_2025/AllExperiments/DBZ/member030/onefile.F
Linked /work/jessica.mcdonald/CM1_LETKF_2025/AllExperiments/DBZ/onefile.F to directory  /work/jessica.mcdonald/CM1_LETKF_2025/AllExperiments/DBZ/member030/onefile.F
LINKIT:  ARG[0]: /work/jessica.mcdonald/CM1_LETKF_2025/AllExperiments/DBZ/namelist.input  ARG[1]:  /work/jessica.mcdonald/CM1_LETKF_2025/AllExperiments/DBZ/member030/namelist.input
Linked /work/jessica.mcdonald/CM1_LETKF_2025/AllExperiments/DBZ/namelist.input to directory  /work/jessica.mcdonald/CM1_LETKF_2025/AllExperiments/DBZ/member030/namelist.input
LINKIT:  ARG[0]: /work/jessica.mcdonald/CM1_LETKF_2025/AllExperiments/DBZ/LANDUSE.TBL  ARG[1]:  /work/jessica.mcdonald/CM1_LETKF_2025/AllExperiments/DBZ/member030/LANDUSE.TBL
Linked /work/jessica.mcdonald/CM1_LETKF_2025/AllExperiments/DBZ/LANDUSE.TBL to directory  /work/jessica.mcdonald/CM1_LETKF_2025/AllExperiments/DBZ/member030/LANDUSE.TBL
LINKIT:  ARG[0]: /work/jessica.mcdonald/CM1_LETKF_2025/AllExperiments/DBZ/run_soundings/Run29Sounding.txt  ARG[1]:  /work/jessica.mcdonald/CM1_LETKF_2025/AllExperiments/DBZ/member030/input_sounding
Copied /work/jessica.mcdonald/CM1_LETKF_2025/AllExperiments/DBZ/run_soundings/Run29Sounding.txt to directory  /work/jessica.mcdonald/CM1_LETKF_2025/AllExperiments/DBZ/member030/input_sounding
LINKIT:  ARG[0]: /work/jessica.mcdonald/CM1_LETKF_2025/AllExperiments/DBZ/cm1.exe  ARG[1]:  /work/jessica.mcdonald/CM1_LETKF_2025/AllExperiments/DBZ/member031/cm1.exe
Copied /work/jessica.mcdonald/CM1_LETKF_2025/AllExperiments/DBZ/cm1.exe to directory  /work/jessica.mcdonald/CM1_LETKF_2025/AllExperiments/DBZ/member031/cm1.exe
LINKIT:  ARG[0]: /work/jessica.mcdonald/CM1_LETKF_2025/AllExperiments/DBZ/onefile.F  ARG[1]:  /work/jessica.mcdonald/CM1_LETKF_2025/AllExperiments/DBZ/member031/onefile.F
Linked /work/jessica.mcdonald/CM1_LETKF_2025/AllExperiments/DBZ/onefile.F to directory  /work/jessica.mcdonald/CM1_LETKF_2025/AllExperiments/DBZ/member031/onefile.F
LINKIT:  ARG[0]: /work/jessica.mcdonald/CM1_LETKF_2025/AllExperiments/DBZ/namelist.input  ARG[1]:  /work/jessica.mcdonald/CM1_LETKF_2025/AllExperiments/DBZ/member031/namelist.input
Linked /work/jessica.mcdonald/CM1_LETKF_2025/AllExperiments/DBZ/namelist.input to directory  /work/jessica.mcdonald/CM1_LETKF_2025/AllExperiments/DBZ/member031/namelist.input
LINKIT:  ARG[0]: /work/jessica.mcdonald/CM1_LETKF_2025/AllExperiments/DBZ/LANDUSE.TBL  ARG[1]:  /work/jessica.mcdonald/CM1_LETKF_2025/AllExperiments/DBZ/member031/LANDUSE.TBL
Linked /work/jessica.mcdonald/CM1_LETKF_2025/AllExperiments/DBZ/LANDUSE.TBL to directory  /work/jessica.mcdonald/CM1_LETKF_2025/AllExperiments/DBZ/member031/LANDUSE.TBL
LINKIT:  ARG[0]: /work/jessica.mcdonald/CM1_LETKF_2025/AllExperiments/DBZ/run_soundings/Run30Sounding.txt  ARG[1]:  /work/jessica.mcdonald/CM1_LETKF_2025/AllExperiments/DBZ/member031/input_sounding
Copied /work/jessica.mcdonald/CM1_LETKF_2025/AllExperiments/DBZ/run_soundings/Run30Sounding.txt to directory  /work/jessica.mcdonald/CM1_LETKF_2025/AllExperiments/DBZ/member031/input_sounding
LINKIT:  ARG[0]: /work/jessica.mcdonald/CM1_LETKF_2025/AllExperiments/DBZ/cm1.exe  ARG[1]:  /work/jessica.mcdonald/CM1_LETKF_2025/AllExperiments/DBZ/member032/cm1.exe
Copied /work/jessica.mcdonald/CM1_LETKF_2025/AllExperiments/DBZ/cm1.exe to directory  /work/jessica.mcdonald/CM1_LETKF_2025/AllExperiments/DBZ/member032/cm1.exe
LINKIT:  ARG[0]: /work/jessica.mcdonald/CM1_LETKF_2025/AllExperiments/DBZ/onefile.F  ARG[1]:  /work/jessica.mcdonald/CM1_LETKF_2025/AllExperiments/DBZ/member032/onefile.F
Linked /work/jessica.mcdonald/CM1_LETKF_2025/AllExperiments/DBZ/onefile.F to directory  /work/jessica.mcdonald/CM1_LETKF_2025/AllExperiments/DBZ/member032/onefile.F
LINKIT:  ARG[0]: /work/jessica.mcdonald/CM1_LETKF_2025/AllExperiments/DBZ/namelist.input  ARG[1]:  /work/jessica.mcdonald/CM1_LETKF_2025/AllExperiments/DBZ/member032/namelist.input
Linked /work/jessica.mcdonald/CM1_LETKF_2025/AllExperiments/DBZ/namelist.input to directory  /work/jessica.mcdonald/CM1_LETKF_2025/AllExperiments/DBZ/member032/namelist.input
LINKIT:  ARG[0]: /work/jessica.mcdonald/CM1_LETKF_2025/AllExperiments/DBZ/LANDUSE.TBL  ARG[1]:  /work/jessica.mcdonald/CM1_LETKF_2025/AllExperiments/DBZ/member032/LANDUSE.TBL
Linked /work/jessica.mcdonald/CM1_LETKF_2025/AllExperiments/DBZ/LANDUSE.TBL to directory  /work/jessica.mcdonald/CM1_LETKF_2025/AllExperiments/DBZ/member032/LANDUSE.TBL
LINKIT:  ARG[0]: /work/jessica.mcdonald/CM1_LETKF_2025/AllExperiments/DBZ/run_soundings/Run31Sounding.txt  ARG[1]:  /work/jessica.mcdonald/CM1_LETKF_2025/AllExperiments/DBZ/member032/input_sounding
Copied /work/jessica.mcdonald/CM1_LETKF_2025/AllExperiments/DBZ/run_soundings/Run31Sounding.txt to directory  /work/jessica.mcdonald/CM1_LETKF_2025/AllExperiments/DBZ/member032/input_sounding
LINKIT:  ARG[0]: /work/jessica.mcdonald/CM1_LETKF_2025/AllExperiments/DBZ/cm1.exe  ARG[1]:  /work/jessica.mcdonald/CM1_LETKF_2025/AllExperiments/DBZ/member033/cm1.exe
Copied /work/jessica.mcdonald/CM1_LETKF_2025/AllExperiments/DBZ/cm1.exe to directory  /work/jessica.mcdonald/CM1_LETKF_2025/AllExperiments/DBZ/member033/cm1.exe
LINKIT:  ARG[0]: /work/jessica.mcdonald/CM1_LETKF_2025/AllExperiments/DBZ/onefile.F  ARG[1]:  /work/jessica.mcdonald/CM1_LETKF_2025/AllExperiments/DBZ/member033/onefile.F
Linked /work/jessica.mcdonald/CM1_LETKF_2025/AllExperiments/DBZ/onefile.F to directory  /work/jessica.mcdonald/CM1_LETKF_2025/AllExperiments/DBZ/member033/onefile.F
LINKIT:  ARG[0]: /work/jessica.mcdonald/CM1_LETKF_2025/AllExperiments/DBZ/namelist.input  ARG[1]:  /work/jessica.mcdonald/CM1_LETKF_2025/AllExperiments/DBZ/member033/namelist.input
Linked /work/jessica.mcdonald/CM1_LETKF_2025/AllExperiments/DBZ/namelist.input to directory  /work/jessica.mcdonald/CM1_LETKF_2025/AllExperiments/DBZ/member033/namelist.input
LINKIT:  ARG[0]: /work/jessica.mcdonald/CM1_LETKF_2025/AllExperiments/DBZ/LANDUSE.TBL  ARG[1]:  /work/jessica.mcdonald/CM1_LETKF_2025/AllExperiments/DBZ/member033/LANDUSE.TBL
Linked /work/jessica.mcdonald/CM1_LETKF_2025/AllExperiments/DBZ/LANDUSE.TBL to directory  /work/jessica.mcdonald/CM1_LETKF_2025/AllExperiments/DBZ/member033/LANDUSE.TBL
LINKIT:  ARG[0]: /work/jessica.mcdonald/CM1_LETKF_2025/AllExperiments/DBZ/run_soundings/Run32Sounding.txt  ARG[1]:  /work/jessica.mcdonald/CM1_LETKF_2025/AllExperiments/DBZ/member033/input_sounding
Copied /work/jessica.mcdonald/CM1_LETKF_2025/AllExperiments/DBZ/run_soundings/Run32Sounding.txt to directory  /work/jessica.mcdonald/CM1_LETKF_2025/AllExperiments/DBZ/member033/input_sounding
LINKIT:  ARG[0]: /work/jessica.mcdonald/CM1_LETKF_2025/AllExperiments/DBZ/cm1.exe  ARG[1]:  /work/jessica.mcdonald/CM1_LETKF_2025/AllExperiments/DBZ/member034/cm1.exe
Copied /work/jessica.mcdonald/CM1_LETKF_2025/AllExperiments/DBZ/cm1.exe to directory  /work/jessica.mcdonald/CM1_LETKF_2025/AllExperiments/DBZ/member034/cm1.exe
LINKIT:  ARG[0]: /work/jessica.mcdonald/CM1_LETKF_2025/AllExperiments/DBZ/onefile.F  ARG[1]:  /work/jessica.mcdonald/CM1_LETKF_2025/AllExperiments/DBZ/member034/onefile.F
Linked /work/jessica.mcdonald/CM1_LETKF_2025/AllExperiments/DBZ/onefile.F to directory  /work/jessica.mcdonald/CM1_LETKF_2025/AllExperiments/DBZ/member034/onefile.F
LINKIT:  ARG[0]: /work/jessica.mcdonald/CM1_LETKF_2025/AllExperiments/DBZ/namelist.input  ARG[1]:  /work/jessica.mcdonald/CM1_LETKF_2025/AllExperiments/DBZ/member034/namelist.input
Linked /work/jessica.mcdonald/CM1_LETKF_2025/AllExperiments/DBZ/namelist.input to directory  /work/jessica.mcdonald/CM1_LETKF_2025/AllExperiments/DBZ/member034/namelist.input
LINKIT:  ARG[0]: /work/jessica.mcdonald/CM1_LETKF_2025/AllExperiments/DBZ/LANDUSE.TBL  ARG[1]:  /work/jessica.mcdonald/CM1_LETKF_2025/AllExperiments/DBZ/member034/LANDUSE.TBL
Linked /work/jessica.mcdonald/CM1_LETKF_2025/AllExperiments/DBZ/LANDUSE.TBL to directory  /work/jessica.mcdonald/CM1_LETKF_2025/AllExperiments/DBZ/member034/LANDUSE.TBL
LINKIT:  ARG[0]: /work/jessica.mcdonald/CM1_LETKF_2025/AllExperiments/DBZ/run_soundings/Run33Sounding.txt  ARG[1]:  /work/jessica.mcdonald/CM1_LETKF_2025/AllExperiments/DBZ/member034/input_sounding
Copied /work/jessica.mcdonald/CM1_LETKF_2025/AllExperiments/DBZ/run_soundings/Run33Sounding.txt to directory  /work/jessica.mcdonald/CM1_LETKF_2025/AllExperiments/DBZ/member034/input_sounding
LINKIT:  ARG[0]: /work/jessica.mcdonald/CM1_LETKF_2025/AllExperiments/DBZ/cm1.exe  ARG[1]:  /work/jessica.mcdonald/CM1_LETKF_2025/AllExperiments/DBZ/member035/cm1.exe
Copied /work/jessica.mcdonald/CM1_LETKF_2025/AllExperiments/DBZ/cm1.exe to directory  /work/jessica.mcdonald/CM1_LETKF_2025/AllExperiments/DBZ/member035/cm1.exe
LINKIT:  ARG[0]: /work/jessica.mcdonald/CM1_LETKF_2025/AllExperiments/DBZ/onefile.F  ARG[1]:  /work/jessica.mcdonald/CM1_LETKF_2025/AllExperiments/DBZ/member035/onefile.F
Linked /work/jessica.mcdonald/CM1_LETKF_2025/AllExperiments/DBZ/onefile.F to directory  /work/jessica.mcdonald/CM1_LETKF_2025/AllExperiments/DBZ/member035/onefile.F
LINKIT:  ARG[0]: /work/jessica.mcdonald/CM1_LETKF_2025/AllExperiments/DBZ/namelist.input  ARG[1]:  /work/jessica.mcdonald/CM1_LETKF_2025/AllExperiments/DBZ/member035/namelist.input
Linked /work/jessica.mcdonald/CM1_LETKF_2025/AllExperiments/DBZ/namelist.input to directory  /work/jessica.mcdonald/CM1_LETKF_2025/AllExperiments/DBZ/member035/namelist.input
LINKIT:  ARG[0]: /work/jessica.mcdonald/CM1_LETKF_2025/AllExperiments/DBZ/LANDUSE.TBL  ARG[1]:  /work/jessica.mcdonald/CM1_LETKF_2025/AllExperiments/DBZ/member035/LANDUSE.TBL
Linked /work/jessica.mcdonald/CM1_LETKF_2025/AllExperiments/DBZ/LANDUSE.TBL to directory  /work/jessica.mcdonald/CM1_LETKF_2025/AllExperiments/DBZ/member035/LANDUSE.TBL
LINKIT:  ARG[0]: /work/jessica.mcdonald/CM1_LETKF_2025/AllExperiments/DBZ/run_soundings/Run34Sounding.txt  ARG[1]:  /work/jessica.mcdonald/CM1_LETKF_2025/AllExperiments/DBZ/member035/input_sounding
Copied /work/jessica.mcdonald/CM1_LETKF_2025/AllExperiments/DBZ/run_soundings/Run34Sounding.txt to directory  /work/jessica.mcdonald/CM1_LETKF_2025/AllExperiments/DBZ/member035/input_sounding
LINKIT:  ARG[0]: /work/jessica.mcdonald/CM1_LETKF_2025/AllExperiments/DBZ/cm1.exe  ARG[1]:  /work/jessica.mcdonald/CM1_LETKF_2025/AllExperiments/DBZ/member036/cm1.exe
Copied /work/jessica.mcdonald/CM1_LETKF_2025/AllExperiments/DBZ/cm1.exe to directory  /work/jessica.mcdonald/CM1_LETKF_2025/AllExperiments/DBZ/member036/cm1.exe
LINKIT:  ARG[0]: /work/jessica.mcdonald/CM1_LETKF_2025/AllExperiments/DBZ/onefile.F  ARG[1]:  /work/jessica.mcdonald/CM1_LETKF_2025/AllExperiments/DBZ/member036/onefile.F
Linked /work/jessica.mcdonald/CM1_LETKF_2025/AllExperiments/DBZ/onefile.F to directory  /work/jessica.mcdonald/CM1_LETKF_2025/AllExperiments/DBZ/member036/onefile.F
LINKIT:  ARG[0]: /work/jessica.mcdonald/CM1_LETKF_2025/AllExperiments/DBZ/namelist.input  ARG[1]:  /work/jessica.mcdonald/CM1_LETKF_2025/AllExperiments/DBZ/member036/namelist.input
Linked /work/jessica.mcdonald/CM1_LETKF_2025/AllExperiments/DBZ/namelist.input to directory  /work/jessica.mcdonald/CM1_LETKF_2025/AllExperiments/DBZ/member036/namelist.input
LINKIT:  ARG[0]: /work/jessica.mcdonald/CM1_LETKF_2025/AllExperiments/DBZ/LANDUSE.TBL  ARG[1]:  /work/jessica.mcdonald/CM1_LETKF_2025/AllExperiments/DBZ/member036/LANDUSE.TBL
Linked /work/jessica.mcdonald/CM1_LETKF_2025/AllExperiments/DBZ/LANDUSE.TBL to directory  /work/jessica.mcdonald/CM1_LETKF_2025/AllExperiments/DBZ/member036/LANDUSE.TBL
LINKIT:  ARG[0]: /work/jessica.mcdonald/CM1_LETKF_2025/AllExperiments/DBZ/run_soundings/Run35Sounding.txt  ARG[1]:  /work/jessica.mcdonald/CM1_LETKF_2025/AllExperiments/DBZ/member036/input_sounding
Copied /work/jessica.mcdonald/CM1_LETKF_2025/AllExperiments/DBZ/run_soundings/Run35Sounding.txt to directory  /work/jessica.mcdonald/CM1_LETKF_2025/AllExperiments/DBZ/member036/input_sounding

 Run_Fcst Script: IMPORTANT:  Run time not supplied...defaulting to init mode!!!

 Run_Fcst Script:  defaulting to 1 threads

 Run_Fcst Script:  1 cores requested....

 Run_Fcst Script: Number ensemble members to run not supplied, defaulting to experiment file:  36

 Run_Fcst Script: Initializing 036 ensemble members

 Now setting up forecast member: /work/jessica.mcdonald/CM1_LETKF_2025/AllExperiments/DBZ/member001
/work/jessica.mcdonald/CM1_LETKF_2025/AllExperiments/DBZ/member001/cm1.exe is the model path
/work/jessica.mcdonald/CM1_LETKF_2025/AllExperiments/DBZ/member001/cm1.out is the outputfile path

 Now setting up forecast member: /work/jessica.mcdonald/CM1_LETKF_2025/AllExperiments/DBZ/member002
/work/jessica.mcdonald/CM1_LETKF_2025/AllExperiments/DBZ/member002/cm1.exe is the model path
/work/jessica.mcdonald/CM1_LETKF_2025/AllExperiments/DBZ/member002/cm1.out is the outputfile path

 Now setting up forecast member: /work/jessica.mcdonald/CM1_LETKF_2025/AllExperiments/DBZ/member003
/work/jessica.mcdonald/CM1_LETKF_2025/AllExperiments/DBZ/member003/cm1.exe is the model path
/work/jessica.mcdonald/CM1_LETKF_2025/AllExperiments/DBZ/member003/cm1.out is the outputfile path

 Now setting up forecast member: /work/jessica.mcdonald/CM1_LETKF_2025/AllExperiments/DBZ/member004
/work/jessica.mcdonald/CM1_LETKF_2025/AllExperiments/DBZ/member004/cm1.exe is the model path
/work/jessica.mcdonald/CM1_LETKF_2025/AllExperiments/DBZ/member004/cm1.out is the outputfile path

 Now setting up forecast member: /work/jessica.mcdonald/CM1_LETKF_2025/AllExperiments/DBZ/member005
/work/jessica.mcdonald/CM1_LETKF_2025/AllExperiments/DBZ/member005/cm1.exe is the model path
/work/jessica.mcdonald/CM1_LETKF_2025/AllExperiments/DBZ/member005/cm1.out is the outputfile path

 Executing command:  cd /work/jessica.mcdonald/CM1_LETKF_2025/AllExperiments/DBZ/member001 ; mpirun -n 64 cm1.exe >> cm1.out 
 Now setting up forecast member: /work/jessica.mcdonald/CM1_LETKF_2025/AllExperiments/DBZ/member006

/work/jessica.mcdonald/CM1_LETKF_2025/AllExperiments/DBZ/member006/cm1.exe is the model path
/work/jessica.mcdonald/CM1_LETKF_2025/AllExperiments/DBZ/member006/cm1.out is the outputfile path

 Now setting up forecast member: /work/jessica.mcdonald/CM1_LETKF_2025/AllExperiments/DBZ/member007
/work/jessica.mcdonald/CM1_LETKF_2025/AllExperiments/DBZ/member007/cm1.exe is the model path
/work/jessica.mcdonald/CM1_LETKF_2025/AllExperiments/DBZ/member007/cm1.out is the outputfile path

 Now setting up forecast member: /work/jessica.mcdonald/CM1_LETKF_2025/AllExperiments/DBZ/member008
/work/jessica.mcdonald/CM1_LETKF_2025/AllExperiments/DBZ/member008/cm1.exe is the model path
/work/jessica.mcdonald/CM1_LETKF_2025/AllExperiments/DBZ/member008/cm1.out is the outputfile path

 Now setting up forecast member: /work/jessica.mcdonald/CM1_LETKF_2025/AllExperiments/DBZ/member009
/work/jessica.mcdonald/CM1_LETKF_2025/AllExperiments/DBZ/member009/cm1.exe is the model path
/work/jessica.mcdonald/CM1_LETKF_2025/AllExperiments/DBZ/member009/cm1.out is the outputfile path

 Now setting up forecast member: /work/jessica.mcdonald/CM1_LETKF_2025/AllExperiments/DBZ/member010
/work/jessica.mcdonald/CM1_LETKF_2025/AllExperiments/DBZ/member010/cm1.exe is the model path
/work/jessica.mcdonald/CM1_LETKF_2025/AllExperiments/DBZ/member010/cm1.out is the outputfile path

 Now setting up forecast member: /work/jessica.mcdonald/CM1_LETKF_2025/AllExperiments/DBZ/member011
/work/jessica.mcdonald/CM1_LETKF_2025/AllExperiments/DBZ/member011/cm1.exe is the model path
/work/jessica.mcdonald/CM1_LETKF_2025/AllExperiments/DBZ/member011/cm1.out is the outputfile path

 Now setting up forecast member: /work/jessica.mcdonald/CM1_LETKF_2025/AllExperiments/DBZ/member012
/work/jessica.mcdonald/CM1_LETKF_2025/AllExperiments/DBZ/member012/cm1.exe is the model path
/work/jessica.mcdonald/CM1_LETKF_2025/AllExperiments/DBZ/member012/cm1.out is the outputfile path

 Now setting up forecast member: /work/jessica.mcdonald/CM1_LETKF_2025/AllExperiments/DBZ/member013
/work/jessica.mcdonald/CM1_LETKF_2025/AllExperiments/DBZ/member013/cm1.exe is the model path
/work/jessica.mcdonald/CM1_LETKF_2025/AllExperiments/DBZ/member013/cm1.out is the outputfile path

 Now setting up forecast member: /work/jessica.mcdonald/CM1_LETKF_2025/AllExperiments/DBZ/member014
/work/jessica.mcdonald/CM1_LETKF_2025/AllExperiments/DBZ/member014/cm1.exe is the model path
/work/jessica.mcdonald/CM1_LETKF_2025/AllExperiments/DBZ/member014/cm1.out is the outputfile path

 Now setting up forecast member: /work/jessica.mcdonald/CM1_LETKF_2025/AllExperiments/DBZ/member015
/work/jessica.mcdonald/CM1_LETKF_2025/AllExperiments/DBZ/member015/cm1.exe is the model path
/work/jessica.mcdonald/CM1_LETKF_2025/AllExperiments/DBZ/member015/cm1.out is the outputfile path

 Now setting up forecast member: /work/jessica.mcdonald/CM1_LETKF_2025/AllExperiments/DBZ/member016
/work/jessica.mcdonald/CM1_LETKF_2025/AllExperiments/DBZ/member016/cm1.exe is the model path
/work/jessica.mcdonald/CM1_LETKF_2025/AllExperiments/DBZ/member016/cm1.out is the outputfile path

 Now setting up forecast member: /work/jessica.mcdonald/CM1_LETKF_2025/AllExperiments/DBZ/member017
/work/jessica.mcdonald/CM1_LETKF_2025/AllExperiments/DBZ/member017/cm1.exe is the model path
/work/jessica.mcdonald/CM1_LETKF_2025/AllExperiments/DBZ/member017/cm1.out is the outputfile path

 Now setting up forecast member: /work/jessica.mcdonald/CM1_LETKF_2025/AllExperiments/DBZ/member018
/work/jessica.mcdonald/CM1_LETKF_2025/AllExperiments/DBZ/member018/cm1.exe is the model path
/work/jessica.mcdonald/CM1_LETKF_2025/AllExperiments/DBZ/member018/cm1.out is the outputfile path

 Now setting up forecast member: /work/jessica.mcdonald/CM1_LETKF_2025/AllExperiments/DBZ/member019
/work/jessica.mcdonald/CM1_LETKF_2025/AllExperiments/DBZ/member019/cm1.exe is the model path
/work/jessica.mcdonald/CM1_LETKF_2025/AllExperiments/DBZ/member019/cm1.out is the outputfile path

 Now setting up forecast member: /work/jessica.mcdonald/CM1_LETKF_2025/AllExperiments/DBZ/member020
/work/jessica.mcdonald/CM1_LETKF_2025/AllExperiments/DBZ/member020/cm1.exe is the model path
/work/jessica.mcdonald/CM1_LETKF_2025/AllExperiments/DBZ/member020/cm1.out is the outputfile path

 Now setting up forecast member: /work/jessica.mcdonald/CM1_LETKF_2025/AllExperiments/DBZ/member021
/work/jessica.mcdonald/CM1_LETKF_2025/AllExperiments/DBZ/member021/cm1.exe is the model path
/work/jessica.mcdonald/CM1_LETKF_2025/AllExperiments/DBZ/member021/cm1.out is the outputfile path

 Now setting up forecast member: /work/jessica.mcdonald/CM1_LETKF_2025/AllExperiments/DBZ/member022
/work/jessica.mcdonald/CM1_LETKF_2025/AllExperiments/DBZ/member022/cm1.exe is the model path
/work/jessica.mcdonald/CM1_LETKF_2025/AllExperiments/DBZ/member022/cm1.out is the outputfile path

 Now setting up forecast member: /work/jessica.mcdonald/CM1_LETKF_2025/AllExperiments/DBZ/member023
/work/jessica.mcdonald/CM1_LETKF_2025/AllExperiments/DBZ/member023/cm1.exe is the model path
/work/jessica.mcdonald/CM1_LETKF_2025/AllExperiments/DBZ/member023/cm1.out is the outputfile path

 Now setting up forecast member: /work/jessica.mcdonald/CM1_LETKF_2025/AllExperiments/DBZ/member024
/work/jessica.mcdonald/CM1_LETKF_2025/AllExperiments/DBZ/member024/cm1.exe is the model path
/work/jessica.mcdonald/CM1_LETKF_2025/AllExperiments/DBZ/member024/cm1.out is the outputfile path

 Now setting up forecast member: /work/jessica.mcdonald/CM1_LETKF_2025/AllExperiments/DBZ/member025
/work/jessica.mcdonald/CM1_LETKF_2025/AllExperiments/DBZ/member025/cm1.exe is the model path
/work/jessica.mcdonald/CM1_LETKF_2025/AllExperiments/DBZ/member025/cm1.out is the outputfile path

 Now setting up forecast member: /work/jessica.mcdonald/CM1_LETKF_2025/AllExperiments/DBZ/member026
/work/jessica.mcdonald/CM1_LETKF_2025/AllExperiments/DBZ/member026/cm1.exe is the model path
/work/jessica.mcdonald/CM1_LETKF_2025/AllExperiments/DBZ/member026/cm1.out is the outputfile path

 Now setting up forecast member: /work/jessica.mcdonald/CM1_LETKF_2025/AllExperiments/DBZ/member027
/work/jessica.mcdonald/CM1_LETKF_2025/AllExperiments/DBZ/member027/cm1.exe is the model path
/work/jessica.mcdonald/CM1_LETKF_2025/AllExperiments/DBZ/member027/cm1.out is the outputfile path

 Now setting up forecast member: /work/jessica.mcdonald/CM1_LETKF_2025/AllExperiments/DBZ/member028
/work/jessica.mcdonald/CM1_LETKF_2025/AllExperiments/DBZ/member028/cm1.exe is the model path
/work/jessica.mcdonald/CM1_LETKF_2025/AllExperiments/DBZ/member028/cm1.out is the outputfile path

 Now setting up forecast member: /work/jessica.mcdonald/CM1_LETKF_2025/AllExperiments/DBZ/member029
/work/jessica.mcdonald/CM1_LETKF_2025/AllExperiments/DBZ/member029/cm1.exe is the model path
/work/jessica.mcdonald/CM1_LETKF_2025/AllExperiments/DBZ/member029/cm1.out is the outputfile path

 Now setting up forecast member: /work/jessica.mcdonald/CM1_LETKF_2025/AllExperiments/DBZ/member030
/work/jessica.mcdonald/CM1_LETKF_2025/AllExperiments/DBZ/member030/cm1.exe is the model path
/work/jessica.mcdonald/CM1_LETKF_2025/AllExperiments/DBZ/member030/cm1.out is the outputfile path

 Now setting up forecast member: /work/jessica.mcdonald/CM1_LETKF_2025/AllExperiments/DBZ/member031
/work/jessica.mcdonald/CM1_LETKF_2025/AllExperiments/DBZ/member031/cm1.exe is the model path
/work/jessica.mcdonald/CM1_LETKF_2025/AllExperiments/DBZ/member031/cm1.out is the outputfile path

 Now setting up forecast member: /work/jessica.mcdonald/CM1_LETKF_2025/AllExperiments/DBZ/member032
/work/jessica.mcdonald/CM1_LETKF_2025/AllExperiments/DBZ/member032/cm1.exe is the model path
/work/jessica.mcdonald/CM1_LETKF_2025/AllExperiments/DBZ/member032/cm1.out is the outputfile path

 Now setting up forecast member: /work/jessica.mcdonald/CM1_LETKF_2025/AllExperiments/DBZ/member033
/work/jessica.mcdonald/CM1_LETKF_2025/AllExperiments/DBZ/member033/cm1.exe is the model path
/work/jessica.mcdonald/CM1_LETKF_2025/AllExperiments/DBZ/member033/cm1.out is the outputfile path

 Now setting up forecast member: /work/jessica.mcdonald/CM1_LETKF_2025/AllExperiments/DBZ/member034
/work/jessica.mcdonald/CM1_LETKF_2025/AllExperiments/DBZ/member034/cm1.exe is the model path
/work/jessica.mcdonald/CM1_LETKF_2025/AllExperiments/DBZ/member034/cm1.out is the outputfile path

 Now setting up forecast member: /work/jessica.mcdonald/CM1_LETKF_2025/AllExperiments/DBZ/member035
/work/jessica.mcdonald/CM1_LETKF_2025/AllExperiments/DBZ/member035/cm1.exe is the model path
/work/jessica.mcdonald/CM1_LETKF_2025/AllExperiments/DBZ/member035/cm1.out is the outputfile path

 Now setting up forecast member: /work/jessica.mcdonald/CM1_LETKF_2025/AllExperiments/DBZ/member036
/work/jessica.mcdonald/CM1_LETKF_2025/AllExperiments/DBZ/member036/cm1.exe is the model path
/work/jessica.mcdonald/CM1_LETKF_2025/AllExperiments/DBZ/member036/cm1.out is the outputfile path
 READ_NAMELIST: PROBLEM WITH NSSL_MP_PARAMS namelist: not found or bad token
STOP 55556
STOP 55556
STOP 55556
STOP 55556
STOP 55556
STOP 55556
STOP 55556
STOP 55556
STOP 55556
STOP 55556
STOP 55556
STOP 55556
STOP 55556
STOP 55556
STOP 55556
STOP 55556
STOP 55556
STOP 55556
STOP 55556
STOP 55556
STOP 55556
STOP 55556
STOP 55556
STOP 55556
STOP 55556
STOP 55556
STOP 55556
STOP 55556
STOP 55556
STOP 55556
STOP 55556
STOP 55556
STOP 55556
STOP 55556
STOP 55556
STOP 55556
STOP 55556
STOP 55556
STOP 55556
STOP 55556
STOP 55556
STOP 55556
STOP 55556
STOP 55556
STOP 55556
STOP 55556
STOP 55556
STOP 55556
STOP 55556
STOP 55556
STOP 55556
STOP 55556
STOP 55556
STOP 55556
STOP 55556
STOP 55556
STOP 55556
STOP 55556
STOP 55556
STOP 55556
STOP 55556
STOP 55556
STOP 55556
STOP 55556
--------------------------------------------------------------------------
prterun detected that one or more processes exited with non-zero status,
thus causing the job to be terminated. The first process to do so was:

   Process name: [prterun-wof-epyc7-3255148@1,2] Exit code:    4
--------------------------------------------------------------------------

 cd /work/jessica.mcdonald/CM1_LETKF_2025/AllExperiments/DBZ/member001 ; mpirun -n 64 cm1.exe >> cm1.out completed....

 Executing command:  cd /work/jessica.mcdonald/CM1_LETKF_2025/AllExperiments/DBZ/member002 ; mpirun -n 64 cm1.exe >> cm1.out 
 READ_NAMELIST: PROBLEM WITH NSSL_MP_PARAMS namelist: not found or bad token
STOP 55556
STOP 55556
STOP 55556
STOP 55556
STOP 55556
STOP 55556
STOP 55556
STOP 55556
STOP 55556
STOP 55556
STOP 55556
STOP 55556
STOP 55556
STOP 55556
STOP 55556
STOP 55556
STOP 55556
STOP 55556
STOP 55556
STOP 55556
STOP 55556
STOP 55556
STOP 55556
STOP 55556
STOP 55556
STOP 55556
STOP 55556
STOP 55556
STOP 55556
STOP 55556
STOP 55556
STOP 55556
STOP 55556
STOP 55556
STOP 55556
STOP 55556
STOP 55556
STOP 55556
STOP 55556
STOP 55556
STOP 55556
STOP 55556
STOP 55556
STOP 55556
STOP 55556
STOP 55556
STOP 55556
STOP 55556
STOP 55556
STOP 55556
STOP 55556
STOP 55556
STOP 55556
STOP 55556
STOP 55556
STOP 55556
STOP 55556
STOP 55556
STOP 55556
STOP 55556
STOP 55556
STOP 55556
STOP 55556
STOP 55556
--------------------------------------------------------------------------
prterun detected that one or more processes exited with non-zero status,
thus causing the job to be terminated. The first process to do so was:

   Process name: [prterun-wof-epyc7-3255292@1,2] Exit code:    4
--------------------------------------------------------------------------

 cd /work/jessica.mcdonald/CM1_LETKF_2025/AllExperiments/DBZ/member002 ; mpirun -n 64 cm1.exe >> cm1.out completed....

 Executing command:  cd /work/jessica.mcdonald/CM1_LETKF_2025/AllExperiments/DBZ/member003 ; mpirun -n 64 cm1.exe >> cm1.out 
 READ_NAMELIST: PROBLEM WITH NSSL_MP_PARAMS namelist: not found or bad token
STOP 55556
STOP 55556
STOP 55556
STOP 55556
STOP 55556
STOP 55556
STOP 55556
STOP 55556
STOP 55556
STOP 55556
STOP 55556
STOP 55556
STOP 55556
STOP 55556
STOP 55556
STOP 55556
STOP 55556
STOP 55556
STOP 55556
STOP 55556
STOP 55556
STOP 55556
STOP 55556
STOP 55556
STOP 55556
STOP 55556
STOP 55556
STOP 55556
STOP 55556
STOP 55556
STOP 55556
STOP 55556
STOP 55556
STOP 55556
STOP 55556
STOP 55556
STOP 55556
STOP 55556
STOP 55556
STOP 55556
STOP 55556
STOP 55556
STOP 55556
STOP 55556
STOP 55556
STOP 55556
STOP 55556
STOP 55556
STOP 55556
STOP 55556
STOP 55556
STOP 55556
STOP 55556
STOP 55556
STOP 55556
STOP 55556
STOP 55556
STOP 55556
STOP 55556
STOP 55556
STOP 55556
STOP 55556
STOP 55556
STOP 55556
--------------------------------------------------------------------------
prterun detected that one or more processes exited with non-zero status,
thus causing the job to be terminated. The first process to do so was:

   Process name: [prterun-wof-epyc7-3255440@1,6] Exit code:    4
--------------------------------------------------------------------------

 cd /work/jessica.mcdonald/CM1_LETKF_2025/AllExperiments/DBZ/member003 ; mpirun -n 64 cm1.exe >> cm1.out completed....

 Executing command:  cd /work/jessica.mcdonald/CM1_LETKF_2025/AllExperiments/DBZ/member004 ; mpirun -n 64 cm1.exe >> cm1.out 
 READ_NAMELIST: PROBLEM WITH NSSL_MP_PARAMS namelist: not found or bad token
STOP 55556
STOP 55556
STOP 55556
STOP 55556
STOP 55556
STOP 55556
STOP 55556
STOP 55556
STOP 55556
STOP 55556
STOP 55556
STOP 55556
STOP 55556
STOP 55556
STOP 55556
STOP 55556
STOP 55556
STOP 55556
STOP 55556
STOP 55556
STOP 55556
STOP 55556
STOP 55556
STOP 55556
STOP 55556
STOP 55556
STOP 55556
STOP 55556
STOP 55556
STOP 55556
STOP 55556
STOP 55556
STOP 55556
STOP 55556
STOP 55556
STOP 55556
STOP 55556
STOP 55556
STOP 55556
STOP 55556
STOP 55556
STOP 55556
STOP 55556
STOP 55556
STOP 55556
STOP 55556
STOP 55556
STOP 55556
STOP 55556
STOP 55556
STOP 55556
STOP 55556
STOP 55556
STOP 55556
STOP 55556
STOP 55556
STOP 55556
STOP 55556
STOP 55556
STOP 55556
STOP 55556
STOP 55556
STOP 55556
STOP 55556
--------------------------------------------------------------------------
prterun detected that one or more processes exited with non-zero status,
thus causing the job to be terminated. The first process to do so was:

   Process name: [prterun-wof-epyc7-3255995@1,44] Exit code:    4
--------------------------------------------------------------------------

 cd /work/jessica.mcdonald/CM1_LETKF_2025/AllExperiments/DBZ/member004 ; mpirun -n 64 cm1.exe >> cm1.out completed....

 Executing command:  cd /work/jessica.mcdonald/CM1_LETKF_2025/AllExperiments/DBZ/member005 ; mpirun -n 64 cm1.exe >> cm1.out 
 READ_NAMELIST: PROBLEM WITH NSSL_MP_PARAMS namelist: not found or bad token
STOP 55556
STOP 55556
STOP 55556
STOP 55556
STOP 55556
STOP 55556
STOP 55556
STOP 55556
STOP 55556
STOP 55556
STOP 55556
STOP 55556
STOP 55556
STOP 55556
STOP 55556
STOP 55556
STOP 55556
STOP 55556
STOP 55556
STOP 55556
STOP 55556
STOP 55556
STOP 55556
STOP 55556
STOP 55556
STOP 55556
STOP 55556
STOP 55556
STOP 55556
STOP 55556
STOP 55556
STOP 55556
STOP 55556
STOP 55556
STOP 55556
STOP 55556
STOP 55556
STOP 55556
STOP 55556
STOP 55556
STOP 55556
STOP 55556
STOP 55556
STOP 55556
STOP 55556
STOP 55556
STOP 55556
STOP 55556
STOP 55556
STOP 55556
STOP 55556
STOP 55556
STOP 55556
STOP 55556
STOP 55556
STOP 55556
STOP 55556
STOP 55556
STOP 55556
STOP 55556
STOP 55556
STOP 55556
STOP 55556
STOP 55556
--------------------------------------------------------------------------
prterun detected that one or more processes exited with non-zero status,
thus causing the job to be terminated. The first process to do so was:

   Process name: [prterun-wof-epyc7-3256137@1,1] Exit code:    4
--------------------------------------------------------------------------

 cd /work/jessica.mcdonald/CM1_LETKF_2025/AllExperiments/DBZ/member005 ; mpirun -n 64 cm1.exe >> cm1.out completed....

 Executing command:  cd /work/jessica.mcdonald/CM1_LETKF_2025/AllExperiments/DBZ/member006 ; mpirun -n 64 cm1.exe >> cm1.out 
 READ_NAMELIST: PROBLEM WITH NSSL_MP_PARAMS namelist: not found or bad token
STOP 55556
STOP 55556
STOP 55556
STOP 55556
STOP 55556
STOP 55556
STOP 55556
STOP 55556
STOP 55556
STOP 55556
STOP 55556
STOP 55556
STOP 55556
STOP 55556
STOP 55556
STOP 55556
STOP 55556
STOP 55556
STOP 55556
STOP 55556
STOP 55556
STOP 55556
STOP 55556
STOP 55556
STOP 55556
STOP 55556
STOP 55556
STOP 55556
STOP 55556
STOP 55556
STOP 55556
STOP 55556
STOP 55556
STOP 55556
STOP 55556
STOP 55556
STOP 55556
STOP 55556
STOP 55556
STOP 55556
STOP 55556
STOP 55556
STOP 55556
STOP 55556
STOP 55556
STOP 55556
STOP 55556
STOP 55556
STOP 55556
STOP 55556
STOP 55556
STOP 55556
STOP 55556
STOP 55556
STOP 55556
STOP 55556
STOP 55556
STOP 55556
STOP 55556
STOP 55556
STOP 55556
STOP 55556
STOP 55556
STOP 55556
--------------------------------------------------------------------------
prterun detected that one or more processes exited with non-zero status,
thus causing the job to be terminated. The first process to do so was:

   Process name: [prterun-wof-epyc7-3256358@1,7] Exit code:    4
--------------------------------------------------------------------------

 cd /work/jessica.mcdonald/CM1_LETKF_2025/AllExperiments/DBZ/member006 ; mpirun -n 64 cm1.exe >> cm1.out completed....

 Executing command:  cd /work/jessica.mcdonald/CM1_LETKF_2025/AllExperiments/DBZ/member007 ; mpirun -n 64 cm1.exe >> cm1.out 
 READ_NAMELIST: PROBLEM WITH NSSL_MP_PARAMS namelist: not found or bad token
STOP 55556
STOP 55556
STOP 55556
STOP 55556
STOP 55556
STOP 55556
STOP 55556
STOP 55556
STOP 55556
STOP 55556
STOP 55556
STOP 55556
STOP 55556
STOP 55556
STOP 55556
STOP 55556
STOP 55556
STOP 55556
STOP 55556
STOP 55556
STOP 55556
STOP 55556
STOP 55556
STOP 55556
STOP 55556
STOP 55556
STOP 55556
STOP 55556
STOP 55556
STOP 55556
STOP 55556
STOP 55556
STOP 55556
STOP 55556
STOP 55556
STOP 55556
STOP 55556
STOP 55556
STOP 55556
STOP 55556
STOP 55556
STOP 55556
STOP 55556
STOP 55556
STOP 55556
STOP 55556
STOP 55556
STOP 55556
STOP 55556
STOP 55556
STOP 55556
STOP 55556
STOP 55556
STOP 55556
STOP 55556
STOP 55556
STOP 55556
STOP 55556
STOP 55556
STOP 55556
STOP 55556
STOP 55556
STOP 55556
STOP 55556
--------------------------------------------------------------------------
prterun detected that one or more processes exited with non-zero status,
thus causing the job to be terminated. The first process to do so was:

   Process name: [prterun-wof-epyc7-3256884@1,6] Exit code:    4
--------------------------------------------------------------------------

 cd /work/jessica.mcdonald/CM1_LETKF_2025/AllExperiments/DBZ/member007 ; mpirun -n 64 cm1.exe >> cm1.out completed....

 Executing command:  cd /work/jessica.mcdonald/CM1_LETKF_2025/AllExperiments/DBZ/member008 ; mpirun -n 64 cm1.exe >> cm1.out 
 READ_NAMELIST: PROBLEM WITH NSSL_MP_PARAMS namelist: not found or bad token
STOP 55556
STOP 55556
STOP 55556
STOP 55556
STOP 55556
STOP 55556
STOP 55556
STOP 55556
STOP 55556
STOP 55556
STOP 55556
STOP 55556
STOP 55556
STOP 55556
STOP 55556
STOP 55556
STOP 55556
STOP 55556
STOP 55556
STOP 55556
STOP 55556
STOP 55556
STOP 55556
STOP 55556
STOP 55556
STOP 55556
STOP 55556
STOP 55556
STOP 55556
STOP 55556
STOP 55556
STOP 55556
STOP 55556
STOP 55556
STOP 55556
STOP 55556
STOP 55556
STOP 55556
STOP 55556
STOP 55556
STOP 55556
STOP 55556
STOP 55556
STOP 55556
STOP 55556
STOP 55556
STOP 55556
STOP 55556
STOP 55556
STOP 55556
STOP 55556
STOP 55556
STOP 55556
STOP 55556
STOP 55556
STOP 55556
STOP 55556
STOP 55556
STOP 55556
STOP 55556
STOP 55556
STOP 55556
STOP 55556
STOP 55556
--------------------------------------------------------------------------
prterun detected that one or more processes exited with non-zero status,
thus causing the job to be terminated. The first process to do so was:

   Process name: [prterun-wof-epyc7-3257101@1,4] Exit code:    4
--------------------------------------------------------------------------

 cd /work/jessica.mcdonald/CM1_LETKF_2025/AllExperiments/DBZ/member008 ; mpirun -n 64 cm1.exe >> cm1.out completed....

 Executing command:  cd /work/jessica.mcdonald/CM1_LETKF_2025/AllExperiments/DBZ/member009 ; mpirun -n 64 cm1.exe >> cm1.out 
 READ_NAMELIST: PROBLEM WITH NSSL_MP_PARAMS namelist: not found or bad token
STOP 55556
STOP 55556
STOP 55556
STOP 55556
STOP 55556
STOP 55556
STOP 55556
STOP 55556
STOP 55556
STOP 55556
STOP 55556
STOP 55556
STOP 55556
STOP 55556
STOP 55556
STOP 55556
STOP 55556
STOP 55556
STOP 55556
STOP 55556
STOP 55556
STOP 55556
STOP 55556
STOP 55556
STOP 55556
STOP 55556
STOP 55556
STOP 55556
STOP 55556
STOP 55556
STOP 55556
STOP 55556
STOP 55556
STOP 55556
STOP 55556
STOP 55556
STOP 55556
STOP 55556
STOP 55556
STOP 55556
STOP 55556
STOP 55556
STOP 55556
STOP 55556
STOP 55556
STOP 55556
STOP 55556
STOP 55556
STOP 55556
STOP 55556
STOP 55556
STOP 55556
STOP 55556
STOP 55556
STOP 55556
STOP 55556
STOP 55556
STOP 55556
STOP 55556
STOP 55556
STOP 55556
STOP 55556
STOP 55556
STOP 55556
--------------------------------------------------------------------------
prterun detected that one or more processes exited with non-zero status,
thus causing the job to be terminated. The first process to do so was:

   Process name: [prterun-wof-epyc7-3257253@1,6] Exit code:    4
--------------------------------------------------------------------------

 cd /work/jessica.mcdonald/CM1_LETKF_2025/AllExperiments/DBZ/member009 ; mpirun -n 64 cm1.exe >> cm1.out completed....

 Executing command:  cd /work/jessica.mcdonald/CM1_LETKF_2025/AllExperiments/DBZ/member010 ; mpirun -n 64 cm1.exe >> cm1.out 
 READ_NAMELIST: PROBLEM WITH NSSL_MP_PARAMS namelist: not found or bad token
STOP 55556
STOP 55556
STOP 55556
STOP 55556
STOP 55556
STOP 55556
STOP 55556
STOP 55556
STOP 55556
STOP 55556
STOP 55556
STOP 55556
STOP 55556
STOP 55556
STOP 55556
STOP 55556
STOP 55556
STOP 55556
STOP 55556
STOP 55556
STOP 55556
STOP 55556
STOP 55556
STOP 55556
STOP 55556
STOP 55556
STOP 55556
STOP 55556
STOP 55556
STOP 55556
STOP 55556
STOP 55556
STOP 55556
STOP 55556
STOP 55556
STOP 55556
STOP 55556
STOP 55556
STOP 55556
STOP 55556
STOP 55556
STOP 55556
STOP 55556
STOP 55556
STOP 55556
STOP 55556
STOP 55556
STOP 55556
STOP 55556
STOP 55556
STOP 55556
STOP 55556
STOP 55556
STOP 55556
STOP 55556
STOP 55556
STOP 55556
STOP 55556
STOP 55556
STOP 55556
STOP 55556
STOP 55556
STOP 55556
STOP 55556
--------------------------------------------------------------------------
prterun detected that one or more processes exited with non-zero status,
thus causing the job to be terminated. The first process to do so was:

   Process name: [prterun-wof-epyc7-3257406@1,4] Exit code:    4
--------------------------------------------------------------------------

 cd /work/jessica.mcdonald/CM1_LETKF_2025/AllExperiments/DBZ/member010 ; mpirun -n 64 cm1.exe >> cm1.out completed....

 Executing command:  cd /work/jessica.mcdonald/CM1_LETKF_2025/AllExperiments/DBZ/member011 ; mpirun -n 64 cm1.exe >> cm1.out 
 READ_NAMELIST: PROBLEM WITH NSSL_MP_PARAMS namelist: not found or bad token
STOP 55556
STOP 55556
STOP 55556
STOP 55556
STOP 55556
STOP 55556
STOP 55556
STOP 55556
STOP 55556
STOP 55556
STOP 55556
STOP 55556
STOP 55556
STOP 55556
STOP 55556
STOP 55556
STOP 55556
STOP 55556
STOP 55556
STOP 55556
STOP 55556
STOP 55556
STOP 55556
STOP 55556
STOP 55556
STOP 55556
STOP 55556
STOP 55556
STOP 55556
STOP 55556
STOP 55556
STOP 55556
STOP 55556
STOP 55556
STOP 55556
STOP 55556
STOP 55556
STOP 55556
STOP 55556
STOP 55556
STOP 55556
STOP 55556
STOP 55556
STOP 55556
STOP 55556
STOP 55556
STOP 55556
STOP 55556
STOP 55556
STOP 55556
STOP 55556
STOP 55556
STOP 55556
STOP 55556
STOP 55556
STOP 55556
STOP 55556
STOP 55556
STOP 55556
STOP 55556
STOP 55556
STOP 55556
STOP 55556
STOP 55556
--------------------------------------------------------------------------
prterun detected that one or more processes exited with non-zero status,
thus causing the job to be terminated. The first process to do so was:

   Process name: [prterun-wof-epyc7-3257563@1,5] Exit code:    4
--------------------------------------------------------------------------

 cd /work/jessica.mcdonald/CM1_LETKF_2025/AllExperiments/DBZ/member011 ; mpirun -n 64 cm1.exe >> cm1.out completed....

 Executing command:  cd /work/jessica.mcdonald/CM1_LETKF_2025/AllExperiments/DBZ/member012 ; mpirun -n 64 cm1.exe >> cm1.out 
 READ_NAMELIST: PROBLEM WITH NSSL_MP_PARAMS namelist: not found or bad token
STOP 55556
STOP 55556
STOP 55556
STOP 55556
STOP 55556
STOP 55556
STOP 55556
STOP 55556
STOP 55556
STOP 55556
STOP 55556
STOP 55556
STOP 55556
STOP 55556
STOP 55556
STOP 55556
STOP 55556
STOP 55556
STOP 55556
STOP 55556
STOP 55556
STOP 55556
STOP 55556
STOP 55556
STOP 55556
STOP 55556
STOP 55556
STOP 55556
STOP 55556
STOP 55556
STOP 55556
STOP 55556
STOP 55556
STOP 55556
STOP 55556
STOP 55556
STOP 55556
STOP 55556
STOP 55556
STOP 55556
STOP 55556
STOP 55556
STOP 55556
STOP 55556
STOP 55556
STOP 55556
STOP 55556
STOP 55556
STOP 55556
STOP 55556
STOP 55556
STOP 55556
STOP 55556
STOP 55556
STOP 55556
STOP 55556
STOP 55556
STOP 55556
STOP 55556
STOP 55556
STOP 55556
STOP 55556
STOP 55556
STOP 55556
--------------------------------------------------------------------------
prterun detected that one or more processes exited with non-zero status,
thus causing the job to be terminated. The first process to do so was:

   Process name: [prterun-wof-epyc7-3257706@1,6] Exit code:    4
--------------------------------------------------------------------------

 cd /work/jessica.mcdonald/CM1_LETKF_2025/AllExperiments/DBZ/member012 ; mpirun -n 64 cm1.exe >> cm1.out completed....

 Executing command:  cd /work/jessica.mcdonald/CM1_LETKF_2025/AllExperiments/DBZ/member013 ; mpirun -n 64 cm1.exe >> cm1.out 
 READ_NAMELIST: PROBLEM WITH NSSL_MP_PARAMS namelist: not found or bad token
STOP 55556
STOP 55556
STOP 55556
STOP 55556
STOP 55556
STOP 55556
STOP 55556
STOP 55556
STOP 55556
STOP 55556
STOP 55556
STOP 55556
STOP 55556
STOP 55556
STOP 55556
STOP 55556
STOP 55556
STOP 55556
STOP 55556
STOP 55556
STOP 55556
STOP 55556
STOP 55556
STOP 55556
STOP 55556
STOP 55556
STOP 55556
STOP 55556
STOP 55556
STOP 55556
STOP 55556
STOP 55556
STOP 55556
STOP 55556
STOP 55556
STOP 55556
STOP 55556
STOP 55556
STOP 55556
STOP 55556
STOP 55556
STOP 55556
STOP 55556
STOP 55556
STOP 55556
STOP 55556
STOP 55556
STOP 55556
STOP 55556
STOP 55556
STOP 55556
STOP 55556
STOP 55556
STOP 55556
STOP 55556
STOP 55556
STOP 55556
STOP 55556
STOP 55556
STOP 55556
STOP 55556
STOP 55556
STOP 55556
STOP 55556
--------------------------------------------------------------------------
prterun detected that one or more processes exited with non-zero status,
thus causing the job to be terminated. The first process to do so was:

   Process name: [prterun-wof-epyc7-3258244@1,6] Exit code:    4
--------------------------------------------------------------------------

 cd /work/jessica.mcdonald/CM1_LETKF_2025/AllExperiments/DBZ/member013 ; mpirun -n 64 cm1.exe >> cm1.out completed....

 Executing command:  cd /work/jessica.mcdonald/CM1_LETKF_2025/AllExperiments/DBZ/member014 ; mpirun -n 64 cm1.exe >> cm1.out 
 READ_NAMELIST: PROBLEM WITH NSSL_MP_PARAMS namelist: not found or bad token
STOP 55556
STOP 55556
STOP 55556
STOP 55556
STOP 55556
STOP 55556
STOP 55556
STOP 55556
STOP 55556
STOP 55556
STOP 55556
STOP 55556
STOP 55556
STOP 55556
STOP 55556
STOP 55556
STOP 55556
STOP 55556
STOP 55556
STOP 55556
STOP 55556
STOP 55556
STOP 55556
STOP 55556
STOP 55556
STOP 55556
STOP 55556
STOP 55556
STOP 55556
STOP 55556
STOP 55556
STOP 55556
STOP 55556
STOP 55556
STOP 55556
STOP 55556
STOP 55556
STOP 55556
STOP 55556
STOP 55556
STOP 55556
STOP 55556
STOP 55556
STOP 55556
STOP 55556
STOP 55556
STOP 55556
STOP 55556
STOP 55556
STOP 55556
STOP 55556
STOP 55556
STOP 55556
STOP 55556
STOP 55556
STOP 55556
STOP 55556
STOP 55556
STOP 55556
STOP 55556
STOP 55556
STOP 55556
STOP 55556
STOP 55556
--------------------------------------------------------------------------
prterun detected that one or more processes exited with non-zero status,
thus causing the job to be terminated. The first process to do so was:

   Process name: [prterun-wof-epyc7-3258384@1,2] Exit code:    4
--------------------------------------------------------------------------

 cd /work/jessica.mcdonald/CM1_LETKF_2025/AllExperiments/DBZ/member014 ; mpirun -n 64 cm1.exe >> cm1.out completed....

 Executing command:  cd /work/jessica.mcdonald/CM1_LETKF_2025/AllExperiments/DBZ/member015 ; mpirun -n 64 cm1.exe >> cm1.out 
 READ_NAMELIST: PROBLEM WITH NSSL_MP_PARAMS namelist: not found or bad token
STOP 55556
STOP 55556
STOP 55556
STOP 55556
STOP 55556
STOP 55556
STOP 55556
STOP 55556
STOP 55556
STOP 55556
STOP 55556
STOP 55556
STOP 55556
STOP 55556
STOP 55556
STOP 55556
STOP 55556
STOP 55556
STOP 55556
STOP 55556
STOP 55556
STOP 55556
STOP 55556
STOP 55556
STOP 55556
STOP 55556
STOP 55556
STOP 55556
STOP 55556
STOP 55556
STOP 55556
STOP 55556
STOP 55556
STOP 55556
STOP 55556
STOP 55556
STOP 55556
STOP 55556
STOP 55556
STOP 55556
STOP 55556
STOP 55556
STOP 55556
STOP 55556
STOP 55556
STOP 55556
STOP 55556
STOP 55556
STOP 55556
STOP 55556
STOP 55556
STOP 55556
STOP 55556
STOP 55556
STOP 55556
STOP 55556
STOP 55556
STOP 55556
STOP 55556
STOP 55556
STOP 55556
STOP 55556
STOP 55556
STOP 55556
